index,date,open,high,low,close,volume,amount,outstanding_share,turnover
0,2000-12-19,20.0,21.0,18.5,18.56,156352456.0,3058872084.0,350000000.0,0.44672130285714284
1,2000-12-20,18.47,18.47,17.91,18.1,29046713.0,526016570.0,350000000.0,0.08299060857142856
2,2000-12-21,18.18,18.48,18.0,18.09,11362956.0,206705741.0,350000000.0,0.032465588571428575
3,2000-12-22,18.1,18.17,17.6,17.66,13026488.0,231272602.0,350000000.0,0.037218537142857146
4,2000-12-25,17.6,17.62,17.01,17.2,10113120.0,174453021.0,350000000.0,0.02889462857142857
5,2000-12-26,17.2,17.5,17.18,17.32,6539033.0,113179158.0,350000000.0,0.018682951428571428
6,2000-12-27,17.35,17.38,17.05,17.11,6814034.0,116840535.0,350000000.0,0.019468668571428573
7,2000-12-28,17.1,17.19,17.02,17.08,6921479.0,118199560.0,350000000.0,0.019775654285714286
8,2000-12-29,17.1,17.38,17.05,17.22,3985226.0,68457753.0,350000000.0,0.01138636
9,2001-01-02,17.25,17.55,17.1,17.39,5440019.0,94143228.0,350000000.0,0.015542911428571428
10,2001-01-03,17.45,17.47,17.22,17.3,4322353.0,74715213.0,350000000.0,0.01234958
11,2001-01-04,17.34,17.39,17.1,17.16,5205197.0,89541752.0,350000000.0,0.01487199142857143
12,2001-01-05,17.13,17.15,16.78,16.92,9318594.0,157555679.0,350000000.0,0.026624554285714287
13,2001-01-08,16.88,16.89,16.51,16.59,6452415.0,107107756.0,350000000.0,0.01843547142857143
14,2001-01-09,16.58,17.08,16.51,17.03,5336477.0,89826846.0,350000000.0,0.015247077142857142
15,2001-01-10,17.06,17.16,16.8,17.03,3901153.0,66339297.0,350000000.0,0.011146151428571428
16,2001-01-11,17.03,17.7,17.0,17.38,13053988.0,228192678.0,350000000.0,0.037297108571428574
17,2001-01-12,17.39,17.6,17.2,17.53,6113146.0,106765773.0,350000000.0,0.017466131428571428
18,2001-01-15,17.53,17.55,16.6,16.75,7478191.0,127174474.0,350000000.0,0.02136626
19,2001-01-16,16.75,17.09,16.66,17.02,4824776.0,81394428.0,350000000.0,0.013785074285714285
20,2001-01-17,17.05,17.48,17.0,17.19,3432919.0,59231397.0,350000000.0,0.00980834
21,2001-01-18,17.2,17.55,17.09,17.41,4883796.0,84924145.0,350000000.0,0.013953702857142857
22,2001-01-19,17.45,17.6,17.2,17.55,6183605.0,108410902.0,350000000.0,0.01766744285714286
23,2001-02-05,17.63,17.65,16.98,17.0,3121152.0,53615815.0,350000000.0,0.008917577142857142
24,2001-02-06,17.0,17.03,16.61,17.02,2902113.0,48864614.0,350000000.0,0.008291751428571428
25,2001-02-07,17.02,17.05,16.8,16.85,1293718.0,21839972.0,350000000.0,0.003696337142857143
26,2001-02-08,16.85,16.89,16.52,16.55,3091120.0,51492743.0,350000000.0,0.008831771428571429
27,2001-02-09,16.57,16.99,16.52,16.85,2211249.0,37064467.0,350000000.0,0.006317854285714286
28,2001-02-12,16.85,17.18,16.68,17.03,2558216.0,43340392.0,350000000.0,0.0073091885714285714
29,2001-02-13,17.05,17.1,16.85,16.91,1146940.0,19476376.0,350000000.0,0.0032769714285714284
30,2001-02-14,16.91,17.0,16.8,16.86,1198470.0,20191834.0,350000000.0,0.0034242
31,2001-02-15,16.8,16.9,16.65,16.7,1250299.0,20906948.0,350000000.0,0.003572282857142857
32,2001-02-16,16.69,16.7,16.35,16.52,3395513.0,56122872.0,350000000.0,0.009701465714285715
33,2001-02-19,16.5,16.8,16.5,16.75,975907.0,16253685.0,350000000.0,0.0027883057142857144
34,2001-02-20,16.9,16.96,16.58,16.62,1738178.0,29093432.0,350000000.0,0.004966222857142857
35,2001-02-21,16.62,16.67,16.21,16.3,3196293.0,52348617.0,350000000.0,0.009132265714285714
36,2001-02-22,16.2,16.38,16.1,16.16,1694960.0,27521630.0,350000000.0,0.004842742857142857
37,2001-02-23,16.16,16.6,16.15,16.58,1516896.0,24631630.0,350000000.0,0.0043339885714285716
38,2001-02-26,16.6,16.8,16.5,16.64,1771453.0,29424621.0,350000000.0,0.005061294285714286
39,2001-02-27,16.65,16.69,16.47,16.52,1225605.0,20255998.0,350000000.0,0.0035017285714285715
40,2001-02-28,16.53,16.56,16.38,16.4,1346680.0,22138561.0,350000000.0,0.0038476571428571428
41,2001-03-01,16.4,16.7,16.38,16.49,1030162.0,16994048.0,350000000.0,0.00294332
42,2001-03-02,16.6,17.46,16.48,17.1,12850731.0,220527943.0,350000000.0,0.03671637428571429
43,2001-03-05,17.12,17.35,17.0,17.02,4245509.0,72816189.0,350000000.0,0.012130025714285715
44,2001-03-06,17.02,17.35,16.86,17.21,3646435.0,62317629.0,350000000.0,0.010418385714285714
45,2001-03-07,17.2,17.55,17.06,17.33,6274868.0,109299386.0,350000000.0,0.017928194285714287
46,2001-03-08,17.31,17.98,17.28,17.71,15669086.0,277433665.0,350000000.0,0.044768817142857145
47,2001-03-09,17.84,17.85,17.41,17.6,5155089.0,90769743.0,350000000.0,0.014728825714285715
48,2001-03-12,17.6,17.67,17.3,17.37,2329277.0,40631386.0,350000000.0,0.0066550771428571425
49,2001-03-13,17.3,17.46,17.1,17.2,3061589.0,52771152.0,350000000.0,0.008747397142857143
50,2001-03-14,17.18,17.74,17.12,17.54,4752062.0,83491699.0,350000000.0,0.01357732
51,2001-03-15,17.4,17.55,17.3,17.36,2681971.0,46708411.0,350000000.0,0.007662774285714285
52,2001-03-16,17.36,17.6,17.2,17.3,2577438.0,44755680.0,350000000.0,0.007364108571428571
53,2001-03-19,17.3,17.39,17.15,17.35,2308133.0,39829377.0,350000000.0,0.006594665714285714
54,2001-03-20,17.36,17.5,17.23,17.42,1674675.0,29082725.0,350000000.0,0.0047847857142857145
55,2001-03-21,17.42,17.98,17.4,17.76,9207914.0,163563750.0,350000000.0,0.026308325714285714
56,2001-03-22,17.86,17.98,17.75,17.85,7989501.0,142600811.0,350000000.0,0.022827145714285714
57,2001-03-23,17.85,17.9,17.38,17.39,5048282.0,88937142.0,350000000.0,0.014423662857142857
58,2001-03-26,17.38,17.81,17.36,17.6,3847181.0,67998935.0,350000000.0,0.010991945714285715
59,2001-03-27,17.69,17.85,17.5,17.69,2306024.0,40622708.0,350000000.0,0.00658864
60,2001-03-28,17.69,17.8,17.58,17.72,4105390.0,72528135.0,350000000.0,0.011729685714285714
61,2001-03-29,17.79,18.34,17.79,18.06,12606861.0,228702942.0,350000000.0,0.036019602857142854
62,2001-03-30,18.1,18.28,18.08,18.16,5821440.0,105771351.0,350000000.0,0.016632685714285715
63,2001-04-02,18.67,18.95,18.48,18.68,15147878.0,283220132.0,350000000.0,0.04327965142857143
64,2001-04-03,18.68,18.82,18.55,18.81,6876600.0,128292556.0,350000000.0,0.019647428571428573
65,2001-04-04,18.82,19.15,18.51,18.6,13785004.0,260210311.0,350000000.0,0.03938572571428572
66,2001-04-05,18.58,18.95,18.51,18.93,5124336.0,95928206.0,350000000.0,0.01464096
67,2001-04-06,18.99,19.08,18.8,18.87,3888545.0,73435666.0,350000000.0,0.011110128571428571
68,2001-04-09,18.85,18.96,18.75,18.87,2970480.0,55840074.0,350000000.0,0.008487085714285714
69,2001-04-10,18.91,19.21,18.91,19.15,6154446.0,117671034.0,350000000.0,0.017584131428571428
70,2001-04-11,19.18,19.35,19.08,19.24,7283787.0,140281486.0,350000000.0,0.02081082
71,2001-04-12,19.28,19.3,19.04,19.05,5170241.0,99149207.0,350000000.0,0.014772117142857142
72,2001-04-13,19.06,19.25,18.8,19.08,6018968.0,114123503.0,350000000.0,0.01719705142857143
73,2001-04-16,19.08,19.15,18.97,19.02,5483183.0,104306508.0,350000000.0,0.015666237142857142
74,2001-04-17,19.02,19.02,18.83,18.88,4005602.0,75651807.0,350000000.0,0.011444577142857144
75,2001-04-18,18.88,18.98,18.77,18.88,4014759.0,75688459.0,350000000.0,0.01147074
76,2001-04-19,18.86,18.9,18.5,18.7,5351111.0,99842045.0,350000000.0,0.015288888571428572
77,2001-04-20,18.68,18.99,18.55,18.57,4858620.0,91125686.0,350000000.0,0.01388177142857143
78,2001-04-23,18.4,18.55,18.27,18.49,4179495.0,76915314.0,350000000.0,0.011941414285714286
79,2001-04-24,18.5,18.65,18.47,18.58,2116250.0,39203856.0,350000000.0,0.0060464285714285715
80,2001-04-25,18.58,18.68,17.98,18.15,6572426.0,119565170.0,350000000.0,0.01877836
81,2001-04-26,18.12,18.4,18.03,18.26,2791571.0,50925536.0,350000000.0,0.007975917142857144
82,2001-04-27,18.26,18.58,18.2,18.45,3071929.0,56699090.0,350000000.0,0.00877694
83,2001-04-30,18.45,18.68,18.45,18.62,3170743.0,58878349.0,350000000.0,0.009059265714285714
84,2001-05-08,18.62,18.72,18.58,18.69,2115583.0,39491112.0,350000000.0,0.006044522857142857
85,2001-05-09,18.75,19.0,18.7,18.86,3262135.0,61565037.0,350000000.0,0.009320385714285714
86,2001-05-10,18.85,18.97,18.8,18.85,2426769.0,45853557.0,350000000.0,0.0069336257142857145
87,2001-05-11,18.86,18.92,18.69,18.79,2085612.0,39124076.0,350000000.0,0.005958891428571428
88,2001-05-14,19.0,19.45,18.96,19.21,11813247.0,227296609.0,350000000.0,0.03375213428571429
89,2001-05-15,19.3,19.4,19.1,19.16,5044827.0,97205875.0,350000000.0,0.014413791428571429
90,2001-05-16,19.2,19.68,19.2,19.53,10833288.0,211189476.0,350000000.0,0.03095225142857143
91,2001-05-17,19.58,19.65,19.36,19.5,6028683.0,117702776.0,350000000.0,0.017224808571428572
92,2001-05-18,19.5,19.56,19.38,19.5,4259571.0,83019344.0,350000000.0,0.012170202857142856
93,2001-05-21,19.63,20.02,19.63,19.94,12250095.0,244319805.0,350000000.0,0.03500027142857143
94,2001-05-23,19.5,19.93,19.38,19.83,4595977.0,90707222.0,350000000.0,0.013131362857142857
95,2001-05-24,19.91,20.31,19.88,20.11,6577607.0,132308801.0,350000000.0,0.01879316285714286
96,2001-05-25,20.18,20.24,19.7,19.91,4299315.0,85713088.0,350000000.0,0.012283757142857142
97,2001-05-28,20.03,20.2,19.71,19.82,3790025.0,75574904.0,350000000.0,0.010828642857142858
98,2001-05-29,19.85,19.99,19.75,19.86,3972962.0,78969981.0,350000000.0,0.01135132
99,2001-05-30,19.9,20.1,19.86,20.08,7309243.0,146219372.0,350000000.0,0.02088355142857143
100,2001-05-31,15.5,15.65,15.35,15.6,10565742.0,164464564.0,455000000.0,0.02322141098901099
101,2001-06-01,15.6,16.29,15.6,16.14,16226530.0,260177750.0,455000000.0,0.0356627032967033
102,2001-06-04,16.25,16.66,16.01,16.06,16045138.0,261957537.0,455000000.0,0.03526403956043956
103,2001-06-05,16.09,16.23,15.92,16.0,7932286.0,127116403.0,455000000.0,0.017433595604395606
104,2001-06-06,16.0,16.04,15.75,15.9,6922896.0,109736722.0,455000000.0,0.015215156043956044
105,2001-06-07,15.9,16.08,15.75,15.98,4780816.0,75954331.0,455000000.0,0.010507287912087913
106,2001-06-08,16.0,16.0,15.82,15.89,2984852.0,47399728.0,455000000.0,0.006560114285714286
107,2001-06-11,15.9,15.95,15.6,15.63,5097880.0,80207015.0,455000000.0,0.011204131868131868
108,2001-06-12,15.62,15.82,15.56,15.73,3550897.0,55814839.0,455000000.0,0.007804169230769231
109,2001-06-13,15.75,15.8,15.63,15.7,3236600.0,50806746.0,455000000.0,0.007113406593406593
110,2001-06-14,15.7,15.8,15.48,15.54,4867149.0,76009320.0,455000000.0,0.010697030769230769
111,2001-06-15,15.5,15.57,15.35,15.43,4694415.0,72375265.0,455000000.0,0.010317395604395605
112,2001-06-18,15.42,15.42,14.82,14.91,6292131.0,94419354.0,455000000.0,0.01382885934065934
113,2001-06-19,14.88,14.96,14.76,14.9,2654655.0,39398248.0,455000000.0,0.005834406593406593
114,2001-06-20,14.9,15.12,14.9,14.94,1969515.0,29519877.0,455000000.0,0.004328604395604395
115,2001-06-21,14.99,15.0,14.88,14.96,2366790.0,35334452.0,455000000.0,0.005201736263736264
116,2001-06-22,15.0,15.18,14.98,15.16,3315362.0,49976732.0,455000000.0,0.00728650989010989
117,2001-06-25,15.2,15.29,15.06,15.21,2487482.0,37682813.0,455000000.0,0.005466993406593406
118,2001-06-26,15.22,15.3,15.0,15.11,2617967.0,39596351.0,455000000.0,0.005753773626373627
119,2001-06-27,15.1,15.16,15.0,15.0,1874344.0,28195168.0,455000000.0,0.004119437362637363
120,2001-06-28,15.0,15.05,14.89,14.94,2370391.0,35453604.0,455000000.0,0.00520965054945055
121,2001-06-29,14.93,15.05,14.91,14.92,1443129.0,21585907.0,455000000.0,0.003171712087912088
122,2001-07-02,14.93,14.99,14.78,14.82,1898800.0,28211565.0,455000000.0,0.004173186813186813
123,2001-07-03,14.82,14.94,14.75,14.89,1511085.0,22396046.0,455000000.0,0.003321065934065934
124,2001-07-04,14.92,15.09,14.89,14.92,1578010.0,23653245.0,455000000.0,0.003468153846153846
125,2001-07-05,15.4,15.56,15.06,15.2,7616494.0,116524373.0,455000000.0,0.016739547252747254
126,2001-07-06,15.2,15.34,14.9,14.9,2670432.0,40106122.0,455000000.0,0.005869081318681318
127,2001-07-09,14.9,14.97,14.76,14.81,1682450.0,24937865.0,455000000.0,0.0036976923076923076
128,2001-07-10,14.81,15.0,14.8,14.91,1438370.0,21411885.0,455000000.0,0.0031612527472527473
129,2001-07-11,14.91,14.91,14.75,14.8,1401404.0,20744353.0,455000000.0,0.003080008791208791
130,2001-07-12,14.75,14.86,14.63,14.72,2278952.0,33537834.0,455000000.0,0.0050086857142857145
131,2001-07-13,14.78,14.8,14.45,14.6,1848330.0,27067344.0,455000000.0,0.004062263736263737
132,2001-07-16,14.7,14.8,14.43,14.46,1938130.0,28164202.0,455000000.0,0.004259626373626374
133,2001-07-17,14.3,14.3,13.77,13.92,5886106.0,81597933.0,455000000.0,0.012936496703296703
134,2001-07-18,13.93,14.15,13.89,13.98,3015646.0,42188145.0,455000000.0,0.006627793406593406
135,2001-07-19,14.0,14.15,13.95,14.0,1939089.0,27209536.0,455000000.0,0.004261734065934066
136,2001-07-20,14.12,14.35,14.1,14.33,1640069.0,23363125.0,455000000.0,0.003604547252747253
137,2001-07-23,14.33,14.39,14.14,14.22,1882320.0,26749632.0,455000000.0,0.004136967032967033
138,2001-07-24,14.15,14.15,13.8,13.92,3069447.0,42852467.0,455000000.0,0.006746037362637363
139,2001-07-25,13.92,13.98,13.7,13.8,3355992.0,46258270.0,455000000.0,0.007375806593406593
140,2001-07-26,13.76,13.8,13.55,13.8,2621531.0,35744534.0,455000000.0,0.005761606593406594
141,2001-07-27,13.83,13.92,13.5,13.65,1686208.0,23061772.0,455000000.0,0.0037059516483516483
142,2001-07-30,13.6,13.63,12.91,12.91,2804943.0,36841224.0,455000000.0,0.00616470989010989
143,2001-07-31,12.82,13.06,12.75,12.85,2484349.0,31997169.0,455000000.0,0.005460107692307693
144,2001-08-01,12.9,13.35,12.9,13.24,2471071.0,32320497.0,455000000.0,0.005430925274725275
145,2001-08-02,13.3,13.3,12.78,12.87,2516086.0,32371803.0,455000000.0,0.005529859340659341
146,2001-08-03,12.99,12.99,12.65,12.7,2603820.0,33187398.0,455000000.0,0.005722681318681319
147,2001-08-06,12.65,12.66,11.65,12.19,5535782.0,66437663.0,455000000.0,0.012166553846153847
148,2001-08-07,12.1,12.5,11.9,12.49,3496392.0,42725260.0,455000000.0,0.007684378021978022
149,2001-08-08,12.4,12.4,12.15,12.2,1390094.0,17027227.0,455000000.0,0.0030551516483516483
150,2001-08-09,12.18,12.48,12.18,12.43,1378184.0,17091237.0,455000000.0,0.003028975824175824
151,2001-08-10,12.48,12.8,12.46,12.79,2747600.0,34864740.0,455000000.0,0.006038681318681319
152,2001-08-13,12.79,12.84,12.62,12.74,1490390.0,18958805.0,455000000.0,0.0032755824175824174
153,2001-08-14,12.75,12.82,12.4,12.77,1819920.0,23078505.0,455000000.0,0.0039998241758241754
154,2001-08-15,12.72,12.79,12.63,12.79,1262142.0,16066378.0,455000000.0,0.0027739384615384616
155,2001-08-16,12.82,12.82,12.51,12.51,840770.0,10612693.0,455000000.0,0.001847846153846154
156,2001-08-17,12.5,12.69,12.39,12.6,683909.0,8570602.0,455000000.0,0.0015030967032967032
157,2001-08-20,12.56,12.78,12.42,12.74,656010.0,8310305.0,455000000.0,0.0014417802197802198
158,2001-08-21,12.75,12.84,12.69,12.77,772660.0,9879010.0,455000000.0,0.0016981538461538462
159,2001-08-22,12.76,12.76,12.34,12.57,1514657.0,18993231.0,455000000.0,0.0033289164835164837
160,2001-08-23,12.4,12.78,12.28,12.75,1119824.0,14026986.0,455000000.0,0.0024611516483516484
161,2001-08-28,12.31,12.33,11.91,12.22,2758135.0,33329851.0,455000000.0,0.006061835164835164
162,2001-08-29,12.24,12.62,12.22,12.55,2622113.0,32548865.0,455000000.0,0.0057628857142857145
163,2001-08-30,12.5,12.66,12.3,12.33,861500.0,10738818.0,455000000.0,0.0018934065934065934
164,2001-08-31,12.33,12.5,12.33,12.5,1285800.0,15957780.0,455000000.0,0.002825934065934066
165,2001-09-03,12.5,12.79,12.5,12.7,1621647.0,20533900.0,455000000.0,0.0035640593406593406
166,2001-09-04,12.61,13.25,12.61,13.24,3971874.0,51816738.0,455000000.0,0.008729393406593407
167,2001-09-05,13.24,13.48,13.15,13.24,2631065.0,35008776.0,455000000.0,0.005782560439560439
168,2001-09-06,13.2,13.32,13.02,13.25,1540785.0,20284797.0,455000000.0,0.003386340659340659
169,2001-09-07,13.13,13.23,12.78,12.85,2386008.0,30863312.0,455000000.0,0.0052439736263736264
170,2001-09-10,12.7,13.35,12.52,13.28,3538167.0,46649363.0,455000000.0,0.007776191208791209
171,2001-09-11,13.28,13.45,13.15,13.31,1243590.0,16580508.0,455000000.0,0.002733164835164835
172,2001-09-12,12.75,13.28,12.62,13.2,2888408.0,37637314.0,455000000.0,0.00634814945054945
173,2001-09-13,13.1,13.36,13.05,13.27,1112559.0,14731302.0,455000000.0,0.002445184615384615
174,2001-09-14,13.0,13.38,13.0,13.05,1722119.0,22540907.0,455000000.0,0.003784876923076923
175,2001-09-17,12.99,13.3,12.95,13.13,2784191.0,36707323.0,455000000.0,0.006119101098901099
176,2001-09-18,13.15,13.6,13.13,13.56,3337292.0,44880262.0,455000000.0,0.007334707692307692
177,2001-09-19,13.58,14.38,13.44,14.22,10028617.0,140577392.0,455000000.0,0.022040916483516484
178,2001-09-20,14.29,14.31,13.85,13.99,6952057.0,98306635.0,455000000.0,0.015279246153846154
179,2001-09-21,13.9,14.15,13.83,13.9,2513297.0,35132685.0,455000000.0,0.00552372967032967
180,2001-09-24,13.89,14.05,13.78,13.9,1337800.0,18587169.0,455000000.0,0.0029402197802197803
181,2001-09-25,13.95,14.11,13.85,14.04,1733712.0,24235179.0,455000000.0,0.003810356043956044
182,2001-09-26,14.05,14.05,13.73,13.85,2001301.0,27752846.0,455000000.0,0.004398463736263737
183,2001-09-27,13.71,14.0,13.6,14.0,3100515.0,43141613.0,455000000.0,0.006814318681318681
184,2001-09-28,14.0,14.55,13.91,14.31,8836012.0,125782775.0,455000000.0,0.019419806593406592
185,2001-10-08,14.31,14.35,13.98,14.04,2072570.0,29247778.0,455000000.0,0.004555098901098901
186,2001-10-09,14.04,14.42,13.98,14.25,2681630.0,38401451.0,455000000.0,0.005893692307692308
187,2001-10-10,14.25,14.3,13.77,13.81,2771498.0,38688144.0,455000000.0,0.006091204395604396
188,2001-10-11,13.8,13.97,13.6,13.83,2625613.0,36109228.0,455000000.0,0.005770578021978022
189,2001-10-12,13.77,14.78,13.38,14.4,8643066.0,122728583.0,455000000.0,0.01899574945054945
190,2001-10-15,14.45,14.49,14.13,14.38,4551856.0,65298406.0,455000000.0,0.010004079120879122
191,2001-10-17,14.4,14.58,14.0,14.07,3514412.0,50317952.0,455000000.0,0.007723982417582417
192,2001-10-18,13.98,14.11,13.66,13.74,4136330.0,57068441.0,455000000.0,0.009090835164835165
193,2001-10-19,13.68,13.7,13.03,13.6,4724338.0,63317140.0,455000000.0,0.010383160439560439
194,2001-10-22,13.41,13.66,12.7,12.92,3660147.0,48357823.0,455000000.0,0.00804427912087912
195,2001-10-23,14.01,14.21,14.0,14.21,11050641.0,156545042.0,455000000.0,0.024287123076923076
196,2001-10-24,14.79,14.79,14.01,14.35,14278835.0,206282140.0,455000000.0,0.031382054945054944
197,2001-10-25,14.27,14.6,13.8,14.49,9683419.0,139613708.0,455000000.0,0.02128223956043956
198,2001-10-26,14.41,14.57,14.25,14.39,5308890.0,76805130.0,455000000.0,0.01166789010989011
199,2001-10-29,14.4,14.66,14.3,14.52,4796159.0,69681690.0,455000000.0,0.01054100879120879
200,2001-10-30,14.3,14.45,14.1,14.28,1986173.0,28378753.0,455000000.0,0.004365215384615384
201,2001-10-31,14.2,14.4,14.01,14.4,2637438.0,37290641.0,455000000.0,0.005796567032967033
202,2001-11-01,14.41,14.72,14.31,14.66,7924233.0,115910412.0,455000000.0,0.017415896703296702
203,2001-11-02,14.6,14.63,14.29,14.42,2315519.0,33449095.0,455000000.0,0.005089052747252748
204,2001-11-05,14.33,14.48,14.19,14.4,1541756.0,22055458.0,455000000.0,0.003388474725274725
205,2001-11-06,14.4,14.53,14.2,14.22,1183887.0,16996961.0,455000000.0,0.0026019494505494507
206,2001-11-07,14.28,14.28,13.68,13.7,4920489.0,68162806.0,455000000.0,0.010814261538461538
207,2001-11-08,13.5,14.0,13.31,14.0,1907736.0,26225158.0,455000000.0,0.004192826373626374
208,2001-11-09,14.0,14.28,13.8,14.19,1915255.0,27000737.0,455000000.0,0.0042093516483516485
209,2001-11-12,14.19,14.26,13.9,14.0,1298318.0,18316684.0,455000000.0,0.0028534461538461536
210,2001-11-13,13.9,14.35,13.82,14.2,1942509.0,27574940.0,455000000.0,0.00426925054945055
211,2001-11-14,14.3,14.32,14.06,14.07,813199.0,11512452.0,455000000.0,0.0017872505494505495
212,2001-11-15,14.3,14.3,14.01,14.24,1175260.0,16643480.0,455000000.0,0.002582989010989011
213,2001-11-16,15.2,15.2,14.24,14.28,7901693.0,115379039.0,455000000.0,0.01736635824175824
214,2001-11-19,14.31,14.38,14.18,14.35,1858555.0,26553672.0,455000000.0,0.004084736263736264
215,2001-11-20,14.36,14.68,14.3,14.57,4310774.0,62854305.0,455000000.0,0.00947422857142857
216,2001-11-21,14.55,14.8,14.45,14.8,6037317.0,88527340.0,455000000.0,0.013268828571428571
217,2001-11-22,14.8,15.09,14.75,14.92,10752150.0,160704954.0,455000000.0,0.0236310989010989
218,2001-11-23,14.96,15.07,14.8,14.82,4228791.0,63075553.0,455000000.0,0.009294046153846153
219,2001-11-26,14.83,14.95,14.75,14.85,2093033.0,31098695.0,455000000.0,0.004600072527472528
220,2001-11-27,14.85,14.92,14.68,14.82,2223590.0,32927485.0,455000000.0,0.004887010989010989
221,2001-11-28,14.83,15.05,14.83,14.91,3544737.0,53063364.0,455000000.0,0.007790630769230769
222,2001-11-29,14.95,14.95,14.73,14.81,2040561.0,30250548.0,455000000.0,0.004484749450549451
223,2001-11-30,14.81,14.91,14.72,14.81,1811668.0,26856824.0,455000000.0,0.003981687912087912
224,2001-12-03,14.85,14.98,14.76,14.78,2884142.0,42897922.0,455000000.0,0.006338773626373626
225,2001-12-04,14.82,14.85,14.68,14.81,2496675.0,36864778.0,455000000.0,0.005487197802197802
226,2001-12-05,14.85,14.86,14.5,14.51,4232108.0,61964930.0,455000000.0,0.009301336263736264
227,2001-12-06,14.51,14.84,14.51,14.73,1897448.0,27825713.0,455000000.0,0.004170215384615384
228,2001-12-07,14.76,14.8,14.5,14.66,3471749.0,50625673.0,455000000.0,0.007630217582417583
229,2001-12-10,14.65,14.69,14.52,14.65,1397810.0,20396866.0,455000000.0,0.0030721098901098903
230,2001-12-11,14.6,14.61,14.51,14.57,2289840.0,33333691.0,455000000.0,0.0050326153846153845
231,2001-12-12,14.51,14.52,14.2,14.27,4142160.0,59309963.0,455000000.0,0.009103648351648352
232,2001-12-13,14.24,14.3,13.9,14.09,2530841.0,35630499.0,455000000.0,0.005562287912087912
233,2001-12-14,14.0,14.16,13.9,13.99,1012540.0,14188012.0,455000000.0,0.0022253626373626373
234,2001-12-17,13.91,13.91,13.71,13.76,1096850.0,15143737.0,455000000.0,0.0024106593406593405
235,2001-12-18,13.72,13.9,13.69,13.89,1442647.0,19896228.0,455000000.0,0.0031706527472527475
236,2001-12-19,13.95,14.1,13.7,13.89,1541335.0,21509310.0,455000000.0,0.0033875494505494507
237,2001-12-20,13.8,13.85,13.56,13.62,2838448.0,38725610.0,455000000.0,0.006238347252747253
238,2001-12-21,13.62,13.88,13.5,13.84,2265762.0,31032254.0,455000000.0,0.0049796967032967035
239,2001-12-24,13.8,13.8,13.28,13.66,2370096.0,31995659.0,455000000.0,0.005209002197802198
240,2001-12-25,13.65,13.65,13.18,13.5,1607870.0,21503455.0,455000000.0,0.00353378021978022
241,2001-12-26,13.5,13.73,13.28,13.71,3834301.0,51812967.0,455000000.0,0.008427035164835164
242,2001-12-27,13.7,13.9,13.5,13.81,3483640.0,47837984.0,455000000.0,0.007656351648351648
243,2001-12-28,13.65,14.5,13.49,14.27,2556230.0,35606831.0,455000000.0,0.005618087912087912
244,2001-12-31,13.98,14.58,13.86,14.51,8560495.0,122798658.0,455000000.0,0.018814274725274725
245,2002-01-04,14.2,14.26,13.89,13.95,1856410.0,26027156.0,455000000.0,0.004080021978021978
246,2002-01-08,14.0,14.39,13.83,13.84,1954985.0,27261744.0,455000000.0,0.00429667032967033
247,2002-01-09,13.84,13.99,13.68,13.85,1653381.0,22809633.0,455000000.0,0.0036338043956043956
248,2002-01-10,13.7,13.8,13.45,13.8,2883571.0,39272607.0,455000000.0,0.0063375186813186815
249,2002-01-11,13.8,13.84,13.6,13.63,836662.0,11472709.0,455000000.0,0.0018388175824175824
250,2002-01-14,13.51,13.6,13.28,13.33,1926199.0,25727402.0,455000000.0,0.004233404395604395
251,2002-01-15,13.28,13.5,13.03,13.04,2070480.0,27291935.0,455000000.0,0.0045505054945054945
252,2002-01-16,13.04,13.28,12.78,13.08,2357165.0,30462600.0,455000000.0,0.005180582417582418
253,2002-01-17,12.98,12.98,12.51,12.53,1892271.0,23989385.0,455000000.0,0.004158837362637362
254,2002-01-18,12.45,12.68,12.08,12.48,3170511.0,39309118.0,455000000.0,0.006968156043956044
255,2002-01-21,12.33,12.4,11.69,11.79,3527417.0,42248586.0,455000000.0,0.007752564835164835
256,2002-01-22,11.79,12.42,11.7,12.1,4406048.0,53490388.0,455000000.0,0.009683621978021978
257,2002-01-23,12.09,13.0,12.01,12.97,3330926.0,42161927.0,455000000.0,0.0073207164835164835
258,2002-01-24,12.88,13.2,12.61,13.09,5319194.0,69110682.0,455000000.0,0.011690536263736263
259,2002-01-25,13.0,13.15,12.8,12.99,2150651.0,27969422.0,455000000.0,0.004726705494505494
260,2002-01-28,12.79,12.93,12.02,12.22,4237857.0,53080937.0,455000000.0,0.009313971428571429
261,2002-01-29,12.2,12.56,12.05,12.53,3849617.0,47732764.0,455000000.0,0.008460696703296704
262,2002-01-30,12.31,12.67,12.31,12.5,764584.0,9568403.0,455000000.0,0.0016804043956043955
263,2002-01-31,12.65,13.5,12.6,13.35,7042027.0,93239112.0,455000000.0,0.015476982417582417
264,2002-02-01,13.35,13.49,13.1,13.24,2650682.0,35272680.0,455000000.0,0.005825674725274725
265,2002-02-04,13.2,13.39,13.16,13.33,1654956.0,21998082.0,455000000.0,0.003637265934065934
266,2002-02-05,13.3,13.58,13.26,13.4,3202072.0,42993859.0,455000000.0,0.007037520879120879
267,2002-02-06,13.35,13.5,12.99,13.12,2209489.0,29185253.0,455000000.0,0.00485601978021978
268,2002-02-07,13.1,13.42,13.05,13.36,2106785.0,27987174.0,455000000.0,0.004630296703296703
269,2002-02-08,13.49,13.5,13.31,13.37,2299768.0,30861641.0,455000000.0,0.005054435164835165
270,2002-02-25,13.37,13.37,12.8,12.9,5390710.0,69787415.0,455000000.0,0.011847714285714286
271,2002-02-26,12.8,12.85,12.31,12.69,5885088.0,73694243.0,455000000.0,0.012934259340659341
272,2002-02-27,12.68,13.04,12.52,12.95,3109459.0,40070138.0,455000000.0,0.006833975824175824
273,2002-02-28,12.9,13.01,12.73,12.77,1499990.0,19246822.0,455000000.0,0.003296681318681319
274,2002-03-01,12.7,12.79,12.6,12.62,986031.0,12474059.0,455000000.0,0.002167101098901099
275,2002-03-04,12.62,12.75,12.52,12.73,1022753.0,12937215.0,455000000.0,0.002247808791208791
276,2002-03-05,12.8,13.01,12.75,12.95,1840375.0,23790018.0,455000000.0,0.00404478021978022
277,2002-03-06,12.96,13.17,12.96,13.0,4528102.0,59166454.0,455000000.0,0.009951872527472528
278,2002-03-07,13.0,13.38,12.96,13.35,4366062.0,57339943.0,455000000.0,0.009595740659340659
279,2002-03-08,13.4,13.45,13.11,13.29,5036977.0,66840370.0,455000000.0,0.011070279120879122
280,2002-03-11,13.4,13.55,13.35,13.54,5267626.0,70941867.0,455000000.0,0.0115772
281,2002-03-12,13.5,13.55,13.18,13.19,4204197.0,56200001.0,455000000.0,0.009239993406593407
282,2002-03-13,13.15,14.45,13.05,13.55,19562376.0,271110775.0,455000000.0,0.04299423296703297
283,2002-03-14,13.5,13.78,13.3,13.56,5655799.0,76350928.0,455000000.0,0.012430327472527472
284,2002-03-15,13.68,13.78,13.3,13.3,4285947.0,58203841.0,455000000.0,0.009419663736263736
285,2002-03-18,13.47,13.75,13.35,13.58,4447822.0,60303010.0,455000000.0,0.009775432967032966
286,2002-03-19,13.6,13.85,13.5,13.76,3912145.0,53587805.0,455000000.0,0.00859812087912088
287,2002-03-20,13.97,14.0,13.65,13.78,4210331.0,58246347.0,455000000.0,0.009253474725274725
288,2002-03-21,13.9,13.98,13.65,13.7,3780757.0,52398104.0,455000000.0,0.008309356043956044
289,2002-03-22,13.7,13.8,13.45,13.51,2462500.0,33366501.0,455000000.0,0.0054120879120879125
290,2002-03-25,13.51,13.75,13.4,13.66,1453220.0,19758558.0,455000000.0,0.00319389010989011
291,2002-03-26,13.66,13.75,13.24,13.26,2911780.0,38924975.0,455000000.0,0.006399516483516484
292,2002-03-27,13.25,13.4,13.18,13.32,1473033.0,19551296.0,455000000.0,0.003237435164835165
293,2002-03-28,13.31,13.42,13.19,13.31,2896762.0,38492113.0,455000000.0,0.0063665098901098905
294,2002-03-29,13.3,13.3,12.8,12.95,2883728.0,37694048.0,455000000.0,0.006337863736263737
295,2002-04-01,12.83,13.25,12.8,13.2,1492019.0,19512866.0,455000000.0,0.0032791626373626375
296,2002-04-02,13.25,13.45,13.14,13.17,1718010.0,22749257.0,455000000.0,0.003775846153846154
297,2002-04-03,13.2,13.51,13.2,13.5,2931626.0,39308358.0,455000000.0,0.006443134065934066
298,2002-04-04,13.58,13.72,13.39,13.59,3001756.0,40814219.0,455000000.0,0.006597265934065934
299,2002-04-05,13.7,13.75,13.42,13.58,2314646.0,31426301.0,455000000.0,0.005087134065934066
300,2002-04-08,13.58,13.67,13.4,13.6,2548397.0,34526280.0,455000000.0,0.005600872527472527
301,2002-04-09,13.61,13.69,13.3,13.43,2960436.0,39738843.0,455000000.0,0.006506452747252747
302,2002-04-11,13.46,13.5,13.1,13.27,2615761.0,34692338.0,455000000.0,0.005748925274725275
303,2002-04-12,13.25,13.51,13.2,13.42,1492903.0,20013160.0,455000000.0,0.0032811054945054946
304,2002-04-15,13.41,13.41,13.26,13.31,1175670.0,15649781.0,455000000.0,0.0025838901098901097
305,2002-04-16,13.25,13.35,13.2,13.22,1060718.0,14056582.0,455000000.0,0.0023312483516483517
306,2002-04-17,13.21,13.4,13.11,13.3,872998.0,11561891.0,455000000.0,0.001918676923076923
307,2002-04-18,13.3,13.35,13.08,13.33,1709790.0,22572862.0,455000000.0,0.0037577802197802197
308,2002-04-19,13.25,13.39,13.07,13.38,1991179.0,26261873.0,455000000.0,0.004376217582417582
309,2002-04-22,13.35,13.35,13.13,13.3,1551118.0,20525684.0,455000000.0,0.0034090505494505496
310,2002-04-23,13.2,13.35,13.11,13.21,974471.0,12903423.0,455000000.0,0.0021416945054945056
311,2002-04-24,13.2,13.2,12.91,12.95,1334958.0,17434875.0,455000000.0,0.0029339736263736265
312,2002-04-25,13.16,13.16,12.85,12.95,744472.0,9634791.0,455000000.0,0.0016362021978021978
313,2002-04-26,13.0,13.15,12.97,13.12,884101.0,11567623.0,455000000.0,0.0019430791208791208
314,2002-04-29,13.12,13.29,12.9,13.29,2213827.0,29069742.0,455000000.0,0.0048655538461538465
315,2002-04-30,13.27,13.53,13.15,13.48,4198828.0,56278305.0,455000000.0,0.009228193406593407
316,2002-05-08,13.45,13.5,13.09,13.45,2266658.0,30398727.0,455000000.0,0.004981665934065934
317,2002-05-09,13.38,13.55,13.28,13.49,3170845.0,42709954.0,455000000.0,0.00696889010989011
318,2002-05-10,13.47,13.49,13.32,13.32,794105.0,10630322.0,455000000.0,0.0017452857142857142
319,2002-05-13,13.25,13.28,13.1,13.2,630590.0,8313148.0,455000000.0,0.001385912087912088
320,2002-05-14,13.19,13.38,13.05,13.08,532813.0,7007850.0,455000000.0,0.0011710175824175824
321,2002-05-15,13.15,13.25,12.94,12.95,705000.0,9197957.0,455000000.0,0.0015494505494505495
322,2002-05-16,12.91,12.93,12.61,12.65,1381992.0,17577808.0,455000000.0,0.003037345054945055
323,2002-05-17,12.58,12.82,12.58,12.78,876065.0,11114893.0,455000000.0,0.0019254175824175825
324,2002-05-20,12.78,12.78,12.45,12.47,637400.0,7979324.0,455000000.0,0.0014008791208791208
325,2002-05-21,12.6,12.8,12.49,12.64,2925961.0,36896942.0,455000000.0,0.006430683516483516
326,2002-05-22,12.78,12.78,12.17,12.39,2901561.0,35741725.0,455000000.0,0.006377057142857143
327,2002-05-23,12.39,12.51,12.24,12.29,2143239.0,26478162.0,455000000.0,0.004710415384615385
328,2002-05-24,12.3,12.42,11.6,11.65,3758710.0,44725493.0,455000000.0,0.008260901098901098
329,2002-05-28,11.73,11.98,11.7,11.9,2006568.0,23887618.0,455000000.0,0.00441003956043956
330,2002-05-29,11.9,11.93,11.45,11.46,3068030.0,35625177.0,455000000.0,0.006742923076923077
331,2002-05-30,11.5,11.65,11.46,11.54,1696627.0,19582365.0,455000000.0,0.0037288505494505494
332,2002-05-31,11.61,11.79,11.1,11.1,5212980.0,58694406.0,455000000.0,0.011457098901098901
333,2002-06-03,11.01,11.31,10.95,11.0,4109491.0,45510529.0,455000000.0,0.009031848351648351
334,2002-06-04,11.12,11.68,11.12,11.33,3742770.0,42542927.0,455000000.0,0.008225868131868132
335,2002-06-05,11.35,11.45,11.1,11.2,1381310.0,15470771.0,455000000.0,0.0030358461538461537
336,2002-06-06,11.25,11.79,11.15,11.71,3665188.0,42456916.0,455000000.0,0.008055358241758242
337,2002-06-07,11.71,11.88,11.48,11.77,3041839.0,35709875.0,455000000.0,0.00668536043956044
338,2002-06-10,11.76,11.95,11.61,11.72,1253260.0,14712877.0,455000000.0,0.0027544175824175824
339,2002-06-11,11.7,11.85,11.65,11.77,1264456.0,14905436.0,455000000.0,0.0027790241758241757
340,2002-06-12,11.71,11.8,11.5,11.7,540480.0,6291243.0,455000000.0,0.0011878681318681318
341,2002-06-13,11.75,11.83,11.59,11.61,514160.0,5996402.0,455000000.0,0.001130021978021978
342,2002-06-14,11.65,11.65,11.5,11.51,542733.0,6255927.0,455000000.0,0.0011928197802197802
343,2002-06-17,11.48,11.6,11.43,11.59,464954.0,5348187.0,455000000.0,0.0010218769230769232
344,2002-06-18,11.59,11.84,11.59,11.82,1045742.0,12325906.0,455000000.0,0.002298334065934066
345,2002-06-19,10.22,10.32,10.17,10.21,453335.0,4635142.0,455000000.0,0.0009963406593406594
346,2002-06-20,10.21,10.3,10.11,10.2,815707.0,8360896.0,523250000.0,0.00155892403248925
347,2002-06-21,10.26,10.68,10.22,10.53,2937665.0,30792842.0,523250000.0,0.005614266602962255
348,2002-06-24,11.58,11.58,11.21,11.58,19445207.0,224102836.0,523250000.0,0.0371623640707119
349,2002-06-25,11.7,12.68,11.52,12.15,26974586.0,329926165.0,523250000.0,0.05155200382226469
350,2002-06-26,12.08,12.28,11.81,11.93,9556064.0,114556868.0,523250000.0,0.018262903010033443
351,2002-06-27,11.94,12.15,11.85,11.95,4541332.0,54386759.0,523250000.0,0.008679086478738652
352,2002-06-28,11.91,12.98,11.91,12.47,24779498.0,312092339.0,523250000.0,0.04735690014333493
353,2002-07-01,12.5,12.58,12.18,12.23,6273209.0,77322270.0,523250000.0,0.011988932632584806
354,2002-07-02,12.1,12.55,12.01,12.51,9373022.0,116031715.0,523250000.0,0.01791308552317248
355,2002-07-03,12.5,12.89,12.48,12.56,12646345.0,160173610.0,523250000.0,0.024168838987099858
356,2002-07-04,12.58,12.6,12.32,12.35,4831857.0,60212245.0,523250000.0,0.009234318203535595
357,2002-07-05,12.21,12.5,12.2,12.46,2228971.0,27530113.0,523250000.0,0.004259858576206402
358,2002-07-08,12.45,12.68,12.4,12.5,4445304.0,55822742.0,523250000.0,0.008495564261825132
359,2002-07-09,12.5,12.58,12.4,12.41,2171393.0,27102147.0,523250000.0,0.004149819397993311
360,2002-07-10,12.41,12.49,12.0,12.04,5828635.0,70953258.0,523250000.0,0.011139292881032012
361,2002-07-11,12.0,12.22,11.96,12.1,3981384.0,48026872.0,523250000.0,0.007608951743908266
362,2002-07-12,12.18,12.21,11.98,12.18,2205129.0,26755612.0,523250000.0,0.004214293358815098
363,2002-07-15,12.18,12.2,11.95,12.07,1873141.0,22593271.0,523250000.0,0.003579820353559484
364,2002-07-16,12.07,12.25,12.05,12.15,1777556.0,21649954.0,523250000.0,0.003397144768275203
365,2002-07-17,12.14,12.38,12.1,12.38,2338873.0,28615183.0,523250000.0,0.004469895843287147
366,2002-07-18,12.38,12.5,12.2,12.39,6002231.0,74151889.0,523250000.0,0.011471057811753465
367,2002-07-19,12.4,12.53,12.32,12.46,2891801.0,36030223.0,523250000.0,0.005526614429049212
368,2002-07-22,12.46,12.47,12.12,12.16,3081806.0,37708936.0,523250000.0,0.0058897391304347825
369,2002-07-23,12.14,12.45,12.0,12.16,3575433.0,43694366.0,523250000.0,0.006833125656951744
370,2002-07-24,12.18,12.47,12.18,12.33,3558708.0,43947375.0,523250000.0,0.006801161968466317
371,2002-07-25,12.35,12.49,12.18,12.4,6120517.0,75563931.0,523250000.0,0.01169711801242236
372,2002-07-26,12.4,12.52,12.28,12.39,6356601.0,79029391.0,523250000.0,0.012148305781175346
373,2002-07-29,12.4,12.69,12.35,12.68,10443276.0,131304093.0,523250000.0,0.019958482560917343
374,2002-07-30,12.68,13.3,12.65,13.13,31469832.0,409345129.0,523250000.0,0.060143013855709505
375,2002-07-31,13.01,13.24,12.73,12.77,20841333.0,270669169.0,523250000.0,0.03983054562828476
376,2002-08-01,12.75,12.93,12.53,12.87,7715907.0,98261201.0,523250000.0,0.01474611944577162
377,2002-08-02,12.85,13.02,12.8,12.86,8392887.0,108629611.0,523250000.0,0.016039917821309126
378,2002-08-05,12.85,12.85,12.61,12.62,4078467.0,51740357.0,523250000.0,0.007794490205446728
379,2002-08-06,12.6,12.95,12.55,12.8,3141352.0,40073348.0,523250000.0,0.006003539417104634
380,2002-08-07,12.85,12.86,12.65,12.8,2652201.0,33883474.0,523250000.0,0.005068707118967989
381,2002-08-08,12.8,12.92,12.66,12.69,5252487.0,67358514.0,523250000.0,0.010038197802197802
382,2002-08-09,12.69,12.75,12.55,12.58,4655279.0,58665443.0,523250000.0,0.008896854276158625
383,2002-08-12,12.48,12.6,12.45,12.58,3456842.0,43321273.0,523250000.0,0.006606482560917343
384,2002-08-13,12.58,12.65,12.49,12.51,2838792.0,35685297.0,523250000.0,0.005425307214524605
385,2002-08-14,12.58,12.61,12.53,12.6,2966782.0,37299910.0,523250000.0,0.0056699130434782604
386,2002-08-15,12.65,12.65,12.5,12.51,1214097.0,15261102.0,523250000.0,0.0023203000477783086
387,2002-08-16,12.5,12.58,12.23,12.38,3623828.0,44924596.0,523250000.0,0.0069256149068322986
388,2002-08-19,12.37,12.63,12.3,12.48,2086702.0,26102527.0,523250000.0,0.003987963688485427
389,2002-08-20,12.6,13.01,12.5,12.92,14070234.0,181347272.0,523250000.0,0.026890079311992356
390,2002-08-21,13.01,13.14,12.88,12.89,7766222.0,100924142.0,523250000.0,0.014842278069756331
391,2002-08-22,12.83,13.01,12.82,12.89,5292721.0,68372001.0,523250000.0,0.010115090301003344
392,2002-08-23,12.95,13.17,12.9,12.95,10244438.0,133675361.0,523250000.0,0.019578476827520307
393,2002-08-26,12.95,13.04,12.86,12.91,3299631.0,42682222.0,523250000.0,0.006306031533683708
394,2002-08-27,12.95,12.99,12.78,12.86,3138735.0,40389246.0,523250000.0,0.005998537983755375
395,2002-08-28,12.88,13.04,12.88,12.99,2242971.0,29061226.0,523250000.0,0.004286614429049211
396,2002-08-29,12.99,13.12,12.9,12.93,1987284.0,25828684.0,523250000.0,0.0037979627329192546
397,2002-08-30,12.9,12.97,12.88,12.94,1259077.0,16286299.0,523250000.0,0.002406262780697563
398,2002-09-02,12.94,13.02,12.8,12.89,1957318.0,25291194.0,523250000.0,0.0037406937410415673
399,2002-09-03,12.9,13.08,12.9,13.06,2944567.0,38298551.0,523250000.0,0.00562745723841376
400,2002-09-04,13.1,13.11,12.87,12.92,2059351.0,26682149.0,523250000.0,0.003935692307692308
401,2002-09-05,12.9,12.91,12.62,12.66,4167992.0,53015264.0,523250000.0,0.007965584328714763
402,2002-09-06,12.63,12.7,12.5,12.51,3083622.0,38777915.0,523250000.0,0.005893209746774964
403,2002-09-09,12.5,12.5,12.28,12.36,3506660.0,43421624.0,523250000.0,0.006701691352126135
404,2002-09-10,12.34,12.48,12.25,12.31,2274950.0,28046833.0,523250000.0,0.004347730530339226
405,2002-09-11,12.4,12.49,12.27,12.38,3389406.0,41851409.0,523250000.0,0.006477603440038223
406,2002-09-12,12.38,12.45,12.29,12.36,1476985.0,18223255.0,523250000.0,0.002822713807931199
407,2002-09-13,12.35,12.41,12.34,12.37,1114014.0,13783814.0,523250000.0,0.002129028189202102
408,2002-09-16,12.35,12.35,12.0,12.05,6063020.0,73283061.0,523250000.0,0.011587233635929287
409,2002-09-17,12.05,12.19,11.92,12.09,1784620.0,21474633.0,523250000.0,0.0034106450071667463
410,2002-09-18,12.09,12.17,12.0,12.02,914799.0,11039180.0,523250000.0,0.0017483019589106545
411,2002-09-19,11.98,12.48,11.9,12.26,1235556.0,14944000.0,523250000.0,0.002361311036789298
412,2002-09-20,12.27,12.29,12.01,12.08,1598571.0,19311489.0,523250000.0,0.0030550807453416148
413,2002-09-23,12.1,12.13,11.97,12.04,1237380.0,14877670.0,523250000.0,0.0023647969421882464
414,2002-09-24,12.1,12.14,11.98,12.04,1744630.0,20973547.0,523250000.0,0.0033342188246536075
415,2002-09-25,12.03,12.12,11.99,12.08,840568.0,10133026.0,523250000.0,0.0016064366937410415
416,2002-09-26,12.1,12.18,12.05,12.07,1201378.0,14539031.0,523250000.0,0.0022959923554706162
417,2002-09-27,12.15,12.19,11.7,11.74,4722545.0,56116045.0,523250000.0,0.009025408504538939
418,2002-10-08,11.68,11.77,11.53,11.72,1107573.0,12937296.0,523250000.0,0.002116718585762064
419,2002-10-09,11.7,11.78,11.55,11.56,1052971.0,12202588.0,523250000.0,0.0020123669374104156
420,2002-10-10,11.56,11.64,11.42,11.45,977266.0,11259934.0,523250000.0,0.001867684663162924
421,2002-10-11,11.45,11.6,11.29,11.29,1578217.0,17905017.0,523250000.0,0.0030161815575728617
422,2002-10-14,11.25,11.27,11.0,11.19,2075273.0,23060881.0,523250000.0,0.003966121356903966
423,2002-10-15,11.2,11.27,10.96,11.01,2568933.0,28433702.0,523250000.0,0.004909570950788342
424,2002-10-16,11.01,11.3,11.01,11.2,2044875.0,22867743.0,523250000.0,0.003908026755852843
425,2002-10-17,11.2,11.24,11.0,11.05,1216327.0,13456160.0,523250000.0,0.002324561872909699
426,2002-10-18,11.0,11.23,10.99,11.13,1261784.0,13997826.0,523250000.0,0.002411436215957955
427,2002-10-21,11.12,11.26,11.02,11.16,987063.0,10994764.0,523250000.0,0.0018864080267558528
428,2002-10-22,11.19,11.43,11.19,11.4,1718107.0,19519741.0,523250000.0,0.0032835298614429047
429,2002-10-23,11.48,11.48,11.16,11.31,1408041.0,15885419.0,523250000.0,0.002690952699474439
430,2002-10-24,11.31,11.31,11.08,11.13,1362948.0,15191710.0,523250000.0,0.0026047740086000957
431,2002-10-25,11.15,11.24,11.1,11.14,1519115.0,16947155.0,523250000.0,0.0029032298136645964
432,2002-10-28,11.2,11.2,10.98,11.01,1984963.0,21897966.0,523250000.0,0.003793526994744386
433,2002-10-29,11.03,11.22,11.03,11.2,1006146.0,11202025.0,523250000.0,0.0019228781653129478
434,2002-10-30,11.2,11.22,11.04,11.09,1518564.0,16878298.0,523250000.0,0.0029021767797419973
435,2002-10-31,11.19,11.23,11.08,11.12,1181928.0,13192366.0,523250000.0,0.0022588208313425707
436,2002-11-01,11.12,11.16,10.99,11.1,2451873.0,27047448.0,523250000.0,0.004685853798375538
437,2002-11-04,11.2,11.33,11.15,11.3,1527366.0,17176173.0,523250000.0,0.0029189985666507406
438,2002-11-05,11.35,11.64,11.32,11.47,4774034.0,54714195.0,523250000.0,0.009123810797897754
439,2002-11-06,11.5,11.56,11.4,11.5,1653763.0,18982487.0,523250000.0,0.003160559961777353
440,2002-11-07,11.49,11.74,11.49,11.62,3822120.0,44394045.0,523250000.0,0.007304577161968466
441,2002-11-08,11.82,11.85,11.35,11.44,3886623.0,44900857.0,523250000.0,0.007427850931677018
442,2002-11-11,11.41,11.55,11.25,11.34,1895298.0,21534619.0,523250000.0,0.0036221653129479216
443,2002-11-12,11.38,11.53,11.23,11.3,2083532.0,23648820.0,523250000.0,0.003981905398948877
444,2002-11-13,11.3,11.36,11.14,11.31,1640039.0,18433355.0,523250000.0,0.0031343315814620163
445,2002-11-14,11.3,11.33,11.15,11.18,1270287.0,14260126.0,523250000.0,0.00242768657429527
446,2002-11-15,11.18,11.4,11.16,11.21,1723503.0,19354571.0,523250000.0,0.003293842331581462
447,2002-11-18,11.24,11.3,10.93,11.01,3323902.0,36718288.0,523250000.0,0.00635241662685141
448,2002-11-19,11.0,11.2,10.76,11.16,2925613.0,32052552.0,523250000.0,0.0055912336359292885
449,2002-11-20,11.02,11.03,10.8,10.85,2356730.0,25732751.0,523250000.0,0.004504022933588151
450,2002-11-21,10.78,10.9,10.65,10.77,2949889.0,31649640.0,523250000.0,0.00563762828475872
451,2002-11-22,10.8,10.93,10.65,10.79,1549904.0,16737072.0,523250000.0,0.0029620716674629718
452,2002-11-25,10.76,10.9,10.65,10.83,1269240.0,13665687.0,523250000.0,0.002425685618729097
453,2002-11-26,10.8,10.92,10.7,10.71,1700825.0,18354635.0,523250000.0,0.0032505016722408028
454,2002-11-27,10.69,10.77,10.55,10.7,2282697.0,24238255.0,523250000.0,0.004362536072623029
455,2002-11-28,10.71,10.9,10.6,10.9,1572689.0,16976175.0,523250000.0,0.003005616817964644
456,2002-11-29,11.0,11.15,10.81,10.94,4507242.0,49538588.0,523250000.0,0.008613935977066412
457,2002-12-03,10.7,10.79,10.52,10.72,2190737.0,23351636.0,523250000.0,0.0041867883420926896
458,2002-12-04,10.75,10.79,10.66,10.68,1518685.0,16278632.0,523250000.0,0.0029024080267558527
459,2002-12-05,10.68,10.68,10.37,10.38,2221006.0,23292111.0,523250000.0,0.00424463640707119
460,2002-12-06,10.38,10.47,10.31,10.31,1323983.0,13729243.0,523250000.0,0.0025303067367415193
461,2002-12-09,10.3,10.37,10.26,10.28,755912.0,7797758.0,523250000.0,0.0014446478738652652
462,2002-12-10,10.3,10.45,10.18,10.2,879664.0,9048758.0,523250000.0,0.0016811543239369326
463,2002-12-11,10.16,10.19,9.98,10.0,1850362.0,18577500.0,523250000.0,0.003536286669851887
464,2002-12-12,10.0,10.16,9.94,9.98,1055256.0,10592198.0,523250000.0,0.0020167338748208314
465,2002-12-13,9.98,10.15,9.85,10.04,1166750.0,11679853.0,523250000.0,0.002229813664596273
466,2002-12-16,10.04,10.17,10.03,10.08,1841367.0,18569638.0,523250000.0,0.003519096034400382
467,2002-12-17,10.1,10.18,10.03,10.08,1180149.0,11889964.0,523250000.0,0.0022554209268991878
468,2002-12-18,10.1,10.21,10.08,10.19,4439967.0,45081156.0,523250000.0,0.008485364548494983
469,2002-12-19,10.2,10.25,10.05,10.24,6945368.0,70555802.0,523250000.0,0.013273517439082656
470,2002-12-20,10.23,10.28,10.13,10.24,1330618.0,13583661.0,523250000.0,0.002542987099856665
471,2002-12-23,10.25,10.37,10.23,10.25,1412855.0,14560078.0,523250000.0,0.002700152890587673
472,2002-12-24,10.25,10.25,10.05,10.13,1679608.0,16999094.0,523250000.0,0.0032099531772575253
473,2002-12-25,10.14,10.2,10.05,10.05,1007878.0,10160160.0,523250000.0,0.0019261882465360727
474,2002-12-26,10.06,10.08,9.81,9.83,2333289.0,23164308.0,523250000.0,0.004459224080267559
475,2002-12-27,9.8,9.8,9.61,9.67,2083359.0,20192699.0,523250000.0,0.003981574773053034
476,2002-12-30,9.6,9.6,9.28,9.35,1698959.0,15954732.0,523250000.0,0.0032469354992833255
477,2002-12-31,9.37,9.45,9.17,9.19,1228206.0,11422144.0,523250000.0,0.0023472642140468227
478,2003-01-02,9.15,9.21,8.85,8.9,1910086.0,17230616.0,523250000.0,0.003650427138079312
479,2003-01-03,8.85,8.98,8.8,8.95,909885.0,8098430.0,523250000.0,0.0017389106545628284
480,2003-01-06,8.95,9.03,8.8,8.95,875031.0,7811846.0,523250000.0,0.0016723000477783087
481,2003-01-07,8.96,9.05,8.89,8.89,938795.0,8419819.0,523250000.0,0.0017941614906832298
482,2003-01-08,8.85,9.39,8.81,9.26,1911632.0,17510472.0,523250000.0,0.0036533817486860964
483,2003-01-09,9.28,9.58,9.16,9.46,5070825.0,47449375.0,523250000.0,0.009691017677974199
484,2003-01-10,9.66,9.66,9.36,9.37,3032300.0,28808362.0,523250000.0,0.005795126612517917
485,2003-01-13,9.32,9.45,9.23,9.25,2923735.0,27282829.0,523250000.0,0.005587644529383659
486,2003-01-14,9.25,10.18,9.21,10.01,19976271.0,199819845.0,523250000.0,0.03817729765886287
487,2003-01-15,10.03,10.14,9.75,9.81,8342275.0,83048777.0,523250000.0,0.015943191591017678
488,2003-01-16,9.8,10.11,9.7,10.07,4178882.0,41632479.0,523250000.0,0.007986396559961778
489,2003-01-17,10.05,10.2,9.95,10.05,3735538.0,37589768.0,523250000.0,0.007139107501194458
490,2003-01-20,10.06,10.31,9.92,10.21,4718124.0,48002187.0,523250000.0,0.00901695938843765
491,2003-01-21,10.2,10.31,9.96,9.97,3098766.0,31369043.0,523250000.0,0.0059221519350215
492,2003-01-22,9.9,9.99,9.8,9.99,1677672.0,16617508.0,523250000.0,0.0032062532250358338
493,2003-01-23,10.01,10.19,9.95,9.99,1334622.0,13382986.0,523250000.0,0.0025506392737697087
494,2003-01-24,9.99,10.28,9.97,10.23,3482154.0,35373444.0,523250000.0,0.006654857142857143
495,2003-01-27,10.25,10.56,10.24,10.32,5530901.0,57606415.0,523250000.0,0.010570283803153368
496,2003-01-28,10.6,10.86,10.47,10.57,8754431.0,92647155.0,523250000.0,0.016730876254180602
497,2003-01-29,10.65,11.08,10.59,10.9,12861211.0,140429790.0,523250000.0,0.024579476349737218
498,2003-02-10,10.9,10.93,10.63,10.67,4031394.0,43458777.0,523250000.0,0.007704527472527473
499,2003-02-11,10.61,10.81,10.6,10.78,2299177.0,24707711.0,523250000.0,0.004394031533683708
500,2003-02-12,10.77,10.95,10.71,10.9,2777192.0,30069709.0,523250000.0,0.005307581462016244
501,2003-02-13,10.92,10.96,10.67,10.72,4613212.0,49826335.0,523250000.0,0.00881645867176302
502,2003-02-14,10.68,10.81,10.66,10.74,3533608.0,37900487.0,523250000.0,0.006753192546583851
503,2003-02-17,10.74,10.78,10.52,10.56,3291123.0,34999041.0,523250000.0,0.006289771619684663
504,2003-02-18,10.56,10.63,10.5,10.52,2491979.0,26247684.0,523250000.0,0.004762501672240803
505,2003-02-19,10.52,10.62,10.49,10.6,2289664.0,24160585.0,523250000.0,0.004375850931677018
506,2003-02-20,10.61,10.64,10.45,10.46,7098086.0,74605748.0,523250000.0,0.013565381748686097
507,2003-02-21,10.31,10.38,10.12,10.17,6715249.0,68623420.0,523250000.0,0.012833729574773052
508,2003-02-24,10.08,10.2,10.0,10.05,3890380.0,39286828.0,523250000.0,0.007435031055900621
509,2003-02-25,10.05,10.35,10.03,10.32,3326343.0,34074569.0,523250000.0,0.006357081700907788
510,2003-02-26,10.32,10.37,10.25,10.3,1405589.0,14465901.0,523250000.0,0.0026862666029622553
511,2003-02-27,10.35,10.51,10.3,10.47,4436918.0,46239608.0,523250000.0,0.008479537505972289
512,2003-03-03,10.46,10.47,10.31,10.45,1899102.0,19736078.0,523250000.0,0.0036294352603917822
513,2003-03-04,10.46,10.54,10.45,10.5,2862158.0,30036333.0,523250000.0,0.005469962732919255
514,2003-03-05,10.5,10.51,10.36,10.42,1404803.0,14618806.0,523250000.0,0.002684764452938366
515,2003-03-06,10.44,10.44,10.17,10.2,2125323.0,21820145.0,523250000.0,0.004061773530817009
516,2003-03-07,10.2,10.25,10.15,10.18,2773774.0,28285294.0,523250000.0,0.005301049211657908
517,2003-03-10,10.18,10.23,10.08,10.09,1763241.0,17884798.0,523250000.0,0.0033697869087434304
518,2003-03-11,10.09,10.22,10.07,10.14,1916559.0,19466659.0,523250000.0,0.0036627978977544196
519,2003-03-12,10.15,10.24,10.09,10.19,1892890.0,19200156.0,523250000.0,0.0036175633062589586
520,2003-03-13,10.15,10.19,10.09,10.14,820082.0,8307963.0,523250000.0,0.0015672852365026279
521,2003-03-14,10.15,10.18,10.05,10.11,965292.0,9771024.0,523250000.0,0.0018448007644529384
522,2003-03-17,10.11,10.16,10.02,10.1,1109345.0,11164598.0,523250000.0,0.0021201051122790252
523,2003-03-18,10.1,10.26,10.09,10.13,2044776.0,20864966.0,523250000.0,0.003907837553750597
524,2003-03-19,10.15,10.75,10.15,10.59,13669813.0,144299089.0,523250000.0,0.026124821786908742
525,2003-03-20,10.55,10.76,10.51,10.64,9681597.0,103101668.0,523250000.0,0.018502813186813186
526,2003-03-21,10.65,10.96,10.56,10.84,14973359.0,162101352.0,523250000.0,0.0286160707118968
527,2003-03-24,10.89,11.07,10.81,10.97,14705757.0,161193902.0,523250000.0,0.028104647873865265
528,2003-03-25,10.94,11.0,10.82,10.91,7686816.0,83851518.0,523250000.0,0.014690522694696609
529,2003-03-26,10.88,11.49,10.85,11.36,27332513.0,308537339.0,523250000.0,0.052236049689441
530,2003-03-27,11.36,11.8,11.25,11.68,29181623.0,337122890.0,523250000.0,0.0557699436215958
531,2003-03-28,11.65,11.74,11.49,11.54,17556828.0,204263046.0,523250000.0,0.03355342188246536
532,2003-03-31,11.53,11.95,11.5,11.81,14059217.0,165915388.0,523250000.0,0.02686902436693741
533,2003-04-01,11.83,11.95,11.73,11.79,11299260.0,133798435.0,523250000.0,0.02159438127090301
534,2003-04-02,11.8,11.89,11.76,11.81,7497665.0,88618638.0,523250000.0,0.014329030100334449
535,2003-04-03,11.81,11.9,11.6,11.66,10993465.0,128729108.0,523250000.0,0.021009966555183945
536,2003-04-04,11.61,12.2,11.61,12.2,19178742.0,229776410.0,523250000.0,0.03665311419015767
537,2003-04-07,12.2,12.51,12.16,12.29,24950491.0,308669453.0,523250000.0,0.04768369039655996
538,2003-04-08,12.3,12.65,12.2,12.54,17953967.0,223855025.0,523250000.0,0.03431240707118968
539,2003-04-09,12.54,13.08,12.46,13.0,26977060.0,344974916.0,523250000.0,0.051556731963688485
540,2003-04-10,13.05,13.47,12.96,13.14,41150780.0,543935285.0,523250000.0,0.0786445867176302
541,2003-04-11,13.14,14.1,13.12,14.01,54579672.0,739359055.0,523250000.0,0.10430897658862877
542,2003-04-14,10.97,11.8,10.61,11.78,71084577.0,797412229.0,523250000.0,0.13585203440038224
543,2003-04-15,11.7,12.11,11.6,11.79,89825247.0,1067297722.0,680225000.0,0.13205225770884635
544,2003-04-16,11.84,12.7,11.71,12.0,95801737.0,1167045795.0,680225000.0,0.14083830644272116
545,2003-04-17,12.0,12.28,11.26,11.46,70995428.0,818233467.0,680225000.0,0.10437050681759712
546,2003-04-18,11.48,11.59,10.57,10.96,54352309.0,599428678.0,680225000.0,0.07990342754235731
547,2003-04-21,10.79,11.4,10.65,11.28,44008802.0,482835558.0,680225000.0,0.06469741923628211
548,2003-04-22,11.26,11.4,11.07,11.18,25903876.0,291196448.0,680225000.0,0.03808133485243853
549,2003-04-23,11.18,11.25,10.78,10.84,23253327.0,255218914.0,680225000.0,0.03418475798449042
550,2003-04-24,10.79,10.95,10.29,10.35,41463532.0,439219174.0,680225000.0,0.060955613216215225
551,2003-04-25,10.35,10.6,10.18,10.33,28765799.0,299627538.0,680225000.0,0.04228865301922158
552,2003-04-28,10.3,11.36,10.13,11.35,69955457.0,767736887.0,680225000.0,0.10284164357381749
553,2003-04-29,11.29,11.68,11.01,11.31,67170370.0,766672768.0,680225000.0,0.09874728214928884
554,2003-04-30,11.61,11.66,11.29,11.4,32943775.0,377153289.0,680225000.0,0.04843070307618803
555,2003-05-12,11.39,11.98,11.1,11.79,37410411.0,434967640.0,680225000.0,0.05499711272005586
556,2003-05-13,11.82,12.08,11.28,11.3,45934388.0,535402106.0,680225000.0,0.06752822668969827
557,2003-05-14,11.25,11.58,11.15,11.49,21496682.0,245149152.0,680225000.0,0.03160231100003675
558,2003-05-15,11.48,11.66,11.29,11.5,23617566.0,271716032.0,680225000.0,0.0347202263956779
559,2003-05-16,11.5,11.91,11.43,11.68,27400476.0,321586801.0,680225000.0,0.04028148921312801
560,2003-05-19,11.68,11.75,11.48,11.55,15662678.0,181553091.0,680225000.0,0.023025731191885036
561,2003-05-20,11.55,11.56,11.26,11.34,17585206.0,200088624.0,680225000.0,0.025852043073982874
562,2003-05-21,11.31,11.6,11.28,11.34,10768625.0,122984648.0,680225000.0,0.01583097504502187
563,2003-05-22,11.3,11.64,11.22,11.55,16805208.0,193121953.0,680225000.0,0.02470536660663751
564,2003-05-23,11.55,11.78,11.53,11.57,26407338.0,308519192.0,680225000.0,0.03882147524716087
565,2003-05-26,11.57,11.79,11.57,11.74,18425029.0,215905766.0,680225000.0,0.027086668381785438
566,2003-05-27,11.81,12.0,11.78,11.89,26744607.0,317725177.0,680225000.0,0.03931729501267963
567,2003-05-28,11.91,11.99,11.38,11.48,26487381.0,309221315.0,680225000.0,0.03893914660590246
568,2003-05-29,11.45,11.54,11.18,11.42,27653168.0,313006030.0,680225000.0,0.04065297217832335
569,2003-05-30,11.42,11.52,11.2,11.29,20053130.0,227079428.0,680225000.0,0.029480142599875043
570,2003-06-02,11.29,11.32,11.04,11.31,16932727.0,188648824.0,680225000.0,0.024892832518651917
571,2003-06-03,11.35,11.46,11.1,11.15,13046443.0,146794375.0,680225000.0,0.01917959939725826
572,2003-06-04,11.15,11.37,11.07,11.35,11459877.0,128501726.0,680225000.0,0.016847185857620642
573,2003-06-05,11.39,11.44,11.16,11.2,7058449.0,79696980.0,680225000.0,0.010376638612223897
574,2003-06-06,11.2,11.2,10.98,10.99,17969523.0,198361540.0,680225000.0,0.0264170281892021
575,2003-06-09,10.9,10.95,10.61,10.64,13303682.0,143245978.0,680225000.0,0.01955776691535889
576,2003-06-10,10.64,10.8,10.62,10.67,6722362.0,71931724.0,680225000.0,0.009882556507038112
577,2003-06-11,10.68,10.95,10.67,10.95,9522365.0,103361845.0,680225000.0,0.013998845970083428
578,2003-06-12,10.98,10.99,10.8,10.89,5726078.0,62230021.0,680225000.0,0.008417917600793854
579,2003-06-13,10.9,11.03,10.85,10.89,5840167.0,63763963.0,680225000.0,0.008585640045573157
580,2003-06-17,10.66,10.78,10.53,10.57,13949759.0,148124436.0,680225000.0,0.020507565878937116
581,2003-06-18,10.59,10.75,10.55,10.6,7065019.0,75116426.0,680225000.0,0.01038629718107979
582,2003-06-19,10.58,10.7,10.41,10.53,6098645.0,64242166.0,680225000.0,0.008965629019809622
583,2003-06-20,10.53,10.58,10.3,10.31,7332710.0,76362460.0,680225000.0,0.010779830203241575
584,2003-06-23,10.29,10.29,10.11,10.12,7598424.0,77296010.0,680225000.0,0.011170456834135764
585,2003-06-24,10.14,10.22,10.02,10.16,7734826.0,78316321.0,680225000.0,0.011370981660479989
586,2003-06-25,10.2,10.24,10.08,10.09,3753885.0,38107445.0,680225000.0,0.005518593112573046
587,2003-06-26,10.02,10.34,9.96,10.19,9385151.0,95023935.0,680225000.0,0.01379712742107391
588,2003-06-27,10.2,10.27,10.01,10.03,5590781.0,56468370.0,680225000.0,0.008219017236943658
589,2003-06-30,9.99,10.22,9.9,9.97,5774372.0,57829470.0,680225000.0,0.008488914697342791
590,2003-07-01,10.03,10.25,9.99,10.03,6349854.0,64244775.0,680225000.0,0.009334931824028813
591,2003-07-02,10.05,10.39,9.99,10.35,10878241.0,111382777.0,680225000.0,0.015992121724429417
592,2003-07-03,10.35,10.4,10.2,10.28,8316069.0,85699113.0,680225000.0,0.012225468043662023
593,2003-07-04,10.28,10.31,10.14,10.16,4414373.0,45024425.0,680225000.0,0.006489577713256643
594,2003-07-07,10.08,10.26,10.06,10.24,2623629.0,26642517.0,680225000.0,0.0038570017273696204
595,2003-07-08,10.25,10.4,10.24,10.31,5085319.0,52489061.0,680225000.0,0.007475936638612224
596,2003-07-09,10.35,10.35,10.14,10.15,2588496.0,26405667.0,680225000.0,0.0038053526406703663
597,2003-07-10,10.15,10.48,10.12,10.38,7675222.0,79361512.0,680225000.0,0.011283357712521593
598,2003-07-11,10.39,10.46,10.31,10.37,4261635.0,44246307.0,680225000.0,0.00626503730383329
599,2003-07-14,10.37,10.42,10.23,10.3,2876332.0,29591304.0,680225000.0,0.00422850086368481
600,2003-07-15,10.58,10.6,10.31,10.37,4737488.0,49181143.0,680225000.0,0.006964589657833805
601,2003-07-16,10.45,10.59,10.42,10.55,8628587.0,90714586.0,680225000.0,0.01268490131941637
602,2003-07-17,10.58,10.74,10.53,10.69,10786477.0,114890942.0,680225000.0,0.015857219302436693
603,2003-07-18,10.69,10.69,10.31,10.32,8266704.0,86722739.0,680225000.0,0.012152896468080415
604,2003-07-21,10.2,10.25,10.0,10.14,8299938.0,84089793.0,680225000.0,0.012201753831452828
605,2003-07-22,10.16,10.31,9.95,10.1,10237416.0,102908402.0,680225000.0,0.015050043735528686
606,2003-07-23,10.1,10.15,10.04,10.12,4005486.0,40416949.0,680225000.0,0.0058884721966996215
607,2003-07-24,10.11,10.12,9.98,10.0,5426495.0,54317771.0,680225000.0,0.007977500091881362
608,2003-07-25,10.0,10.15,9.95,9.99,5360512.0,53684854.0,680225000.0,0.007880498364511742
609,2003-07-28,9.95,9.97,9.7,9.74,6993558.0,68435871.0,680225000.0,0.010281242236024845
610,2003-07-29,9.74,9.89,9.74,9.84,3180442.0,31200329.0,680225000.0,0.0046755735234665
611,2003-07-30,9.85,9.9,9.78,9.83,2391805.0,23530542.0,680225000.0,0.003516196846631629
612,2003-07-31,9.82,9.87,9.79,9.81,2153428.0,21154167.0,680225000.0,0.0031657583887684223
613,2003-08-01,9.81,10.0,9.7,9.96,3902735.0,38402647.0,680225000.0,0.005737417766180308
614,2003-08-04,9.96,10.11,9.9,10.09,4012542.0,40275857.0,680225000.0,0.005898845235032526
615,2003-08-05,10.08,10.1,9.98,10.01,2676948.0,26876779.0,680225000.0,0.00393538608548642
616,2003-08-06,10.01,10.05,9.9,9.92,2556424.0,25375141.0,680225000.0,0.00375820353559484
617,2003-08-07,9.9,10.29,9.9,10.06,5593986.0,56782473.0,680225000.0,0.008223728913227242
618,2003-08-08,10.06,10.09,9.9,9.92,2609553.0,25968393.0,680225000.0,0.003836308574368775
619,2003-08-11,9.88,10.05,9.82,9.99,1851176.0,18438274.0,680225000.0,0.0027214171781395863
620,2003-08-12,9.99,10.11,9.96,10.02,2153280.0,21607373.0,680225000.0,0.003165540813701349
621,2003-08-13,10.02,10.03,9.9,9.91,1838969.0,18259371.0,680225000.0,0.0027034716454114446
622,2003-08-14,9.9,9.99,9.8,9.84,2687892.0,26546966.0,680225000.0,0.003951474879635415
623,2003-08-15,9.83,9.94,9.75,9.81,3025797.0,29703587.0,680225000.0,0.004448229629901871
624,2003-08-18,9.78,9.86,9.73,9.76,1873175.0,18302377.0,680225000.0,0.0027537579477378807
625,2003-08-19,9.76,9.85,9.76,9.81,1418226.0,13910346.0,680225000.0,0.0020849366018596788
626,2003-08-20,9.8,9.84,9.56,9.63,4744981.0,45798015.0,680225000.0,0.0069756051306552975
627,2003-08-21,9.62,9.67,9.58,9.6,2264541.0,21767011.0,680225000.0,0.0033291058105773823
628,2003-08-22,9.6,9.62,8.91,9.01,25051390.0,227913951.0,680225000.0,0.03682809364548495
629,2003-08-25,8.9,8.92,8.76,8.82,10729276.0,94997117.0,680225000.0,0.01577312800911463
630,2003-08-26,8.8,8.89,8.77,8.81,5020254.0,44282835.0,680225000.0,0.00738028446469918
631,2003-08-27,8.85,9.05,8.85,8.92,5130357.0,46020945.0,680225000.0,0.007542147083685545
632,2003-08-28,8.92,8.99,8.83,8.83,2647189.0,23548982.0,680225000.0,0.0038916373258848177
633,2003-08-29,8.85,8.98,8.8,8.97,3880987.0,34611161.0,680225000.0,0.005705445992134956
634,2003-09-01,8.98,9.15,8.91,9.11,5700714.0,51579500.0,680225000.0,0.008380629938623249
635,2003-09-02,9.12,9.13,9.0,9.01,4572104.0,41396127.0,680225000.0,0.006721458340990113
636,2003-09-03,8.95,9.03,8.87,8.91,4378562.0,39158710.0,680225000.0,0.006436931897533904
637,2003-09-04,8.91,9.04,8.9,8.95,3767756.0,33788846.0,680225000.0,0.005538984894703958
638,2003-09-05,8.92,8.93,8.77,8.84,4248613.0,37500113.0,680225000.0,0.006245893638134441
639,2003-09-08,8.8,8.81,8.51,8.62,6044353.0,52056816.0,680225000.0,0.008885814252636995
640,2003-09-09,8.62,8.69,8.59,8.61,3705298.0,32035267.0,680225000.0,0.005447165276195377
641,2003-09-10,8.6,8.72,8.58,8.72,4435114.0,38446259.0,680225000.0,0.0065200690947848135
642,2003-09-11,8.72,8.98,8.72,8.91,10099111.0,89578651.0,680225000.0,0.014846721305450403
643,2003-09-12,8.86,8.88,8.56,8.63,8397454.0,72629231.0,680225000.0,0.012345112279025322
644,2003-09-15,8.6,8.68,8.29,8.42,7181987.0,60552905.0,680225000.0,0.01055825204895439
645,2003-09-16,8.52,8.52,8.29,8.43,4777749.0,39981645.0,680225000.0,0.007023777426586791
646,2003-09-17,8.43,8.43,8.21,8.21,3762865.0,31196946.0,680225000.0,0.005531794626777904
647,2003-09-18,8.19,8.35,8.14,8.25,3924028.0,32274314.0,680225000.0,0.00576872064390459
648,2003-09-19,8.26,8.35,8.19,8.29,2850617.0,23579454.0,680225000.0,0.0041906971957808075
649,2003-09-22,8.31,8.36,8.1,8.13,2940145.0,23985492.0,680225000.0,0.0043223124701385575
650,2003-09-23,8.13,8.38,8.06,8.35,5674649.0,46954665.0,680225000.0,0.008342311735087655
651,2003-09-24,8.35,8.49,8.33,8.38,4311213.0,36218861.0,680225000.0,0.006337922011099268
652,2003-09-25,8.36,8.38,8.24,8.27,3934215.0,32710449.0,680225000.0,0.005783696570987541
653,2003-09-26,8.27,8.3,8.23,8.23,1469460.0,12131880.0,680225000.0,0.002160255797713992
654,2003-09-29,8.23,8.25,8.08,8.09,2797561.0,22738310.0,680225000.0,0.004112699474438605
655,2003-09-30,8.09,8.24,7.95,8.15,3500470.0,28266012.0,708293443.0,0.004942118319172411
656,2003-10-08,8.18,8.18,8.08,8.12,1607541.0,13081392.0,708293443.0,0.002269597461175424
657,2003-10-09,8.12,8.19,8.1,8.1,1728031.0,14070042.0,708293443.0,0.0024397105706370345
658,2003-10-10,8.08,8.36,8.04,8.3,4049857.0,33336185.0,708293443.0,0.005717767176901566
659,2003-10-13,8.31,8.35,8.25,8.29,2572009.0,21336848.0,708293443.0,0.0036312760274981115
660,2003-10-14,8.29,8.32,8.12,8.14,2331947.0,19119171.0,708293443.0,0.0032923458815642317
661,2003-10-15,8.15,8.35,8.13,8.14,5571181.0,45812588.0,708293443.0,0.00786563966539501
662,2003-10-16,8.1,8.17,8.03,8.07,3028250.0,24474964.0,708293443.0,0.004275417243979767
663,2003-10-17,8.07,8.13,8.03,8.08,1876743.0,15153024.0,708293443.0,0.0026496687475334995
664,2003-10-20,8.08,8.13,8.03,8.07,1983400.0,16008465.0,708293443.0,0.002800251815969444
665,2003-10-21,8.08,8.14,7.98,8.06,2869446.0,22991285.0,708293443.0,0.004051210735265836
666,2003-10-22,8.19,8.42,8.11,8.36,8998011.0,74801505.0,708293443.0,0.012703789776577106
667,2003-10-23,8.4,8.48,8.25,8.29,5994228.0,50221358.0,708293443.0,0.008462916125004986
668,2003-10-24,8.25,8.39,8.19,8.33,5804262.0,48185835.0,708293443.0,0.008194713726864191
669,2003-10-27,8.34,8.5,8.33,8.43,13911573.0,117254945.0,708293443.0,0.01964097386116844
670,2003-10-28,8.37,8.59,8.37,8.58,13928621.0,118380157.0,708293443.0,0.019665042981345235
671,2003-10-29,8.6,8.74,8.44,8.71,17209633.0,148345512.0,708293443.0,0.024297320792788984
672,2003-10-30,8.7,8.7,8.43,8.45,9070018.0,77391640.0,708293443.0,0.012805452442964377
673,2003-10-31,8.4,8.65,8.38,8.43,6385291.0,54103513.0,708293443.0,0.009015036159243395
674,2003-11-03,8.43,8.63,8.39,8.56,5892816.0,50292342.0,708293443.0,0.008319738179476554
675,2003-11-04,8.57,8.99,8.56,8.79,22694416.0,199792813.0,708293443.0,0.032040979941699105
676,2003-11-05,8.8,8.97,8.78,8.89,13175551.0,116942903.0,708293443.0,0.018601825458378556
677,2003-11-06,8.9,8.96,8.68,8.7,11189930.0,98437355.0,708293443.0,0.015798437936407665
678,2003-11-07,8.68,8.8,8.5,8.57,9735528.0,84085416.0,708293443.0,0.013745048886468374
679,2003-11-10,8.52,8.68,8.51,8.65,4113442.0,35306744.0,708293443.0,0.005807539291310367
680,2003-11-11,8.65,8.76,8.55,8.65,3406980.0,29518661.0,708293443.0,0.004810125003514963
681,2003-11-12,8.65,8.65,8.23,8.26,10399537.0,86741804.0,708293443.0,0.0146825261518057
682,2003-11-13,8.21,8.34,8.16,8.25,4118505.0,33980330.0,708293443.0,0.005814687458570755
683,2003-11-14,8.26,8.4,8.26,8.36,2555781.0,21301545.0,708293443.0,0.003608364619577595
684,2003-11-17,8.36,8.38,8.2,8.23,2267773.0,18754446.0,708293443.0,0.0032017421909128134
685,2003-11-18,8.23,8.25,8.13,8.15,3432950.0,28075522.0,708293443.0,0.004846790597777707
686,2003-11-19,8.14,8.37,8.1,8.29,3033163.0,25108305.0,708293443.0,0.00428235363460791
687,2003-11-20,8.3,8.57,8.25,8.5,8709602.0,73605686.0,708293443.0,0.012296601198382122
688,2003-11-21,8.53,8.86,8.47,8.48,14856260.0,128522939.0,708293443.0,0.02097472473707483
689,2003-11-24,8.48,8.88,8.46,8.85,17617375.0,154169926.0,708293443.0,0.02487298897668886
690,2003-11-25,8.88,9.15,8.8,8.84,34507369.0,309976087.0,708293443.0,0.04871902929644938
691,2003-11-26,8.83,8.83,8.67,8.76,10614905.0,92768846.0,708293443.0,0.014986592216695136
692,2003-11-27,8.76,8.88,8.58,8.6,8441086.0,73556278.0,708293443.0,0.011917498437155517
693,2003-11-28,8.58,8.82,8.58,8.71,6009633.0,52384875.0,708293443.0,0.008484665585136582
694,2003-12-01,8.73,9.02,8.7,8.92,15503997.0,138351643.0,708293443.0,0.021889228473346182
695,2003-12-02,8.93,8.99,8.79,8.8,12225740.0,108445907.0,708293443.0,0.017260840292714668
696,2003-12-03,8.78,8.95,8.69,8.83,16915976.0,149051676.0,708293443.0,0.023882722856153844
697,2003-12-04,8.84,9.16,8.83,9.13,47975724.0,433804650.0,708293443.0,0.06773424838834771
698,2003-12-05,9.11,9.15,8.98,9.07,28222907.0,255831880.0,708293443.0,0.039846347977557095
699,2003-12-08,9.09,9.14,8.9,8.91,16259974.0,146828163.0,708293443.0,0.022956550227445773
700,2003-12-09,8.82,8.91,8.64,8.78,21567516.0,188760348.0,708293443.0,0.03044997269585058
701,2003-12-10,9.0,9.2,8.87,9.06,40695065.0,367291071.0,708293443.0,0.05745509209803598
702,2003-12-11,8.9,9.23,8.9,9.22,46162110.0,423570366.0,708293443.0,0.06517370795426099
703,2003-12-12,9.22,9.65,9.15,9.58,83116977.0,785696286.0,708293443.0,0.11734822314315847
704,2003-12-15,9.54,9.64,9.47,9.5,47585557.0,454287477.0,708293443.0,0.06718339336652591
705,2003-12-16,9.48,9.49,9.23,9.47,39675571.0,370511651.0,708293443.0,0.05601572539194041
706,2003-12-17,9.45,9.59,9.29,9.3,23098562.0,218427561.0,708293443.0,0.032611571133801955
707,2003-12-18,9.25,9.43,9.23,9.4,12369657.0,115450306.0,708293443.0,0.017464028676600355
708,2003-12-19,9.4,9.53,9.2,9.46,26007996.0,243754650.0,708293443.0,0.03671923869553597
709,2003-12-22,9.45,9.78,9.25,9.72,54991508.0,524416787.0,708293443.0,0.07763944244221953
710,2003-12-23,9.8,9.88,9.61,9.7,29135676.0,284461117.0,708293443.0,0.0411350356098101
711,2003-12-24,9.7,9.96,9.7,9.88,32361489.0,319571121.0,708293443.0,0.04568938103243178
712,2003-12-25,9.9,9.93,9.7,9.73,19743145.0,193085264.0,708293443.0,0.027874245053543436
713,2003-12-26,9.75,9.8,9.65,9.69,11733599.0,113872728.0,708293443.0,0.016566013868915628
714,2003-12-29,9.65,9.72,9.5,9.57,13441774.0,128917887.0,708293443.0,0.018977690860820236
715,2003-12-30,9.57,9.68,9.48,9.6,12824842.0,122926211.0,708293443.0,0.018106678985591006
716,2003-12-31,9.6,9.73,9.43,9.45,14312918.0,136755715.0,942746649.0,0.015182146778439517
717,2004-01-02,9.46,9.66,9.45,9.58,12567850.0,120493359.0,942746649.0,0.013331100156474807
718,2004-01-05,9.62,10.16,9.62,10.11,51666585.0,515477605.0,942746649.0,0.05480431572448899
719,2004-01-06,10.6,10.88,10.31,10.45,61167788.0,642828060.0,942746649.0,0.06488253027988222
720,2004-01-07,10.47,11.25,10.46,11.06,71994667.0,781957988.0,942746649.0,0.07636692962671035
721,2004-01-09,11.2,11.39,10.56,10.67,65527878.0,720084500.0,942746649.0,0.06950741015044436
722,2004-01-12,10.7,11.38,10.7,11.36,74242773.0,821775584.0,942746649.0,0.0787515639315733
723,2004-01-13,11.41,11.69,11.17,11.39,82322322.0,943716311.0,1024605339.0,0.08034539628726256
724,2004-01-14,11.36,11.38,11.05,11.13,36400394.0,405885905.0,1024605339.0,0.03552625836941886
725,2004-01-15,11.11,11.35,10.9,10.93,36577975.0,406488224.0,1024605339.0,0.03569957485845191
726,2004-01-16,10.94,11.17,10.83,11.07,23426265.0,258088433.0,1024605339.0,0.022863696008907874
727,2004-01-29,11.07,11.3,10.9,11.3,23561906.0,261556682.0,1024605339.0,0.022996079664191562
728,2004-01-30,11.31,11.35,10.76,10.79,24845928.0,274228137.0,1024605339.0,0.02424926657541065
729,2004-02-02,11.35,11.48,10.95,11.17,61708497.0,693757065.0,1024605339.0,0.06022660106400246
730,2004-02-03,11.17,11.67,11.13,11.61,60457397.0,695516561.0,1024605339.0,0.05900554554888963
731,2004-02-04,11.63,12.07,11.61,11.98,75520283.0,900328951.0,1024605339.0,0.07370670454802306
732,2004-02-05,12.01,12.24,11.84,11.95,57455650.0,690362594.0,1024605339.0,0.056075883867710355
733,2004-02-06,11.96,12.14,11.7,11.8,58269901.0,690830841.0,1024605339.0,0.05687058107355812
734,2004-02-09,11.82,11.94,11.75,11.89,26963475.0,319499276.0,1024605339.0,0.02631596183786819
735,2004-02-10,11.9,11.98,11.55,11.64,39909240.0,468510856.0,1024605339.0,0.038950841344386165
736,2004-02-11,11.62,11.73,11.3,11.43,32858764.0,376376216.0,1024605339.0,0.03206967868435048
737,2004-02-12,11.43,11.65,11.28,11.32,27800178.0,318322989.0,1024605339.0,0.027132571871168045
738,2004-02-13,11.32,11.5,11.26,11.34,18074641.0,205718799.0,1024605339.0,0.017640588343645163
739,2004-02-16,11.36,11.68,11.36,11.68,27573271.0,318655463.0,1024605339.0,0.026911113919151654
740,2004-02-17,11.66,11.68,11.28,11.34,53289368.0,612334421.0,1024605339.0,0.0520096528601048
741,2004-02-18,11.34,11.66,11.3,11.43,35746757.0,409514571.0,1024605339.0,0.034888318105865346
742,2004-02-19,11.45,11.54,11.09,11.16,46374992.0,521084073.0,1024605339.0,0.045261321832717874
743,2004-02-20,11.2,11.42,11.16,11.35,36900787.0,417738089.0,1024605339.0,0.036014634704143386
744,2004-02-23,11.38,11.45,10.9,10.92,42934547.0,476338633.0,1024605339.0,0.04190349724500118
745,2004-02-24,10.9,10.96,10.5,10.63,36875414.0,393853468.0,1024605339.0,0.0359898710229149
746,2004-02-25,10.65,10.82,10.44,10.47,25412185.0,269275831.0,1024605339.0,0.0248019252220586
747,2004-02-26,10.47,10.89,10.47,10.88,34462071.0,366145308.0,1024605339.0,0.033634483140244496
748,2004-02-27,11.24,11.24,10.63,10.76,35342523.0,380054540.0,1024605339.0,0.03449379156514428
749,2004-03-01,10.74,10.74,10.36,10.64,31022644.0,326155974.0,1024605339.0,0.03027765210581242
750,2004-03-02,10.67,10.9,10.67,10.78,23816007.0,257178461.0,1024605339.0,0.023244078567113538
751,2004-03-03,10.82,10.85,10.5,10.58,14088307.0,150438817.0,1024605339.0,0.013749983982857228
752,2004-03-04,10.6,10.81,10.51,10.81,16409696.0,174910947.0,1024605339.0,0.016015626090740094
753,2004-03-05,10.88,10.91,10.67,10.69,12506514.0,134705275.0,1024605339.0,0.012206176879974271
754,2004-03-08,10.65,10.66,10.4,10.41,13589761.0,142631343.0,1024605339.0,0.013263410293433968
755,2004-03-09,10.41,10.54,10.28,10.31,13080982.0,135887086.0,1024605339.0,0.012766849343930659
756,2004-03-10,10.44,10.85,10.44,10.79,23494561.0,249835501.0,1024605339.0,0.022930351917676277
757,2004-03-11,10.8,10.98,10.74,10.83,27663512.0,300862653.0,1024605339.0,0.02699918783070093
758,2004-03-12,10.83,10.86,10.68,10.78,12898665.0,138881594.0,1024605339.0,0.012588910587357383
759,2004-03-15,10.8,11.2,10.74,11.16,42073634.0,463667324.0,1024605339.0,0.041063258601661455
760,2004-03-16,11.18,11.22,11.09,11.16,20702401.0,230881098.0,1024605339.0,0.02020524411887727
761,2004-03-17,11.18,11.37,11.13,11.29,29865035.0,336149004.0,1024605339.0,0.029147842455269503
762,2004-03-18,11.29,11.37,10.95,10.97,18901718.0,210099288.0,1024605339.0,0.01844780354009067
763,2004-03-19,10.9,11.1,10.88,11.06,17853315.0,196921078.0,1024605339.0,0.01742457736695436
764,2004-03-22,11.08,11.3,11.05,11.2,16403966.0,183627735.0,1024605339.0,0.016010033693568328
765,2004-03-23,11.2,11.2,10.99,11.05,17949156.0,198593007.0,1024605339.0,0.017518116797554575
766,2004-03-24,11.02,11.03,10.81,10.84,18729731.0,204202417.0,1024605339.0,0.018279946714195288
767,2004-03-25,10.85,11.13,10.85,10.95,12434668.0,136698489.0,1024605339.0,0.012136056222521792
768,2004-03-26,10.96,11.07,10.9,10.99,13853781.0,152293596.0,1024605339.0,0.013521089996974923
769,2004-03-30,10.9,10.96,10.64,10.8,15687812.0,168623201.0,1024605339.0,0.015311077741709873
770,2004-03-31,10.8,10.85,10.68,10.8,8775300.0,94522323.0,1143214540.0,0.007675987046140963
771,2004-04-01,10.8,10.98,10.74,10.95,10575513.0,115424767.0,1143214540.0,0.009250680978917571
772,2004-04-02,10.96,11.1,10.93,11.04,11190841.0,123334837.0,1143214540.0,0.009788924658008636
773,2004-04-05,11.06,11.1,10.78,10.83,16273498.0,177344522.0,1143214540.0,0.01423485918924719
774,2004-04-06,10.81,10.96,10.66,10.95,19193648.0,206217943.0,1143214540.0,0.01678919164201673
775,2004-04-07,10.9,10.9,10.68,10.74,20574263.0,221166416.0,1143214540.0,0.017996852104417777
776,2004-04-08,10.74,10.75,10.56,10.61,19495403.0,207273697.0,1143214540.0,0.017053144722949377
777,2004-04-09,10.61,10.73,10.56,10.63,13772449.0,146401954.0,1152141919.0,0.011953778239362889
778,2004-04-12,10.55,10.62,10.38,10.49,11348566.0,118980257.0,1152141919.0,0.009849972310572618
779,2004-04-13,10.55,10.68,10.44,10.46,9329794.0,98298424.0,1152141919.0,0.00809778191917345
780,2004-04-14,10.46,10.48,10.16,10.32,15346589.0,157718969.0,1152141919.0,0.01332005089557027
781,2004-04-15,10.32,10.53,10.25,10.42,9660558.0,100424055.0,1152141919.0,0.00838486807978037
782,2004-04-16,10.45,10.52,10.3,10.49,10565883.0,110406575.0,1152141919.0,0.009170643673108122
783,2004-04-19,7.75,7.8,7.57,7.6,6765357.0,52092677.0,1152141919.0,0.005871982338661874
784,2004-04-20,7.59,7.79,7.53,7.68,9393334.0,71954154.0,1555391591.0,0.00603920842465195
785,2004-04-21,7.69,7.83,7.5,7.63,12908395.0,99579791.0,1555391591.0,0.008299128704753297
786,2004-04-22,7.6,7.69,7.56,7.65,6907959.0,52673394.0,1555391591.0,0.004441298924316995
787,2004-04-23,7.62,7.63,7.45,7.49,9083935.0,68306353.0,1555391591.0,0.0058402881001559945
788,2004-04-26,7.51,7.6,7.38,7.42,7988601.0,59594063.0,1555391591.0,0.005136070585841299
789,2004-04-27,7.45,7.58,7.4,7.49,7800070.0,58468082.0,1555391591.0,0.005014859309471475
790,2004-04-28,7.48,7.71,7.38,7.67,18576337.0,140525031.0,1555391591.0,0.011943189809877273
791,2004-04-29,7.66,7.82,7.61,7.68,21528683.0,166370749.0,1555391591.0,0.013841326598762613
792,2004-04-30,7.7,7.94,7.7,7.88,36295606.0,285378060.0,1555391591.0,0.023335349252251423
793,2004-05-10,7.9,7.93,7.62,7.64,11171941.0,86255477.0,1555391591.0,0.0071827191715864176
794,2004-05-11,7.62,7.84,7.61,7.79,8732105.0,67677314.0,1555391591.0,0.005614087828767231
795,2004-05-12,7.81,7.95,7.74,7.93,14769464.0,116604576.0,1555391591.0,0.00949565632568731
796,2004-05-13,7.95,7.97,7.83,7.89,8669089.0,68426213.0,1555391591.0,0.005573573272584319
797,2004-05-14,7.9,7.92,7.69,7.71,9035082.0,70187588.0,1555391591.0,0.005808879289485628
798,2004-05-17,7.62,7.77,7.56,7.6,7814772.0,59778267.0,1555391591.0,0.0050243115915109765
799,2004-05-18,7.58,7.72,7.45,7.71,8313702.0,62861260.0,1555391591.0,0.005345086117287618
800,2004-05-19,7.71,7.83,7.61,7.67,8370624.0,64745363.0,1555391591.0,0.0053816826890637345
801,2004-05-20,7.65,7.82,7.59,7.68,11988268.0,92082646.0,1555391591.0,0.007707556135296092
802,2004-05-21,7.67,7.73,7.59,7.68,6561234.0,50216088.0,1555391591.0,0.004218380784598186
803,2004-05-24,7.69,7.73,7.61,7.69,5581240.0,42825662.0,1555391591.0,0.0035883182295023738
804,2004-05-25,7.66,7.69,7.52,7.55,7914539.0,60053642.0,1555391591.0,0.005088454281092999
805,2004-05-26,7.55,7.59,7.45,7.57,6442482.0,48373916.0,1555391591.0,0.004142032165583439
806,2004-05-27,7.57,7.73,7.47,7.66,9789457.0,74805043.0,1555391591.0,0.006293885769117547
807,2004-05-28,7.66,7.73,7.53,7.55,6821017.0,51863691.0,1555391591.0,0.004385401746716785
808,2004-05-31,7.6,7.73,7.59,7.65,8249632.0,63195321.0,1555391591.0,0.0053038939182486556
809,2004-06-01,7.65,7.77,7.6,7.76,11811323.0,90914724.0,1555391591.0,0.007593793786943522
810,2004-06-02,7.8,7.81,7.67,7.67,9278642.0,71893200.0,1555391591.0,0.0059654700807753045
811,2004-06-03,7.67,7.68,7.48,7.49,8998764.0,67852455.0,1555391591.0,0.0057855295425729225
812,2004-06-04,7.48,7.55,7.45,7.47,5356550.0,40095796.0,1555391591.0,0.0034438594312806723
813,2004-06-07,7.47,7.47,7.4,7.45,5434662.0,40340360.0,1555391591.0,0.003494079581917966
814,2004-06-08,7.42,7.44,6.75,6.77,34681095.0,242236447.0,1555391591.0,0.02229733991148985
815,2004-06-09,6.7,6.75,6.46,6.5,44507035.0,291978819.0,1555391591.0,0.028614681510130396
816,2004-06-10,6.6,6.74,6.58,6.69,19319415.0,128821389.0,1555391591.0,0.012420933166791178
817,2004-06-11,6.7,6.76,6.2,6.31,31320988.0,201561918.0,1555391591.0,0.020137043418026298
818,2004-06-14,6.25,6.34,6.13,6.24,18906619.0,117975878.0,1555391591.0,0.01215553633528677
819,2004-06-15,6.28,6.68,6.21,6.55,28410495.0,182698805.0,1555391591.0,0.018265814965435286
820,2004-06-16,6.52,6.6,6.43,6.46,14367693.0,93673287.0,1555391591.0,0.009237347741325163
821,2004-06-17,6.41,6.47,6.25,6.28,9889626.0,62586032.0,1555391591.0,0.006358286914513736
822,2004-06-18,6.25,6.33,6.17,6.27,10297606.0,64148730.0,1555391591.0,0.0066205874196474295
823,2004-06-21,6.27,6.4,6.22,6.39,9267368.0,58802732.0,1555391591.0,0.005958221745330241
824,2004-06-22,6.38,6.44,6.26,6.35,8972520.0,57027082.0,1555391591.0,0.005768656621212246
825,2004-06-23,6.35,6.36,6.25,6.31,4860957.0,30581916.0,1555391591.0,0.0031252303459315795
826,2004-06-24,6.28,6.32,6.17,6.18,11904243.0,73985997.0,1555391591.0,0.007653534369660868
827,2004-06-25,6.18,6.33,6.14,6.16,7718775.0,48001835.0,1555391591.0,0.004962592728842906
828,2004-06-28,6.14,6.25,6.1,6.19,7971221.0,49194177.0,1555391591.0,0.005124896550890508
829,2004-06-29,6.2,6.3,6.12,6.3,8331985.0,52007714.0,1555391591.0,0.005356840713432917
830,2004-06-30,6.3,6.33,6.23,6.26,6695416.0,42039876.0,1560207870.0,0.004291361509412204
831,2004-07-01,6.25,6.45,6.25,6.4,16031517.0,102470908.0,1560207870.0,0.010275244285237453
832,2004-07-02,6.4,6.52,6.34,6.48,11504223.0,74025912.0,1560207870.0,0.007373519401616658
833,2004-07-05,6.54,6.55,6.45,6.54,9603695.0,62594683.0,1560207870.0,0.006155394537267653
834,2004-07-06,6.55,6.67,6.52,6.57,13025988.0,86133222.0,1560207870.0,0.008348879819456366
835,2004-07-07,6.56,6.56,6.42,6.43,6810653.0,44103341.0,1560207870.0,0.004365221539358086
836,2004-07-08,6.43,6.51,6.38,6.49,4749781.0,30572581.0,1560207870.0,0.0030443257538497097
837,2004-07-09,6.48,6.58,6.47,6.47,5004568.0,32562076.0,1560207870.0,0.003207628993693001
838,2004-07-12,6.46,6.46,6.32,6.33,6574070.0,41804269.0,1560207870.0,0.004213585975566192
839,2004-07-13,6.3,6.43,6.3,6.36,4145284.0,26392131.0,1560207870.0,0.002656879304166053
840,2004-07-14,6.38,6.46,6.34,6.43,4176050.0,26724738.0,1560207870.0,0.002676598471458806
841,2004-07-15,6.46,6.66,6.43,6.62,14488406.0,95394581.0,1560207870.0,0.009286202357125656
842,2004-07-16,6.65,6.85,6.64,6.79,22861613.0,155125664.0,1560207870.0,0.014652927625599017
843,2004-07-19,6.8,6.86,6.72,6.8,10199839.0,69436799.0,1560207870.0,0.0065374872131621796
844,2004-07-20,6.78,6.79,6.68,6.71,6438125.0,43286564.0,1560207870.0,0.004126453355218622
845,2004-07-21,6.7,6.74,6.64,6.68,5839847.0,38984494.0,1560207870.0,0.0037429929128610278
846,2004-07-22,6.67,6.71,6.5,6.55,14500414.0,95460307.0,1560207870.0,0.009293898767476414
847,2004-07-23,6.5,6.61,6.48,6.6,8091069.0,52997695.0,1560207870.0,0.005185891672242366
848,2004-07-26,6.58,6.63,6.46,6.54,4659088.0,30492258.0,1560207870.0,0.0029861969610498118
849,2004-07-27,6.5,6.57,6.38,6.47,5720861.0,37095669.0,1560207870.0,0.00366672999797136
850,2004-07-28,6.45,6.6,6.44,6.54,5294956.0,34436935.0,1560207870.0,0.003393750346868844
851,2004-07-29,6.54,6.7,6.53,6.66,9876763.0,65541270.0,1560207870.0,0.006330414805560493
852,2004-07-30,6.66,6.66,6.51,6.53,4525702.0,29789601.0,1560207870.0,0.002900704506765499
853,2004-08-02,6.5,6.6,6.46,6.54,4955208.0,32499911.0,1560207870.0,0.0031759921836569125
854,2004-08-03,6.54,6.6,6.4,6.45,5161751.0,33451270.0,1560207870.0,0.0033083739027672
855,2004-08-04,6.45,6.74,6.35,6.58,10995508.0,72080659.0,1560207870.0,0.007047463489592576
856,2004-08-05,6.59,6.64,6.42,6.44,7422825.0,48169020.0,1560207870.0,0.004757587205351041
857,2004-08-06,6.44,6.55,6.43,6.5,5374669.0,34879823.0,1560207870.0,0.003444841615880325
858,2004-08-09,6.48,6.66,6.45,6.6,6923442.0,45539540.0,1560207870.0,0.004437512547606878
859,2004-08-10,6.55,6.72,6.54,6.71,11055314.0,73670094.0,1560207870.0,0.007085795561331197
860,2004-08-11,6.7,6.73,6.61,6.63,7271978.0,48505777.0,1560207870.0,0.004660903293610485
861,2004-08-12,6.6,6.66,6.53,6.64,6041513.0,39700530.0,1560207870.0,0.003872248766441615
862,2004-08-13,6.62,6.77,6.58,6.68,6663577.0,44666072.0,1560207870.0,0.004270954613246503
863,2004-08-16,6.64,6.77,6.61,6.72,6981293.0,46863236.0,1560207870.0,0.004474591581184627
864,2004-08-17,6.71,6.79,6.63,6.78,9844406.0,66377980.0,1560207870.0,0.0063096759023526785
865,2004-08-18,6.78,6.94,6.75,6.81,20634267.0,141459753.0,1560207870.0,0.013225331955286189
866,2004-08-19,6.83,6.88,6.76,6.86,13206776.0,90118271.0,1560207870.0,0.008464754122795189
867,2004-08-20,6.84,6.96,6.82,6.94,14077318.0,97324063.0,1560207870.0,0.009022719517496088
868,2004-08-23,6.92,6.97,6.74,6.85,11145781.0,76374244.0,1560207870.0,0.007143779501637817
869,2004-08-24,6.85,6.89,6.73,6.81,9297207.0,63398424.0,1560207870.0,0.0059589540462964075
870,2004-08-25,6.81,6.84,6.68,6.7,7772345.0,52425180.0,1560207870.0,0.004981608636546616
871,2004-08-26,6.68,6.77,6.68,6.75,5250824.0,35239457.0,1560207870.0,0.0033654643723852002
872,2004-08-27,6.75,6.78,6.56,6.6,9684843.0,64201601.0,1560207870.0,0.006207405555517419
873,2004-08-30,6.59,6.7,6.55,6.67,4450164.0,29453340.0,1560207870.0,0.0028522891632382294
874,2004-08-31,6.8,6.89,6.73,6.78,10426620.0,70838847.0,1560207870.0,0.006682840280763358
875,2004-09-01,6.77,6.77,6.64,6.67,4767639.0,31830240.0,1560207870.0,0.003055771664579541
876,2004-09-02,6.65,6.71,6.55,6.69,6747687.0,44631432.0,1560207870.0,0.004324864096474529
877,2004-09-03,6.67,6.72,6.6,6.61,2891767.0,19217269.0,1560207870.0,0.0018534498226829223
878,2004-09-06,6.58,6.63,6.56,6.6,2577726.0,17011903.0,1560207870.0,0.0016521683101111393
879,2004-09-07,6.6,6.7,6.6,6.66,4755818.0,31604376.0,1560207870.0,0.0030481951100528675
880,2004-09-08,6.68,6.68,6.48,6.5,6539436.0,42961216.0,1560207870.0,0.004191387651441599
881,2004-09-09,6.48,6.52,6.37,6.38,6883713.0,44296077.0,1560207870.0,0.0044120486329811935
882,2004-09-13,6.38,6.38,6.14,6.17,7166075.0,44642850.0,1560207870.0,0.004593025799824994
883,2004-09-14,6.26,6.45,6.26,6.4,7771962.0,49488216.0,1560207870.0,0.004981363156436328
884,2004-09-15,6.4,6.79,6.38,6.65,22292371.0,148312292.0,1560207870.0,0.014288077523926346
885,2004-09-16,6.78,6.89,6.69,6.73,23756320.0,161290628.0,1560207870.0,0.015226381341096556
886,2004-09-17,6.74,6.95,6.71,6.94,26100565.0,178489208.0,1560207870.0,0.016728902284027063
887,2004-09-20,6.98,7.27,6.94,7.23,43044463.0,304606220.0,1560207870.0,0.027588928262488512
888,2004-09-21,7.23,7.23,7.01,7.06,27429136.0,194669149.0,1560207870.0,0.017580436893963367
889,2004-09-22,7.04,7.17,6.8,6.82,36879283.0,256279216.0,1560207870.0,0.02363741633991373
890,2004-09-23,6.82,7.16,6.78,7.15,17221427.0,119993555.0,1560207870.0,0.011037905481145919
891,2004-09-24,7.25,7.27,6.85,6.9,36687985.0,261230950.0,1560207870.0,0.02351480575469729
892,2004-09-27,6.93,7.05,6.72,6.77,18809826.0,128385194.0,1560207870.0,0.012055974310653875
893,2004-09-28,6.79,6.85,6.7,6.74,9762784.0,65950755.0,1560207870.0,0.006257361078431171
894,2004-09-29,6.75,6.82,6.68,6.7,9544129.0,64427639.0,1560207870.0,0.0061172162911856095
895,2004-09-30,6.71,6.74,6.61,6.63,9433279.0,62959420.0,1563053785.0,0.006035159564262851
896,2004-10-08,6.63,6.65,6.45,6.64,12455503.0,81434601.0,1563053785.0,0.007968697635059308
897,2004-10-11,6.65,6.65,6.48,6.55,16175919.0,105847349.0,1563053785.0,0.0103489202708402
898,2004-10-12,6.52,6.52,6.3,6.31,13608260.0,86711349.0,1563053785.0,0.008706200727443297
899,2004-10-13,6.3,6.42,6.3,6.4,9632157.0,61421915.0,1563053785.0,0.006162396388682172
900,2004-10-14,6.4,6.43,6.3,6.35,10943617.0,69351872.0,1563053785.0,0.007001433415165557
901,2004-10-15,6.3,6.33,6.19,6.27,10489097.0,65730780.0,1563053785.0,0.006710643677562253
902,2004-10-18,6.25,6.35,6.19,6.27,6036650.0,37784856.0,1563053785.0,0.003862087189789186
903,2004-10-19,6.3,6.43,6.25,6.26,8269654.0,52452412.0,1563053785.0,0.005290703416197543
904,2004-10-20,6.27,6.29,5.97,6.04,20760399.0,125827285.0,1563053785.0,0.013281947940134382
905,2004-10-21,6.03,6.04,5.65,5.69,35834916.0,206682806.0,1563053785.0,0.022926220673845844
906,2004-10-22,5.67,5.8,5.63,5.77,18064534.0,103534775.0,1563053785.0,0.011557205627444228
907,2004-10-25,5.81,5.85,5.65,5.65,12626661.0,72647025.0,1563053785.0,0.008078199944987818
908,2004-10-26,5.66,5.88,5.64,5.86,11065262.0,63918668.0,1563053785.0,0.0070792586321653675
909,2004-10-27,5.87,5.96,5.8,5.94,11490558.0,67732177.0,1563053785.0,0.0073513516363098155
910,2004-10-28,5.96,6.02,5.86,5.87,11050011.0,65646155.0,1563053785.0,0.007069501450329171
911,2004-10-29,5.85,6.16,5.75,5.91,30953807.0,186768126.0,1563053785.0,0.019803417705168733
912,2004-11-01,5.91,5.95,5.76,5.8,12318559.0,71957106.0,1563053785.0,0.0078810845271073
913,2004-11-02,5.8,5.9,5.76,5.86,6886490.0,40154160.0,1563053785.0,0.0044057920885940596
914,2004-11-03,5.9,5.96,5.85,5.91,11374834.0,67183277.0,1563053785.0,0.007277314516723428
915,2004-11-04,5.93,6.02,5.8,5.82,8272473.0,49080531.0,1563053785.0,0.005292506936989376
916,2004-11-05,5.9,5.9,5.78,5.8,5260849.0,30642744.0,1563053785.0,0.0033657504626432287
917,2004-11-08,5.8,5.85,5.73,5.81,3690045.0,21351099.0,1563053785.0,0.002360792082404253
918,2004-11-09,5.81,5.86,5.78,5.81,2845465.0,16545452.0,1563053785.0,0.0018204523908945335
919,2004-11-10,5.85,6.15,5.79,6.08,19067981.0,114853244.0,1563053785.0,0.012199184175866348
920,2004-11-11,6.11,6.16,5.99,6.0,14290343.0,87123060.0,1563053785.0,0.009142579185143012
921,2004-11-12,6.01,6.06,5.99,6.02,7746591.0,46644090.0,1563053785.0,0.0049560617007174835
922,2004-11-15,6.09,6.1,5.96,6.04,6662589.0,40261818.0,1563053785.0,0.0042625462181392565
923,2004-11-16,6.06,6.09,6.01,6.06,5060413.0,30608252.0,1563053785.0,0.0032375168715003625
924,2004-11-17,6.06,6.09,5.93,5.96,5756757.0,34500579.0,1563053785.0,0.0036830191355187434
925,2004-11-18,5.96,5.98,5.93,5.97,3928786.0,23388352.0,1563053785.0,0.002513532187889491
926,2004-11-19,5.98,6.12,5.97,6.07,7695450.0,46584268.0,1563053785.0,0.004923343056937737
927,2004-11-22,6.1,6.12,6.04,6.07,5049666.0,30650924.0,1563053785.0,0.0032306412283822977
928,2004-11-23,6.07,6.07,5.96,5.99,6343658.0,38007843.0,1563053785.0,0.004058502695734171
929,2004-11-24,5.99,6.05,5.92,5.94,5865719.0,35118238.0,1563053785.0,0.003752730108388433
930,2004-11-25,5.95,6.01,5.92,5.95,3979313.0,23729415.0,1563053785.0,0.0025458580108937198
931,2004-11-26,5.95,6.0,5.93,5.94,2796566.0,16665421.0,1563053785.0,0.0017891681187413523
932,2004-11-29,5.93,5.97,5.84,5.86,3591732.0,21174335.0,1563053785.0,0.0022978940548741256
933,2004-11-30,5.84,5.9,5.8,5.86,5988385.0,34952493.0,1563053785.0,0.003831208533876523
934,2004-12-01,5.85,5.87,5.81,5.82,3052843.0,17836572.0,1563053785.0,0.001953127287939103
935,2004-12-02,5.82,5.83,5.73,5.75,5352155.0,30804449.0,1563053785.0,0.0034241655990104015
936,2004-12-03,5.75,5.82,5.74,5.76,4196626.0,24216106.0,1563053785.0,0.0026848890551773304
937,2004-12-06,5.76,5.8,5.7,5.77,4119821.0,23672042.0,1563053785.0,0.0026357512707088325
938,2004-12-07,5.78,5.85,5.76,5.79,4023324.0,23363816.0,1563053785.0,0.002574015071400758
939,2004-12-08,5.83,5.88,5.77,5.78,3557363.0,20631210.0,1563053785.0,0.0022759056880438697
940,2004-12-09,5.8,6.03,5.74,5.84,17184549.0,101646263.0,1563053785.0,0.010994214764017221
941,2004-12-10,5.82,5.91,5.77,5.79,9285042.0,54165673.0,1563053785.0,0.005940321496998262
942,2004-12-13,5.76,5.81,5.69,5.73,6621012.0,37889110.0,1563053785.0,0.004235946365722789
943,2004-12-14,5.75,5.78,5.68,5.7,3765590.0,21543550.0,1563053785.0,0.0024091237525777146
944,2004-12-15,5.7,5.84,5.65,5.75,11506422.0,65765010.0,1563053785.0,0.00736150099914828
945,2004-12-16,5.78,6.0,5.7,5.83,20997774.0,123310683.0,1563053785.0,0.01343381411536008
946,2004-12-17,5.8,5.89,5.73,5.77,10135474.0,58938894.0,1563053785.0,0.006484405141567153
947,2004-12-20,5.75,5.82,5.67,5.7,8934590.0,51197878.0,1563053785.0,0.005716111681979005
948,2004-12-21,5.7,5.76,5.67,5.72,4669799.0,26675901.0,1563053785.0,0.0029876124832134295
949,2004-12-22,5.73,5.83,5.69,5.83,14635311.0,84248547.0,1563053785.0,0.00936328048365911
950,2004-12-23,5.82,5.87,5.67,5.69,10104509.0,58420832.0,1563053785.0,0.0064645945628799975
951,2004-12-27,5.67,5.72,5.37,5.41,23816553.0,130890857.0,1563053785.0,0.015237193517304333
952,2004-12-28,5.4,5.45,5.34,5.41,6574834.0,35502625.0,1563053785.0,0.004206402916582938
953,2004-12-29,5.42,5.49,5.38,5.39,5837507.0,31706144.0,1563053785.0,0.003734680825458607
954,2004-12-30,5.39,5.46,5.34,5.45,6673131.0,36032284.0,1563053785.0,0.004269290707741065
955,2004-12-31,5.45,5.48,5.4,5.44,7999257.0,43569297.0,1563055024.0,0.005117706592010544
956,2005-01-04,5.42,5.42,5.32,5.39,5403609.0,29038739.0,1563055024.0,0.0034570817514611055
957,2005-01-05,5.38,5.43,5.24,5.26,9814219.0,52224301.0,1563055024.0,0.0062788698090004025
958,2005-01-06,5.27,5.33,5.14,5.19,7818184.0,40580874.0,1563055024.0,0.005001861022136352
959,2005-01-07,5.19,5.27,5.14,5.18,6333941.0,32905762.0,1563055024.0,0.004052282806903924
960,2005-01-10,5.25,5.33,5.19,5.32,4986926.0,26306299.0,1563055024.0,0.0031904993256334654
961,2005-01-11,5.32,5.44,5.29,5.43,9814311.0,52769490.0,1563055024.0,0.006278928668092749
962,2005-01-12,5.43,5.43,5.33,5.38,3400828.0,18260027.0,1563055024.0,0.002175757057673486
963,2005-01-13,5.37,5.39,5.34,5.36,3243736.0,17398051.0,1563055024.0,0.0020752538779466537
964,2005-01-14,5.35,5.43,5.29,5.32,4832308.0,25972992.0,1563055024.0,0.003091578943672555
965,2005-01-17,5.25,5.34,5.18,5.28,5648751.0,29738535.0,1563055024.0,0.003613916921199826
966,2005-01-18,5.25,5.29,5.18,5.23,6175642.0,32264572.0,1563055024.0,0.0039510074214764174
967,2005-01-19,5.23,5.23,5.14,5.14,5033345.0,26043164.0,1563055024.0,0.0032201969365859
968,2005-01-20,5.13,5.16,5.03,5.05,8243827.0,41956608.0,1563055024.0,0.005274175811740329
969,2005-01-21,5.03,5.56,5.02,5.44,34463244.0,185006879.0,1563055024.0,0.022048644142933255
970,2005-01-24,5.55,5.6,5.38,5.45,22450474.0,122949669.0,1563055024.0,0.014363201330268716
971,2005-01-25,5.41,5.41,5.29,5.35,11348978.0,60571368.0,1563055024.0,0.007260766784112905
972,2005-01-26,5.35,5.52,5.34,5.38,11883972.0,64442956.0,1563055024.0,0.007603041362925174
973,2005-01-27,5.38,5.42,5.23,5.28,5430197.0,29002688.0,1563055024.0,0.003474092029149193
974,2005-01-28,5.25,5.28,5.15,5.25,7023683.0,36593065.0,1563055024.0,0.004493560938133679
975,2005-01-31,5.23,5.26,5.15,5.21,5091659.0,26470504.0,1563055024.0,0.003257504644315068
976,2005-02-01,5.21,5.35,5.2,5.3,6258619.0,33109173.0,1563055024.0,0.004004093844363601
977,2005-02-02,5.31,5.71,5.29,5.66,30447161.0,169324745.0,1563055024.0,0.019479263706330022
978,2005-02-03,5.66,5.69,5.51,5.52,16220664.0,90766133.0,1563055024.0,0.010377538698855172
979,2005-02-04,5.5,6.07,5.5,5.95,53927880.0,318391251.0,1563055024.0,0.034501587706102406
980,2005-02-16,5.99,6.04,5.9,5.95,27808596.0,166337527.0,1563055024.0,0.017791181738973764
981,2005-02-17,5.95,5.96,5.81,5.94,13868782.0,81777558.0,1563055024.0,0.00887286870075023
982,2005-02-18,5.9,5.99,5.72,5.74,16815685.0,98110424.0,1563055024.0,0.010758216916105188
983,2005-02-21,5.8,6.06,5.8,6.02,30320272.0,181184780.0,1563055024.0,0.01939808358275684
984,2005-02-22,6.02,6.17,5.97,6.12,29370476.0,178211523.0,1563055024.0,0.01879042999064632
985,2005-02-23,6.12,6.13,6.0,6.03,22402384.0,135634480.0,1563055024.0,0.014332434659062905
986,2005-02-24,6.13,6.22,6.04,6.11,24356341.0,148994085.0,1563055024.0,0.015582523088451428
987,2005-02-25,6.15,6.2,6.1,6.1,21778271.0,133880167.0,1563055024.0,0.013933144173176593
988,2005-02-28,6.09,6.1,5.88,5.93,22257267.0,132753083.0,1563055024.0,0.014239592757932238
989,2005-03-01,5.91,5.97,5.89,5.92,9607868.0,56898619.0,1563055024.0,0.006146852063731315
990,2005-03-02,5.92,5.98,5.8,5.81,13299241.0,78162674.0,1563055024.0,0.008508491892989176
991,2005-03-03,5.8,5.92,5.77,5.9,8681428.0,50729685.0,1563055024.0,0.005554141003803843
992,2005-03-04,5.9,5.92,5.81,5.85,5696165.0,33327045.0,1563055024.0,0.003644251106031441
993,2005-03-07,5.85,5.9,5.84,5.87,5123213.0,30056785.0,1563055024.0,0.003277692033444371
994,2005-03-08,5.92,5.99,5.84,5.97,12667969.0,74916871.0,1563055024.0,0.008104621274036479
995,2005-03-09,5.99,6.0,5.79,5.82,16096200.0,94303665.0,1563055024.0,0.010297910024183511
996,2005-03-10,5.82,5.85,5.68,5.7,15981716.0,91883488.0,1563055024.0,0.010224666281485943
997,2005-03-11,5.7,5.75,5.6,5.64,10871203.0,61394693.0,1563055024.0,0.0069550993618763355
998,2005-03-14,5.63,5.77,5.6,5.71,12763821.0,72605947.0,1563055024.0,0.008165944770988432
999,2005-03-15,5.7,5.71,5.54,5.55,8446221.0,47419004.0,1563055024.0,0.005403661976265782
1000,2005-03-16,5.55,5.62,5.48,5.54,8340664.0,46221725.0,1563055024.0,0.005336129484844035
1001,2005-03-17,5.55,5.6,5.48,5.51,7586730.0,42011097.0,1563055024.0,0.004853783061702375
1002,2005-03-18,5.55,5.66,5.5,5.62,10585285.0,59211065.0,1563055024.0,0.006772176818773336
1003,2005-03-21,5.6,5.69,5.59,5.69,8071161.0,45590876.0,1563055024.0,0.005163708811315653
1004,2005-03-22,5.7,5.71,5.51,5.54,9445914.0,52613658.0,1563055024.0,0.006043238308928528
1005,2005-03-23,5.52,5.65,5.49,5.56,7634596.0,42432754.0,1563055024.0,0.004884406423813778
1006,2005-03-24,5.54,5.61,5.49,5.6,6471185.0,35898151.0,1563055024.0,0.004140087777229779
1007,2005-03-25,5.56,5.66,5.5,5.61,8366210.0,46776040.0,1563055024.0,0.005352473119334025
1008,2005-03-29,5.67,5.67,5.58,5.6,3985191.0,22389786.0,1563055024.0,0.0025496165770297285
1009,2005-03-30,5.58,5.58,5.3,5.31,9907901.0,53770536.0,1563055024.0,0.006338804999100275
1010,2005-03-31,5.31,5.41,5.28,5.4,5174803.0,27729628.0,1563329668.0,0.0033101162895604946
1011,2005-04-01,5.4,5.8,5.35,5.68,16645815.0,93202696.0,1563329668.0,0.0106476678212698
1012,2005-04-04,5.6,5.62,5.5,5.51,6593138.0,36706537.0,1563329668.0,0.004217368949720463
1013,2005-04-05,5.5,5.58,5.49,5.54,4537176.0,25088406.0,1563329668.0,0.002902251580630785
1014,2005-04-06,5.53,5.72,5.48,5.66,9353709.0,52702192.0,1563329668.0,0.005983196757192226
1015,2005-04-07,5.8,6.09,5.73,5.8,29910121.0,176146760.0,1563329668.0,0.01913231841769154
1016,2005-04-08,5.79,5.97,5.76,5.95,17101651.0,100455427.0,1563331263.0,0.010939236874968067
1017,2005-04-11,5.95,6.04,5.83,5.87,14726546.0,87429826.0,1563331263.0,0.009419977933365234
1018,2005-04-12,5.87,5.9,5.77,5.79,6486437.0,37727549.0,1563331263.0,0.004149112317726355
1019,2005-04-13,5.9,6.03,5.85,5.92,14706705.0,87325335.0,1563331263.0,0.009407286445342455
1020,2005-04-14,5.94,5.96,5.78,5.8,9256714.0,54259815.0,1563331263.0,0.005921146860606216
1021,2005-04-15,5.78,5.85,5.74,5.81,8121783.0,47065440.0,1563331263.0,0.005195177242483124
1022,2005-04-18,4.78,4.82,4.72,4.76,5216825.0,24837309.0,1563331263.0,0.003336992692124011
1023,2005-04-19,4.75,4.79,4.68,4.74,11046458.0,52223220.0,1875997516.0,0.005888311634630118
1024,2005-04-20,4.72,4.72,4.61,4.62,11128900.0,51653099.0,1875997516.0,0.005932257321816198
1025,2005-04-21,4.55,4.73,4.48,4.6,11713283.0,54189573.0,1875997516.0,0.006243762531719685
1026,2005-04-22,4.56,4.66,4.55,4.64,9006176.0,41513594.0,1875997516.0,0.004800739832109671
1027,2005-04-25,4.63,4.68,4.55,4.65,10685066.0,49376069.0,1875997516.0,0.005695671720708184
1028,2005-04-26,4.65,4.68,4.58,4.66,8267119.0,38346051.0,1875997516.0,0.004406785685743947
1029,2005-04-27,4.69,4.82,4.61,4.77,17186286.0,81786699.0,1875997516.0,0.009161145392476096
1030,2005-04-28,4.77,4.85,4.67,4.81,11479952.0,54865428.0,1875997516.0,0.006119385501361186
1031,2005-04-29,4.8,4.98,4.72,4.86,19176301.0,93338739.0,1875997516.0,0.010221922383398294
1032,2005-05-09,4.86,4.91,4.75,4.75,8595181.0,41394144.0,1875997516.0,0.004581659051621047
1033,2005-05-10,4.75,4.88,4.72,4.87,10982250.0,52948059.0,1875997516.0,0.005854085576518429
1034,2005-05-11,4.87,5.04,4.84,4.87,21178446.0,104428275.0,1875997516.0,0.01128916526774335
1035,2005-05-12,4.85,4.87,4.71,4.75,15238138.0,72937387.0,1875997516.0,0.008122685595283058
1036,2005-05-13,4.73,4.85,4.72,4.82,9612181.0,46092522.0,1875997516.0,0.00512377064362808
1037,2005-05-16,4.83,4.91,4.8,4.85,8736635.0,42352436.0,1875997516.0,0.00465706107043694
1038,2005-05-17,4.85,4.97,4.83,4.9,11956530.0,58815619.0,1875997516.0,0.006373425283362689
1039,2005-05-18,4.9,4.94,4.83,4.91,9393613.0,45834792.0,1875997516.0,0.005007263026674498
1040,2005-05-19,4.9,4.93,4.86,4.91,7537228.0,36900516.0,1875997516.0,0.0040177174733529875
1041,2005-05-20,4.91,4.95,4.78,4.8,12238694.0,59552715.0,1875997516.0,0.006523832731983212
1042,2005-05-23,4.8,4.8,4.63,4.67,12228180.0,57335792.0,1875997516.0,0.006518228246950408
1043,2005-05-24,4.66,4.75,4.64,4.7,7835580.0,36800714.0,1875997516.0,0.0041767539312669326
1044,2005-05-25,4.7,4.72,4.59,4.63,10975655.0,50900433.0,1875997516.0,0.005850570113441451
1045,2005-05-26,4.63,4.68,4.58,4.59,4747393.0,21950257.0,1875997516.0,0.0025305966343294453
1046,2005-05-27,4.58,4.65,4.55,4.56,6192285.0,28446786.0,1875997516.0,0.003300795948388665
1047,2005-05-30,4.55,4.62,4.5,4.6,5900254.0,26821288.0,1875997516.0,0.0031451288979212058
1048,2005-05-31,4.62,4.71,4.53,4.6,6498023.0,30225974.0,1875997516.0,0.0034637695117289273
1049,2005-06-01,4.6,4.66,4.55,4.58,5073230.0,23346038.0,1875997516.0,0.002704283964520985
1050,2005-06-02,4.58,4.65,4.5,4.53,10692788.0,48624590.0,1875997516.0,0.005699787930849264
1051,2005-06-03,4.6,4.94,4.59,4.75,43717581.0,208333293.0,1875997516.0,0.023303645461756572
1052,2005-06-06,4.74,4.86,4.66,4.85,22509575.0,107702807.0,1875997516.0,0.011998723243512014
1053,2005-06-07,4.79,4.87,4.75,4.77,23134052.0,111035855.0,1875997516.0,0.012331600549944439
1054,2005-06-08,4.95,5.19,4.76,5.14,86884467.0,437968665.0,1875997516.0,0.04631374309346367
1055,2005-06-09,5.1,5.17,4.97,5.06,58974354.0,298657142.0,1875997516.0,0.0314362644390623
1056,2005-06-10,5.02,5.21,5.0,5.04,51917761.0,264802535.0,1875997516.0,0.02767474933053163
1057,2005-06-13,5.04,5.08,4.87,4.95,27635590.0,136824182.0,1875997516.0,0.014731144238892479
1058,2005-06-14,4.98,5.0,4.88,4.89,22781301.0,112665388.0,1875997516.0,0.012143566718880453
1059,2005-06-15,4.86,4.9,4.79,4.8,13046947.0,63162422.0,1875997516.0,0.006954671788595268
1060,2005-06-16,4.85,4.97,4.84,4.91,20456502.0,100230033.0,1875997516.0,0.010904333201686394
1061,2005-06-17,4.95,4.96,4.86,4.91,15403943.0,75634620.0,1875997516.0,0.00821106790847158
1062,2005-06-20,4.9,5.06,4.82,5.03,36756214.0,183280631.0,1875997516.0,0.019592890548368935
1063,2005-06-21,5.03,5.03,4.88,4.91,22317628.0,110426606.0,1875997516.0,0.011896405943855205
1064,2005-06-22,4.91,5.01,4.89,4.99,18024178.0,89284286.0,1875997516.0,0.009607783510519318
1065,2005-06-23,5.0,5.03,4.9,4.92,11296949.0,56166405.0,1875997516.0,0.00602183579863546
1066,2005-06-24,4.92,4.94,4.89,4.94,9649500.0,47400786.0,1875997516.0,0.005143663527110981
1067,2005-06-27,4.97,5.05,4.97,5.01,23922233.0,120165028.0,1875997516.0,0.012751740232048368
1068,2005-06-28,5.0,5.0,4.93,4.94,10601250.0,52436792.0,1875997516.0,0.005650993623170661
1069,2005-06-29,4.94,4.96,4.87,4.88,9388640.0,46208439.0,1875997516.0,0.00500461217028605
1070,2005-06-30,4.86,4.89,4.73,4.74,15442696.0,74060050.0,1876364325.0,0.00823011597174765
1071,2005-07-01,4.74,4.74,4.63,4.66,11865888.0,55368684.0,1876364325.0,0.006323872097706825
1072,2005-07-04,4.66,4.7,4.62,4.7,7161049.0,33290376.0,1876364325.0,0.0038164491322867163
1073,2005-07-05,4.68,4.71,4.63,4.66,5570004.0,26024569.0,1876364325.0,0.002968508794260944
1074,2005-07-06,4.68,4.72,4.66,4.67,7567253.0,35468880.0,1876364325.0,0.004032933742758086
1075,2005-07-07,4.67,4.73,4.67,4.69,4294551.0,20197094.0,1876364325.0,0.002288761805359948
1076,2005-07-08,4.68,4.68,4.59,4.6,7024772.0,32492362.0,1876364325.0,0.003743820912817664
1077,2005-07-11,4.65,4.74,4.6,4.63,7034358.0,32814337.0,1876364325.0,0.003748929728772156
1078,2005-07-12,4.61,4.95,4.6,4.88,28606284.0,138403440.0,1876364325.0,0.01524559149780254
1079,2005-07-13,4.85,4.86,4.76,4.8,11391364.0,54868974.0,1876364325.0,0.006070976647885266
1080,2005-07-14,4.8,4.88,4.78,4.82,10049916.0,48527409.0,1876364325.0,0.005356057918016534
1081,2005-07-15,4.85,4.87,4.76,4.79,7030996.0,33740430.0,1876364325.0,0.003747137965863852
1082,2005-07-18,4.79,4.8,4.74,4.8,5757344.0,27484020.0,1876364325.0,0.003068350811881909
1083,2005-07-19,4.79,4.88,4.78,4.82,8029091.0,38795829.0,1876364325.0,0.004279068245448548
1084,2005-07-20,4.83,4.87,4.79,4.84,7298577.0,35286373.0,1876364325.0,0.003889744066627359
1085,2005-07-21,4.84,4.88,4.8,4.84,7770749.0,37595724.0,1876364325.0,0.0041413860285368625
1086,2005-07-22,4.88,5.01,4.84,4.96,40187548.0,199269411.0,1876364325.0,0.02141777450389332
1087,2005-07-25,4.93,5.02,4.92,4.95,19407581.0,96669846.0,1876364325.0,0.01034318375244104
1088,2005-07-26,4.93,5.13,4.93,5.04,40850438.0,206526907.0,1876364325.0,0.021771058773460746
1089,2005-07-27,5.05,5.11,5.0,5.1,32708647.0,165876214.0,1876364325.0,0.01743192756555953
1090,2005-07-28,5.1,5.3,5.09,5.14,83631314.0,433339210.0,1876364325.0,0.044570935870889575
1091,2005-07-29,5.14,5.27,5.12,5.2,49234763.0,256426256.0,1876364325.0,0.02623944739516405
1092,2005-08-01,5.2,5.3,5.14,5.18,34415164.0,179273980.0,1876364325.0,0.01834140819107718
1093,2005-08-02,5.18,5.32,5.16,5.32,40136656.0,211197147.0,1876364325.0,0.02139065183942889
1094,2005-08-03,5.33,5.4,5.28,5.28,35678917.0,191139171.0,1876364325.0,0.019014919717150348
1095,2005-08-04,5.27,5.33,5.24,5.26,18681179.0,98743980.0,1876364325.0,0.009956051045683785
1096,2005-08-05,5.25,5.51,5.25,5.5,62978215.0,343706480.0,1876364325.0,0.033563958854312584
1097,2005-08-08,5.51,5.61,5.48,5.51,32961423.0,182735259.0,1876364325.0,0.017566643407590902
1098,2005-08-09,5.51,5.55,5.44,5.54,21319592.0,117003195.0,1876364325.0,0.011362181488928064
1099,2005-08-10,5.54,5.68,5.51,5.66,32241184.0,181201539.0,1876364325.0,0.017182795244201843
1100,2005-08-11,5.66,5.76,5.62,5.72,29849851.0,170115282.0,1876364325.0,0.01590834498518831
1101,2005-08-12,5.72,5.72,5.49,5.53,38500632.0,215512909.0,1876364325.0,0.020518740143921677
1102,2005-08-15,5.53,5.66,5.52,5.64,22763768.0,126764726.0,1876364325.0,0.012131848648316205
1103,2005-08-16,5.65,5.73,5.46,5.47,25919638.0,144003092.0,1876364325.0,0.013813755492286925
1104,2005-08-17,5.44,5.6,5.38,5.56,32321662.0,176888329.0,1876364325.0,0.017225685635437565
1105,2005-08-18,5.55,5.55,5.26,5.31,37328793.0,202746371.0,1876364325.0,0.019894213774289276
1106,2005-08-19,5.31,5.49,5.31,5.46,38997940.0,211692436.0,1876364325.0,0.020783778224945735
1107,2005-08-22,5.48,5.7,5.4,5.65,53496695.0,300901271.0,1876364325.0,0.028510825049927337
1108,2005-08-23,5.65,5.68,5.51,5.6,23013488.0,128811069.0,1876364325.0,0.01226493580877477
1109,2005-08-24,5.6,5.75,5.6,5.66,36500873.0,207773481.0,1876364325.0,0.019452977502117025
1110,2005-08-25,5.65,5.69,5.58,5.65,12454408.0,70199293.0,1876364325.0,0.00663752120740198
1111,2005-08-26,5.65,5.7,5.58,5.66,15353577.0,86601189.0,1876364325.0,0.008182620398093532
1112,2005-08-29,5.65,5.71,5.48,5.5,20855307.0,116538067.0,1876364325.0,0.011114742868499165
1113,2005-08-30,5.43,5.55,5.42,5.46,13842709.0,75911033.0,1876364325.0,0.007377410034695687
1114,2005-08-31,5.45,5.54,5.4,5.5,15094355.0,82647742.0,1876364325.0,0.008044469189105905
1115,2005-09-01,5.51,5.77,5.49,5.69,32779066.0,185037622.0,1876364325.0,0.017469457057599943
1116,2005-09-02,5.74,5.77,5.68,5.74,24985425.0,143359973.0,1876364325.0,0.01331587083974217
1117,2005-09-05,5.74,5.76,5.64,5.71,18609658.0,106138021.0,1876364325.0,0.009917934247657368
1118,2005-09-06,5.7,5.71,5.59,5.6,16969822.0,95701312.0,1876364325.0,0.009043990963748472
1119,2005-09-07,5.6,5.7,5.59,5.68,9897933.0,55870079.0,1876364325.0,0.0052750592558830495
1120,2005-09-08,5.7,5.88,5.64,5.83,36151271.0,208970270.0,1877048370.0,0.019259637406147397
1121,2005-09-09,5.85,5.93,5.81,5.83,43005863.0,252998190.0,1877048370.0,0.022911430353816615
1122,2005-09-22,5.7,5.73,5.5,5.58,48674507.0,271987627.0,1877048370.0,0.02593140793702615
1123,2005-09-23,5.56,5.63,5.31,5.36,37512796.0,205450289.0,1877048370.0,0.019984991649416046
1124,2005-09-26,5.38,5.47,5.36,5.42,13177184.0,71342715.0,1877048370.0,0.0070201621921975295
1125,2005-09-27,5.42,5.45,5.3,5.41,17329917.0,93295472.0,1877048370.0,0.009232536186587455
1126,2005-09-28,5.4,5.5,5.39,5.43,14366331.0,78308020.0,1877048370.0,0.007653681828135308
1127,2005-09-29,5.44,5.58,5.44,5.5,25120666.0,138328248.0,1877048370.0,0.01338306801331923
1128,2005-09-30,5.53,5.58,5.49,5.56,28829527.0,159507617.0,1938824990.0,0.014869587068815323
1129,2005-10-26,3.69,3.7,3.48,3.49,105973570.0,378630252.0,2912921807.0000005,0.036380506248172004
1130,2005-10-27,3.49,3.58,3.49,3.51,37976450.0,134002280.0,2912921807.0000005,0.013037236327023726
1131,2005-10-28,3.55,3.63,3.53,3.62,41709588.0,149505382.0,2912921807.0000005,0.014318814840744537
1132,2005-10-31,3.62,3.74,3.58,3.67,33719751.0,123813235.0,2912921807.0000005,0.011575920410554294
1133,2005-11-01,3.67,3.71,3.62,3.7,29293430.0,107318022.0,2912921807.0000005,0.01005637361415105
1134,2005-11-02,3.7,3.75,3.66,3.68,26865333.0,99595538.0,2912921807.0000005,0.009222812962380351
1135,2005-11-03,3.68,3.69,3.56,3.58,23476558.0,84992052.0,2912921807.0000005,0.008059453550584099
1136,2005-11-04,3.58,3.62,3.57,3.6,17201586.0,61837925.0,2912921807.0000005,0.0059052687094665966
1137,2005-11-07,3.62,3.62,3.5,3.55,14458260.0,51296469.0,2912921807.0000005,0.004963490597397968
1138,2005-11-08,3.55,3.63,3.53,3.61,12815002.0,45947784.0,2912921807.0000005,0.004399363542544964
1139,2005-11-09,3.6,3.66,3.59,3.61,22529208.0,81699290.0,2912921807.0000005,0.007734230265247898
1140,2005-11-10,3.63,3.68,3.61,3.63,20813254.0,75787304.0,2912921807.0000005,0.007145146824739329
1141,2005-11-11,3.63,3.65,3.58,3.62,9667193.0,34985380.0,2912921807.0000005,0.0033187272575490724
1142,2005-11-14,3.62,3.64,3.61,3.63,6643511.0,24066457.0,2912921807.0000005,0.002280703513577012
1143,2005-11-15,3.63,3.68,3.6,3.61,13555653.0,49314910.0,2912921807.0000005,0.004653627490935255
1144,2005-11-16,3.6,3.64,3.56,3.62,13614423.0,48884894.0,2912921807.0000005,0.004673803109744785
1145,2005-11-17,3.62,3.63,3.59,3.61,8029791.0,28946948.0,2912921807.0000005,0.0027566105553206836
1146,2005-11-18,3.6,3.71,3.56,3.67,42126771.0,154149151.0,2912921807.0000005,0.014462032897266849
1147,2005-11-22,3.65,3.66,3.58,3.59,24497253.0,88569700.0,2912921807.0000005,0.008409856021926508
1148,2005-11-23,3.58,3.66,3.58,3.64,12251239.0,44511014.0,2912921807.0000005,0.004205824876781527
1149,2005-11-24,3.63,3.71,3.61,3.68,26678905.0,97978334.0,2912921807.0000005,0.009158812617588398
1150,2005-11-25,3.68,3.73,3.66,3.73,23785201.0,88044702.0,2912921807.0000005,0.008165410050775179
1151,2005-11-28,3.73,3.77,3.71,3.73,32643574.0,122340647.0,2912921807.0000005,0.011206471083966173
1152,2005-11-29,3.72,3.78,3.71,3.74,21589563.0,80870879.0,2912921807.0000005,0.0074116520903920015
1153,2005-11-30,3.75,3.87,3.73,3.86,64274500.0,246284936.0,2912921807.0000005,0.022065302214959177
1154,2005-12-01,3.87,3.95,3.85,3.88,50175886.0,195247117.0,2912921807.0000005,0.017225277341610425
1155,2005-12-02,3.88,3.9,3.83,3.87,27164080.0,105009221.0,2912921807.0000005,0.009325372186346503
1156,2005-12-05,3.87,3.92,3.83,3.84,25274711.0,97805300.0,2912921807.0000005,0.008676755736890262
1157,2005-12-06,3.82,3.95,3.81,3.9,36692764.0,142817742.0,2912921807.0000005,0.012596549592173791
1158,2005-12-07,3.89,3.93,3.87,3.9,29200871.0,114051556.0,2912921807.0000005,0.010024598301893242
1159,2005-12-08,3.9,3.94,3.86,3.87,20683548.0,80626087.0,2912921807.0000005,0.007100619024614964
1160,2005-12-09,3.88,4.05,3.86,4.05,62375399.0,247775941.0,2912921807.0000005,0.02141334479013703
1161,2005-12-12,4.05,4.09,4.0,4.02,44818377.0,181360675.0,2912921807.0000005,0.01538605564086808
1162,2005-12-13,4.02,4.08,4.0,4.07,30494648.0,123050827.0,2912921807.0000005,0.010468749256062676
1163,2005-12-14,4.09,4.15,4.04,4.14,35258403.0,144861339.0,2912921807.0000005,0.012104136443096769
1164,2005-12-15,4.14,4.17,4.08,4.11,34393580.0,141872054.0,2912921807.0000005,0.011807244505276208
1165,2005-12-16,4.11,4.12,4.03,4.08,31947218.0,129892106.0,2912921807.0000005,0.01096741351698082
1166,2005-12-19,4.08,4.09,4.04,4.07,22602999.0,91928437.0,2912921807.0000005,0.007759562562126817
1167,2005-12-20,4.07,4.18,4.06,4.17,48521585.0,200067793.0,2912921807.0000005,0.016657359247817253
1168,2005-12-21,4.17,4.23,4.15,4.16,33785784.0,141483331.0,2912921807.0000005,0.011598589402163103
1169,2005-12-23,4.2,4.21,4.15,4.19,33997076.0,142257238.0,2912921807.0000005,0.011671125506459568
1170,2005-12-26,4.18,4.29,4.18,4.22,44060784.0,186869218.0,2912921807.0000005,0.01512597553910241
1171,2005-12-27,4.21,4.22,4.13,4.13,36969716.0,154000079.0,2912921807.0000005,0.01269162663795458
1172,2005-12-28,4.13,4.14,4.05,4.08,50839977.0,207610231.0,2912921807.0000005,0.017453258401178905
1173,2005-12-29,4.08,4.16,4.08,4.12,43762628.0,180197430.0,2912921807.0000005,0.015023619204207493
1174,2005-12-30,4.12,4.14,4.05,4.06,41884999.0,170970294.0,2913108108.0,0.014378113494990142
1175,2006-01-04,4.1,4.27,4.09,4.25,108354647.0,453710914.0,2913108108.0,0.03719554612560915
1176,2006-01-05,4.26,4.27,4.19,4.25,66615812.0,281418593.0,2913108108.0,0.022867607218921653
1177,2006-01-06,4.25,4.31,4.17,4.26,82528269.0,349600554.0,2913108108.0,0.02832997126792522
1178,2006-01-09,4.26,4.27,4.17,4.22,48991239.0,206387862.0,2913108108.0,0.01681751489601772
1179,2006-01-10,4.21,4.24,4.15,4.21,45575658.0,191178387.0,2913108108.0,0.015645028028599343
1180,2006-01-11,4.21,4.25,4.16,4.16,44323927.0,186015968.0,2913108108.0,0.015215338860331783
1181,2006-01-12,4.15,4.19,4.14,4.18,30300218.0,126268033.0,2913108108.0,0.010401336605665031
1182,2006-01-13,4.18,4.24,4.06,4.08,69514433.0,286805966.0,2913108108.0,0.023862634142927594
1183,2006-01-16,4.08,4.08,3.89,3.91,93398853.0,370853704.0,2913108108.0,0.03206158149212086
1184,2006-01-17,3.91,4.0,3.9,3.95,38768434.0,153564248.0,2913108108.0,0.01330827163383804
1185,2006-01-18,3.95,4.12,3.94,4.1,45425143.0,184239630.0,2913108108.0,0.015593359846568386
1186,2006-01-19,4.11,4.17,4.09,4.11,50998759.0,210781928.0,2913108108.0,0.01750664826339497
1187,2006-01-20,4.12,4.16,4.05,4.08,32766006.0,134341172.0,2913108108.0,0.011247782363454945
1188,2006-01-23,4.08,4.25,4.07,4.22,68192524.0,285931291.0,2913108108.0,0.02340885455391414
1189,2006-01-24,4.21,4.28,4.18,4.24,46585607.0,197720634.0,2913108108.0,0.015991719247241888
1190,2006-01-25,4.24,4.44,4.22,4.42,94811181.0,414075721.0,2913108108.0,0.03254639975070915
1191,2006-02-06,4.45,4.6,4.42,4.57,72115428.0,326361353.0,2913108108.0,0.02475549321426007
1192,2006-02-07,4.58,4.6,4.33,4.42,69121133.0,309415986.0,2913108108.0,0.02372762370547767
1193,2006-02-08,4.41,4.49,4.39,4.44,58859396.0,260721316.0,2913108108.0,0.020205016023387486
1194,2006-02-09,4.4,4.45,4.3,4.41,52478994.0,230129771.0,2913108108.0,0.018014777363010243
1195,2006-02-10,4.4,4.44,4.36,4.44,33374865.0,147047985.0,2913108108.0,0.011456789024871987
1196,2006-02-13,4.44,4.44,4.34,4.43,32353316.0,141643632.0,2913108108.0,0.01110611580502319
1197,2006-02-14,4.43,4.5,4.38,4.49,33840871.0,150171681.0,2913108108.0,0.011616757684709997
1198,2006-02-15,4.55,4.83,4.55,4.66,122465522.0,577531102.0,2913108108.0,0.04203947037313316
1199,2006-02-16,4.69,4.75,4.55,4.66,84509625.0,394467181.0,2913108108.0,0.02901012316292657
1200,2006-02-17,4.66,4.87,4.6,4.77,103758304.0,494100710.0,2913108108.0,0.035617732041958255
1201,2006-02-20,4.78,4.95,4.77,4.81,80408742.0,391945365.0,2913108108.0,0.027602388589417912
1202,2006-02-21,4.83,4.92,4.77,4.91,68405070.0,332170949.0,2913108108.0,0.02348181648739553
1203,2006-02-22,4.93,5.0,4.89,4.91,66632900.0,329760622.0,2913108108.0,0.022873473118629622
1204,2006-02-23,4.91,5.09,4.9,5.09,81598870.0,407543040.0,2913108108.0,0.028010930928348506
1205,2006-02-27,5.16,5.2,4.98,5.0,104356446.0,529882877.0,2913108108.0,0.035823059814847076
1206,2006-02-28,4.98,5.26,4.85,5.26,116979912.0,598396114.0,2913108108.0,0.04015639230097533
1207,2006-03-01,5.28,5.36,5.24,5.26,92763768.0,491675181.0,2913108108.0,0.03184357207521802
1208,2006-03-02,5.25,5.29,4.99,5.1,114328452.0,587136743.0,2913108108.0,0.03924620980801582
1209,2006-03-03,5.08,5.13,4.93,5.03,107086940.0,537050669.0,2913108108.0,0.03676037278050788
1210,2006-03-06,5.04,5.1,4.97,4.99,45661025.0,229090964.0,2913108108.0,0.015674332467993667
1211,2006-03-07,4.99,5.01,4.82,4.84,71500187.0,349860331.0,2913108108.0,0.02454429576562766
1212,2006-03-08,4.81,4.89,4.79,4.88,65601010.0,317854085.0,2913108108.0,0.022519250082015836
1213,2006-03-09,4.87,4.93,4.77,4.78,46706217.0,226364000.0,2913108108.0,0.016033121761507934
1214,2006-03-10,4.78,4.85,4.78,4.82,34128018.0,164139309.0,2913108108.0,0.011715328348535151
1215,2006-03-13,4.83,4.97,4.82,4.95,48599669.0,237796095.0,2913108108.0,0.016683098325989073
1216,2006-03-14,4.95,4.98,4.8,4.86,45959563.0,224244033.0,2913108108.0,0.015776813388348167
1217,2006-03-15,4.86,4.94,4.83,4.91,39569024.0,193889818.0,2913108108.0,0.013583094939503014
1218,2006-03-16,4.91,5.04,4.9,4.96,59876187.0,297621439.0,2913108108.0,0.020554055936189787
1219,2006-03-17,4.96,5.03,4.92,5.01,48100755.0,239866539.0,2913108108.0,0.016511833140660084
1220,2006-03-20,5.01,5.15,4.95,5.14,57329098.0,289742789.0,2913108108.0,0.019679701499083536
1221,2006-03-21,5.14,5.27,5.12,5.17,77545072.0,403490754.0,2913108108.0,0.026619359503701603
1222,2006-03-22,5.18,5.25,5.16,5.2,39511412.0,205510790.0,2913108108.0,0.013563318124546581
1223,2006-03-23,5.2,5.22,5.1,5.15,42731492.0,220365246.0,2913108108.0,0.014668694197324996
1224,2006-03-24,5.15,5.15,5.06,5.09,42160021.0,214992177.0,2913108108.0,0.014472521937726865
1225,2006-03-27,5.08,5.18,5.07,5.18,36470527.0,186797971.0,2913108108.0,0.012519455388505615
1226,2006-03-28,5.2,5.27,5.18,5.21,50677786.0,265087010.0,2913108108.0,0.017396465946741994
1227,2006-03-29,5.22,5.43,5.17,5.31,101118229.0,537964783.0,2913108108.0,0.0347114577458723
1228,2006-03-30,5.31,5.43,5.3,5.31,62863458.0,336940182.0,2913108108.0,0.02157951427458661
1229,2006-04-03,5.33,5.57,5.33,5.56,96625425.0,530493174.0,2915519998.0,0.03314174660653451
1230,2006-04-04,5.57,5.66,5.45,5.61,76477933.0,425369254.0,2915519998.0,0.026231318273399817
1231,2006-04-05,5.66,5.72,5.61,5.65,54497389.0,309399871.0,2915519998.0,0.018692167790783233
1232,2006-04-06,5.66,5.7,5.5,5.52,68826047.0,384703281.0,2915519998.0,0.023606782682750783
1233,2006-04-07,5.51,5.56,5.4,5.45,67565871.0,368867081.0,2915662273.0000005,0.023173421567265307
1234,2006-04-10,5.45,5.65,5.44,5.65,55481688.0,307829029.0,2915662273.0000005,0.01902884586935148
1235,2006-04-11,5.77,5.77,5.62,5.63,64462612.0,365839494.0,2915662273.0000005,0.022109080532730134
1236,2006-04-12,5.63,5.68,5.6,5.65,50816941.0,286733745.0,2915662273.0000005,0.01742895309603644
1237,2006-04-13,5.64,5.67,5.45,5.46,71428902.0,395688200.0,2915662273.0000005,0.02449834559422582
1238,2006-04-14,5.46,5.77,5.45,5.76,82284715.0,462881091.0,2915662273.0000005,0.028221620783032298
1239,2006-04-17,4.08,4.18,4.05,4.1,110582407.0,454887866.0,2915662273.0000005,0.03792702880029342
1240,2006-04-18,4.09,4.1,3.99,4.05,95666726.0,385781810.0,4081927182.0,0.023436656690462247
1241,2006-04-19,4.05,4.05,3.92,3.96,139542219.0,553434119.0,4081927182.0,0.034185376852222345
1242,2006-04-20,3.96,4.01,3.88,3.9,98620892.0,386972333.0,4081927182.0,0.024160375137235852
1243,2006-04-21,3.9,4.04,3.89,4.01,113111321.0,451233184.0,4081927182.0,0.027710274082983384
1244,2006-04-24,4.01,4.04,3.9,3.93,96058930.0,378908709.0,4081927182.0,0.02353273973714899
1245,2006-04-25,3.93,3.93,3.8,3.83,107919476.0,414179754.0,4081927182.0,0.026438363838505143
1246,2006-04-26,3.82,4.07,3.8,4.0,123157814.0,489872296.0,4081927182.0,0.030171487267849063
1247,2006-04-27,4.0,4.03,3.9,3.93,82382173.0,325029869.0,4081927182.0,0.02018217604745111
1248,2006-04-28,4.05,4.32,3.97,4.25,330458416.0,1375006505.0,4081927182.0,0.08095647013430726
1249,2006-05-08,4.25,4.44,4.25,4.35,226756632.0,983317489.0,4081927182.0,0.05555136627618557
1250,2006-05-09,4.35,4.48,4.23,4.43,179655736.0,778456101.0,4081927182.0,0.04401247939753179
1251,2006-05-10,4.43,4.44,4.32,4.36,142834987.0,625507210.0,4081927182.0,0.03499204680324942
1252,2006-05-11,4.35,4.43,4.28,4.3,174444491.0,760314540.0,4081927182.0,0.04273581649600333
1253,2006-05-12,4.28,4.33,4.24,4.33,187077413.0,800808981.0,4081927182.0,0.045830659063432554
1254,2006-05-15,4.33,4.4,4.18,4.39,256712199.0,1105953334.0,4081927182.0,0.06288995064194655
1255,2006-05-16,4.39,4.53,4.28,4.51,300735355.0,1316339077.0,4081927182.0,0.07367484562834614
1256,2006-05-17,4.51,4.59,4.45,4.54,187893120.0,850764562.0,4081927182.0,0.046030492858507834
1257,2006-05-18,4.51,4.53,4.38,4.44,114061386.0,506549019.0,4081927182.0,0.027943023212901597
1258,2006-05-19,4.42,4.55,4.39,4.49,113018829.0,506164653.0,4081927182.0,0.027687615178040675
1259,2006-05-22,4.49,4.5,4.41,4.42,119479430.0,530472896.0,4081927182.0,0.029270348213673743
1260,2006-05-23,4.38,4.39,4.23,4.3,128203876.0,551433294.0,4081927182.0,0.031407683254453506
1261,2006-05-24,4.31,4.5,4.31,4.39,151830961.0,667863104.0,4081927182.0,0.037195901404005006
1262,2006-05-25,4.38,4.45,4.31,4.38,52505316.0,229187913.0,4081927182.0,0.0128628742402686
1263,2006-05-26,4.39,4.5,4.37,4.47,112819613.0,503370241.0,4081927182.0,0.027638810779746045
1264,2006-05-29,4.49,4.51,4.41,4.48,63767625.0,284528349.0,4081927182.0,0.015621940852153104
1265,2006-05-30,4.48,4.49,4.4,4.42,71357626.0,316038736.0,4081927182.0,0.017481356922451834
1266,2006-05-31,4.41,4.42,4.33,4.37,78413907.0,342257298.0,4081927182.0,0.019210021027758744
1267,2006-06-01,4.36,4.45,4.3,4.4,91410081.0,400936563.0,4081927182.0,0.02239385391368307
1268,2006-06-02,4.4,4.41,4.28,4.3,138261711.0,596587989.0,4081927182.0,0.03387167502881731
1269,2006-06-05,4.3,4.32,4.19,4.32,80370061.0,341068567.0,4081927182.0,0.019689244177212763
1270,2006-06-06,4.29,4.3,4.23,4.24,67046795.0,285094151.0,4081927182.0,0.016425279533563222
1271,2006-06-07,4.24,4.24,3.98,3.99,115452408.0,471817012.0,4081927182.0,0.028283799012659604
1272,2006-06-08,3.95,4.08,3.88,4.05,91364609.0,363140105.0,4081927182.0,0.02238271407752908
1273,2006-06-09,4.04,4.05,3.93,3.94,51447918.0,204053424.0,4081927182.0,0.012603830422764264
1274,2006-06-12,3.9,4.12,3.86,4.01,70483947.0,283355969.0,4081927182.0,0.01726732101219536
1275,2006-06-13,4.02,4.05,3.93,3.97,38841728.0,154796083.0,4081927182.0,0.009515536722771455
1276,2006-06-14,3.93,3.95,3.86,3.9,42253792.0,164828131.0,4081927182.0,0.01035143208490484
1277,2006-06-15,3.9,3.98,3.9,3.92,28248138.0,110921476.0,4081927182.0,0.0069202944443902134
1278,2006-06-16,3.96,4.04,3.94,4.04,49828003.0,199200253.0,4081927182.0,0.012206979884336408
1279,2006-06-19,4.0,4.04,3.93,4.02,47514395.0,189492551.0,4081927182.0,0.011640186823891265
1280,2006-06-20,4.01,4.11,3.98,4.09,56227301.0,227984140.0,4081927182.0,0.013774694768673117
1281,2006-06-21,4.09,4.11,4.04,4.06,38529404.0,157152176.0,4081927182.0,0.009439022863980134
1282,2006-06-22,4.06,4.22,4.05,4.18,86327526.0,360200784.0,4081927182.0,0.02114871778719545
1283,2006-06-23,4.18,4.23,4.15,4.17,44002028.0,184273903.0,4081927182.0,0.010779718999896652
1284,2006-06-26,4.18,4.26,4.18,4.24,73511814.0,310868652.0,4081927182.0,0.018009094901095667
1285,2006-06-27,4.25,4.27,4.17,4.19,46242123.0,194701061.0,4081927182.0,0.011328502674891666
1286,2006-06-28,4.19,4.25,4.15,4.2,33642113.0,141276890.0,4081927182.0,0.008241722965649905
1287,2006-06-29,4.21,4.38,4.2,4.34,85126792.0,365594925.0,4081927182.0,0.020854559183559683
1288,2006-06-30,4.35,4.42,4.31,4.37,74369287.0,325175783.0,4082810262.0,0.018215219965565962
1289,2006-07-03,4.39,4.56,4.39,4.55,147370676.0,660553734.0,4082810262.0,0.03609540158444914
1290,2006-07-04,4.56,4.58,4.4,4.49,125306954.0,562629196.0,4082810262.0,0.030691348840349318
1291,2006-07-05,4.48,4.48,4.26,4.27,94529802.0,409230475.0,4082810262.0,0.02315312148590852
1292,2006-07-06,4.25,4.32,4.23,4.29,46367311.0,198018705.0,4082810262.0,0.011356714621679864
1293,2006-07-07,4.29,4.31,4.17,4.18,76963426.0,323644262.0,4082810262.0,0.018850600704206813
1294,2006-07-10,4.18,4.24,4.17,4.23,34917560.0,147120139.0,4082810262.0,0.008552334730072744
1295,2006-07-11,4.24,4.35,4.21,4.34,66248865.0,283163879.0,4082810262.0,0.016226290409965663
1296,2006-07-12,4.35,4.49,4.33,4.34,66895964.0,293608831.0,4082810262.0,0.016384783937333995
1297,2006-07-13,4.33,4.33,4.13,4.16,69740658.0,293094768.0,4082810262.0,0.017081532945358312
1298,2006-07-14,4.12,4.4,4.08,4.29,103554158.0,440824110.0,4082810262.0,0.025363450994480723
1299,2006-07-18,4.29,4.37,4.21,4.29,55461260.0,239287631.0,4082810262.0,0.013584089497421764
1300,2006-07-19,4.25,4.31,4.15,4.17,36486157.0,153381184.0,4082810262.0,0.00893653014924258
1301,2006-07-20,4.16,4.21,4.13,4.17,25450990.0,106233451.0,4082810262.0,0.006233694040813107
1302,2006-07-21,4.17,4.27,4.16,4.22,24909041.0,105019397.0,4082810262.0,0.006100954832958142
1303,2006-07-24,4.15,4.24,4.11,4.2,29380348.0,122918947.0,4082810262.0,0.007196109080417512
1304,2006-07-25,4.2,4.28,4.2,4.24,40617032.0,172305571.0,4082810262.0,0.009948302613529582
1305,2006-07-26,4.26,4.29,4.22,4.26,29643044.0,126204661.0,4082810262.0,0.007260451036850068
1306,2006-07-27,4.26,4.3,4.18,4.22,33765571.0,142994433.0,4082810262.0,0.008270178831053403
1307,2006-07-28,4.22,4.24,4.14,4.22,38133581.0,159364021.0,4082810262.0,0.009340032613056071
1308,2006-07-31,4.2,4.21,4.1,4.12,54646241.0,227592702.0,4082810262.0,0.013384467436219058
1309,2006-08-01,4.12,4.15,4.06,4.07,24885359.0,101859972.0,4082810262.0,0.00609515441646061
1310,2006-08-02,4.07,4.09,3.98,4.03,39295000.0,158164596.0,4082810262.0,0.00962449819569891
1311,2006-08-03,4.05,4.1,4.02,4.06,17927490.0,72753775.0,4082810262.0,0.0043909681933683746
1312,2006-08-04,4.06,4.16,4.02,4.03,35786696.0,146493269.0,4082810262.0,0.008765211632065796
1313,2006-08-07,4.02,4.03,3.93,3.94,25797727.0,103044705.0,4082810262.0,0.0063186201034389385
1314,2006-08-09,4.04,4.05,3.99,4.0,19400434.0,77829651.0,4082810262.0,0.00475173538691375
1315,2006-08-10,4.0,4.06,3.99,4.05,15865025.0,64108994.0,4082810262.0,0.0038858100136714116
1316,2006-08-11,4.06,4.15,4.05,4.11,36900571.0,150963283.0,4082810262.0,0.009038032294433378
1317,2006-08-14,4.12,4.19,4.04,4.05,20738533.0,85256231.0,4082810262.0,0.005079475084360411
1318,2006-08-15,4.04,4.17,4.03,4.14,25100810.0,103341936.0,4082810262.0,0.006147924686488897
1319,2006-08-16,4.15,4.26,4.12,4.21,57507709.0,242854218.0,4082810262.0,0.014085324888898793
1320,2006-08-17,4.2,4.2,4.14,4.15,14354988.0,59798734.0,4082810262.0,0.0035159576563247113
1321,2006-08-18,4.15,4.2,4.12,4.13,10963245.0,45534323.0,4082810262.0,0.0026852203008399314
1322,2006-08-21,4.04,4.15,4.02,4.14,22324307.0,91363493.0,4082810262.0,0.005467877654707433
1323,2006-08-22,4.13,4.25,4.12,4.2,43095385.0,181615363.0,4082810262.0,0.010555323964256265
1324,2006-08-23,4.21,4.31,4.2,4.25,66323399.0,283510747.0,4082810262.0,0.016244545972976688
1325,2006-08-24,4.26,4.32,4.23,4.29,36764035.0,157395902.0,4082810262.0,0.009004590622830173
1326,2006-08-25,4.3,4.32,4.23,4.24,29832718.0,127513531.0,4082810262.0,0.007306907763425231
1327,2006-08-28,4.25,4.37,4.23,4.34,70365759.0,304212472.0,4082810262.0,0.01723463851722826
1328,2006-08-29,4.33,4.37,4.27,4.27,74708474.0,322867116.0,4082810262.0,0.018298296811716987
1329,2006-08-30,4.27,4.31,4.25,4.26,19013808.0,81235076.0,4082810262.0,0.004657039338067579
1330,2006-08-31,4.26,4.36,4.26,4.3,41420784.0,179187285.0,4082810262.0,0.010145165055921475
1331,2006-09-01,4.3,4.35,4.25,4.28,26400836.0,113254952.0,4082810262.0,0.006466339189386509
1332,2006-09-04,4.27,4.37,4.27,4.34,40508921.0,175842316.0,4082810262.0,0.009921823058257024
1333,2006-09-05,4.34,4.56,4.33,4.5,208379161.0,936338706.0,4082810262.0,0.05103816920895159
1334,2006-09-06,4.52,4.55,4.45,4.5,55140596.0,248322454.0,4082810262.0,0.013505549477332042
1335,2006-09-07,4.5,4.55,4.46,4.49,50741494.0,228686081.0,4082810262.0,0.012428080352463854
1336,2006-09-08,4.48,4.58,4.44,4.56,77902674.0,352793158.0,4082810262.0,0.019080650091694122
1337,2006-09-11,4.56,4.84,4.53,4.83,163088147.0,772103167.0,4082810262.0,0.039945071295110796
1338,2006-09-12,4.83,4.92,4.78,4.85,109905996.0,534307385.0,4082810262.0,0.026919202448110236
1339,2006-09-13,4.85,5.03,4.82,4.92,123646934.0,613817779.0,4082810262.0,0.030284761246639584
1340,2006-09-14,4.91,5.03,4.9,4.97,144260515.0,719048548.0,4082810262.0,0.03533363192080661
1341,2006-09-15,4.97,5.07,4.92,4.95,79753026.0,397958614.0,4082810262.0,0.01953385557548106
1342,2006-09-18,4.97,5.02,4.82,4.84,97508744.0,475257249.0,4082810262.0,0.02388275176721891
1343,2006-09-19,4.87,4.98,4.82,4.95,61266878.0,301011617.0,4082810262.0,0.015006055650009042
1344,2006-09-20,4.95,5.05,4.9,5.03,93063344.0,464243316.0,4082810262.0,0.02279394290402614
1345,2006-09-21,5.03,5.24,5.02,5.2,100319264.0,519332669.0,4082810262.0,0.02457113056016905
1346,2006-09-22,5.25,5.42,5.0,5.01,155711099.0,811592611.0,4082810262.0,0.038138215838549296
1347,2006-09-25,5.01,5.22,4.99,5.21,89531032.0,456307188.0,4082810262.0,0.02192877607693247
1348,2006-09-26,5.2,5.21,4.98,5.0,77074853.0,391697108.0,4082810262.0,0.01887789244515228
1349,2006-09-27,4.98,5.17,4.98,5.16,61799421.0,313844157.0,4082810262.0,0.015136491052544533
1350,2006-09-28,5.17,5.2,5.12,5.19,48868009.0,252973137.0,4082810262.0,0.011969208918383972
1351,2006-09-29,5.2,5.41,5.19,5.39,120419704.0,643440979.0,4082972925.0,0.029493142916199963
1352,2006-10-09,5.55,5.93,5.52,5.93,159333913.0,914659093.0,4082972925.0,0.039023994507629514
1353,2006-10-10,5.96,6.06,5.86,5.93,154355073.0,923210423.0,4082972925.0,0.037804579122943854
1354,2006-10-11,5.93,5.93,5.7,5.86,69793775.0,405085519.0,4082972925.0,0.017093861821285528
1355,2006-10-12,5.83,6.04,5.82,5.86,61770113.0,366176953.0,4082972925.0,0.015128709921582446
1356,2006-10-13,5.84,5.94,5.78,5.85,36754590.0,215349775.0,4082972925.0,0.009001918620364107
1357,2006-10-17,5.78,5.78,5.52,5.55,66876536.0,375970215.0,4082972925.0,0.01637937288060758
1358,2006-10-18,5.53,5.79,5.45,5.78,67740003.0,381098467.0,4082972925.0,0.016590852852642907
1359,2006-10-19,5.8,5.82,5.68,5.73,40036011.0,229985763.0,4082972925.0,0.009805602862282022
1360,2006-10-20,5.72,5.97,5.7,5.86,67528510.0,397947768.0,4082972925.0,0.016539054076632163
1361,2006-10-23,5.83,5.89,5.59,5.61,61732329.0,352366470.0,4082972925.0,0.01511945588030075
1362,2006-10-24,5.62,5.82,5.62,5.77,68123180.0,392962016.0,4082972925.0,0.016684700401240107
1363,2006-10-25,5.78,6.0,5.74,5.84,103047111.0,605421264.0,4082972925.0,0.025238254794452256
1364,2006-10-26,5.85,6.16,5.78,6.06,231330753.0,1384154737.0,6113331108.0,0.037840376860542854
1365,2006-10-27,6.06,6.13,5.88,5.9,76138381.0,458077846.0,6113331108.0,0.012454483432177284
1366,2006-10-30,5.86,5.96,5.75,5.85,48569810.0,283484958.0,6113331108.0,0.007944900929125333
1367,2006-10-31,5.84,5.97,5.84,5.93,64413444.0,379506179.0,6113331108.0,0.010536554108071713
1368,2006-11-01,5.94,6.0,5.81,5.9,36039283.0,212279986.0,6113331108.0,0.005895195657378747
1369,2006-11-02,5.89,5.89,5.7,5.76,42832424.0,246718450.0,6113331108.0,0.007006396879754938
1370,2006-11-03,5.77,5.94,5.6,5.75,80642435.0,466669968.0,6113331108.0,0.013191242806147054
1371,2006-11-06,5.7,5.86,5.67,5.81,46859538.0,270874112.0,6113331108.0,0.00766513986763761
1372,2006-11-07,5.84,6.09,5.81,6.08,100269906.0,599395462.0,6113331108.0,0.016401844465578717
1373,2006-11-08,6.05,6.09,5.92,5.97,50879079.0,306120513.0,6113331108.0,0.008322644087348523
1374,2006-11-09,5.93,6.52,5.92,6.42,192507654.0,1203513315.0,6113331108.0,0.03148981309847286
1375,2006-11-10,6.42,6.85,6.39,6.51,201132115.0,1330715157.0,6113331108.0,0.032900576043852
1376,2006-11-13,6.5,6.7,6.37,6.5,102084525.0,666608182.0,6113331108.0,0.016698674290095396
1377,2006-11-14,6.54,6.75,6.42,6.72,105206641.0,697191153.0,6113331108.0,0.017209380473818106
1378,2006-11-15,6.75,6.92,6.5,6.9,136032917.0,915486014.0,6113331108.0,0.022251848394402394
1379,2006-11-16,6.9,7.13,6.83,6.89,133006525.0,930794864.0,6113331108.0,0.02175680044974917
1380,2006-11-17,6.83,6.92,6.74,6.82,77299494.0,527302515.0,6113331108.0,0.012644414744499064
1381,2006-11-20,6.84,7.11,6.81,7.1,105162769.0,731985545.0,6113331108.0,0.017202204026276667
1382,2006-11-21,7.07,7.15,6.89,7.13,88608944.0,625764037.0,6113331108.0,0.014494379976253038
1383,2006-11-22,7.08,7.37,6.87,7.1,123267372.0,871569861.0,6113331108.0,0.02016369959721148
1384,2006-11-23,7.08,7.36,7.06,7.27,81808169.0,590526982.0,6113331108.0,0.013381930007511708
1385,2006-11-24,7.24,7.24,6.99,7.12,74016253.0,524594716.0,6113331108.0,0.012107352226209567
1386,2006-11-27,7.01,7.08,6.85,6.94,85112994.0,591387766.0,6113331108.0,0.013922523170488805
1387,2006-11-28,6.88,6.95,6.74,6.82,66300274.0,452255849.0,6113331108.0,0.010845195987051713
1388,2006-11-29,6.69,6.92,6.63,6.88,76072140.0,517287600.0,6113331108.0,0.012443647932049814
1389,2006-11-30,6.91,7.08,6.81,7.07,71554073.0,496793855.0,6113331108.0,0.01170459635441032
1390,2006-12-01,7.07,7.11,6.91,6.95,66651781.0,466012588.0,6113331108.0,0.010902694426738713
1391,2006-12-04,6.95,7.56,6.9,7.54,143371571.0,1047214807.0,6113331108.0,0.023452282964418814
1392,2006-12-05,7.58,7.8,7.5,7.61,101451849.0,773615273.0,6113331108.0,0.016595183085574824
1393,2006-12-06,7.57,7.78,7.35,7.71,84623104.0,640550333.0,6113331108.0,0.013842388463019923
1394,2006-12-07,7.72,8.25,7.72,7.84,122084633.0,982473355.0,6113331108.0,0.01997023076997059
1395,2006-12-08,7.79,8.34,7.78,7.96,147315735.0,1187960092.0,6113331108.0,0.024097457245072222
1396,2006-12-11,8.0,8.5,7.99,8.38,115185477.0,950556514.0,6113331108.0,0.01884168793822839
1397,2006-12-12,8.41,8.83,8.41,8.75,122861226.0,1067413691.0,6113331108.0,0.020097263477062758
1398,2006-12-13,8.71,8.78,8.4,8.54,69667202.0,596470796.0,6113331108.0,0.011395947768775753
1399,2006-12-14,8.52,8.83,8.45,8.71,55433792.0,478509880.0,6113331108.0,0.009067690105556114
1400,2006-12-15,8.76,8.85,8.56,8.78,46514367.0,405527742.0,6113331108.0,0.007608677851446747
1401,2006-12-18,8.83,9.15,8.72,9.07,64480177.0,579448459.0,6113331108.0,0.010547470088053998
1402,2006-12-19,9.07,9.25,8.85,8.98,73420385.0,664420606.0,6113331108.0,0.012009881961721482
1403,2006-12-20,8.9,8.98,8.68,8.87,58182034.0,512769519.0,6113331108.0,0.009517239124159672
1404,2006-12-21,8.85,8.97,8.7,8.75,62422137.0,552704278.0,6113331108.0,0.01021082220106047
1405,2006-12-22,8.81,9.2,8.81,8.93,72448173.0,650289330.0,6113331108.0,0.01185085049707077
1406,2006-12-25,8.95,9.65,8.95,9.38,143239641.0,1329834836.0,6113331108.0,0.02343070225863513
1407,2006-12-26,9.3,9.61,9.19,9.33,85139236.0,798490936.0,6113331108.0,0.013926815756566084
1408,2006-12-27,9.32,9.94,9.2,9.89,101683648.0,975584551.0,6113331108.0,0.016633100056847108
1409,2006-12-28,9.89,10.34,9.73,9.81,126505664.0,1277141709.0,6113331108.0,0.020693409495594426
1410,2006-12-29,9.88,10.29,9.87,10.2,81130065.0,821025163.0,6113531446.0,0.01327057294406857
1411,2007-01-04,10.35,11.2,10.18,10.21,154288957.0,1658084978.0,6113531446.0,0.025237288523468567
1412,2007-01-05,10.01,10.24,9.48,9.61,124976176.0,1221361397.0,6113531446.0,0.020442550611524245
1413,2007-01-08,9.53,9.97,9.39,9.69,94129551.0,904951254.0,6113531446.0,0.015396919412525092
1414,2007-01-09,9.69,10.14,9.65,10.1,162722156.0,1617660412.0,6113531446.0,0.026616720211109224
1415,2007-01-10,10.19,10.51,9.96,10.17,140661930.0,1437028321.0,6113531446.0,0.023008294181922163
1416,2007-01-11,10.18,10.35,9.75,9.76,138331935.0,1383175935.0,6113531446.0,0.02262717321761855
1417,2007-01-12,9.69,10.08,9.48,9.69,101426591.0,989331101.0,6113531446.0,0.016590507777033196
1418,2007-01-16,10.4,10.59,10.0,10.24,195708319.0,2016993440.0,6113531446.0,0.032012319021937685
1419,2007-01-17,10.3,10.65,10.1,10.35,196900263.0,2044051610.0,6113531446.0,0.03220728718567877
1420,2007-01-18,10.25,10.45,9.4,9.84,171585068.0,1695487801.0,6113531446.0,0.028066440733246864
1421,2007-01-19,9.76,10.22,9.71,10.14,146647661.0,1474640568.0,6113531446.0,0.023987389661003472
1422,2007-01-22,10.3,10.6,10.3,10.37,211566933.0,2209231155.0,6113531446.0,0.0346063375757109
1423,2007-01-23,10.47,11.41,10.35,11.41,429383625.0,4666928634.0,6113531446.0,0.07023495810771364
1424,2007-01-24,11.48,12.21,11.25,11.53,237168544.0,2792921474.0,6113531446.0,0.0387940335458937
1425,2007-01-25,11.39,12.12,11.08,11.67,206558685.0,2433679968.0,6113531446.0,0.033787130535682205
1426,2007-01-26,11.62,12.84,11.5,12.84,258572728.0,3148507539.0,6113531446.0,0.04229514974837998
1427,2007-01-29,13.28,14.07,13.01,13.98,274726565.0,3715512905.0,6113531446.0,0.04493745839481202
1428,2007-01-30,13.98,13.98,13.0,13.25,151037049.0,2025710312.0,6113531446.0,0.0247053687928311
1429,2007-01-31,13.25,13.48,11.93,12.02,162926898.0,2053335894.0,6113531446.0,0.0266502101836085
1430,2007-02-01,11.88,12.5,11.6,12.29,144586354.0,1756778075.0,6113531446.0,0.02365021841747471
1431,2007-02-02,12.29,12.39,11.38,11.51,127682867.0,1497097404.0,6113531446.0,0.020885288335850658
1432,2007-02-05,11.45,11.65,10.63,10.84,116542041.0,1280798908.0,6113531446.0,0.019062965820884403
1433,2007-02-06,10.71,11.92,10.05,11.92,223954914.0,2425150737.0,6113531446.0,0.03663265920493967
1434,2007-02-07,11.8,12.78,11.68,12.19,255390031.0,3133760416.0,6113531446.0,0.04177455097038851
1435,2007-02-08,12.19,12.28,11.7,11.95,101426098.0,1215846643.0,6113531446.0,0.016590427136244094
1436,2007-02-09,11.98,12.3,11.49,11.57,100739765.0,1185329225.0,6113531446.0,0.016478162562803638
1437,2007-02-12,11.55,12.3,11.51,12.23,139983159.0,1680306863.0,6113531446.0,0.02289726653677214
1438,2007-02-13,12.3,12.57,12.06,12.42,96264943.0,1185268894.0,6113531446.0,0.015746208856582365
1439,2007-02-14,12.41,12.77,12.21,12.63,95070971.0,1193998590.0,6113531446.0,0.015550908969676378
1440,2007-02-15,12.76,13.51,12.76,13.18,135595268.0,1791331457.0,6113531446.0,0.022179532271600258
1441,2007-02-16,13.36,13.55,13.0,13.17,108551328.0,1439868284.0,6113531446.0,0.017755912267536245
1442,2007-02-26,12.9,12.9,12.3,12.63,182954404.0,2292602159.0,6113531446.0,0.0299261409900336
1443,2007-02-27,12.75,12.85,11.37,11.37,190974250.0,2317010665.0,6113531446.0,0.031237959874231423
1444,2007-03-01,11.88,11.88,11.08,11.46,172580821.0,1990514229.0,6113531446.0,0.028229317625072047
1445,2007-03-02,11.5,11.73,11.28,11.5,115712762.0,1328553892.0,6113531446.0,0.018927319344322548
1446,2007-03-05,11.43,11.49,10.62,10.98,137295952.0,1520235053.0,6113531446.0,0.022457715841116818
1447,2007-03-06,11.05,11.82,10.95,11.53,161542110.0,1836461707.0,6113531446.0,0.02642369822203087
1448,2007-03-07,11.53,11.79,11.4,11.62,116952713.0,1355087682.0,6113531446.0,0.019130140088920382
1449,2007-03-08,11.62,11.65,11.36,11.53,96818324.0,1110010805.0,6113531446.0,0.01583672626127521
1450,2007-03-09,11.57,11.8,11.38,11.62,154469220.0,1792059563.0,6113531446.0,0.025266774427253023
1451,2007-03-12,11.7,11.76,11.21,11.4,125597214.0,1442665207.0,6113531446.0,0.02054413477862726
1452,2007-03-13,11.41,11.44,11.18,11.31,107690580.0,1215553633.0,6113531446.0,0.017615118356913085
1453,2007-03-14,11.15,11.18,10.8,11.01,135732924.0,1494827789.0,6113531446.0,0.02220204888106173
1454,2007-03-15,11.02,11.24,10.92,11.19,117394025.0,1300664738.0,6113531446.0,0.019202326190177577
1455,2007-03-16,11.26,11.39,10.91,11.03,137739268.0,1536516500.0,6113531446.0,0.022530229739820988
1456,2007-03-19,11.4,12.13,11.3,11.9,241777474.0,2844254103.0,6113531446.0,0.039547923509609444
1457,2007-03-20,12.0,12.04,11.7,11.77,116031351.0,1374798101.0,6113531446.0,0.018979431450527294
1458,2007-03-21,11.8,12.08,11.78,11.89,118254048.0,1410207426.0,6113531446.0,0.019343001511405
1459,2007-03-22,12.1,12.14,11.8,11.85,133425380.0,1598556996.0,6113531446.0,0.021824600262308032
1460,2007-03-23,11.85,11.9,11.37,11.64,115245947.0,1340274972.0,6113531446.0,0.018850961677052278
1461,2007-03-26,11.66,11.92,11.44,11.88,150688435.0,1758953070.0,6113531446.0,0.024648345449927042
1462,2007-03-27,11.88,11.93,11.66,11.82,125962421.0,1483935575.0,6113531446.0,0.020603872264763682
1463,2007-03-28,11.85,12.57,11.7,12.4,320954554.0,3901558322.0,6113531446.0,0.05249904361087342
1464,2007-03-29,12.42,13.31,12.3,12.61,368659325.0,4723071775.0,6113531446.0,0.06030218839247302
1465,2007-03-30,12.48,12.68,12.31,12.44,119666051.0,1495801882.0,6113628269.0,0.01957365507595274
1466,2007-04-02,12.43,12.84,12.41,12.67,109351250.0,1381923629.0,6113628269.0,0.017886473496349243
1467,2007-04-03,12.7,12.9,12.57,12.75,102970196.0,1308065976.0,6113628269.0,0.016842730939681867
1468,2007-04-04,12.79,12.83,12.46,12.55,131928897.0,1670374866.0,6113628269.0,0.02157947640829976
1469,2007-04-05,12.5,12.53,12.23,12.4,193436407.0,2387227765.0,6113628269.0,0.031640197684384266
1470,2007-04-06,12.3,12.41,12.18,12.26,174052132.0,2133541454.0,6113628269.0,0.028469531404543433
1471,2007-04-10,12.43,12.54,12.25,12.49,214079533.0,2656135146.0,6113628269.0,0.03501677295060937
1472,2007-04-11,12.58,12.98,12.57,12.81,264304414.0,3376655874.0,6113628269.0,0.04323200599882596
1473,2007-04-12,12.95,13.18,12.86,12.92,214200309.0,2785229205.0,6113628269.0,0.03503652815892199
1474,2007-04-13,12.9,12.9,12.51,12.54,201003603.0,2547367466.0,6113628269.0,0.032877956289756226
1475,2007-04-16,12.47,13.08,12.34,12.9,251205604.0,3179543085.0,6113628269.0,0.04108944687948609
1476,2007-04-17,13.05,13.1,12.43,12.77,207183126.0,2652337523.0,6113628269.0,0.03388873462433933
1477,2007-04-18,12.78,12.78,12.41,12.52,193700937.0,2426535484.0,6113628269.0,0.03168346658925723
1478,2007-04-19,12.53,12.69,11.61,11.97,233711941.0,2866581832.0,6113628269.0,0.03822802609459734
1479,2007-04-20,12.01,12.38,12.01,12.28,190187783.0,2321268696.0,6113628269.0,0.031108823538449914
1480,2007-04-23,12.34,12.65,12.14,12.58,244918155.0,3045612966.0,6113628269.0,0.040061015198109354
1481,2007-04-24,12.71,12.78,12.46,12.6,207787149.0,2619107711.0,6113628269.0,0.033987534056267955
1482,2007-04-25,12.65,13.61,12.52,13.45,451507830.0,5957672238.0,6113628269.0,0.07385267964188026
1483,2007-04-26,13.66,13.75,13.17,13.37,252007769.0,3376777811.0,6113628269.0,0.04122065619819254
1484,2007-04-27,13.4,13.43,12.85,13.06,191212403.0,2507964755.0,6113628269.0,0.0312764195967833
1485,2007-04-30,12.94,13.16,12.8,13.01,179530681.0,2329351787.0,6113628269.0,0.02936565213006738
1486,2007-05-08,13.3,13.38,13.0,13.14,226149666.0,2976179522.0,6113628269.0,0.03699107241222422
1487,2007-05-09,13.12,13.75,13.0,13.63,374067287.0,5025900421.0,6113628269.0,0.061185808253465465
1488,2007-05-10,13.66,13.84,13.4,13.57,257620850.0,3512311558.0,6113628269.0,0.04213878218705286
1489,2007-05-11,13.39,14.05,12.97,13.97,375096986.0,5072041629.0,6113628269.0,0.061354235078698076
1490,2007-05-14,14.03,14.72,13.78,14.44,410521933.0,5898739375.0,6113628269.0,0.06714865787336276
1491,2007-05-15,14.46,14.54,13.5,13.53,284681073.0,3981192421.0,6113628269.0,0.04656499552704486
1492,2007-05-16,13.51,13.91,13.29,13.74,159790634.0,2172132917.0,6113628269.0,0.02613679258358585
1493,2007-05-17,13.78,13.82,13.51,13.73,175709165.0,2403547746.0,6113628269.0,0.028740570618425998
1494,2007-05-18,13.6,13.6,13.22,13.41,188716900.0,2533667182.0,6113628269.0,0.030868232692019437
1495,2007-05-21,12.92,13.23,12.83,13.18,272942859.0,3569173915.0,6113628269.0,0.0446449877209569
1496,2007-05-22,13.21,13.43,13.12,13.24,205146896.0,2720012528.0,6113628269.0,0.0335556705402299
1497,2007-05-23,13.28,13.41,13.08,13.31,179485453.0,2378861169.0,6113628269.0,0.029358254231796506
1498,2007-05-24,13.32,13.73,13.2,13.34,227560013.0,3059464691.0,6113628269.0,0.037221761446287895
1499,2007-05-25,13.25,13.44,13.13,13.21,173487666.0,2301268794.0,6113628269.0,0.028377202271144496
1500,2007-05-28,13.31,13.58,13.25,13.43,215948986.0,2897948490.0,6113628269.0,0.03532255748930619
1501,2007-05-29,13.5,13.8,13.36,13.64,199757598.0,2711882944.0,6113628269.0,0.03267414851061498
1502,2007-05-30,12.98,13.44,12.28,12.46,286671827.0,3696000121.0,6113628269.0,0.04689062114777394
1503,2007-05-31,12.55,13.7,12.11,13.38,331771625.0,4323155002.0,6113628269.0,0.05426754954701679
1504,2007-06-01,13.42,14.08,13.27,13.42,348078647.0,4761638038.0,6113704672.0,0.05693416114686673
1505,2007-06-04,13.42,13.57,12.08,12.11,203359482.0,2559727159.0,6113704672.0,0.03326288934618659
1506,2007-06-05,12.11,12.5,11.0,12.47,179889641.0,2110086023.0,6113704672.0,0.02942399913817754
1507,2007-06-06,12.5,12.6,12.1,12.36,132289237.0,1641467207.0,6113704672.0,0.02163814644267462
1508,2007-06-07,12.51,12.83,12.42,12.73,135374389.0,1714860957.0,6113704672.0,0.022142775332278923
1509,2007-06-08,12.8,12.83,12.47,12.72,157462787.0,1991582971.0,6113704672.0,0.02575570712814438
1510,2007-06-11,11.11,11.5,10.88,11.31,192447714.0,2146408777.0,6113704672.0,0.03147808478243746
1511,2007-06-12,11.52,11.61,11.01,11.36,238036142.0,2692663992.0,7316507708.000001,0.032534120307114146
1512,2007-06-13,11.44,11.76,11.37,11.61,309495559.0,3582362657.0,7316507708.000001,0.042300995413644134
1513,2007-06-14,11.65,11.7,11.36,11.38,213248077.0,2460184482.0,7316507708.000001,0.029146156268902816
1514,2007-06-15,11.38,11.8,11.28,11.61,261442961.0,3024272684.0,7316507708.000001,0.03573329946938122
1515,2007-06-18,11.92,12.25,11.79,11.95,317794409.0,3825381400.0,7316507708.000001,0.04343525923611314
1516,2007-06-19,11.9,12.23,11.7,11.9,182692899.0,2190708108.0,7316507708.000001,0.024969959206116915
1517,2007-06-20,11.95,12.0,11.4,11.46,186987087.0,2181757726.0,7316507708.000001,0.025556876923063302
1518,2007-06-21,11.45,11.66,11.3,11.5,127567777.0,1465936683.0,7316518586.0,0.017435584356212553
1519,2007-06-22,11.5,11.89,11.01,11.25,189181667.0,2174619122.0,7316518586.0,0.025856787593213394
1520,2007-06-25,11.32,11.7,11.05,11.18,188933399.0,2156576431.0,7316518586.0,0.025822855061356637
1521,2007-06-26,11.0,11.27,10.9,11.12,130948398.0,1450963608.0,7316518586.0,0.017897637580059855
1522,2007-06-27,11.25,11.79,11.2,11.7,281303398.0,3238647387.0,7316518586.0,0.03844771180357116
1523,2007-06-28,11.83,11.96,11.3,11.32,213536689.0,2502880146.0,7316518586.0,0.02918555956498188
1524,2007-06-29,11.02,11.67,11.01,11.43,188987132.0,2159812609.0,7316518586.0,0.02583019912798729
1525,2007-07-02,11.46,11.9,11.38,11.7,178779815.0,2080402244.0,7316518586.0,0.0244350933983946
1526,2007-07-03,11.74,11.94,11.63,11.74,151316079.0,1785241532.0,7316518586.0,0.020681431642849926
1527,2007-07-04,11.79,11.85,11.31,11.4,99528044.0,1148927876.0,7316518586.0,0.013603197043802329
1528,2007-07-05,11.49,11.61,11.08,11.14,118809836.0,1347421572.0,7316518586.0,0.01623857502765592
1529,2007-07-06,11.1,11.42,10.79,11.37,119072365.0,1328335347.0,7316518586.0,0.0162744567105785
1530,2007-07-09,11.45,11.8,11.36,11.69,160317707.0,1861213827.0,7316518586.0,0.021911747385807843
1531,2007-07-10,11.81,12.18,11.72,11.77,295120664.0,3529177759.0,7316518586.0,0.04033621462599808
1532,2007-07-11,11.8,12.09,11.66,11.92,126622881.0,1514626800.0,7316518586.0,0.017306438781183466
1533,2007-07-12,11.95,12.38,11.94,12.22,205417293.0,2510914811.0,7316518586.0,0.028075824667904425
1534,2007-07-13,12.28,12.34,11.96,12.14,89243917.0,1079644989.0,7316518586.0,0.012197593151853165
1535,2007-07-16,12.18,12.3,11.7,11.72,98682147.0,1179402065.0,7316518586.0,0.01348758235765657
1536,2007-07-17,11.7,12.5,11.63,12.39,189213505.0,2302508062.0,7316518586.0,0.025861139116362793
1537,2007-07-18,12.3,12.9,12.19,12.54,311206770.0,3930744520.0,7316518586.0,0.042534815751782196
1538,2007-07-19,12.55,12.88,12.5,12.56,135886100.0,1725030170.0,7316518586.0,0.0185725080040137
1539,2007-07-20,12.58,13.42,12.57,13.38,305994988.0,4009853739.0,7316518586.0,0.04182248488858004
1540,2007-07-23,13.78,14.14,13.5,13.7,335468547.0,4634849208.0,7316518586.0,0.04585084327427416
1541,2007-07-24,13.75,14.35,13.61,14.04,239218369.0,3372641868.0,7316518586.0,0.03269565520652666
1542,2007-07-25,14.12,14.65,14.12,14.58,188656030.0,2721397335.0,7316518586.0,0.025784945091370262
1543,2007-07-26,14.62,14.68,14.2,14.45,162047606.0,2330297781.0,7316518586.0,0.02214818483616984
1544,2007-07-27,14.26,14.3,13.91,14.14,192224663.0,2712808659.0,7316518586.0,0.02627269523620397
1545,2007-07-30,14.06,14.48,14.06,14.24,151733190.0,2166102837.0,7316518586.0,0.020738441133784334
1546,2007-07-31,14.08,14.45,13.8,14.22,189721971.0,2670039082.0,7316518586.0,0.025930634736994845
1547,2007-08-01,14.23,14.4,13.63,13.72,190816266.0,2671025623.0,7316518586.0,0.026080199723010723
1548,2007-08-02,13.72,14.12,13.52,13.97,166726815.0,2311021970.0,7316518586.0,0.022787725205677487
1549,2007-08-03,14.03,15.26,14.03,15.16,347593711.0,5095902899.0,7316518586.0,0.047508074627885595
1550,2007-08-06,15.24,15.45,14.9,15.27,248115148.0,3755090496.0,7316518586.0,0.03391164049999996
1551,2007-08-07,15.3,15.35,14.9,15.08,160678057.0,2421189165.0,7316518586.0,0.021960998952077287
1552,2007-08-08,14.9,15.76,14.75,15.15,233076917.0,3559120901.0,7316518586.0,0.0318562598126912
1553,2007-08-09,15.16,15.56,15.1,15.29,158956848.0,2434698582.0,7316518586.0,0.021725749225070035
1554,2007-08-10,15.2,15.31,14.63,14.9,199745673.0,2982989271.0,7316518586.0,0.027300644514483847
1555,2007-08-13,14.99,15.74,14.8,15.32,209694488.0,3217342182.0,7316518586.0,0.028660418959537103
1556,2007-08-14,15.33,15.39,14.95,15.19,132260541.0,1998518760.0,7316518586.0,0.018076977382805764
1557,2007-08-15,15.24,15.95,15.2,15.79,234787030.0,3677274122.0,7316518586.0,0.032089992971419484
1558,2007-08-16,15.59,16.0,15.11,15.34,169869602.0,2636495756.0,7316518586.0,0.023217271985755877
1559,2007-08-17,15.18,15.47,14.5,14.55,210695859.0,3139374777.0,7316518586.0,0.028797283369601762
1560,2007-08-20,15.05,15.6,14.92,15.46,159725979.0,2446020068.0,7316518586.0,0.021830871762648456
1561,2007-08-21,15.55,16.7,15.54,16.29,262082403.0,4231422195.0,7316518586.0,0.03582064337285892
1562,2007-08-22,15.98,16.97,15.89,16.5,177488497.0,2936899469.0,7316518586.0,0.024258599894712275
1563,2007-08-23,16.53,16.85,16.26,16.6,121366504.0,2009039824.0,7316518586.0,0.01658801280601298
1564,2007-08-24,16.66,17.39,16.45,17.09,149729319.0,2548764906.0,7316518586.0,0.02046455800529282
1565,2007-08-27,17.21,18.09,17.0,17.44,197029641.0,3468869278.0,7316518586.0,0.026929425338577277
1566,2007-08-28,17.18,17.4,16.71,17.07,153312952.0,2613440861.0,7316518586.0,0.020954358305514457
1567,2007-08-29,16.85,17.2,16.41,16.63,142812454.0,2390690086.0,7316518586.0,0.019519181468802462
1568,2007-08-30,16.82,17.32,16.82,17.1,118752817.0,2025329384.0,7316518586.0,0.016230781840318283
1569,2007-08-31,17.0,17.08,16.61,16.91,149442547.0,2513532694.0,7316518586.0,0.020425362861232265
1570,2007-09-03,16.97,17.3,16.79,16.97,150584281.0,2566269380.0,7316518586.0,0.02058141166867802
1571,2007-09-04,16.95,16.95,16.5,16.61,124694547.0,2076987564.0,7316518586.0,0.0170428798251945
1572,2007-09-05,16.58,16.78,16.19,16.62,140346588.0,2303029745.0,7316518586.0,0.019182154237747738
1573,2007-09-06,16.68,17.4,16.6,17.0,180850389.0,3071762601.0,7316518586.0,0.024718093294542203
1574,2007-09-07,16.81,17.39,16.6,16.75,186285615.0,3151805018.0,7316518586.0,0.025460963819111112
1575,2007-09-10,16.45,17.03,16.35,16.88,124552247.0,2070228153.0,7316518586.0,0.01702343068441431
1576,2007-09-11,16.88,16.88,15.5,15.71,164433998.0,2686259157.0,7316518586.0,0.02247434979727119
1577,2007-09-12,15.6,16.0,15.21,15.43,160476040.0,2488396490.0,7316518586.0,0.021933387869343682
1578,2007-09-13,15.56,16.0,15.5,15.95,129170036.0,2035348763.0,7316518586.0,0.0176545763509935
1579,2007-09-14,16.0,16.09,15.51,15.79,113733629.0,1789490755.0,7316518586.0,0.015544774152235031
1580,2007-09-17,15.85,16.2,15.63,16.07,157643079.0,2512365136.0,7316518586.0,0.021546187185480074
1581,2007-09-18,16.4,16.5,15.76,16.21,229507135.0,3696799113.0,7316518586.0,0.03136835262595477
1582,2007-09-19,16.25,16.4,15.78,15.84,92127172.0,1471369241.0,7316518586.0,0.012591667870055487
1583,2007-09-20,15.9,16.1,15.5,15.7,99571375.0,1564457087.0,7316518586.0,0.013609119396009964
1584,2007-09-21,15.75,15.75,15.2,15.54,145055247.0,2226419862.0,7316518586.0,0.019825719745667027
1585,2007-09-24,15.55,15.84,15.01,15.64,124184470.0,1920062749.0,7316518586.0,0.016973164017873788
1586,2007-09-25,15.88,15.91,15.08,15.23,129788412.0,1996792267.0,7316518586.0,0.017739094143538064
1587,2007-09-26,15.23,15.49,14.98,15.02,109996903.0,1663559819.0,7316518586.0,0.01503404955609307
1588,2007-09-27,15.02,15.15,14.84,15.08,123338898.0,1847453340.0,7316518586.0,0.016857593751761435
1589,2007-09-28,15.25,15.94,15.19,15.81,199728738.0,3114350437.0,7316528626.0,0.02729829242931469
1590,2007-10-08,16.38,16.6,16.0,16.3,262748682.0,4292209859.0,7316528626.0,0.03591165912565378
1591,2007-10-09,16.35,16.93,16.16,16.68,187061800.0,3127184204.0,7316528626.0,0.02556701539241678
1592,2007-10-11,16.9,17.9,16.9,17.38,223309429.0,3903354022.0,7316528626.0,0.030521226720339495
1593,2007-10-12,17.4,17.5,16.1,16.81,203725439.0,3406255204.0,7316528626.0,0.02784454888566167
1594,2007-10-15,16.81,16.85,16.2,16.46,146611315.0,2407637099.0,7316528626.0,0.020038370994545467
1595,2007-10-16,16.53,17.39,16.53,16.8,174129290.0,2955439314.0,7316528626.0,0.02379944081421544
1596,2007-10-17,16.7,16.78,16.34,16.39,91569231.0,1507256634.0,7316528626.0,0.012515392979479336
1597,2007-10-18,16.33,16.35,15.86,15.9,99159230.0,1589230231.0,7316528626.0,0.013552770045568876
1598,2007-10-19,15.92,16.15,15.75,15.79,77198899.0,1227048808.0,7316528626.0,0.01055130143626667
1599,2007-10-22,15.7,15.83,15.31,15.46,75838509.0,1182882021.0,7316528626.0,0.010365367632199297
1600,2007-10-23,15.46,16.07,15.4,16.04,93612177.0,1469238307.0,7316528626.0,0.012794616379595643
1601,2007-10-24,16.2,16.55,15.85,15.92,130694957.0,2131618802.0,7316528626.0,0.017862973505709073
1602,2007-10-25,15.68,16.3,15.2,15.41,135950686.0,2142168646.0,7316528626.0,0.018581309928438733
1603,2007-10-26,15.35,16.35,15.25,16.13,143339415.0,2285895186.0,12099090467.999998,0.011847123168399143
1604,2007-10-29,16.38,17.11,16.38,16.68,152001959.0,2549500644.0,12099090467.999998,0.012563089713397788
1605,2007-10-30,16.76,17.05,16.46,16.82,97714447.0,1644574015.0,12099090467.999998,0.008076181202086042
1606,2007-10-31,17.05,17.1,16.5,16.99,147444723.0,2486186253.0,12099090467.999998,0.012186430326309717
1607,2007-11-01,16.89,17.23,16.66,16.95,168058249.0,2867265988.0,12099090467.999998,0.013890155581899731
1608,2007-11-02,16.66,16.92,16.35,16.4,101799882.0,1689371768.0,12099090467.999998,0.008413845839837555
1609,2007-11-05,16.25,16.84,16.13,16.37,63346413.0,1045258362.0,12099090467.999998,0.005235634295614229
1610,2007-11-06,16.38,16.78,16.34,16.61,65527507.0,1084943797.0,12099090467.999998,0.005415903548560854
1611,2007-11-07,16.76,17.4,16.76,17.39,233614189.0,4002555886.0,12099090467.999998,0.019308409141816828
1612,2007-11-08,17.21,17.64,16.69,16.8,200170423.0,3461684108.0,12099090467.999998,0.016544253762662255
1613,2007-11-09,16.83,17.66,16.59,17.51,254771275.0,4389790660.0,12099090467.999998,0.021057060088427802
1614,2007-11-12,17.06,17.9,17.01,17.61,253328858.0,4446330454.0,12099090467.999998,0.020937843110604967
1615,2007-11-13,17.91,18.04,16.0,16.36,301666552.0,5138034258.0,12099090467.999998,0.024932994161656685
1616,2007-11-14,16.45,16.87,16.0,16.79,176491713.0,2897241326.0,12099090467.999998,0.014587188472289719
1617,2007-11-15,16.51,16.98,16.39,16.48,94814890.0,1575795775.0,12099090467.999998,0.007836530378111394
1618,2007-11-16,16.2,16.43,16.08,16.29,77065223.0,1247869505.0,12099090467.999998,0.006369505476781431
1619,2007-11-19,16.35,16.4,15.7,15.89,109199114.0,1739037145.0,12099090467.999998,0.009025398585853439
1620,2007-11-20,15.76,16.5,15.59,16.42,101600625.0,1624575999.0,12099090467.999998,0.008397377081253841
1621,2007-11-21,16.42,16.52,15.93,15.98,66664175.0,1078486946.0,12099090467.999998,0.00550985011446234
1622,2007-11-22,15.71,16.1,15.47,15.63,73643411.0,1163275394.0,12099090467.999998,0.0060866898379489005
1623,2007-11-23,15.5,16.08,15.46,16.01,43995884.0,693000882.0,12099090467.999998,0.003636296803992127
1624,2007-11-26,16.2,16.26,15.67,15.7,75491615.0,1200991032.0,12099090467.999998,0.006239445452504241
1625,2007-11-27,15.5,15.73,15.19,15.21,82221686.0,1264595278.0,12099090467.999998,0.006795691479244836
1626,2007-11-28,15.25,15.39,14.66,14.79,79671546.0,1193964945.0,12099090467.999998,0.006584920264107245
1627,2007-11-29,15.05,15.64,14.73,15.58,172067311.0,2613311713.0,12099090467.999998,0.014221507926987427
1628,2007-11-30,15.48,15.48,14.99,15.1,89747773.0,1359663389.0,12099090467.999998,0.0074177288976694025
1629,2007-12-03,14.95,15.35,14.86,15.15,46064807.0,698012637.0,12099090467.999998,0.003807295029476261
1630,2007-12-04,15.24,15.6,15.24,15.3,50010749.0,769937907.0,12099090467.999998,0.00413343045349316
1631,2007-12-05,15.3,15.53,15.22,15.5,57533763.0,888155710.0,12099090467.999998,0.004755213885883972
1632,2007-12-06,15.58,15.73,15.35,15.54,57312861.0,891629053.0,12099090467.999998,0.004736956149851313
1633,2007-12-07,15.57,15.7,15.41,15.65,40977029.0,637524949.0,12099090467.999998,0.0033867859000126627
1634,2007-12-10,15.05,15.6,15.03,15.55,112162118.0,1720480272.0,12099090467.999998,0.009270293357723823
1635,2007-12-11,15.58,15.58,15.05,15.29,113552521.0,1731226186.0,12099090467.999998,0.009385211334713695
1636,2007-12-12,15.16,15.27,14.8,15.09,119660287.0,1790275180.0,12099090467.999998,0.009890023329975154
1637,2007-12-13,14.96,15.14,14.72,14.73,99573821.0,1482654200.0,12099090467.999998,0.008229860026533031
1638,2007-12-14,14.6,14.93,14.5,14.9,57262199.0,840724378.0,12099090467.999998,0.004732768892955104
1639,2007-12-17,14.88,14.88,14.17,14.19,117882067.0,1693104436.0,12099090467.999998,0.00974305195186181
1640,2007-12-18,14.1,14.35,14.01,14.28,53724906.0,762053818.0,12099090467.999998,0.004440408652377059
1641,2007-12-19,14.39,14.57,14.29,14.52,70542722.0,1019109536.0,12099090467.999998,0.005830415285064055
1642,2007-12-20,14.56,14.82,14.44,14.76,72815513.0,1069351525.0,12099090467.999998,0.0060182633721587945
1643,2007-12-21,14.63,14.85,14.55,14.68,77448162.0,1137143129.0,12099090467.999998,0.006401155707103521
1644,2007-12-24,14.75,15.03,14.6,14.96,113526199.0,1683392939.0,12099090467.999998,0.009383035799282364
1645,2007-12-25,14.99,15.0,14.7,14.75,60424851.0,895433812.0,12099090467.999998,0.004994164739887951
1646,2007-12-26,14.74,14.84,14.35,14.49,136076737.0,1975997195.0,12099090467.999998,0.011246856725296784
1647,2007-12-27,14.51,14.85,14.34,14.82,119677729.0,1748715268.0,12099090467.999998,0.00989146492594025
1648,2007-12-28,14.86,15.1,14.6,14.82,127785477.0,1911326870.0,12099182515.0,0.010561496765717647
1649,2008-01-02,14.9,15.1,14.75,14.98,89539684.0,1340570575.0,12099182515.0,0.00740047386581638
1650,2008-01-03,14.99,15.05,14.6,14.83,83257399.0,1227842058.0,12099182515.0,0.006881241678665594
1651,2008-01-04,14.86,15.1,14.86,15.01,102821080.0,1543356491.0,12099182515.0,0.008498184060991495
1652,2008-01-07,15.08,15.4,14.98,15.31,121525883.0,1855429481.0,12099182515.0,0.010044139994527556
1653,2008-01-08,15.42,15.89,15.24,15.4,151964556.0,2376230167.0,12099182515.0,0.012559902771249335
1654,2008-01-09,15.38,15.73,15.31,15.47,80728718.0,1253199127.0,12099182515.0,0.006672245657912534
1655,2008-01-10,15.55,15.68,15.29,15.51,97095427.0,1503278733.0,12099182515.0,0.008024957626651688
1656,2008-01-11,15.58,16.23,15.58,16.22,291192660.0,4655608141.0,12099182515.0,0.02406713508445657
1657,2008-01-14,16.34,16.47,15.96,16.12,130281912.0,2112326276.0,12099182515.0,0.010767827647734264
1658,2008-01-15,16.13,16.4,15.81,15.88,95238425.0,1529828218.0,12099182515.0,0.007871476017650602
1659,2008-01-16,15.7,15.75,15.01,15.05,144543026.0,2209542321.0,12099182515.0,0.011946511743318388
1660,2008-01-17,14.95,15.24,14.61,15.05,108663387.0,1623077695.0,12099182515.0,0.008981051973162998
1661,2008-01-18,15.01,15.2,14.75,14.88,72502696.0,1085130978.0,12099182515.0,0.005992363195622064
1662,2008-01-21,14.89,14.98,14.08,14.17,85745097.0,1238480307.0,12099182515.0,0.00708685044577989
1663,2008-01-22,13.95,14.24,12.82,13.13,163509863.0,2221587421.0,12099182515.0,0.013514124842508007
1664,2008-01-23,13.62,13.84,13.13,13.55,95235916.0,1283275952.0,12099182515.0,0.007871268648268672
1665,2008-01-24,13.72,13.83,13.2,13.54,71564757.0,969616543.0,12099182515.0,0.005914842338420581
1666,2008-01-25,13.54,14.01,13.23,13.9,104835474.0,1434851059.0,12099182515.0,0.008664674152161097
1667,2008-01-28,13.68,13.77,12.8,12.88,70232733.0,925781996.0,12099182515.0,0.005804750272419541
1668,2008-01-29,12.92,13.28,12.5,12.8,62974903.0,805904802.0,12099182515.0,0.005204889084194462
1669,2008-01-30,12.83,12.99,11.78,12.22,75747443.0,933165359.0,12099182515.0,0.006260542223087541
1670,2008-01-31,12.28,12.3,11.88,12.0,90567130.0,1094492755.0,12099182515.0,0.00748539249554415
1671,2008-02-01,12.07,12.45,11.86,12.24,88894503.0,1085268695.0,12099182515.0,0.007347149519382219
1672,2008-02-04,12.63,13.46,12.63,13.46,107091370.0,1409186813.0,12099182515.0,0.00885112443483129
1673,2008-02-05,13.6,13.9,13.4,13.65,75294131.0,1031671020.0,12099182515.0,0.0062230758901813295
1674,2008-02-13,13.22,13.65,13.1,13.31,22459174.0,300903253.0,12099182515.0,0.0018562554926463972
1675,2008-02-14,13.52,13.72,13.4,13.58,31985586.0,435314247.0,12099182515.0,0.0026436154641312146
1676,2008-02-15,13.37,13.53,13.13,13.35,24643756.0,327994521.0,12099182515.0,0.0020368116580973816
1677,2008-02-19,13.65,14.04,13.52,13.89,72715905.0,1003418229.0,12099182515.0,0.006009984964674285
1678,2008-02-20,13.84,13.95,13.3,13.33,67787847.0,914599870.0,12099182515.0,0.005602679926181773
1679,2008-02-21,13.3,13.5,12.96,13.07,43765033.0,573618651.0,12099182515.0,0.0036171892560296665
1680,2008-02-22,13.01,13.01,12.37,12.49,57984384.0,730622475.0,12099182515.0,0.004792421630809658
1681,2008-02-25,12.5,12.68,12.16,12.36,41714955.0,514140257.0,12099182515.0,0.0034477498746947367
1682,2008-02-26,12.95,13.06,12.6,12.98,72067240.0,925862116.0,12099232299.0,0.00595634815656497
1683,2008-02-27,13.1,13.88,13.02,13.63,114008341.0,1552796178.0,12099232299.0,0.009422774782944102
1684,2008-02-28,13.59,13.76,13.43,13.52,39241179.0,534853091.0,12099232299.0,0.0032432784188500354
1685,2008-02-29,13.45,13.9,13.41,13.71,42411371.0,583497867.0,12099232299.0,0.0035052943816530654
1686,2008-03-03,13.59,14.1,13.39,13.91,55720863.0,772946337.0,12099232299.0,0.004605322190946389
1687,2008-03-04,14.91,14.91,13.52,13.58,96267626.0,1332716935.0,12099232299.0,0.007956506960194202
1688,2008-03-05,13.71,13.98,13.0,13.42,66766786.0,896079618.0,12099232299.0,0.005518266312278199
1689,2008-03-06,13.48,14.03,13.12,13.72,72370128.0,992243620.0,12099232299.0,0.005981381810975014
1690,2008-03-07,13.5,13.84,13.32,13.52,39313207.0,535428767.0,12099232299.0,0.0032492315238256257
1691,2008-03-10,13.45,13.45,12.6,12.68,76562940.0,989546888.0,12099232299.0,0.006327917185814171
1692,2008-03-11,12.69,12.84,12.38,12.82,44110522.0,555875069.0,12099232299.0,0.003645728994197899
1693,2008-03-12,13.12,13.19,12.46,12.56,34579968.0,442767405.0,12099232299.0,0.002858029926647332
1694,2008-03-13,12.38,12.83,12.3,12.53,41452266.0,520443548.0,12099232299.0,0.0034260244762327626
1695,2008-03-14,12.61,12.68,12.07,12.34,44396765.0,547175416.0,12099232299.0,0.0036693869414896173
1696,2008-03-17,12.25,12.36,11.8,11.94,51118138.0,615831026.0,12099232299.0,0.004224907559153559
1697,2008-03-18,11.88,12.23,11.5,11.6,49459353.0,583665755.0,12099232299.0,0.004087809191339173
1698,2008-03-19,11.95,12.1,11.69,11.91,67427356.0,804935735.0,12099232299.0,0.005572862338180982
1699,2008-03-20,11.71,12.23,11.2,12.08,56958945.0,671256662.0,12099232299.0,0.004707649509688945
1700,2008-03-21,12.12,12.25,11.79,11.96,42317244.0,508091189.0,12099232299.0,0.0034975147971576274
1701,2008-03-25,11.07,11.59,10.8,11.39,114999789.0,1288641614.0,12099232299.0,0.009504717833172334
1702,2008-03-26,11.43,11.72,11.02,11.07,72516053.0,821273676.0,12099232299.0,0.005993442493536837
1703,2008-03-27,10.8,10.87,10.26,10.41,108807216.0,1148231846.0,12099232299.0,0.008992902467786563
1704,2008-03-28,10.38,11.15,10.25,11.08,111032883.0,1202824976.0,12099232299.0,0.009176853560302074
1705,2008-03-31,10.69,10.94,10.6,10.71,66360664.0,713984316.0,12099232299.0,0.005484700380989024
1706,2008-04-01,10.78,11.18,10.46,10.65,74529988.0,807999147.0,12099232299.0,0.006159893963368229
1707,2008-04-02,10.9,11.49,10.81,11.19,130889584.0,1459669915.0,12099232299.0,0.010818007354964002
1708,2008-04-03,11.09,11.61,10.92,11.59,64028630.0,724366456.0,12099232299.0,0.005291958069545615
1709,2008-04-07,8.9,9.24,8.75,9.17,67366715.0,612699133.0,12099232299.0,0.005567850367297093
1710,2008-04-08,9.0,9.18,8.9,9.15,96564169.0,871882118.0,15729001989.0,0.006139243231549699
1711,2008-04-09,9.08,9.09,8.58,8.6,99783963.0,877161026.0,15729001989.0,0.006343947509815526
1712,2008-04-10,8.51,8.73,8.39,8.64,53861891.0,461560800.0,15729001989.0,0.003424367994718803
1713,2008-04-11,8.8,8.91,8.63,8.73,46271284.0,406019667.0,15729001989.0,0.0029417813051558894
1714,2008-04-14,8.57,8.64,8.0,8.09,75269233.0,621131360.0,15729001989.0,0.004785378821405145
1715,2008-04-15,8.06,8.15,7.6,8.09,65965273.0,518165523.0,15729001989.0,0.0041938625887473656
1716,2008-04-16,8.0,8.1,7.72,7.78,68600103.0,539268233.0,15729001989.0,0.004361376713409735
1717,2008-04-17,7.76,7.92,7.2,7.28,94839656.0,707644407.0,15729001989.0,0.006029604171092715
1718,2008-04-18,7.2,7.29,6.89,6.94,87653046.0,615849609.0,15729001989.0,0.0055727023279226314
1719,2008-04-21,7.48,7.49,7.0,7.09,101583588.0,733571754.0,15729001989.0,0.006458361952719059
1720,2008-04-22,6.95,7.5,6.9,7.45,92300544.0,663453944.0,15729001989.0,0.005868175492923832
1721,2008-04-23,7.38,7.96,7.33,7.86,127914823.0,987205934.0,15729001989.0,0.00813241826083159
1722,2008-04-24,8.63,8.65,8.25,8.65,290908835.0,2491960857.0,15729001989.0,0.01849505996651572
1723,2008-04-25,8.5,8.85,8.46,8.56,212599540.0,1838224532.0,15729001989.0,0.013516403656677037
1724,2008-04-28,8.4,8.58,8.25,8.3,108284858.0,910427459.0,15729001989.0,0.0068844074198559126
1725,2008-04-29,8.3,8.51,8.21,8.3,95123069.0,796174621.0,15729001989.0,0.006047622669672485
1726,2008-04-30,8.36,8.83,8.35,8.76,230766603.0,1991230916.0,15729001989.0,0.014671407833846387
1727,2008-05-05,8.83,8.93,8.54,8.76,152137201.0,1324932363.0,15729001989.0,0.009672400137427435
1728,2008-05-06,8.7,8.7,8.4,8.5,115868179.0,991458703.0,15729001989.0,0.007366530888675063
1729,2008-05-07,8.6,8.74,8.2,8.22,107838357.0,917372290.0,15729001989.0,0.006856020304111871
1730,2008-05-08,8.1,8.25,8.01,8.25,88074372.0,716192539.0,15729001989.0,0.005599488897108308
1731,2008-05-09,8.33,8.38,7.8,7.94,143457345.0,1148181462.0,15729001989.0,0.009120562455286495
1732,2008-05-12,7.79,8.1,7.62,7.97,89109491.0,701155428.0,15729001989.0,0.005665298476172759
1733,2008-05-13,7.7,7.91,7.65,7.73,78548074.0,610325253.0,15729001989.0,0.004993837120430921
1734,2008-05-14,7.74,8.11,7.74,8.07,131360406.0,1046376996.0,15729001989.0,0.00835147748673859
1735,2008-05-15,8.21,8.24,7.95,7.98,114334023.0,925837161.0,15729001989.0,0.007268994121811348
1736,2008-05-16,8.01,8.17,7.94,8.05,80438658.0,646867311.0,15729001989.0,0.005114034447719847
1737,2008-05-19,8.05,8.06,7.87,7.95,47742642.0,380167956.0,15729001989.0,0.00303532557459072
1738,2008-05-20,7.95,8.04,7.51,7.6,77816984.0,609974717.0,15729001989.0,0.004947356739761425
1739,2008-05-21,7.52,7.71,7.28,7.63,81854472.0,609890782.0,15729001989.0,0.005204047406011171
1740,2008-05-22,7.5,7.55,7.34,7.43,68066464.0,506323044.0,15729001989.0,0.004327449640326954
1741,2008-05-23,7.34,7.49,7.2,7.32,71803315.0,526539673.0,15729001989.0,0.004565026760770664
1742,2008-05-26,7.2,7.26,7.0,7.06,71793991.0,509050735.0,15729001989.0,0.004564433970458442
1743,2008-05-27,7.09,7.17,7.04,7.12,44035915.0,312840071.0,15729001989.0,0.002799663642410135
1744,2008-05-28,7.14,7.46,7.05,7.37,84479427.0,613092390.0,15729001989.0,0.005370933709530984
1745,2008-05-29,7.3,7.32,7.08,7.09,64511179.0,465165119.0,15729001989.0,0.004101415909611784
1746,2008-05-30,7.12,7.3,7.12,7.21,59579655.0,429985997.0,15729001989.0,0.0037878852734373573
1747,2008-06-02,7.18,7.3,7.11,7.23,49997951.0,359630171.0,15729001989.0,0.003178710959218253
1748,2008-06-03,7.19,7.22,7.08,7.1,47073117.0,335819424.0,15729001989.0,0.0029927593011254213
1749,2008-06-04,7.08,7.12,6.95,7.03,54926795.0,384729791.0,15729001989.0,0.0034920712095028524
1750,2008-06-05,7.0,7.08,6.93,7.0,34914928.0,244379890.0,15729001989.0,0.002219780252073055
1751,2008-06-06,7.03,7.07,6.96,7.0,37644954.0,263541923.0,15729001989.0,0.002393346636126489
1752,2008-06-10,6.7,6.75,6.3,6.3,88273567.0,569003416.0,15729001989.0,0.005612153082677063
1753,2008-06-11,6.25,6.29,6.03,6.09,58766922.0,359590202.0,15729001989.0,0.0037362142900800926
1754,2008-06-12,6.06,6.11,5.84,5.96,68765413.0,410414243.0,15729001989.0,0.004371886598278184
1755,2008-06-13,6.01,6.08,5.88,5.94,63041619.0,377722472.0,15729001989.0,0.0040079859513075175
1756,2008-06-16,6.0,6.22,5.9,6.06,69929337.0,425178405.0,15729001989.0,0.004445885190230425
1757,2008-06-17,6.09,6.15,5.92,5.96,59452226.0,359653521.0,15729001989.0,0.003779783742260165
1758,2008-06-18,5.89,6.25,5.76,6.21,109810955.0,663135489.0,15729001989.0,0.006981431821090477
1759,2008-06-19,6.1,6.11,5.6,5.65,72364466.0,423705968.0,15729001989.0,0.004600702959450811
1760,2008-06-20,5.68,6.07,5.51,5.89,99299435.0,580599011.0,15729001989.0,0.006313142758163841
1761,2008-06-23,5.79,5.98,5.69,5.85,45251828.0,265201336.0,17848391989.0,0.002535344810215329
1762,2008-06-24,5.85,6.05,5.82,5.99,45161190.0,269262589.0,17848391989.0,0.0025302665936423256
1763,2008-06-25,5.99,6.2,5.96,6.16,77808289.0,476454973.0,17848391989.0,0.004359400502182685
1764,2008-06-26,6.18,6.19,6.0,6.08,69795002.0,424545822.0,17848391989.0,0.003910436415953594
1765,2008-06-27,5.88,5.91,5.66,5.74,62957502.0,364281324.0,17848391989.0,0.003527348684340911
1766,2008-06-30,5.73,5.9,5.63,5.7,35181347.0,201761723.0,17848391989.0,0.001971121377302915
1767,2008-07-01,5.71,5.74,5.38,5.41,54528609.0,300856819.0,17848391989.0,0.0030550992511597735
1768,2008-07-02,5.42,5.49,5.35,5.46,39235352.0,212144931.0,17848391989.0,0.0021982569647832043
1769,2008-07-03,5.35,5.68,5.28,5.5,64685378.0,355609097.0,17848391989.0,0.0036241571812108187
1770,2008-07-04,5.57,5.68,5.47,5.55,51737084.0,288149727.0,17848391989.0,0.002898697206554275
1771,2008-07-07,5.58,5.95,5.56,5.91,87752051.0,510617793.0,17848391989.0,0.0049165241918757594
1772,2008-07-08,6.05,6.17,5.96,6.03,129539492.0,786635023.0,17848391989.0,0.00725776821126718
1773,2008-07-09,6.09,6.51,6.09,6.33,179040582.0,1128421894.0,17848391989.0,0.010031188361973621
1774,2008-07-10,6.23,6.48,6.18,6.23,124961634.0,789591026.0,17848391989.0,0.007001282472786014
1775,2008-07-11,6.22,6.28,6.1,6.17,77951084.0,479776925.0,17848391989.0,0.00436740094278753
1776,2008-07-14,6.14,6.32,6.1,6.24,56918548.0,354153965.0,17848391989.0,0.003189001453748832
1777,2008-07-15,6.29,6.31,5.82,5.89,105237649.0,635885664.0,17848391989.0,0.005896197767555653
1778,2008-07-16,5.82,5.9,5.61,5.69,70025914.0,403319580.0,17848391989.0,0.00392337382791442
1779,2008-07-17,5.85,5.9,5.56,5.59,74340608.0,425132690.0,17848391989.0,0.004165115156918128
1780,2008-07-18,5.7,6.06,5.65,6.04,111178993.0,647910333.0,17848391989.0,0.00622907615815026
1781,2008-07-21,5.95,6.2,5.88,6.18,106089444.0,644932417.0,17848391989.0,0.005943921674590245
1782,2008-07-22,6.12,6.17,6.05,6.13,93020381.0,567991931.0,17848391989.0,0.005211695320078618
1783,2008-07-23,6.18,6.21,6.03,6.06,88291430.0,540112005.0,17848391989.0,0.004946744225161246
1784,2008-07-24,6.12,6.33,6.12,6.3,214314007.0,1334153107.0,17848391989.0,0.012007468635386435
1785,2008-07-25,6.2,6.41,6.14,6.27,161589274.0,1012268045.0,17848391989.0,0.009053435967766048
1786,2008-07-28,6.33,6.48,6.29,6.3,150737459.0,962215163.0,17848391989.0,0.008445436378408755
1787,2008-07-29,6.2,6.24,6.08,6.16,90490300.0,556542868.0,17848391989.0,0.005069941317725953
1788,2008-07-30,6.23,6.26,6.09,6.11,86094067.0,530514863.0,17894801989.0,0.004811121523050232
1789,2008-07-31,6.14,6.16,5.95,5.96,64416668.0,388373121.0,17894801989.0,0.0035997418713879683
1790,2008-08-01,5.96,6.3,5.9,6.18,111085270.0,681164698.0,17894801989.0,0.006207683665250084
1791,2008-08-04,6.1,6.25,6.02,6.04,70137036.0,430185896.0,17894801989.0,0.003919408331151889
1792,2008-08-05,6.1,6.16,5.98,6.01,70295724.0,426888361.0,17894801989.0,0.003928276157691549
1793,2008-08-06,6.11,6.22,6.02,6.19,108636547.0,666948409.0,17894801989.0,0.006070843760483032
1794,2008-08-07,6.19,6.24,6.04,6.09,70501508.0,433389321.0,17894801989.0,0.003939775809944001
1795,2008-08-08,6.1,6.12,5.8,5.83,81580316.0,485199838.0,17894801989.0,0.004558883414868056
1796,2008-08-11,5.81,6.0,5.62,5.64,94033338.0,543085675.0,17894801989.0,0.005254785051983399
1797,2008-08-12,5.62,5.73,5.55,5.64,47583892.0,268371108.0,17894801989.0,0.0026590901664768347
1798,2008-08-13,5.59,5.66,5.4,5.58,53644536.0,296664157.0,17894801989.0,0.0029977719805435953
1799,2008-08-14,5.54,5.63,5.48,5.6,32367246.0,180601449.0,17894801989.0,0.0018087512798351311
1800,2008-08-15,5.61,5.75,5.55,5.68,45024810.0,255926794.0,17894801989.0,0.0025160831635732497
1801,2008-08-18,5.72,5.74,5.43,5.45,37097602.0,206300847.0,17894801989.0,0.002073093741009486
1802,2008-08-19,5.41,5.65,5.39,5.61,38164107.0,212846306.0,17894801989.0,0.0021326923328606607
1803,2008-08-20,5.55,6.15,5.53,6.13,106203595.0,632166463.0,17894801989.0,0.005934885173095725
1804,2008-08-21,6.0,6.1,5.86,5.91,72181934.0,430505656.0,17894801989.0,0.004033681626897604
1805,2008-08-22,5.9,5.94,5.71,5.79,44961015.0,261247348.0,17894801989.0,0.0025125181618459763
1806,2008-08-25,5.81,6.02,5.74,5.89,56137027.0,332450747.0,17894801989.0,0.0031370577352299086
1807,2008-08-26,5.8,6.11,5.76,5.97,99591775.0,591824392.0,17894801989.0,0.005565402459396836
1808,2008-08-27,5.91,6.05,5.84,5.94,87956753.0,523996259.0,17894801989.0,0.004915212420571478
1809,2008-08-28,5.99,6.08,5.92,5.99,64685848.0,388207943.0,17894801989.0,0.0036147842283900445
1810,2008-08-29,6.07,6.16,5.88,6.08,179225777.0,1086615943.0,17894801989.0,0.010015521664345363
1811,2008-09-01,6.01,6.04,5.78,5.86,99571443.0,585553948.0,17894801989.0,0.005564266263533227
1812,2008-09-02,5.8,5.81,5.64,5.74,66587802.0,380427200.0,17894801989.0,0.0037210695061578084
1813,2008-09-03,5.7,5.76,5.51,5.57,76806130.0,430109286.0,17894801989.0,0.00429209163908117
1814,2008-09-04,5.55,5.67,5.52,5.64,40469287.0,226002547.0,17894801989.0,0.0022615107462422112
1815,2008-09-05,5.49,5.57,5.42,5.49,45118574.0,248276289.0,17894801989.0,0.0025213228974388514
1816,2008-09-08,5.54,5.57,5.37,5.42,56933266.0,309827568.0,17894801989.0,0.0031815532820646513
1817,2008-09-09,5.45,5.48,5.38,5.45,43634659.0,236611479.0,17894801989.0,0.0024383985375653994
1818,2008-09-10,5.4,5.56,5.34,5.47,47608600.0,260034670.0,17894801989.0,0.00266047090262665
1819,2008-09-11,5.46,5.46,5.23,5.29,66375460.0,353058994.0,17894801989.0,0.0037092033787689428
1820,2008-09-12,5.29,5.32,5.2,5.26,35899450.0,188850732.0,17894801989.0,0.002006138431823248
1821,2008-09-16,5.1,5.1,4.73,4.74,162176188.0,776332853.0,17894801989.0,0.009062753982954955
1822,2008-09-17,4.67,4.73,4.29,4.33,149367074.0,665127557.0,17894801989.0,0.0083469531594603
1823,2008-09-18,4.14,4.6,4.1,4.5,163318068.0,714131576.0,17894801989.0,0.009126564691824598
1824,2008-09-19,4.95,4.95,4.83,4.95,112539037.0,556451961.0,17894801989.0,0.006288923290080447
1825,2008-09-22,5.45,5.45,5.08,5.45,523227259.0,2818321544.0,17894801989.0,0.02923906390926425
1826,2008-09-23,5.17,5.32,5.08,5.11,228372875.0,1182493524.0,17894801989.0,0.012761967142211556
1827,2008-09-24,4.96,5.08,4.8,5.06,100736093.0,497594050.0,17894801989.0,0.005629349408946958
1828,2008-09-25,5.09,5.3,5.03,5.17,161447366.0,837376939.0,17894801989.0,0.00902202584299297
1829,2008-09-26,5.21,5.22,5.07,5.16,97271745.0,500765837.0,17894801989.0,0.005435754196095229
1830,2008-10-06,5.08,5.08,4.69,4.71,99833769.0,487025050.0,17894801989.0,0.005578925604282639
1831,2008-10-07,4.5,4.85,4.47,4.76,68167857.0,320251432.0,17894801989.0,0.003809366375884071
1832,2008-10-08,4.6,4.67,4.42,4.49,107831915.0,487688200.0,17894801989.0,0.006025879194767546
1833,2008-10-09,4.6,4.61,4.46,4.47,87479165.0,395731485.0,17894801989.0,0.004888523776556665
1834,2008-10-10,4.28,4.38,4.19,4.31,119634175.0,512126524.0,17894801989.0,0.006685414852510777
1835,2008-10-13,4.31,4.74,4.22,4.7,160429343.0,725351075.0,17894801989.0,0.008965136529513794
1836,2008-10-14,4.86,4.87,4.46,4.48,155283503.0,733843709.0,17894801989.0,0.008677575929337097
1837,2008-10-15,4.47,4.55,4.4,4.5,60654043.0,271409328.0,17894801989.0,0.003389478298630198
1838,2008-10-16,4.3,4.4,4.26,4.31,74250522.0,320912451.0,17894801989.0,0.004149278770764944
1839,2008-10-17,4.38,4.4,4.31,4.34,44789480.0,195083562.0,17894801989.0,0.0025029324173317063
1840,2008-10-20,4.32,4.5,4.29,4.48,78464571.0,345742603.0,17894801989.0,0.004384768886978043
1841,2008-10-21,4.49,4.61,4.44,4.45,88477535.0,401315275.0,17894801989.0,0.004944314838151742
1842,2008-10-22,4.37,4.46,4.33,4.36,68254094.0,299167674.0,17894801989.0,0.0038141854848103957
1843,2008-10-23,4.29,4.29,4.15,4.26,112314736.0,472971008.0,17894801989.0,0.006276388868065725
1844,2008-10-24,4.25,4.28,4.11,4.13,98462432.0,411647872.0,17894801989.0,0.005502292345035458
1845,2008-10-27,4.06,4.06,3.88,3.89,118693784.0,472879392.0,17894801989.0,0.0066328637820614895
1846,2008-10-28,3.8,4.2,3.78,4.14,137165184.0,554937280.0,17894801989.0,0.007665085318312879
1847,2008-10-29,4.18,4.24,4.03,4.04,120569632.0,500725408.0,17894801989.0,0.006737690200434438
1848,2008-10-30,4.08,4.2,3.94,4.1,142798064.0,585982720.0,17894801989.0,0.007979862760581453
1849,2008-10-31,4.09,4.12,4.02,4.03,55488828.0,225374400.0,17894801989.0,0.003100834981806962
1850,2008-11-03,4.01,4.13,3.99,4.05,66727224.0,272565984.0,17894801989.0,0.0037288607072052246
1851,2008-11-04,4.04,4.08,3.99,4.06,57861264.0,233558640.0,17894801989.0,0.003233411805035201
1852,2008-11-05,4.09,4.36,4.07,4.22,161662608.0,681383232.0,17894801989.0,0.009034054028615382
1853,2008-11-06,4.08,4.12,4.03,4.07,69002248.0,280842496.0,17894801989.0,0.003855993938486491
1854,2008-11-07,3.99,4.24,3.98,4.17,99150856.0,411537536.0,17894801989.0,0.005540762957921993
1855,2008-11-10,4.3,4.53,4.25,4.51,218667232.0,959990272.0,17894801989.0,0.012219594949103966
1856,2008-11-11,4.45,4.49,4.35,4.37,141562368.0,625673984.0,17894801989.0,0.007910809411974433
1857,2008-11-12,4.31,4.45,4.28,4.41,93595928.0,410172384.0,17894801989.0,0.005230341640971146
1858,2008-11-13,4.33,4.7,4.29,4.56,225809504.0,1015939072.0,17894801989.0,0.01261872046076877
1859,2008-11-14,4.63,4.7,4.56,4.67,184597440.0,855368064.0,17894801989.0,0.010315701739168319
1860,2008-11-17,4.65,4.74,4.6,4.73,162084976.0,758804160.0,17894801989.0,0.009057656860334874
1861,2008-11-18,4.69,4.8,4.31,4.35,201386160.0,921805696.0,17894801989.0,0.011253891500101136
1862,2008-11-19,4.36,4.68,4.31,4.62,163932160.0,739311232.0,17894801989.0,0.009160881472774591
1863,2008-11-21,4.35,4.58,4.23,4.43,189385264.0,835116992.0,17894801989.0,0.01058325563571007
1864,2008-11-24,4.42,4.42,4.2,4.21,122660504.0,525191456.0,17894801989.0,0.00685453262212121
1865,2008-11-25,4.32,4.34,4.12,4.18,95322256.0,402116736.0,17894801989.0,0.005326812560351042
1866,2008-11-26,4.18,4.24,4.11,4.14,113626648.0,473591072.0,17894801989.0,0.006349701330578942
1867,2008-11-27,4.37,4.4,4.11,4.13,254387072.0,1086278272.0,17894801989.0,0.014215696388055742
1868,2008-11-28,4.1,4.13,3.98,4.01,175828816.0,706479104.0,17894801989.0,0.009825692181901907
1869,2008-12-01,4.0,4.07,3.96,4.05,97346672.0,391918080.0,17894801989.0,0.005439941277910722
1870,2008-12-02,3.97,4.08,3.93,4.04,117426688.0,469692384.0,17894801989.0,0.006562055733960209
1871,2008-12-03,4.1,4.26,4.07,4.25,263131888.0,1094337792.0,17894801989.0,0.014704375503106886
1872,2008-12-04,4.31,4.45,4.28,4.29,329071744.0,1434344576.0,17894801989.0,0.018389236394025572
1873,2008-12-05,4.26,4.36,4.23,4.33,163216624.0,702374528.0,17894801989.0,0.009120895783050847
1874,2008-12-08,4.39,4.57,4.33,4.54,334137184.0,1500853760.0,17894801989.0,0.01867230406938257
1875,2008-12-09,4.58,4.58,4.39,4.4,215043568.0,965562112.0,17894801989.0,0.012017096815722692
1876,2008-12-10,4.37,4.65,4.36,4.62,283464064.0,1282374400.0,17894801989.0,0.015840581201973982
1877,2008-12-11,4.55,4.6,4.42,4.44,182923424.0,826916416.0,17894801989.0,0.010222154126793004
1878,2008-12-12,4.4,4.43,4.2,4.24,137146432.0,589567872.0,17894801989.0,0.007664037416245478
1879,2008-12-15,4.32,4.35,4.18,4.26,90084536.0,384687392.0,17894801989.0,0.005034117508278398
1880,2008-12-16,4.2,4.27,4.12,4.25,88827528.0,371453568.0,17894801989.0,0.004963873199301261
1881,2008-12-17,4.28,4.28,4.18,4.21,126722912.0,535450976.0,17894801989.0,0.0070815487133021665
1882,2008-12-18,4.21,4.4,4.16,4.37,157934640.0,678793984.0,17894801989.0,0.00882572716351279
1883,2008-12-19,4.32,4.42,4.31,4.34,149260016.0,652060544.0,17894801989.0,0.008340970528299262
1884,2008-12-22,4.35,4.36,4.18,4.23,123041416.0,522861536.0,17894801989.0,0.0068758188034510805
1885,2008-12-23,4.22,4.22,4.1,4.11,122344464.0,507488800.0,17894801989.0,0.006836871627593622
1886,2008-12-24,4.08,4.17,4.06,4.12,82898416.0,341923200.0,17894801989.0,0.004632541676122371
1887,2008-12-25,4.14,4.17,4.06,4.09,58488928.0,240187920.0,17894801989.0,0.003268487018518191
1888,2008-12-26,4.1,4.16,4.07,4.14,62971052.0,259278384.0,17894801989.0,0.0035189577419581695
1889,2008-12-29,4.12,4.2,4.09,4.13,70697568.0,292398880.0,17894801989.0,0.003950732064174728
1890,2008-12-30,4.14,4.17,4.04,4.06,83524568.0,342307264.0,17894801989.0,0.004667532395795319
1891,2008-12-31,4.08,4.12,4.04,4.07,58028824.0,236205488.0,17894801989.0,0.0032427754180052136
1892,2009-01-05,4.13,4.16,4.08,4.15,94773984.0,390960128.0,17894801989.0,0.005296173942481057
1893,2009-01-06,4.18,4.3,4.16,4.27,206534592.0,877337152.0,17894801989.0,0.011541596946809334
1894,2009-01-07,4.26,4.31,4.19,4.2,113242360.0,481216768.0,17894801989.0,0.006328226491112363
1895,2009-01-08,4.13,4.14,4.08,4.11,111632184.0,459074176.0,17894801989.0,0.006238246395161048
1896,2009-01-09,4.11,4.18,4.1,4.15,70172656.0,291007104.0,17894801989.0,0.0039213988533170355
1897,2009-01-12,4.16,4.2,4.09,4.15,72682904.0,302315808.0,17894801989.0,0.004061676907331998
1898,2009-01-13,4.09,4.09,4.03,4.04,112708864.0,457688672.0,17894801989.0,0.006298413587883372
1899,2009-01-14,4.04,4.23,4.04,4.21,150036448.0,622482688.0,17894801989.0,0.008384359217398883
1900,2009-01-15,4.16,4.24,4.14,4.2,151965344.0,639173952.0,17894801989.0,0.008492150072038442
1901,2009-01-16,4.22,4.42,4.22,4.34,351222208.0,1532350848.0,17894801989.0,0.019627051934740465
1902,2009-01-19,4.46,4.61,4.4,4.42,317283520.0,1430255744.0,17894801989.0,0.017730485098132704
1903,2009-01-20,4.4,4.43,4.35,4.42,140936576.0,619541312.0,17894801989.0,0.007875838809875305
1904,2009-01-21,4.36,4.61,4.35,4.5,230012928.0,1035958144.0,17894801989.0,0.012853616829143445
1905,2009-01-22,4.55,4.68,4.53,4.6,213294864.0,981050304.0,17894801989.0,0.011919375477365613
1906,2009-01-23,4.58,4.6,4.49,4.54,127513816.0,578003392.0,17894801989.0,0.007125746128869333
1907,2009-02-02,4.59,4.59,4.45,4.48,88697848.0,398685888.0,17894801989.0,0.004956626402154262
1908,2009-02-03,4.48,4.61,4.43,4.56,179427888.0,815029760.0,17894801989.0,0.010026816061462707
1909,2009-02-04,4.6,4.83,4.58,4.79,323554016.0,1529902208.0,17894801989.0,0.01808089389303608
1910,2009-02-05,4.77,4.98,4.74,4.82,339681664.0,1662278528.0,17894801989.0,0.01898214152963545
1911,2009-02-06,4.83,5.0,4.83,4.96,213404576.0,1054815488.0,17894801989.0,0.011925506419751422
1912,2009-02-09,5.06,5.13,4.95,5.01,216128976.0,1089628672.0,17894801989.0,0.012077751747845842
1913,2009-02-10,5.0,5.01,4.85,4.99,182024560.0,897643392.0,17894801989.0,0.010171923674365951
1914,2009-02-11,4.89,5.13,4.8,5.04,332461184.0,1640758528.0,17894801989.0,0.018578645586822647
1915,2009-02-12,5.0,5.02,4.8,4.88,234664256.0,1146442240.0,17894801989.0,0.013113543035807211
1916,2009-02-13,4.9,5.03,4.83,5.02,277809600.0,1373213440.0,17894801989.0,0.015524597599390627
1917,2009-02-16,5.06,5.25,5.06,5.24,353415808.0,1819102592.0,17894801989.0,0.019749635017880945
1918,2009-02-17,5.25,5.3,5.07,5.08,316709472.0,1641108992.0,17894801989.0,0.017698406061977243
1919,2009-02-18,4.96,5.02,4.76,4.81,252406160.0,1238297088.0,17894801989.0,0.014104998767527854
1920,2009-02-19,4.88,4.91,4.7,4.78,175884736.0,842771072.0,17894801989.0,0.009828817111701879
1921,2009-02-20,4.74,4.88,4.64,4.86,182929200.0,871518528.0,17894801989.0,0.01022247690208851
1922,2009-02-23,4.8,5.02,4.73,4.99,232090064.0,1140113408.0,17894801989.0,0.012969691653624701
1923,2009-02-24,4.9,4.93,4.65,4.68,250871600.0,1202412416.0,17894801989.0,0.014019244256193037
1924,2009-02-25,4.75,5.0,4.57,4.83,300626752.0,1425914112.0,17894801989.0,0.01679966909859055
1925,2009-02-26,4.79,4.91,4.61,4.63,257202064.0,1234626944.0,17894801989.0,0.014373004191837555
1926,2009-02-27,4.61,4.8,4.58,4.69,216219776.0,1013170240.0,17894801989.0,0.012082825847020329
1927,2009-03-02,4.7,4.72,4.5,4.66,159623712.0,734916736.0,17894801989.0,0.00892011613753096
1928,2009-03-03,4.53,4.67,4.49,4.59,114497624.0,524274272.0,17894801989.0,0.006398373341620774
1929,2009-03-04,4.6,4.95,4.58,4.91,315116832.0,1511369984.0,17894801989.0,0.017609405915399536
1930,2009-03-05,4.96,5.08,4.87,4.99,388989696.0,1934615168.0,17894801989.0,0.02173758034534908
1931,2009-03-06,4.87,5.02,4.84,4.88,198226496.0,974794560.0,17894801989.0,0.011077322684087287
1932,2009-03-09,4.95,5.09,4.75,4.78,283095456.0,1400699648.0,17894801989.0,0.01581998259461154
1933,2009-03-10,4.73,4.84,4.68,4.82,122529768.0,580802496.0,17894801989.0,0.00684722681342434
1934,2009-03-12,4.76,4.77,4.65,4.7,123448432.0,579552192.0,17894801989.0,0.006898563732411468
1935,2009-03-13,4.74,4.76,4.65,4.65,146729808.0,689504448.0,17894801989.0,0.008199577066580303
1936,2009-03-16,4.63,4.76,4.57,4.72,128700032.0,600067456.0,17894801989.0,0.007192034428719154
1937,2009-03-17,4.7,4.91,4.66,4.87,194490432.0,932459648.0,17894801989.0,0.010868543397102352
1938,2009-03-18,4.87,4.93,4.82,4.83,190536912.0,927432448.0,17894801989.0,0.010647612201416017
1939,2009-03-19,4.84,4.9,4.81,4.88,147336816.0,716912320.0,17894801989.0,0.008233497978383247
1940,2009-03-20,4.9,4.91,4.79,4.84,152427056.0,738451456.0,17894801989.0,0.008517951531047813
1941,2009-03-24,5.0,5.07,4.92,4.93,269208544.0,1342220544.0,17894801989.0,0.015043952102151422
1942,2009-03-25,4.89,5.02,4.88,4.89,170394752.0,843848384.0,17894801989.0,0.00952202500506808
1943,2009-03-26,4.93,5.09,4.9,5.08,319734944.0,1600998016.0,17894801989.0,0.017867475940585555
1944,2009-03-27,5.11,5.13,5.05,5.07,254371280.0,1294281728.0,17894801989.0,0.014214813897150857
1945,2009-03-30,5.11,5.19,5.08,5.09,173506368.0,888408000.0,17894801989.0,0.009695908795562811
1946,2009-03-31,5.0,5.1,4.96,5.08,183627136.0,924802624.0,17894801989.0,0.010261479065981075
1947,2009-04-01,5.1,5.17,5.05,5.12,214608656.0,1098420736.0,17894801989.0,0.011992792998319887
1948,2009-04-02,5.14,5.33,5.13,5.26,381110400.0,2002829312.0,17894801989.0,0.0212972683483321
1949,2009-04-03,5.37,5.79,5.33,5.65,771289024.0,4328519680.0,17894801989.0,0.04310128854592044
1950,2009-04-07,5.66,5.77,5.59,5.67,390323712.0,2218613504.0,17894801989.0,0.021812128026894816
1951,2009-04-08,5.63,5.76,5.47,5.52,334556160.0,1882842368.0,17894801989.0,0.018695717348850963
1952,2009-04-09,5.52,5.63,5.37,5.55,270475232.0,1494782848.0,17894801989.0,0.015114737350335706
1953,2009-04-10,5.65,5.67,5.56,5.64,222967840.0,1252036096.0,17894801989.0,0.012459922168295527
1954,2009-04-13,5.72,5.77,5.63,5.71,222442944.0,1267451264.0,17894801989.0,0.012430589851552227
1955,2009-04-14,5.69,5.75,5.62,5.71,178265248.0,1016237248.0,17894801989.0,0.00996184523916947
1956,2009-04-15,5.67,5.69,5.53,5.62,194725248.0,1092937600.0,17894801989.0,0.010881665419919053
1957,2009-04-16,5.61,5.97,5.56,5.87,352549120.0,2048395136.0,17894801989.0,0.019701202629496165
1958,2009-04-17,5.81,5.91,5.74,5.75,195137440.0,1132391936.0,17894801989.0,0.010904699594885246
1959,2009-04-20,5.75,5.95,5.75,5.91,175490336.0,1031009088.0,17894801989.0,0.009806777191939568
1960,2009-04-21,5.84,5.92,5.78,5.86,164006576.0,957197504.0,17894801989.0,0.009165039998811691
1961,2009-04-22,5.9,5.95,5.51,5.65,287559776.0,1655783040.0,17894801989.0,0.016069458392261846
1962,2009-04-23,5.5,5.56,5.4,5.51,247502608.0,1354614528.0,17894801989.0,0.013830977741588913
1963,2009-04-24,5.51,5.61,5.49,5.51,175740160.0,975942720.0,17894801989.0,0.009820737894055945
1964,2009-04-27,5.47,5.49,5.31,5.32,138015168.0,742809920.0,17894801989.0,0.007712584251272432
1965,2009-04-28,5.3,5.43,5.28,5.37,110083360.0,590571008.0,17894801989.0,0.006151694780845781
1966,2009-04-29,5.35,5.71,5.31,5.68,256645040.0,1419457664.0,17894801989.0,0.014341876493395156
1967,2009-04-30,5.65,5.68,5.54,5.59,171651456.0,963189696.0,17894801989.0,0.009592252325871768
1968,2009-05-04,5.6,5.78,5.6,5.75,230561968.0,1313765888.0,17894801989.0,0.012884298364504245
1969,2009-05-05,5.8,5.91,5.72,5.76,179989952.0,1045366272.0,17894801989.0,0.010058225405938578
1970,2009-05-06,5.84,6.14,5.82,6.0,500742144.0,2996466176.0,17894801989.0,0.027982547351337445
1971,2009-05-07,6.0,6.32,6.0,6.22,408886720.0,2529672704.0,17894801989.0,0.022849468815097487
1972,2009-05-08,6.22,6.47,6.17,6.4,450744224.0,2870681600.0,17894801989.0,0.025188556111270417
1973,2009-05-11,6.46,6.92,6.37,6.41,452243520.0,3002999040.0,17894801989.0,0.02527233999448531
1974,2009-05-12,6.37,6.69,6.37,6.68,330115200.0,2175542528.0,17894801989.0,0.01844754695821295
1975,2009-05-13,6.67,6.85,6.58,6.68,266643504.0,1787397504.0,17894801989.0,0.014900612153401124
1976,2009-05-14,6.49,6.6,6.41,6.48,187378400.0,1217382912.0,17894801989.0,0.01047110776163839
1977,2009-05-18,6.4,6.53,6.29,6.52,138101248.0,883025152.0,17894801989.0,0.0077173945867012855
1978,2009-05-19,6.61,6.75,6.58,6.61,191514384.0,1275818880.0,17894801989.0,0.010702235437850868
1979,2009-05-20,6.6,6.66,6.48,6.49,85090248.0,556845888.0,17894801989.0,0.004755025959622536
1980,2009-05-21,6.45,6.48,6.17,6.2,180626816.0,1135909504.0,17894801989.0,0.010093814735196957
1981,2009-05-22,6.17,6.28,6.1,6.24,146403456.0,906174720.0,17894801989.0,0.008181339815327085
1982,2009-05-25,6.1,6.45,6.03,6.44,203602416.0,1288470656.0,17894801989.0,0.011377740649220659
1983,2009-05-26,6.38,6.42,6.28,6.28,85201752.0,540788352.0,17894801989.0,0.004761257042820246
1984,2009-05-27,6.33,6.86,6.28,6.71,333948256.0,2207749632.0,17894801989.0,0.018661746366642067
1985,2009-06-01,6.82,6.97,6.8,6.96,295450240.0,2035963264.0,17894801989.0,0.016510394481124426
1986,2009-06-02,6.99,7.05,6.84,6.87,166242176.0,1156710016.0,17894801989.0,0.009289970132231118
1987,2009-06-03,6.89,7.3,6.83,7.27,289095552.0,2060944512.0,17894801989.0,0.016155280856290453
1988,2009-06-04,7.19,7.46,7.13,7.34,252114000.0,1849302016.0,17894801989.0,0.014088672238730298
1989,2009-06-05,7.36,7.53,7.23,7.27,200419536.0,1479599744.0,17894801989.0,0.011199874473224047
1990,2009-06-08,7.32,7.82,7.32,7.69,256752944.0,1951621504.0,17894801989.0,0.014347906400854671
1991,2009-06-09,7.7,7.74,7.45,7.6,209620544.0,1588775168.0,17894801989.0,0.011714046577819331
1992,2009-06-10,7.65,7.76,7.46,7.5,192535232.0,1464203520.0,17894801989.0,0.010759282618402378
1993,2009-06-11,7.51,7.61,7.32,7.4,181240656.0,1351995264.0,17894801989.0,0.010128117433845275
1994,2009-06-12,7.38,7.53,7.22,7.32,168900736.0,1248229120.0,17894801989.0,0.00943853617960254
1995,2009-06-15,7.41,7.64,7.33,7.62,270736480.0,2046009600.0,17894801989.0,0.01512933645012796
1996,2009-06-16,7.58,7.76,7.52,7.57,224965904.0,1720474240.0,17894801989.0,0.012571578279451618
1997,2009-06-17,7.56,7.78,7.37,7.74,204646912.0,1549984128.0,17894801989.0,0.011436109330843516
1998,2009-06-18,7.73,7.98,7.69,7.9,291516256.0,2302137344.0,17894801989.0,0.016290554999110696
1999,2009-06-19,7.97,8.03,7.84,7.86,192841024.0,1530576768.0,17894801989.0,0.010776370932661903
2000,2009-06-23,7.86,8.3,7.78,8.13,313411968.0,2524169984.0,17894801989.0,0.017514134450476483
2001,2009-06-24,8.1,8.15,7.89,7.94,174614880.0,1392551936.0,17894801989.0,0.009757854828867981
2002,2009-06-25,8.0,8.14,7.95,7.99,133583536.0,1072048768.0,17894801989.0,0.0074649351293249455
2003,2009-06-26,8.02,8.1,7.91,7.99,109776032.0,879558464.0,17894801989.0,0.006134520631604626
2004,2009-06-29,7.99,8.12,7.97,8.06,124164376.0,1000901184.0,17894801989.0,0.006938572222052208
2005,2009-06-30,8.08,8.12,7.87,7.92,142778000.0,1134329344.0,17894801989.0,0.00797874154113391
2006,2009-07-01,7.91,8.13,7.78,8.07,210146960.0,1675570944.0,17894801989.0,0.01174346383542987
2007,2009-07-02,8.08,8.16,7.89,8.0,284360544.0,2274700544.0,17894801989.0,0.01589067843135663
2008,2009-07-03,7.94,7.97,7.86,7.94,235814128.0,1861183232.0,17894801989.0,0.01317780035481565
2009,2009-07-06,7.92,8.09,7.84,8.04,231189424.0,1846563072.0,17894801989.0,0.012919361954500138
2010,2009-07-07,8.04,8.27,7.97,8.06,233620976.0,1899870592.0,17894801989.0,0.013055242306878146
2011,2009-07-08,7.98,8.0,7.67,7.89,292824320.0,2296934912.0,17894801989.0,0.016363652427112643
2012,2009-07-09,7.87,7.87,7.72,7.84,205369392.0,1599580160.0,17894801989.0,0.01147648306621338
2013,2009-07-10,7.84,7.9,7.73,7.83,170300544.0,1327898752.0,17894801989.0,0.0095167604595281
2014,2009-07-13,7.78,7.78,7.65,7.67,188425744.0,1450271360.0,17894801989.0,0.010529635595623019
2015,2009-07-14,7.71,7.85,7.71,7.85,235119744.0,1829968768.0,17894801989.0,0.013138996684318104
2016,2009-07-15,7.88,7.92,7.74,7.83,224595456.0,1754140288.0,17894801989.0,0.0125508768489341
2017,2009-07-16,7.86,8.25,7.84,8.14,416106656.0,3352740864.0,17894801989.0,0.023252934358020966
2018,2009-07-17,8.16,8.2,7.95,8.08,233117248.0,1886636672.0,17894801989.0,0.013027092903475436
2019,2009-07-20,8.04,8.24,8.01,8.21,225499584.0,1834535680.0,17894801989.0,0.012601401464996116
2020,2009-07-21,8.21,8.43,8.14,8.19,284227680.0,2355369984.0,17894801989.0,0.015883253705445625
2021,2009-07-22,8.22,8.47,8.22,8.4,241922960.0,2024195456.0,17894801989.0,0.013519175017902457
2022,2009-07-23,8.42,8.86,8.34,8.79,301530304.0,2607535872.0,17894801989.0,0.016850161526534454
2023,2009-07-24,8.81,8.87,8.48,8.72,201734560.0,1746837632.0,17894801989.0,0.011273360840986504
2024,2009-07-27,8.73,8.85,8.65,8.75,188783712.0,1651616768.0,17894801989.0,0.010549639616914791
2025,2009-07-28,8.75,8.78,8.52,8.62,176886768.0,1521781632.0,17894801989.0,0.00988481281372842
2026,2009-07-29,8.61,8.83,7.91,8.22,282689709.0,2407826857.0,17894801989.0,0.015797308580098868
2027,2009-07-30,8.36,8.68,8.25,8.54,268478176.0,2277433344.0,17894801989.0,0.015003137568386312
2028,2009-07-31,8.7,8.78,8.51,8.7,202252352.0,1753860352.0,17894801989.0,0.011302296170939766
2029,2009-08-03,8.75,8.76,8.54,8.66,160246528.0,1381957760.0,17894801989.0,0.008954920434353178
2030,2009-08-04,8.7,8.73,8.32,8.44,248603904.0,2097908736.0,17894801989.0,0.0138925205293033
2031,2009-08-05,8.46,8.48,8.25,8.3,201350240.0,1676160256.0,17894801989.0,0.01125188421329114
2032,2009-08-06,8.25,8.44,8.02,8.27,186410976.0,1532617216.0,17894801989.0,0.010417046029041702
2033,2009-08-07,8.26,8.39,8.02,8.06,139966976.0,1145673600.0,17894801989.0,0.007821655477721307
2034,2009-08-10,8.12,8.18,7.85,8.0,140166496.0,1121677312.0,17894801989.0,0.0078328050841893
2035,2009-08-11,8.02,8.07,7.86,7.94,121587120.0,967233152.0,17894801989.0,0.0067945496169636325
2036,2009-08-12,7.95,8.05,7.71,7.72,198471712.0,1559767936.0,17894801989.0,0.011091025881258775
2037,2009-08-13,7.72,7.87,7.5,7.83,233390896.0,1796010752.0,17894801989.0,0.013042384941921472
2038,2009-08-14,7.8,7.8,7.46,7.47,178149680.0,1353268608.0,17894801989.0,0.009955387050916196
2039,2009-08-17,7.32,7.56,7.13,7.14,188024976.0,1372320640.0,17894801989.0,0.0105072398183327
2040,2009-08-18,7.1,7.27,7.01,7.21,122156416.0,874247232.0,17894801989.0,0.006826363101144679
2041,2009-08-19,7.39,7.45,6.76,6.95,225402864.0,1617836160.0,17894801989.0,0.012595996543496595
2042,2009-08-20,6.99,7.27,6.96,7.26,189088416.0,1349579904.0,17894801989.0,0.010566667131395662
2043,2009-08-21,7.27,7.53,7.18,7.36,223275312.0,1636290432.0,17894801989.0,0.01247710436456621
2044,2009-08-24,7.37,7.38,7.12,7.25,236126928.0,1700443904.0,18823001989.0,0.012544594541189048
2045,2009-08-25,7.2,7.2,6.61,6.81,385798976.0,2655776000.0,18823001989.0,0.020496144888337026
2046,2009-08-26,6.71,6.95,6.67,6.86,188946160.0,1290588160.0,18823001989.0,0.010038046009367608
2047,2009-08-27,6.79,6.96,6.71,6.78,180630224.0,1229444096.0,18823001989.0,0.009596249530524341
2048,2009-08-28,6.76,6.83,6.35,6.43,291707328.0,1895132288.0,18823001989.0,0.015497386026441013
2049,2009-08-31,6.42,6.42,6.06,6.07,235701408.0,1454849664.0,18823001989.0,0.012521988157773233
2050,2009-09-01,6.07,6.36,6.07,6.19,241127104.0,1498824064.0,18823001989.0,0.012810236334295273
2051,2009-09-02,6.15,6.41,6.1,6.38,221453872.0,1399501056.0,18823001989.0,0.01176506659933499
2052,2009-09-03,6.4,6.66,6.32,6.61,279190400.0,1825171584.0,18823001989.0,0.014832405594131928
2053,2009-09-04,6.65,6.75,6.52,6.61,197100896.0,1308486016.0,18823001989.0,0.010471278498253576
2054,2009-09-07,6.67,6.79,6.56,6.63,202730064.0,1357964672.0,18823001989.0,0.010770336427657698
2055,2009-09-08,6.58,6.71,6.47,6.71,162363792.0,1074141824.0,18823001989.0,0.008625818139682714
2056,2009-09-10,6.68,6.7,6.56,6.65,153876112.0,1021074944.0,18823001989.0,0.00817489750518668
2057,2009-09-11,6.62,7.03,6.6,6.94,297640832.0,2040695552.0,18823001989.0,0.015812612258870224
2058,2009-09-14,6.99,7.13,6.98,7.07,202615680.0,1429217536.0,18823001989.0,0.01076425960738924
2059,2009-09-15,7.09,7.13,7.0,7.06,153055248.0,1079796608.0,18823001989.0,0.0081312878832741
2060,2009-09-16,7.03,7.07,6.8,6.88,172131120.0,1188036096.0,18823001989.0,0.009144721979022897
2061,2009-09-17,6.95,7.05,6.93,7.02,158001408.0,1105376512.0,18823001989.0,0.00839405999597379
2062,2009-09-18,7.03,7.05,6.69,6.76,213765776.0,1468560000.0,18823001989.0,0.011356625055074789
2063,2009-09-21,6.68,6.75,6.49,6.69,173358256.0,1144370432.0,18823001989.0,0.009209915405699317
2064,2009-09-22,6.65,6.71,6.49,6.5,168648992.0,1111957632.0,18823001989.0,0.008959728745635633
2065,2009-09-23,6.52,6.62,6.3,6.39,168485072.0,1087750656.0,18823001989.0,0.008951020251629428
2066,2009-09-24,6.39,6.75,6.34,6.64,238168016.0,1558695424.0,18823001989.0,0.012653030379489059
2067,2009-09-25,6.55,6.7,6.52,6.64,122437328.0,811848256.0,18823001989.0,0.006504665306392217
2068,2009-09-28,6.64,6.73,6.45,6.5,96891112.0,641379072.0,18823001989.0,0.005147484554090911
2069,2009-09-29,6.54,6.68,6.46,6.65,146967488.0,969983808.0,18823001989.0,0.007807866571224215
2070,2009-09-30,6.65,6.82,6.63,6.74,167392896.0,1129297024.0,18823001989.0,0.008892996775850258
2071,2009-10-09,6.88,6.99,6.83,6.98,177221600.0,1229735680.0,18823001989.0,0.009415161306552842
2072,2009-10-12,7.07,7.17,6.94,6.95,179115568.0,1264748800.0,18823001989.0,0.009515781175854606
2073,2009-10-13,6.96,7.13,6.95,7.09,142769968.0,1010242304.0,18823001989.0,0.007584867072926707
2074,2009-10-14,7.16,7.37,7.14,7.26,268215184.0,1942285824.0,18823001989.0,0.014249330906767296
2075,2009-10-15,7.38,7.43,7.26,7.31,149946432.0,1101987968.0,18823001989.0,0.00796612740558745
2076,2009-10-16,7.32,7.38,7.17,7.27,128353792.0,928737600.0,18823001989.0,0.006818986263456214
2077,2009-10-19,7.25,7.47,7.2,7.45,171770848.0,1270364032.0,18823001989.0,0.009125581992733221
2078,2009-10-20,7.53,7.64,7.49,7.63,233120416.0,1769399552.0,18823001989.0,0.012384869115788946
2079,2009-10-21,7.65,7.86,7.63,7.75,316362656.0,2457227776.0,18823001989.0,0.016807237027594197
2080,2009-10-22,7.75,7.82,7.67,7.71,152738768.0,1182260224.0,18823001989.0,0.008114474412171831
2081,2009-10-23,7.74,8.0,7.74,7.9,231839088.0,1834456832.0,18823001989.0,0.012316796658444002
2082,2009-10-26,7.97,8.14,7.91,8.06,157734368.0,1267538048.0,18823001989.0,0.008379873098466366
2083,2009-10-27,8.01,8.04,7.88,7.91,194811456.0,1550130432.0,18823001989.0,0.010349648590264514
2084,2009-10-28,7.88,7.94,7.58,7.77,204919936.0,1589159936.0,18823001989.0,0.010886676637432936
2085,2009-10-29,7.59,7.75,7.51,7.53,154972800.0,1179702528.0,18823001989.0,0.008233160687682272
2086,2009-10-30,7.73,7.84,7.58,7.68,155290880.0,1198789504.0,18823001989.0,0.008250059161166251
2087,2009-11-02,7.49,8.1,7.43,8.1,284605792.0,2247521536.0,18823001989.0,0.015120106355315755
2088,2009-11-03,8.1,8.28,8.06,8.1,211310816.0,1722223616.0,18823001989.0,0.011226201650697811
2089,2009-11-04,8.12,8.21,7.96,8.11,189878624.0,1537180032.0,18823001989.0,0.010087584547404469
2090,2009-11-05,8.13,8.15,8.01,8.09,130088736.0,1049121280.0,18823001989.0,0.006911157746039805
2091,2009-11-06,8.15,8.21,8.1,8.13,136488624.0,1111933824.0,18823001989.0,0.007251161322713708
2092,2009-11-09,8.17,8.2,7.96,8.11,199771424.0,1609702912.0,18823001989.0,0.010613154273518364
2093,2009-11-10,8.16,8.22,8.09,8.12,198973344.0,1623546624.0,18823001989.0,0.010570755085521338
2094,2009-11-11,8.12,8.12,7.97,8.01,197491776.0,1585079168.0,18823001989.0,0.010492044580105367
2095,2009-11-12,8.09,8.18,8.02,8.09,180520512.0,1463961088.0,18823001989.0,0.009590420917210477
2096,2009-11-13,8.15,8.42,8.1,8.41,356057600.0,2927746816.0,18823001989.0,0.018916090016251233
2097,2009-11-16,8.52,8.65,8.46,8.56,343387808.0,2933990144.0,18823001989.0,0.01824298845639356
2098,2009-11-17,8.58,8.65,8.5,8.54,210945264.0,1808290304.0,18823001989.0,0.011206781156548494
2099,2009-11-18,8.53,8.56,8.4,8.48,208201888.0,1766181632.0,18823001989.0,0.011061035222844443
2100,2009-11-19,8.5,8.57,8.41,8.49,191686192.0,1624514432.0,18823001989.0,0.010183614288093884
2101,2009-11-20,8.46,8.47,8.31,8.42,240577760.0,2017001344.0,18823001989.0,0.012781051616558908
2102,2009-11-23,8.46,8.49,8.33,8.42,213393472.0,1791062912.0,18823001989.0,0.011336845850874654
2103,2009-11-24,8.45,8.48,8.18,8.19,273253760.0,2285853184.0,18823001989.0,0.014517012757034566
2104,2009-11-25,8.15,8.37,8.05,8.36,237076688.0,1943456512.0,18823001989.0,0.012595051954972196
2105,2009-11-26,8.4,8.43,7.81,7.88,454865920.0,3658823424.0,18823001989.0,0.024165429099238248
2106,2009-11-27,7.77,7.81,7.52,7.53,294115680.0,2242856960.0,18823001989.0,0.015625333311438776
2107,2009-11-30,7.59,7.75,7.59,7.7,216547696.0,1656994688.0,18823001989.0,0.011504418696154237
2108,2009-12-01,7.67,7.73,7.5,7.7,327212608.0,2491151872.0,18823001989.0,0.01738365687849474
2109,2009-12-02,7.75,7.85,7.72,7.77,263980944.0,2053488384.0,18823001989.0,0.01402438060380954
2110,2009-12-03,7.78,7.78,7.6,7.67,205291936.0,1571075968.0,18823001989.0,0.010906439691180547
2111,2009-12-04,7.64,8.09,7.6,8.01,483328896.0,3815283456.0,18823001989.0,0.025677567068337626
2112,2009-12-07,8.04,8.08,7.92,8.0,262825984.0,2103200384.0,18823001989.0,0.013963021634572064
2113,2009-12-08,8.0,8.02,7.77,7.84,212061856.0,1667731712.0,18823001989.0,0.011266101768672558
2114,2009-12-09,7.76,7.78,7.68,7.7,151829616.0,1173185280.0,18823001989.0,0.008066174358836487
2115,2009-12-10,7.76,7.83,7.72,7.78,117633264.0,914524352.0,18823001989.0,0.006249442255212206
2116,2009-12-11,7.8,7.86,7.72,7.74,111520240.0,868285696.0,18823001989.0,0.005924678755555116
2117,2009-12-14,7.71,7.95,7.53,7.89,236741568.0,1835564032.0,18823001989.0,0.012577248206123005
2118,2009-12-15,7.85,7.89,7.77,7.78,149511424.0,1169232256.0,18823001989.0,0.007943016958048095
2119,2009-12-16,7.73,7.93,7.7,7.76,114966680.0,898545344.0,18823001989.0,0.006107776010818335
2120,2009-12-17,7.82,7.87,7.66,7.68,127399904.0,985757120.0,18823001989.0,0.006768309543528254
2121,2009-12-18,7.61,7.67,7.49,7.5,158711920.0,1200830592.0,18823001989.0,0.00843180700361982
2122,2009-12-21,7.5,7.56,7.35,7.44,125008096.0,929796096.0,18823001989.0,0.0066412411831573755
2123,2009-12-22,7.44,7.47,7.2,7.27,124074304.0,909278336.0,18823001989.0,0.006591632093143695
2124,2009-12-23,7.26,7.33,7.18,7.24,110586112.0,802004800.0,18823001989.0,0.005875051815041276
2125,2009-12-24,7.26,7.51,7.18,7.45,171555808.0,1265348480.0,18823001989.0,0.009114157672631375
2126,2009-12-25,7.44,7.55,7.38,7.47,120793760.0,904486528.0,18823001989.0,0.0064173483098280935
2127,2009-12-28,7.47,7.65,7.47,7.56,110529024.0,837852352.0,18823001989.0,0.005872018930061858
2128,2009-12-29,7.58,7.68,7.5,7.66,126142392.0,961201408.0,18823001989.0,0.006701502346635065
2129,2009-12-30,7.67,7.95,7.63,7.89,298332768.0,2344604672.0,18823001989.0,0.015849372388864597
2130,2009-12-31,7.93,8.04,7.88,7.91,194165088.0,1545729792.0,18823001989.0,0.010315309328101246
2131,2010-01-04,8.03,8.15,7.92,7.93,243569120.0,1957852288.0,18823001989.0,0.012939972069404216
2132,2010-01-05,7.99,8.14,7.8,8.07,230186816.0,1845540352.0,18823001989.0,0.012229017248923375
2133,2010-01-06,8.03,8.08,7.9,7.91,161680601.0,1291159625.0,18823001989.0,0.008589522600830875
2134,2010-01-07,7.9,7.92,7.65,7.7,166506160.0,1296438400.0,18823001989.0,0.008845887605882672
2135,2010-01-08,7.69,7.81,7.64,7.78,117514696.0,908019648.0,18823001989.0,0.006243143153715575
2136,2010-01-11,8.15,8.21,7.8,7.87,258278576.0,2065298304.0,18823001989.0,0.013721433815442179
2137,2010-01-12,7.82,7.96,7.6,7.91,183095668.0,1423936425.0,18823001989.0,0.009727229913007476
2138,2010-01-13,7.65,7.73,7.5,7.56,289554656.0,2208528384.0,18823001989.0,0.015383022122040535
2139,2010-01-14,7.6,7.61,7.45,7.57,144728336.0,1090010752.0,18823001989.0,0.007688908288092303
2140,2010-01-15,7.58,7.64,7.46,7.57,116026944.0,875997376.0,18823001989.0,0.006164104114094295
2141,2010-01-18,7.51,7.61,7.5,7.59,113146080.0,855801472.0,18823001989.0,0.006011053925729891
2142,2010-01-19,7.61,7.75,7.61,7.71,154300832.0,1188019328.0,18823001989.0,0.00819746138741164
2143,2010-01-20,7.73,7.74,7.46,7.5,125636584.0,951835136.0,18823001989.0,0.006674630543705034
2144,2010-01-21,7.51,7.7,7.49,7.63,119745744.0,907318272.0,18823001989.0,0.006361670899784125
2145,2010-01-22,7.52,7.92,7.48,7.78,276878400.0,2132982656.0,18823001989.0,0.014709577152560752
2146,2010-01-25,7.65,7.85,7.6,7.63,121765928.0,941518336.0,18823001989.0,0.006468996181967093
2147,2010-01-26,7.62,7.74,7.5,7.55,113315896.0,859808000.0,18823001989.0,0.0060200756535126985
2148,2010-01-27,7.57,7.63,7.28,7.32,119260776.0,883881280.0,18823001989.0,0.006335906252875868
2149,2010-01-28,7.35,7.36,7.2,7.25,101956760.0,740661888.0,18823001989.0,0.005416604644656716
2150,2010-01-29,7.19,7.35,7.19,7.23,104653480.0,758982400.0,18823001989.0,0.005559871908910098
2151,2010-02-01,7.21,7.21,7.03,7.11,102736704.0,729676288.0,18823001989.0,0.005458040330657057
2152,2010-02-02,7.17,7.29,7.1,7.12,81491400.0,586883328.0,18823001989.0,0.0043293519305593695
2153,2010-02-03,7.15,7.3,7.01,7.29,118072800.0,850553344.0,18823001989.0,0.006272793259491803
2154,2010-02-04,7.24,7.31,7.19,7.25,65467136.0,474755008.0,18823001989.0,0.003478039052339177
2155,2010-02-05,7.1,7.18,7.05,7.13,76906432.0,546989120.0,18823001989.0,0.004085768680518838
2156,2010-02-08,7.15,7.17,7.04,7.1,46885788.0,332846080.0,18823001989.0,0.0024908772802234016
2157,2010-02-09,7.1,7.18,7.1,7.18,48178692.0,344557344.0,18823001989.0,0.002559564729800019
2158,2010-02-10,7.22,7.28,7.15,7.23,52779616.0,380696768.0,18823001989.0,0.002803995666092154
2159,2010-02-11,7.25,7.28,7.18,7.23,47281228.0,341781568.0,18823001989.0,0.002511885618863067
2160,2010-02-12,7.26,7.29,7.23,7.28,54676224.0,397220928.0,18823001989.0,0.002904755789323739
2161,2010-02-22,7.27,7.31,7.2,7.23,49958512.0,363184480.0,18823001989.0,0.0026541203166846245
2162,2010-02-23,7.23,7.26,7.09,7.16,60243672.0,430236032.0,18823001989.0,0.003200534751853391
2163,2010-02-24,7.12,7.28,7.1,7.26,56144076.0,404053280.0,18823001989.0,0.0029827376118224985
2164,2010-02-25,7.27,7.42,7.24,7.36,115526232.0,850583104.0,18823001989.0,0.0061375030437500104
2165,2010-02-26,7.35,7.4,7.3,7.33,76577024.0,562052352.0,18823001989.0,0.004068268390172352
2166,2010-03-01,7.31,7.45,7.31,7.42,88708664.0,656652672.0,18823001989.0,0.004712779823953723
2167,2010-03-02,7.43,7.55,7.38,7.44,95792944.0,714012800.0,18823001989.0,0.005089142744392238
2168,2010-03-03,7.45,7.47,7.35,7.45,74140304.0,550380352.0,18823001989.0,0.00393881401294687
2169,2010-03-04,7.45,7.45,7.25,7.26,83239896.0,611305024.0,18823001989.0,0.004422243383316045
2170,2010-03-05,7.28,7.32,7.22,7.25,57001268.0,414609504.0,18823001989.0,0.003028277212811806
2171,2010-03-08,7.27,7.38,7.23,7.31,75410360.0,550890432.0,18823001989.0,0.004006287628512665
2172,2010-03-09,7.31,7.48,7.25,7.43,108593936.0,803805568.0,18823001989.0,0.005769214499550144
2173,2010-03-10,7.41,7.5,7.36,7.36,73881056.0,549152832.0,18823001989.0,0.003925041077038373
2174,2010-03-11,7.42,7.53,7.38,7.46,110663360.0,825079040.0,18823001989.0,0.0058791557300302425
2175,2010-03-12,7.46,7.49,7.37,7.39,58924296.0,437556288.0,18823001989.0,0.0031304409378713795
2176,2010-03-15,7.39,7.4,7.2,7.25,68346848.0,496612960.0,18823001989.0,0.0036310280389887494
2177,2010-03-16,7.25,7.38,7.22,7.33,53890328.0,392941984.0,18823001989.0,0.002863003894463436
2178,2010-03-17,7.34,7.46,7.31,7.45,78031064.0,578005184.0,18823001989.0,0.004145516429610998
2179,2010-03-18,7.46,7.54,7.4,7.42,83950432.0,627228160.0,18823001989.0,0.004459991665997799
2180,2010-03-19,7.42,7.48,7.39,7.45,46761964.0,347740928.0,18823001989.0,0.002484298945902853
2181,2010-03-22,7.48,7.64,7.48,7.55,92518552.0,699702528.0,18823001989.0,0.004915185795234312
2182,2010-03-23,7.58,7.59,7.41,7.43,66662848.0,498479040.0,18823001989.0,0.0035415630322388103
2183,2010-03-24,7.5,7.53,7.42,7.44,63289052.0,472934400.0,18823001989.0,0.0033623250976111876
2184,2010-03-25,7.42,7.44,7.31,7.33,54215804.0,398483520.0,18823001989.0,0.00288029529145687
2185,2010-03-26,7.33,7.59,7.3,7.48,103985424.0,776917888.0,18823001989.0,0.005524380439462748
2186,2010-03-29,7.54,7.83,7.49,7.77,280492448.0,2161064448.0,18823001989.0,0.014901578832320019
2187,2010-03-30,7.77,7.83,7.7,7.8,123385632.0,959327424.0,18823001989.0,0.006555045368008009
2188,2010-03-31,7.8,7.81,7.66,7.69,92491840.0,713832832.0,18823001989.0,0.004913766680471661
2189,2010-04-01,7.7,7.81,7.7,7.75,96293560.0,746775232.0,18823001989.0,0.005115738714593619
2190,2010-04-02,7.78,7.82,7.73,7.76,87715648.0,681612160.0,18823001989.0,0.004660024370781041
2191,2010-04-06,7.79,7.87,7.75,7.78,110603728.0,863076544.0,18823001989.0,0.005875987691263905
2192,2010-04-07,7.77,7.77,7.65,7.68,85743904.0,659852672.0,18823001989.0,0.004555272535704347
2193,2010-04-08,7.68,7.68,7.5,7.56,95532696.0,725301760.0,18823001989.0,0.005075316681995172
2194,2010-04-09,7.56,7.64,7.53,7.59,81973944.0,620616640.0,18823001989.0,0.004354987798859335
2195,2010-04-12,7.6,7.62,7.38,7.46,160689984.0,1198259200.0,18823001989.0,0.008536894598104269
2196,2010-04-13,7.45,7.69,7.43,7.68,193136032.0,1464884864.0,18823001989.0,0.010260639196280542
2197,2010-04-14,7.68,7.72,7.61,7.69,112744712.0,865473280.0,18823001989.0,0.00598973065326599
2198,2010-04-15,7.71,7.76,7.6,7.71,108075352.0,828860032.0,18823001989.0,0.005741663952602157
2199,2010-04-16,7.68,7.68,7.52,7.53,72027352.0,545994112.0,18823001989.0,0.0038265602926723465
2200,2010-04-19,7.4,7.42,7.07,7.08,288937664.0,2076773888.0,18823001989.0,0.015350243503605466
2201,2010-04-20,7.15,7.19,6.99,7.09,194422080.0,1376066816.0,18823001989.0,0.01032896241065153
2202,2010-04-21,7.1,7.15,6.97,7.15,193196592.0,1362765312.0,18823001989.0,0.010263856536428272
2203,2010-04-22,7.08,7.08,6.91,6.96,199151584.0,1390070016.0,18823001989.0,0.010580224350843848
2204,2010-04-23,6.95,7.01,6.85,6.92,160982768.0,1114797312.0,18823001989.0,0.00855244918393341
2205,2010-04-26,6.95,6.97,6.85,6.86,92359536.0,637265984.0,18823001989.0,0.004906737833528048
2206,2010-04-27,6.87,6.88,6.69,6.74,123569832.0,833850112.0,18823001989.0,0.006564831267202391
2207,2010-04-28,6.72,6.77,6.65,6.72,85824960.0,576008640.0,18823001989.0,0.004559578756361784
2208,2010-04-29,6.78,6.97,6.73,6.85,158035296.0,1083464320.0,18823001989.0,0.008395860346418413
2209,2010-04-30,6.98,7.08,6.87,7.02,179656624.0,1255029248.0,18823001989.0,0.009544525581253712
2210,2010-05-04,6.9,7.01,6.82,6.9,106742648.0,738457216.0,18823001989.0,0.0056708620687805
2211,2010-05-05,6.84,7.07,6.82,7.02,111839712.0,777963584.0,18823001989.0,0.005941651181111183
2212,2010-05-06,6.98,6.99,6.7,6.71,140004448.0,954278272.0,18823001989.0,0.007437944706259788
2213,2010-05-07,6.6,6.73,6.54,6.65,105405664.0,700844544.0,18823001989.0,0.005599832803587767
2214,2010-05-10,6.68,6.85,6.62,6.82,92125360.0,620242176.0,18823001989.0,0.00489429688494095
2215,2010-05-11,6.96,6.98,6.6,6.66,153394432.0,1040204160.0,18823001989.0,0.008149307538172838
2216,2010-05-12,6.62,6.88,6.54,6.82,140636096.0,949141120.0,18823001989.0,0.007471501946511323
2217,2010-05-13,6.78,6.93,6.76,6.87,141367024.0,970709056.0,18823001989.0,0.0075103335845479735
2218,2010-05-14,6.83,6.88,6.8,6.81,85889144.0,587040000.0,18823001989.0,0.004562988626904086
2219,2010-05-17,6.75,6.75,6.6,6.61,101644472.0,676647232.0,18823001989.0,0.0054000138797945275
2220,2010-05-18,6.63,6.8,6.61,6.76,112114352.0,751290560.0,18823001989.0,0.005956241839931731
2221,2010-05-19,6.69,6.81,6.6,6.72,74776864.0,503043616.0,18823001989.0,0.003972632210510255
2222,2010-05-20,6.68,6.79,6.64,6.66,64181712.0,430050240.0,18823001989.0,0.0034097489888970547
2223,2010-05-21,6.54,6.7,6.52,6.69,88256264.0,584338752.0,18823001989.0,0.004688745400525177
2224,2010-05-24,6.71,6.92,6.71,6.86,159396480.0,1087252992.0,18823001989.0,0.00846817527263451
2225,2010-05-25,6.79,6.81,6.61,6.64,100319840.0,674353024.0,18823001989.0,0.005329640832988598
2226,2010-05-26,6.66,6.7,6.62,6.64,72815792.0,484417696.0,18823001989.0,0.0038684473413195686
2227,2010-05-27,6.67,6.73,6.59,6.72,70285080.0,468193216.0,18823001989.0,0.0037339994991805237
2228,2010-05-28,6.77,6.79,6.65,6.68,80932672.0,542992192.0,18823001989.0,0.004299668673854274
2229,2010-05-31,6.65,6.7,6.53,6.54,91941200.0,606958272.0,18823001989.0,0.004884513110806111
2230,2010-06-01,6.53,6.59,6.38,6.44,104896048.0,678455296.0,18823001989.0,0.005572758694989266
2231,2010-06-02,6.42,6.44,6.34,6.42,80121592.0,511658368.0,18823001989.0,0.004256578841505853
2232,2010-06-03,6.45,6.45,6.32,6.33,91996848.0,588851200.0,18823001989.0,0.00488746949364199
2233,2010-06-04,6.3,6.34,6.2,6.25,118644328.0,742620608.0,18823001989.0,0.006303156535250579
2234,2010-06-07,6.15,6.2,6.06,6.07,114205264.0,698838016.0,18823001989.0,0.006067324652398197
2235,2010-06-08,6.08,6.12,6.0,6.06,78707544.0,477461504.0,18823001989.0,0.004181455436598053
2236,2010-06-09,6.09,6.46,6.06,6.35,180367888.0,1132135424.0,18823001989.0,0.009582312540019145
2237,2010-06-10,6.25,6.28,6.15,6.16,129555544.0,804368128.0,18823001989.0,0.006882831127346804
2238,2010-06-11,6.21,6.29,6.16,6.19,84620864.0,526472672.0,18823001989.0,0.004495609363981989
2239,2010-06-17,6.24,6.29,6.18,6.2,85258024.0,530989088.0,18823001989.0,0.0045294594374385155
2240,2010-06-21,6.23,6.43,6.2,6.39,170512592.0,1082966784.0,18823001989.0,0.009058735269732537
2241,2010-06-22,6.37,6.44,6.35,6.39,76659872.0,490380160.0,18823001989.0,0.0040726698134973035
2242,2010-06-23,6.36,6.38,6.27,6.31,74335064.0,470251200.0,18823001989.0,0.003949160927860539
2243,2010-06-24,6.32,6.4,6.26,6.33,56949952.0,361194336.0,18823001989.0,0.003025550973924407
2244,2010-06-25,6.3,6.4,6.29,6.36,61260436.0,389246688.0,18823001989.0,0.0032545518528766066
2245,2010-06-28,6.35,6.41,6.3,6.35,61849568.0,392870464.0,18823001989.0,0.0032858503673401486
2246,2010-06-29,6.35,6.38,6.06,6.07,109696912.0,676999872.0,18823001989.0,0.005827811741405857
2247,2010-06-30,6.05,6.13,6.02,6.05,77727912.0,473311616.0,18823001989.0,0.004129411028348375
2248,2010-07-01,6.06,6.1,6.02,6.03,45023240.0,272497056.0,18823001989.0,0.0023919266451924723
2249,2010-07-02,6.05,6.12,5.98,6.08,97011656.0,586353856.0,18823001989.0,0.005153888633528955
2250,2010-07-05,6.03,6.1,5.98,6.05,62334704.0,376028128.0,18823001989.0,0.003311623939498485
2251,2010-07-06,6.05,6.16,6.03,6.14,83153584.0,508560416.0,18823001989.0,0.00441765792983469
2252,2010-07-07,6.12,6.15,6.07,6.13,51004936.0,311454144.0,18823001989.0,0.002709713149358792
2253,2010-07-08,6.16,6.26,6.16,6.18,73709328.0,457401312.0,18823001989.0,0.003915917771409422
2254,2010-07-09,6.23,6.43,6.18,6.35,105798256.0,668197120.0,18823001989.0,0.005620689837987989
2255,2010-07-12,6.37,6.52,6.34,6.44,103657632.0,668309632.0,18823001989.0,0.005506966001521788
2256,2010-07-13,6.39,6.42,6.33,6.39,68756480.0,438017280.0,18823001989.0,0.0036527903487541835
2257,2010-07-14,6.41,6.48,6.34,6.43,112944288.0,725520192.0,18823001989.0,0.006000333425348606
2258,2010-07-15,5.32,5.46,5.27,5.28,118291968.0,635453376.0,18823001989.0,0.00628443688573846
2259,2010-07-16,5.26,5.3,5.2,5.26,65134208.0,341229760.0,22587602387.0,0.0028836264639352403
2260,2010-07-19,5.21,5.35,5.2,5.34,104011352.0,552429696.0,22587602387.0,0.004604798252507861
2261,2010-07-20,5.36,5.46,5.35,5.41,125501088.0,679575872.0,22587602387.0,0.005556193430792394
2262,2010-07-21,5.42,5.44,5.36,5.38,85590688.0,461282048.0,22587602387.0,0.003789277256326267
2263,2010-07-22,5.37,5.44,5.35,5.42,89509920.0,483963904.0,22587602387.0,0.0039627897846969485
2264,2010-07-23,5.43,5.54,5.42,5.49,146198720.0,801402944.0,22587602387.0,0.006472520522326122
2265,2010-07-26,5.5,5.53,5.44,5.49,75619352.0,414280672.0,22587602387.0,0.003347825532980062
2266,2010-07-27,5.44,5.47,5.41,5.43,64686888.0,351782368.0,22587602387.0,0.0028638226798799013
2267,2010-07-28,5.44,5.55,5.43,5.54,137460272.0,757195648.0,22587602387.0,0.006085651307511658
2268,2010-07-29,5.53,5.63,5.52,5.58,167621536.0,937479168.0,22587602387.0,0.007420953013431491
2269,2010-07-30,5.58,5.6,5.53,5.59,73804520.0,410032256.0,22587602387.0,0.0032674791567287916
2270,2010-08-02,5.57,5.69,5.55,5.67,120272680.0,678432320.0,22587602387.0,0.005324720965923385
2271,2010-08-03,5.69,5.7,5.54,5.55,100400384.0,565628736.0,22587602387.0,0.004444933210697216
2272,2010-08-04,5.54,5.6,5.46,5.54,119077056.0,657828352.0,22587602387.0,0.005271788211949987
2273,2010-08-05,5.54,5.54,5.4,5.42,158791728.0,864665280.0,22587602387.0,0.007030039101954022
2274,2010-08-06,5.43,5.51,5.38,5.49,78590792.0,428406784.0,22587602387.0,0.003479377343973077
2275,2010-08-09,5.48,5.51,5.44,5.49,96951280.0,530451072.0,22587602387.0,0.004292234223841263
2276,2010-08-10,5.51,5.52,5.38,5.39,114058096.0,620172608.0,22587602387.0,0.005049588444395703
2277,2010-08-11,5.42,5.52,5.42,5.46,154601408.0,846664192.0,22587602387.0,0.006844524945639154
2278,2010-08-12,5.43,5.52,5.39,5.45,98815240.0,539938880.0,22587602387.0,0.004374755598534522
2279,2010-08-13,5.46,5.49,5.37,5.45,130031152.0,704473984.0,22587602387.0,0.005756748758550741
2280,2010-08-16,5.45,5.57,5.4,5.56,172414384.0,948286720.0,22587602387.0,0.007633142333833132
2281,2010-08-17,5.56,5.59,5.51,5.57,115620952.0,642847808.0,22587602387.0,0.005118779320577386
2282,2010-08-18,5.58,5.69,5.57,5.58,186536400.0,1049665536.0,22587602387.0,0.008258353268488497
2283,2010-08-19,5.59,5.68,5.54,5.65,165094928.0,929260736.0,22587602387.0,0.007309094837574183
2284,2010-08-20,5.6,5.66,5.55,5.56,117832736.0,659115072.0,22587602387.0,0.005216699585070485
2285,2010-08-23,5.57,5.65,5.54,5.55,97525952.0,544298752.0,22587602387.0,0.004317676145040068
2286,2010-08-24,5.54,5.6,5.48,5.53,85151888.0,471106944.0,22587602387.0,0.0037698506703397637
2287,2010-08-25,5.5,5.5,5.38,5.4,139241616.0,756152960.0,22587602387.0,0.006164515100555281
2288,2010-08-26,5.41,5.45,5.38,5.4,62655336.0,338744960.0,22587602387.0,0.002773881659793182
2289,2010-08-27,5.4,5.44,5.38,5.42,44318980.0,239803120.0,22587602387.0,0.0019620931536101067
2290,2010-08-30,5.45,5.48,5.41,5.45,91153784.0,496571840.0,22587602387.0,0.0040355670530335865
2291,2010-08-31,5.45,5.45,5.38,5.39,90535400.0,488970880.0,22587602387.0,0.00400818991094453
2292,2010-09-01,5.41,5.49,5.35,5.39,150434256.0,813664512.0,22587602387.0,0.006660036484730247
2293,2010-09-02,5.44,5.46,5.37,5.4,120907640.0,651873216.0,22587602387.0,0.005352831961907866
2294,2010-09-03,5.4,5.41,5.32,5.36,123099992.0,658724416.0,22587602387.0,0.005449891931462747
2295,2010-09-06,5.37,5.48,5.36,5.45,139703824.0,757594880.0,22587602387.0,0.0061849780072454575
2296,2010-09-07,5.46,5.48,5.41,5.43,88526624.0,481743744.0,22587602387.0,0.003919257231610839
2297,2010-09-08,5.4,5.41,5.28,5.32,247924720.0,1319732224.0,22587602387.0,0.010976141502415052
2298,2010-09-09,5.32,5.33,5.2,5.22,195647136.0,1025899392.0,22587602387.0,0.008661704445116413
2299,2010-09-10,5.23,5.25,5.17,5.22,99490784.0,518046336.0,22587602387.0,0.0044046633323623855
2300,2010-09-13,5.2,5.24,5.15,5.19,179679264.0,930777536.0,22587602387.0,0.00795477363739199
2301,2010-09-14,5.2,5.22,5.16,5.19,137424448.0,714044352.0,22587602387.0,0.006084065304739597
2302,2010-09-15,5.19,5.19,5.09,5.1,163710720.0,837122112.0,22587602387.0,0.00724781307883397
2303,2010-09-16,5.1,5.1,4.97,5.01,161907440.0,813701568.0,22587602387.0,0.007167978133579318
2304,2010-09-17,5.03,5.04,4.96,5.0,116873440.0,583397824.0,22587602387.0,0.005174229561755743
2305,2010-09-20,5.01,5.04,4.96,5.0,81119880.0,406000512.0,22587602387.0,0.003591345314573427
2306,2010-09-21,5.02,5.03,4.99,5.01,56760336.0,284233408.0,22587602387.0,0.0025128977847010303
2307,2010-09-27,5.02,5.04,5.0,5.01,114428968.0,573548736.0,22587602387.0,0.005066007716952646
2308,2010-09-28,5.0,5.01,4.96,4.97,95808984.0,477519552.0,22587602387.0,0.004241662411019844
2309,2010-09-29,4.96,5.04,4.95,5.01,90002800.0,450891936.0,22587602387.0,0.003984610604434933
2310,2010-09-30,4.98,5.13,4.97,5.1,115723384.0,587872256.0,22587602387.0,0.005123314197641582
2311,2010-10-08,5.14,5.24,5.12,5.21,181754960.0,942413952.0,22587602387.0,0.008046669003904846
2312,2010-10-11,5.21,5.4,5.16,5.33,300404320.0,1590174080.0,22587602387.0,0.013299522226975882
2313,2010-10-12,5.29,5.32,5.24,5.3,188610832.0,996034752.0,22587602387.0,0.008350192675100059
2314,2010-10-13,5.3,5.42,5.28,5.4,240424192.0,1290098176.0,22587602387.0,0.010644077573207726
2315,2010-10-14,5.43,5.62,5.43,5.45,375984608.0,2073607552.0,22587602387.0,0.01664561831566475
2316,2010-10-15,5.43,5.7,5.4,5.69,424146464.0,2373288704.0,22587602387.0,0.018777843559177932
2317,2010-10-18,5.78,5.97,5.78,5.8,460797216.0,2705585152.0,22587602387.0,0.02040044835680328
2318,2010-10-19,5.79,5.83,5.7,5.82,227756176.0,1309934592.0,22587602387.0,0.010083238233867713
2319,2010-10-20,5.8,5.98,5.75,5.8,307820832.0,1797864448.0,22587602387.0,0.013627866593630241
2320,2010-10-21,5.78,5.82,5.6,5.64,219287616.0,1248521216.0,22587602387.0,0.009708317520508866
2321,2010-10-22,5.61,5.67,5.53,5.58,129016160.0,721496832.0,22587602387.0,0.0057118129578132455
2322,2010-10-25,5.59,5.7,5.51,5.66,167793008.0,944226048.0,22587602387.0,0.007428544434471322
2323,2010-10-26,5.69,5.74,5.61,5.65,153121728.0,867559680.0,22587602387.0,0.0067790164434684405
2324,2010-10-27,5.64,5.74,5.56,5.57,160237088.0,903044480.0,22587602387.0,0.00709402818655168
2325,2010-10-28,5.56,5.64,5.54,5.57,107522416.0,599020352.0,22587602387.0,0.004760240337056894
2326,2010-10-29,5.59,5.6,5.45,5.46,166610416.0,915134784.0,22587602387.0,0.007376188634163777
2327,2010-11-01,5.49,5.56,5.48,5.52,171469136.0,945089152.0,22587602387.0,0.007591294244611231
2328,2010-11-02,5.53,5.55,5.43,5.47,196012096.0,1075186816.0,22587602387.0,0.00867786198117301
2329,2010-11-03,5.5,5.67,5.44,5.62,270224128.0,1506840832.0,22587602387.0,0.01196338253924303
2330,2010-11-04,5.62,5.66,5.6,5.64,208275168.0,1172369920.0,22587602387.0,0.009220773609857328
2331,2010-11-05,5.71,5.76,5.63,5.68,177718240.0,1009222080.0,22587602387.0,0.00786795503812673
2332,2010-11-08,5.7,5.81,5.69,5.74,219285872.0,1262639488.0,22587602387.0,0.009708240310012148
2333,2010-11-09,5.77,5.78,5.62,5.66,182230864.0,1035599040.0,22587602387.0,0.008067738260917882
2334,2010-11-10,5.62,5.62,5.5,5.54,185992064.0,1030526784.0,22587602387.0,0.0082342543849207
2335,2010-11-11,5.54,5.66,5.51,5.6,227818832.0,1267314048.0,22587602387.0,0.010086012144924163
2336,2010-11-12,5.56,5.57,5.28,5.32,268104144.0,1457013504.0,22587602387.0,0.011869526451125411
2337,2010-11-15,5.35,5.38,5.24,5.36,145460704.0,770049600.0,22587602387.0,0.00643984702350339
2338,2010-11-16,5.33,5.33,5.15,5.18,159980096.0,837749888.0,22587602387.0,0.007082650617759876
2339,2010-11-17,5.15,5.28,5.13,5.16,161789248.0,838605824.0,22587602387.0,0.007162745528631923
2340,2010-11-18,5.19,5.26,5.16,5.2,119041008.0,618948096.0,22587602387.0,0.005270192292233394
2341,2010-11-19,5.23,5.23,5.08,5.19,159156336.0,818470144.0,22587602387.0,0.0070461810542406375
2342,2010-11-22,5.13,5.17,5.08,5.09,121811024.0,623597120.0,22587602387.0,0.0053928266450319114
2343,2010-11-23,5.08,5.1,5.02,5.06,138364288.0,699321216.0,22587602387.0,0.00612567397058635
2344,2010-11-24,5.06,5.18,5.05,5.12,130559032.0,668901120.0,22587602387.0,0.00578011910087197
2345,2010-11-25,5.15,5.19,5.08,5.17,125282896.0,643711616.0,22587602387.0,0.005546533618464302
2346,2010-11-26,5.17,5.18,5.1,5.13,91896352.0,471807136.0,22587602387.0,0.004068442078336289
2347,2010-11-29,5.12,5.14,5.09,5.13,58078096.0,297185312.0,22587602387.0,0.0025712377526809172
2348,2010-11-30,5.12,5.14,5.02,5.07,127383688.0,645647040.0,22587602387.0,0.005639540036941416
2349,2010-12-01,5.07,5.09,5.03,5.07,66524412.0,336846560.0,22587602387.0,0.00294517367803
2350,2010-12-02,5.12,5.16,5.1,5.1,85257232.0,437145344.0,22587602387.0,0.0037745144676828864
2351,2010-12-03,5.12,5.13,5.06,5.1,63343224.0,322904096.0,22587602387.0,0.0028043358881001184
2352,2010-12-06,5.11,5.15,5.08,5.13,89999560.0,461001728.0,22587602387.0,0.003984467162915798
2353,2010-12-07,5.1,5.14,5.05,5.13,85644088.0,435748352.0,22587602387.0,0.00379164138506756
2354,2010-12-08,5.11,5.13,5.06,5.07,72022936.0,366709888.0,22587602387.0,0.0031886047383874556
2355,2010-12-09,5.06,5.08,5.02,5.04,89921104.0,453748864.0,22587602387.0,0.0039809937530931976
2356,2010-12-10,5.03,5.1,5.02,5.08,67474792.0,341512960.0,22587602387.0,0.0029872489715346787
2357,2010-12-13,5.08,5.17,5.07,5.15,142299920.0,727579392.0,22587602387.0,0.006299912560967466
2358,2010-12-14,5.15,5.17,5.1,5.12,88329296.0,452695552.0,22587602387.0,0.003910521111830655
2359,2010-12-15,5.13,5.17,5.11,5.12,123961296.0,637598336.0,22587602387.0,0.005488023645720996
2360,2010-12-16,5.12,5.13,5.08,5.09,71250432.0,363687648.0,22587602387.0,0.0031544043842832675
2361,2010-12-17,5.11,5.11,5.06,5.08,61813056.0,313579648.0,22587602387.0,0.0027365921774670384
2362,2010-12-20,5.1,5.1,5.01,5.03,119599344.0,603073856.0,22587602387.0,0.005294910984834488
2363,2010-12-21,5.05,5.15,5.02,5.12,136053984.0,693056384.0,22587602387.0,0.006023392021381787
2364,2010-12-22,5.11,5.13,5.04,5.06,77215128.0,392835392.0,22587602387.0,0.003418473845831471
2365,2010-12-23,5.06,5.16,5.04,5.09,117322424.0,598650368.0,22587602387.0,0.005194107014541897
2366,2010-12-24,5.06,5.15,5.05,5.1,108198024.0,552067264.0,22587602387.0,0.0047901509042974815
2367,2010-12-27,5.15,5.18,5.05,5.06,150445760.0,771992960.0,22587602387.0,0.006660545790667322
2368,2010-12-28,5.07,5.12,5.04,5.05,103408800.0,524662016.0,22587602387.0,0.004578122025891317
2369,2010-12-29,5.07,5.08,4.99,5.02,132220656.0,662901056.0,22587602387.0,0.005853682641239421
2370,2010-12-30,5.02,5.06,4.96,5.01,106028544.0,530661376.0,22587602387.0,0.004694103525614713
2371,2010-12-31,5.0,5.05,4.97,5.02,90280168.0,452175040.0,22587602387.0,0.003996890261002628
2372,2011-01-04,5.05,5.09,4.99,5.07,139162144.0,702120320.0,22587602387.0,0.006160996710305692
2373,2011-01-05,5.05,5.09,5.0,5.04,119924160.0,604131584.0,22587602387.0,0.005309291262760176
2374,2011-01-06,5.03,5.07,5.02,5.03,72985512.0,368008288.0,22587602387.0,0.003231219974104284
2375,2011-01-10,5.09,5.16,5.07,5.08,304867136.0,1559481472.0,22587602387.0,0.013497100346314857
2376,2011-01-11,5.07,5.16,5.06,5.12,169883920.0,871165248.0,22587602387.0,0.007521113444859224
2377,2011-01-12,5.14,5.16,5.09,5.15,215345040.0,1105683328.0,22587602387.0,0.009533771504847235
2378,2011-01-13,5.17,5.19,5.12,5.14,89721080.0,462207072.0,22587602387.0,0.00397213827580203
2379,2011-01-14,5.14,5.14,5.09,5.1,80480640.0,411189472.0,22587602387.0,0.0035630448341130525
2380,2011-01-17,5.08,5.11,4.99,5.01,132982056.0,669911744.0,22587602387.0,0.005887391398236056
2381,2011-01-18,5.0,5.02,4.97,4.99,89346856.0,445823104.0,22587602387.0,0.003955570603253687
2382,2011-01-19,4.99,5.02,4.97,5.01,69066848.0,344984448.0,22587602387.0,0.0030577325922715253
2383,2011-01-20,5.01,5.05,4.92,4.94,111567256.0,553891712.0,22587602387.0,0.004939313792074323
2384,2011-01-21,4.93,5.07,4.92,5.0,114222024.0,571341248.0,22587602387.0,0.005056845876910734
2385,2011-01-24,4.99,5.02,4.94,4.97,101817864.0,506200384.0,22587602387.0,0.004507687989877135
2386,2011-01-25,4.96,5.0,4.93,4.97,103288904.0,512765888.0,22587602387.0,0.004572813981330155
2387,2011-01-26,4.97,5.0,4.96,4.99,56128032.0,279773920.0,22587602387.0,0.002484904375344581
2388,2011-01-27,4.96,5.03,4.94,5.01,119972792.0,597759040.0,22587602387.0,0.0053114443022535575
2389,2011-01-28,5.0,5.02,4.97,4.99,67428864.0,336122144.0,22587602387.0,0.0029852156437288717
2390,2011-01-31,4.99,5.04,4.98,5.03,95487712.0,478759488.0,22587602387.0,0.004227439033323728
2391,2011-02-01,5.03,5.09,5.02,5.07,68629512.0,346893440.0,22587602387.0,0.0030383708206010752
2392,2011-02-09,5.05,5.08,5.03,5.03,73062544.0,369123456.0,22587602387.0,0.0032346303404937834
2393,2011-02-10,5.03,5.13,5.03,5.12,104197688.0,529540512.0,22587602387.0,0.004613047733652759
2394,2011-02-11,5.11,5.13,5.08,5.11,85906792.0,438410752.0,22587602387.0,0.003803271835944949
2395,2011-02-14,5.11,5.22,5.11,5.22,244582512.0,1267626368.0,22587602387.0,0.01082817502316077
2396,2011-02-15,5.21,5.23,5.17,5.18,140554144.0,730950272.0,22587602387.0,0.00622262343704501
2397,2011-02-16,5.18,5.19,5.09,5.14,266123776.0,1362102656.0,22587602387.0,0.01178185145286443
2398,2011-02-17,5.13,5.19,5.11,5.15,148771920.0,765765056.0,22587602387.0,0.006586441422646245
2399,2011-02-18,5.14,5.15,5.1,5.15,103702832.0,532341888.0,22587602387.0,0.004591139432296932
2400,2011-02-21,5.13,5.19,5.1,5.18,169426528.0,873961664.0,22587602387.0,0.007500863752476501
2401,2011-02-22,5.18,5.18,5.09,5.1,177871296.0,911342784.0,22587602387.0,0.00787473114465533
2402,2011-02-23,5.09,5.13,5.09,5.1,70649408.0,360622496.0,22587602387.0,0.0031277958053955008
2403,2011-02-24,5.1,5.1,5.07,5.09,83198256.0,422967712.0,22587602387.0,0.0036833593302440844
2404,2011-02-28,5.13,5.16,5.1,5.11,125750392.0,643166400.0,22587602387.0,0.005567230635880769
2405,2011-03-01,5.12,5.17,5.11,5.15,122499720.0,630186624.0,22587602387.0,0.005423316645174483
2406,2011-03-02,5.13,5.26,5.11,5.2,227838832.0,1185218048.0,22587602387.0,0.010086897586400302
2407,2011-03-03,5.22,5.42,5.21,5.29,472231392.0,2519412480.0,22587602387.0,0.02090666304059729
2408,2011-03-04,5.3,5.39,5.27,5.35,179477280.0,955162944.0,22587602387.0,0.00794583138683616
2409,2011-03-07,5.39,5.5,5.38,5.42,208976240.0,1136200448.0,22587602387.0,0.009251811521185337
2410,2011-03-08,5.42,5.47,5.36,5.39,133103888.0,720496768.0,22587602387.0,0.005892785153532108
2411,2011-03-09,5.41,5.47,5.39,5.41,111926368.0,607957760.0,22587602387.0,0.004955212425043295
2412,2011-03-10,5.4,5.42,5.23,5.27,157545408.0,837054464.0,22587602387.0,0.006974861930926906
2413,2011-03-11,5.25,5.3,5.22,5.24,92345784.0,485838272.0,22587602387.0,0.004088339365011508
2414,2011-03-14,5.24,5.3,5.24,5.27,69732760.0,367436640.0,22587602387.0,0.003087213897484479
2415,2011-03-15,5.26,5.27,5.13,5.2,144608336.0,751197248.0,22587602387.0,0.0064021109244966805
2416,2011-03-16,5.2,5.24,5.16,5.23,74641008.0,388433536.0,22587602387.0,0.0033045122152034452
2417,2011-03-17,5.18,5.2,5.15,5.16,78328496.0,405213024.0,22587602387.0,0.0034677649561018014
2418,2011-03-18,5.2,5.25,5.16,5.17,65085388.0,338802400.0,22587602387.0,0.002881465101291983
2419,2011-03-21,5.19,5.22,5.14,5.16,95194168.0,492250080.0,22587602387.0,0.0042144432316901315
2420,2011-03-22,5.18,5.3,5.14,5.28,178833600.0,934615680.0,22587602387.0,0.007917334338368083
2421,2011-03-23,5.26,5.35,5.25,5.31,123729072.0,656846400.0,22587602387.0,0.0054777426076532435
2422,2011-03-24,5.32,5.33,5.26,5.29,49369412.0,261118656.0,22587602387.0,0.0021856862518712444
2423,2011-03-25,5.31,5.4,5.28,5.37,147270688.0,791293952.0,22587602387.0,0.006519978768740844
2424,2011-03-28,5.42,5.68,5.42,5.51,303037056.0,1679277952.0,22587602387.0,0.013416078909482178
2425,2011-03-29,5.52,5.71,5.52,5.63,426410304.0,2402352640.0,22587602387.0,0.018878068450745127
2426,2011-03-30,5.63,5.74,5.57,5.65,247087840.0,1398841472.0,22587602387.0,0.010939091089287466
2427,2011-03-31,5.64,5.67,5.56,5.59,159267440.0,892580608.0,22587602387.0,0.007051099858728888
2428,2011-04-01,5.58,5.83,5.56,5.81,304221664.0,1743630592.0,22587602387.0,0.013468523962290518
2429,2011-04-06,5.81,6.03,5.81,5.94,391724608.0,2332287232.0,22587602387.0,0.017342460757386626
2430,2011-04-07,5.94,6.0,5.84,5.94,242560704.0,1439614720.0,22587602387.0,0.010738665390161226
2431,2011-04-08,5.92,5.96,5.88,5.93,133390272.0,789744512.0,22587602387.0,0.005905463967117246
2432,2011-04-11,5.94,6.08,5.9,5.92,286125632.0,1712855552.0,22587602387.0,0.01266737509797303
2433,2011-04-12,5.91,5.95,5.8,5.85,170274112.0,1000003136.0,22587602387.0,0.0075383880538821176
2434,2011-04-13,5.83,5.98,5.8,5.98,158226704.0,933129600.0,22587602387.0,0.007005024317723306
2435,2011-04-14,6.01,6.11,5.98,6.02,266416656.0,1613056000.0,22587602387.0,0.011794817857841018
2436,2011-04-15,6.0,6.12,5.98,6.1,225815808.0,1369167488.0,22587602387.0,0.009997334118559008
2437,2011-04-18,6.08,6.15,6.04,6.08,144267696.0,876900352.0,22587602387.0,0.006387030085275071
2438,2011-04-19,6.04,6.09,5.93,5.94,156902976.0,943507968.0,22587602387.0,0.006946420134006939
2439,2011-04-20,5.95,6.03,5.88,5.91,157075600.0,934784256.0,22587602387.0,0.006954062556475796
2440,2011-04-21,5.96,6.06,5.94,5.98,135445152.0,812739136.0,22587602387.0,0.0059964377661417346
2441,2011-04-22,5.99,6.07,5.96,6.01,136526656.0,822392128.0,22587602387.0,0.00604431819105228
2442,2011-04-25,5.96,6.07,5.96,6.01,150577376.0,905894464.0,22587602387.0,0.006666372703933501
2443,2011-04-26,6.01,6.1,6.0,6.09,175636112.0,1065934976.0,22587602387.0,0.0077757749136351485
2444,2011-04-27,6.12,6.25,6.12,6.19,343873728.0,2129883648.0,22587602387.0,0.015224003066297644
2445,2011-04-28,6.25,6.29,6.14,6.17,235294688.0,1463028352.0,22587602387.0,0.010416983793526523
2446,2011-04-29,6.15,6.17,5.95,6.15,212040592.0,1289538688.0,22587602387.0,0.009387476739099905
2447,2011-05-03,6.11,6.22,6.07,6.18,125674104.0,774022144.0,22587602387.0,0.005563853207914183
2448,2011-05-05,5.97,6.04,5.95,6.03,246987856.0,1479660672.0,22587602387.0,0.010934664590259949
2449,2011-05-06,6.01,6.03,5.83,5.86,152138848.0,903052352.0,22587602387.0,0.006735502307565035
2450,2011-05-09,5.87,5.93,5.78,5.82,117867784.0,689721728.0,22587602387.0,0.005218251232713272
2451,2011-05-10,5.84,5.94,5.82,5.93,73420032.0,433068352.0,22587602387.0,0.0032504570756148933
2452,2011-05-11,5.92,5.97,5.9,5.91,65434196.0,388519776.0,22587602387.0,0.002896907554812449
2453,2011-05-12,5.9,5.96,5.88,5.89,67581888.0,399856288.0,22587602387.0,0.002991990333551111
2454,2011-05-13,5.83,5.95,5.75,5.93,157432528.0,919266176.0,22587602387.0,0.006969864499235573
2455,2011-05-16,5.88,5.95,5.81,5.81,95853464.0,564456512.0,22587602387.0,0.004243631632862778
2456,2011-05-17,5.82,5.95,5.76,5.86,87123672.0,510268192.0,22587602387.0,0.003857145637119188
2457,2011-05-18,5.85,6.03,5.85,6.02,134854496.0,805554240.0,22587602387.0,0.0059702882001151985
2458,2011-05-19,6.03,6.12,6.0,6.04,128326368.0,777661952.0,22587602387.0,0.005681274435477781
2459,2011-05-20,6.04,6.12,6.02,6.06,123048800.0,747020352.0,22587602387.0,0.005447625555460421
2460,2011-05-23,6.04,6.05,5.85,5.9,161338976.0,957600192.0,22587602387.0,0.0071428110534147065
2461,2011-05-24,5.9,5.94,5.88,5.92,77481216.0,458113248.0,22587602387.0,0.003430254113406623
2462,2011-05-25,5.9,5.92,5.8,5.81,83489144.0,488129056.0,22587602387.0,0.0036962375452496495
2463,2011-05-27,5.82,5.93,5.8,5.91,123122912.0,724351232.0,22587602387.0,0.005450906647394404
2464,2011-05-30,5.85,5.97,5.85,5.92,76656832.0,454150592.0,22587602387.0,0.0033937569241133288
2465,2011-05-31,5.91,6.08,5.91,6.06,119363320.0,716330176.0,22587602387.0,0.005284461712886269
2466,2011-06-01,6.07,6.07,5.96,5.98,99379648.0,595587392.0,22587602387.0,0.004399743111167773
2467,2011-06-02,5.95,5.99,5.71,5.74,286674560.0,1667574016.0,22587602387.0,0.01269167727890375
2468,2011-06-03,5.74,5.79,5.71,5.76,71893016.0,413905472.0,22587602387.0,0.0031828529105584523
2469,2011-06-07,5.76,5.81,5.73,5.8,37912488.0,219073072.0,22587602387.0,0.0016784644669422745
2470,2011-06-08,5.83,5.83,5.66,5.75,88615888.0,506826752.0,22587602387.0,0.003923209134007145
2471,2011-06-09,5.67,5.67,5.57,5.58,62017992.0,347493408.0,22587602387.0,0.002745665119184746
2472,2011-06-10,5.58,5.67,5.58,5.63,52313616.0,294116160.0,22587602387.0,0.0023160322686620522
2473,2011-06-13,5.6,5.76,5.59,5.74,77366016.0,439536416.0,22587602387.0,0.0034251539705040584
2474,2011-06-14,5.74,5.86,5.72,5.81,79535720.0,463006080.0,22587602387.0,0.0035212112661313602
2475,2011-06-15,5.8,5.83,5.74,5.78,50549964.0,292618240.0,22587602387.0,0.0022379517371482233
2476,2011-06-16,5.77,5.79,5.73,5.75,50595992.0,291210912.0,22587602387.0,0.002239989492161411
2477,2011-06-17,5.75,5.8,5.74,5.74,56250224.0,324640544.0,22587602387.0,0.0024903140685872036
2478,2011-06-20,5.76,5.85,5.7,5.79,93281904.0,536325888.0,22587602387.0,0.004129783338743699
2479,2011-06-21,5.81,5.85,5.76,5.81,45708780.0,265326528.0,22587602387.0,0.0020236224817870483
2480,2011-06-22,5.83,5.84,5.77,5.8,57609268.0,333478240.0,22587602387.0,0.002550481764862138
2481,2011-06-23,5.78,5.89,5.77,5.87,73894656.0,429102880.0,22587602387.0,0.0032714696643734577
2482,2011-06-24,5.86,6.05,5.84,6.03,149438576.0,891686720.0,22587602387.0,0.006615955666282112
2483,2011-06-27,5.99,6.09,5.99,6.03,90659832.0,547587904.0,22587602387.0,0.0040136987736324806
2484,2011-06-28,6.0,6.04,5.93,5.97,80571288.0,480706080.0,22587602387.0,0.0035670580090595076
2485,2011-06-29,5.96,5.96,5.68,5.72,234755776.0,1356448896.0,22587602387.0,0.010393125041687054
2486,2011-06-30,5.74,5.84,5.66,5.73,139470960.0,802634880.0,22587602387.0,0.006174668635050469
2487,2011-07-01,5.75,5.77,5.67,5.71,116692624.0,667084544.0,22587602387.0,0.0051662244624582606
2488,2011-07-04,5.72,5.86,5.72,5.85,158321520.0,919071872.0,22587602387.0,0.007009222018673389
2489,2011-07-05,5.86,5.94,5.83,5.85,114349088.0,671790144.0,22587602387.0,0.005062471263696944
2490,2011-07-06,5.83,5.84,5.68,5.74,170186400.0,973441856.0,22587602387.0,0.00753450486174436
2491,2011-07-07,5.82,5.9,5.71,5.75,168365408.0,974032832.0,22587602387.0,0.007453885769518438
2492,2011-07-08,5.77,5.83,5.69,5.77,138291040.0,796739328.0,22587602387.0,0.006122431129724136
2493,2011-07-11,5.74,5.75,5.69,5.73,82072800.0,469565824.0,22587602387.0,0.0036335330591455747
2494,2011-07-12,5.71,5.71,5.62,5.66,115998936.0,656293632.0,22587602387.0,0.005135513456123244
2495,2011-07-13,5.68,5.76,5.66,5.74,97057352.0,555358336.0,22587602387.0,0.0042969302512541165
2496,2011-07-14,5.74,5.76,5.7,5.74,74952496.0,429733504.0,22587602387.0,0.003318302434929434
2497,2011-07-15,5.72,5.81,5.7,5.79,95759872.0,553154816.0,22587602387.0,0.004239488120931036
2498,2011-07-18,5.8,5.83,5.73,5.74,52444280.0,302112192.0,22587602387.0,0.002321817034913968
2499,2011-07-19,5.75,5.75,5.67,5.68,68458168.0,389546208.0,22587602387.0,0.003030785066386692
2500,2011-07-20,5.73,5.73,5.65,5.67,70972816.0,403139200.0,22587602387.0,0.0031421137482412686
2501,2011-07-21,5.68,5.7,5.6,5.63,92981136.0,523748224.0,22587602387.0,0.004116467715648921
2502,2011-07-22,5.65,5.66,5.6,5.62,54496920.0,306601088.0,22587602387.0,0.0024126916644931287
2503,2011-07-25,5.6,5.61,5.43,5.45,135035344.0,744564096.0,22587602387.0,0.005978294716119044
2504,2011-07-26,5.45,5.51,5.4,5.44,71551104.0,389739968.0,22587602387.0,0.00316771575725896
2505,2011-07-27,5.41,5.45,5.38,5.44,63160544.0,341936864.0,22587602387.0,0.002796248265657059
2506,2011-07-28,5.39,5.39,5.29,5.32,116991920.0,623168192.0,22587602387.0,0.0051794749170603945
2507,2011-07-29,5.34,5.54,5.26,5.44,126389392.0,682336000.0,22587602387.0,0.00559552049104343
2508,2011-08-01,5.41,5.48,5.35,5.4,72483256.0,393212000.0,22587602387.0,0.003208984059402285
2509,2011-08-02,5.36,5.39,5.29,5.35,69134168.0,368645824.0,22587602387.0,0.0030607129882802113
2510,2011-08-03,5.31,5.38,5.29,5.36,50753800.0,271176000.0,22587602387.0,0.0022469759795847428
2511,2011-08-04,5.38,5.42,5.33,5.37,39148544.0,210696368.0,22587602387.0,0.001733187229403836
2512,2011-08-05,5.26,5.32,5.24,5.27,87183488.0,459574752.0,22587602387.0,0.003859793815486026
2513,2011-08-08,5.25,5.33,5.09,5.17,117374488.0,610911232.0,22587602387.0,0.0051964119957925835
2514,2011-08-09,5.09,5.25,5.06,5.21,143362944.0,740283968.0,22587602387.0,0.006346974837954057
2515,2011-08-10,5.33,5.35,5.2,5.23,103567232.0,547408192.0,22587602387.0,0.004585136139088705
2516,2011-08-11,5.17,5.42,5.15,5.34,125654656.0,666348224.0,22587602387.0,0.005562992204622784
2517,2011-08-12,5.4,5.41,5.33,5.38,82952088.0,445343200.0,22587602387.0,0.0036724609623791675
2518,2011-08-15,5.4,5.64,5.36,5.61,187132272.0,1033786368.0,22587602387.0,0.00828473375765201
2519,2011-08-16,5.62,5.77,5.61,5.67,203682192.0,1158882304.0,22587602387.0,0.009017433037391637
2520,2011-08-17,5.76,5.83,5.69,5.7,210117616.0,1207995264.0,22587602387.0,0.009302342603698853
2521,2011-08-18,5.75,5.75,5.58,5.6,120158008.0,676413056.0,22587602387.0,0.005319644198675791
2522,2011-08-19,5.53,5.66,5.47,5.65,142103168.0,789043200.0,22587602387.0,0.006291201941901794
2523,2011-08-22,5.63,5.69,5.55,5.59,91268112.0,513548128.0,22587602387.0,0.004040628590687791
2524,2011-08-23,5.64,5.82,5.56,5.77,154069264.0,883970496.0,22587602387.0,0.006820965827195212
2525,2011-08-24,5.79,5.82,5.71,5.72,98638680.0,569253312.0,22587602387.0,0.004366938921183163
2526,2011-08-25,5.77,6.1,5.74,6.09,403877536.0,2402836736.0,22587602387.0,0.01788049608277355
2527,2011-08-26,6.03,6.1,5.95,6.09,262620832.0,1583743616.0,22587602387.0,0.011626768857554709
2528,2011-08-29,5.95,5.99,5.85,5.87,280077248.0,1656231680.0,22587602387.0,0.01239960059511207
2529,2011-08-30,5.93,6.07,5.9,5.92,231977056.0,1386628608.0,22587602387.0,0.010270105344758121
2530,2011-08-31,5.93,6.02,5.88,5.99,162730784.0,971884992.0,22587602387.0,0.007204429279915853
2531,2011-09-01,6.0,6.03,5.93,5.98,120928424.0,722398336.0,22587602387.0,0.00535375211268987
2532,2011-09-02,5.95,5.99,5.82,5.86,132627704.0,781603968.0,22587602387.0,0.005871703500338404
2533,2011-09-05,5.81,5.85,5.75,5.81,98724840.0,571745472.0,22587602387.0,0.0043707534030623715
2534,2011-09-06,5.78,5.87,5.77,5.82,89278224.0,520483392.0,22587602387.0,0.003952532122284166
2535,2011-09-07,5.84,6.0,5.84,6.0,124085976.0,736904768.0,22587602387.0,0.0054935434878832495
2536,2011-09-08,6.03,6.04,5.92,5.93,72450472.0,432612000.0,22587602387.0,0.003207532643734597
2537,2011-09-09,5.96,6.06,5.81,5.87,122971024.0,728946432.0,22587602387.0,0.005444182250648009
2538,2011-09-13,5.79,5.87,5.75,5.86,87633656.0,510476384.0,22587602387.0,0.003879723686407567
2539,2011-09-14,5.87,5.89,5.75,5.87,86567896.0,504430304.0,22587602387.0,0.003832540281027039
2540,2011-09-15,5.86,5.88,5.77,5.77,83803848.0,487280576.0,22587602387.0,0.0037101701439650014
2541,2011-09-16,5.81,5.91,5.79,5.82,78721184.0,458924640.0,22587602387.0,0.003485150068220917
2542,2011-09-19,5.77,5.78,5.68,5.69,80234368.0,458277664.0,22587602387.0,0.0035521418619524595
2543,2011-09-20,5.7,5.81,5.65,5.76,76528696.0,438550368.0,22587602387.0,0.003388084077663997
2544,2011-09-21,5.77,5.97,5.72,5.93,152819120.0,901685504.0,22587602387.0,0.006765619359757858
2545,2011-09-22,5.87,5.9,5.68,5.72,153857712.0,889310208.0,22587602387.0,0.006811599981437198
2546,2011-09-23,5.64,5.73,5.6,5.73,127977176.0,723213632.0,22587602387.0,0.005665814981480974
2547,2011-09-26,5.66,5.74,5.52,5.56,106478432.0,599708096.0,22587602387.0,0.004714021000355588
2548,2011-09-27,5.61,5.7,5.57,5.62,88751304.0,500504192.0,22587602387.0,0.003929204281153792
2549,2011-09-28,5.67,5.73,5.56,5.58,62603992.0,352863328.0,22587602387.0,0.0027716085544356363
2550,2011-09-29,5.55,5.66,5.5,5.61,125625800.0,701560384.0,22587602387.0,0.00556171468966101
2551,2011-09-30,5.62,5.68,5.47,5.52,157870464.0,879830144.0,22587602387.0,0.0069892528341503075
2552,2011-10-10,5.5,5.52,5.35,5.4,126196312.0,681606912.0,22587602387.0,0.005586972439032779
2553,2011-10-11,5.59,5.62,5.45,5.49,123875440.0,685305728.0,22587602387.0,0.005484222622552224
2554,2011-10-12,5.45,5.82,5.43,5.76,231081200.0,1319636480.0,22587602387.0,0.010230443941805695
2555,2011-10-13,5.71,5.8,5.69,5.77,121875208.0,701587776.0,22587602387.0,0.005395668203817139
2556,2011-10-14,5.78,5.81,5.7,5.8,97231544.0,560027648.0,22587602387.0,0.004304642092334702
2557,2011-10-17,5.8,5.97,5.77,5.85,126807368.0,746975168.0,22587602387.0,0.005614025155364977
2558,2011-10-18,5.8,5.87,5.73,5.74,94437344.0,546977216.0,22587602387.0,0.004180937063703236
2559,2011-10-19,5.75,5.85,5.75,5.79,81615848.0,473174400.0,22587602387.0,0.0036133028464753274
2560,2011-10-20,5.77,5.82,5.65,5.73,116971152.0,670298240.0,22587602387.0,0.0051785554746315715
2561,2011-10-21,5.75,5.91,5.7,5.84,134538000.0,786185280.0,22587602387.0,0.005956276265843585
2562,2011-10-24,5.86,6.0,5.84,5.98,200847312.0,1192958208.0,22587602387.0,0.008891927020797703
2563,2011-10-25,5.95,6.01,5.92,6.0,158053632.0,944907520.0,22587602387.0,0.006997362061365384
2564,2011-10-26,5.99,6.06,5.95,5.97,216276192.0,1301775232.0,22587602387.0,0.009574995534916753
2565,2011-10-27,6.0,6.09,5.96,6.07,145375568.0,877419072.0,22587602387.0,0.006436077876227758
2566,2011-10-28,6.18,6.27,6.11,6.17,255505648.0,1580658560.0,22587602387.0,0.011311764906356459
2567,2011-10-31,6.14,6.18,6.08,6.11,93523744.0,572760448.0,22587602387.0,0.004140490097073179
2568,2011-11-01,6.08,6.2,6.07,6.11,134501856.0,825499584.0,22587602387.0,0.0059546760960079055
2569,2011-11-02,6.02,6.28,6.0,6.27,188610896.0,1162265088.0,22587602387.0,0.008350195508512782
2570,2011-11-03,6.29,6.33,6.17,6.18,208026336.0,1298799872.0,22587602387.0,0.00920975730118779
2571,2011-11-04,6.24,6.27,6.14,6.22,109687080.0,679950464.0,22587602387.0,0.004856074501432209
2572,2011-11-07,6.17,6.21,6.09,6.09,95548368.0,586442048.0,22587602387.0,0.004230124400232564
2573,2011-11-08,6.12,6.17,6.06,6.11,99081200.0,605028800.0,22587602387.0,0.004386530199284228
2574,2011-11-09,6.14,6.16,6.06,6.16,73262584.0,448391456.0,22587602387.0,0.0032434865261381316
2575,2011-11-10,6.08,6.14,6.04,6.05,98693816.0,600347008.0,22587602387.0,0.004369379906244584
2576,2011-11-11,6.08,6.09,6.0,6.05,67537536.0,408400928.0,22587602387.0,0.0029900267785336236
2577,2011-11-14,6.08,6.16,6.06,6.11,121251176.0,740686336.0,22587602387.0,0.005368041013055221
2578,2011-11-15,6.1,6.1,6.0,6.03,90091784.0,543416576.0,22587602387.0,0.003988550110650573
2579,2011-11-16,6.02,6.04,5.87,5.89,138317616.0,820652544.0,22587602387.0,0.00612360770435763
2580,2011-11-17,5.9,5.95,5.89,5.9,64313972.0,380600864.0,22587602387.0,0.0028473129152040972
2581,2011-11-18,5.86,5.93,5.84,5.87,71602416.0,420849472.0,22587602387.0,0.003169987445910144
2582,2011-11-21,5.88,5.9,5.78,5.85,59228944.0,344958176.0,22587602387.0,0.0026221881802775335
2583,2011-11-22,5.82,5.94,5.81,5.91,63403504.0,372641344.0,22587602387.0,0.0028070046087092034
2584,2011-11-23,5.91,5.95,5.8,5.82,60789072.0,355275200.0,22587602387.0,0.0026912582822418707
2585,2011-11-24,5.79,5.92,5.78,5.86,51537236.0,301631264.0,22587602387.0,0.0022816603159997884
2586,2011-11-25,5.84,5.86,5.8,5.82,34786736.0,202615136.0,22587602387.0,0.0015400809436959565
2587,2011-11-28,5.85,5.87,5.81,5.84,45728764.0,266869504.0,22587602387.0,0.0020245072149100074
2588,2011-11-29,5.87,5.95,5.83,5.94,75855224.0,447486720.0,22587602387.0,0.0033582680755730623
2589,2011-11-30,5.9,5.93,5.77,5.8,95922208.0,559819840.0,22587602387.0,0.004246675072304565
2590,2011-12-01,6.02,6.11,5.95,5.98,265555632.0,1603226240.0,22587602387.0,0.011756698539763437
2591,2011-12-02,5.96,6.07,5.94,6.03,109561016.0,658394560.0,22587602387.0,0.0048504933867198055
2592,2011-12-05,6.05,6.12,6.0,6.05,124326528.0,754953792.0,22587602387.0,0.005504193223781667
2593,2011-12-06,6.03,6.09,6.0,6.05,63700596.0,385493824.0,22587602387.0,0.002820157487660667
2594,2011-12-07,6.06,6.15,6.04,6.12,100572816.0,614267968.0,22587602387.0,0.004452567132927901
2595,2011-12-08,6.12,6.16,6.07,6.13,69269816.0,423628512.0,22587602387.0,0.0030667184065479806
2596,2011-12-09,6.1,6.14,6.02,6.05,60971776.0,369593184.0,22587602387.0,0.0026993469672147016
2597,2011-12-12,6.03,6.06,5.98,6.03,52205632.0,314452416.0,22587602387.0,0.0023112515930440794
2598,2011-12-13,6.01,6.06,5.92,5.93,87596448.0,525397888.0,22587602387.0,0.003878076411085357
2599,2011-12-14,5.91,5.96,5.87,5.91,87230592.0,514843264.0,22587602387.0,0.00386187920725063
2600,2011-12-15,5.88,5.94,5.81,5.82,93541616.0,548502080.0,22587602387.0,0.004141281327576257
2601,2011-12-16,5.82,5.98,5.8,5.94,92197896.0,541498496.0,22587602387.0,0.004081792056560341
2602,2011-12-19,5.88,6.03,5.85,6.03,119549944.0,708554112.0,22587602387.0,0.005292723944388423
2603,2011-12-20,6.03,6.12,6.0,6.01,79957424.0,484830400.0,22587602387.0,0.003539880976744059
2604,2011-12-21,6.07,6.1,5.98,5.98,88129056.0,532359968.0,22587602387.0,0.003901656071771545
2605,2011-12-22,5.99,6.05,5.9,6.02,87580496.0,524445376.0,22587602387.0,0.003877370182963988
2606,2011-12-23,6.0,6.08,5.95,6.0,75027712.0,451242528.0,22587602387.0,0.0033216324032329
2607,2011-12-26,5.97,5.98,5.87,5.89,98854992.0,584971392.0,22587602387.0,0.004376515502012498
2608,2011-12-27,5.87,5.93,5.83,5.87,58045344.0,341359840.0,22587602387.0,0.002569787753719591
2609,2011-12-28,5.86,5.88,5.75,5.82,115513328.0,671740864.0,22587602387.0,0.005114014582905983
2610,2011-12-29,5.8,5.86,5.78,5.82,61422576.0,357152448.0,22587602387.0,0.0027193048180868882
2611,2011-12-30,5.84,5.91,5.83,5.89,73356336.0,430735168.0,22587602387.0,0.003247637121601684
2612,2012-01-04,5.95,5.96,5.85,5.86,70526872.0,415385312.0,22587602387.0,0.0031223708825594883
2613,2012-01-05,5.86,6.06,5.85,5.97,164240688.0,983763392.0,22587602387.0,0.007271275861245308
2614,2012-01-06,5.97,6.06,5.94,6.03,103442712.0,619191360.0,22587602387.0,0.00457962338045826
2615,2012-01-09,6.01,6.2,5.99,6.18,186985472.0,1143391616.0,22587602387.0,0.008278234617217144
2616,2012-01-10,6.19,6.24,6.13,6.23,178081904.0,1102145664.0,22587602387.0,0.007884055197575672
2617,2012-01-11,6.22,6.25,6.16,6.17,93949808.0,581992512.0,22587602387.0,0.004159352833927677
2618,2012-01-12,6.16,6.3,6.15,6.23,135617728.0,846758336.0,22587602387.0,0.0060040780635510485
2619,2012-01-13,6.23,6.31,6.16,6.23,134864432.0,841730880.0,22587602387.0,0.005970728087440545
2620,2012-01-16,6.19,6.27,6.16,6.18,75163224.0,467583616.0,22587602387.0,0.0033276318004986315
2621,2012-01-17,6.19,6.35,6.06,6.34,192902656.0,1200940032.0,22587602387.0,0.00854020062399463
2622,2012-01-18,6.31,6.36,6.24,6.26,91847824.0,578363648.0,22587602387.0,0.0040662936431385835
2623,2012-01-19,6.29,6.45,6.24,6.44,166922032.0,1065433856.0,22587602387.0,0.007389984520715213
2624,2012-01-20,6.5,6.55,6.4,6.53,166880704.0,1081917568.0,22587602387.0,0.007388154844448918
2625,2012-01-30,6.54,6.55,6.36,6.38,141160192.0,910829632.0,22587602387.0,0.006249454438831583
2626,2012-01-31,6.39,6.46,6.36,6.42,70546632.0,451691808.0,22587602387.0,0.0031232456987379145
2627,2012-02-01,6.39,6.45,6.28,6.29,96910688.0,615890304.0,22587602387.0,0.00429043713182129
2628,2012-02-02,6.31,6.5,6.28,6.49,139284880.0,891355840.0,22587602387.0,0.006166430487556465
2629,2012-02-03,6.46,6.59,6.45,6.55,149273056.0,974835712.0,22587602387.0,0.0066086277526255805
2630,2012-02-06,6.55,6.62,6.49,6.54,123127024.0,804658752.0,22587602387.0,0.005451088694161898
2631,2012-02-07,6.5,6.5,6.39,6.43,110649456.0,712873920.0,22587602387.0,0.004898680882734276
2632,2012-02-08,6.43,6.61,6.4,6.6,139801968.0,912881984.0,22587602387.0,0.00618932304565717
2633,2012-02-09,6.59,6.61,6.53,6.55,97501336.0,640754752.0,22587602387.0,0.004316586343671235
2634,2012-02-10,6.53,6.61,6.48,6.5,127104744.0,831105344.0,22587602387.0,0.005627190607585402
2635,2012-02-13,6.42,6.51,6.37,6.42,136547776.0,878230144.0,22587602387.0,0.006045253217251083
2636,2012-02-14,6.41,6.42,6.35,6.41,92936456.0,593085632.0,22587602387.0,0.004114489639391225
2637,2012-02-15,6.39,6.48,6.37,6.42,104801472.0,673198720.0,22587602387.0,0.004639778503464233
2638,2012-02-16,6.42,6.45,6.36,6.4,111173112.0,712176640.0,22587602387.0,0.004921864219815744
2639,2012-02-17,6.45,6.46,6.4,6.44,70394816.0,453121408.0,22587602387.0,0.003116524489580834
2640,2012-02-20,6.55,6.57,6.44,6.47,120743792.0,785612800.0,22587602387.0,0.00534557807115874
2641,2012-02-21,6.47,6.5,6.38,6.47,93483896.0,601557312.0,22587602387.0,0.004138725943476119
2642,2012-02-22,6.46,6.49,6.39,6.47,137090592.0,882125312.0,22587602387.0,0.006069284807266693
2643,2012-02-23,6.46,6.48,6.41,6.45,132825904.0,855496960.0,22587602387.0,0.005880478225366948
2644,2012-02-24,6.46,6.54,6.41,6.53,211027280.0,1364752256.0,22587602387.0,0.009342615315446405
2645,2012-02-27,6.54,6.58,6.5,6.5,187409968.0,1226089472.0,22587602387.0,0.008297027935459913
2646,2012-02-28,6.48,6.63,6.48,6.59,203280864.0,1336723584.0,22587602387.0,0.008999665414554828
2647,2012-02-29,6.59,6.62,6.54,6.59,114859040.0,755909952.0,22587602387.0,0.005085047896278961
2648,2012-03-01,6.56,6.62,6.55,6.59,74648816.0,491895264.0,22587602387.0,0.0033048578915557303
2649,2012-03-02,6.58,6.7,6.57,6.69,166655872.0,1108448640.0,22587602387.0,0.007378201065550747
2650,2012-03-05,6.7,6.71,6.58,6.6,161121728.0,1072368000.0,22587602387.0,0.007133193033924287
2651,2012-03-06,6.59,6.6,6.48,6.49,132397352.0,864214016.0,22587602387.0,0.005861505339592819
2652,2012-03-07,6.46,6.5,6.41,6.41,90563120.0,584460736.0,22587602387.0,0.0040094171328304605
2653,2012-03-08,6.45,6.48,6.41,6.43,110751816.0,713403136.0,22587602387.0,0.004903212572209158
2654,2012-03-09,6.44,6.48,6.4,6.47,102735880.0,661137088.0,22587602387.0,0.004548330461985124
2655,2012-03-12,6.44,6.46,6.33,6.38,149324080.0,953119680.0,22587602387.0,0.006610886690919507
2656,2012-03-13,6.37,6.47,6.36,6.45,95822224.0,616339968.0,22587602387.0,0.004242248573277048
2657,2012-03-14,6.47,6.53,6.35,6.36,199154800.0,1283026432.0,22587602387.0,0.008816996004614502
2658,2012-03-15,6.37,6.46,6.35,6.36,139873920.0,895466368.0,22587602387.0,0.006192508509911729
2659,2012-03-16,6.36,6.4,6.31,6.37,115687080.0,735037120.0,22587602387.0,0.005121706944274094
2660,2012-03-19,6.37,6.37,6.3,6.33,96547744.0,610554752.0,22587602387.0,0.004274368848265489
2661,2012-03-20,6.31,6.33,6.2,6.2,122726920.0,765520768.0,22587602387.0,0.00543337526034343
2662,2012-03-21,6.24,6.26,6.17,6.2,112566696.0,699525760.0,22587602387.0,0.004983561073519972
2663,2012-03-22,6.21,6.33,6.19,6.27,104675088.0,654985408.0,22587602387.0,0.004634183221688211
2664,2012-03-23,6.3,6.35,6.26,6.3,135479584.0,853703232.0,22587602387.0,0.005997962142187057
2665,2012-03-27,6.34,6.37,6.27,6.31,107247312.0,676108224.0,22587602387.0,0.004748060912464299
2666,2012-03-28,6.3,6.3,6.14,6.19,129950576.0,808772736.0,22587602387.0,0.0057531814919316695
2667,2012-03-29,6.18,6.19,6.08,6.12,139580192.0,856707264.0,22587602387.0,0.0061795045622165526
2668,2012-03-30,6.13,6.28,6.13,6.27,132762712.0,825801984.0,22587602387.0,0.005877680584478937
2669,2012-04-05,6.21,6.3,6.16,6.27,137454544.0,857085760.0,22587602387.0,0.006085397717072892
2670,2012-04-06,6.25,6.29,6.19,6.28,97721024.0,609066112.0,22587602387.0,0.004326312387021743
2671,2012-04-09,6.25,6.26,6.17,6.18,69324504.0,430117632.0,22587602387.0,0.0030691395577203367
2672,2012-04-11,6.21,6.27,6.19,6.25,145165072.0,904461056.0,22587602387.0,0.006426758781779684
2673,2012-04-12,6.24,6.4,6.22,6.39,151595792.0,958740608.0,22587602387.0,0.006711460092251711
2674,2012-04-13,6.4,6.41,6.35,6.39,101340152.0,646649088.0,22587602387.0,0.004486538688954655
2675,2012-04-16,6.36,6.41,6.35,6.38,54966548.0,350366304.0,22587602387.0,0.0024334830699709537
2676,2012-04-17,6.39,6.4,6.34,6.35,63753664.0,405797568.0,22587602387.0,0.0028225069180734556
2677,2012-04-18,6.38,6.47,6.35,6.44,99775128.0,640681920.0,22587602387.0,0.004417251830916958
2678,2012-04-19,6.42,6.48,6.41,6.45,74002704.0,477392640.0,22587602387.0,0.003276253173404154
2679,2012-04-20,6.44,6.55,6.43,6.55,103536592.0,674425472.0,22587602387.0,0.0045837796427472596
2680,2012-04-23,6.53,6.56,6.48,6.48,85122016.0,554499328.0,22587602387.0,0.0037685281749510018
2681,2012-04-24,6.48,6.7,6.47,6.58,210406560.0,1387249408.0,22587602387.0,0.009315134753792937
2682,2012-04-25,6.58,6.64,6.54,6.59,86213464.0,567346368.0,22587602387.0,0.0038168488413634835
2683,2012-04-26,6.64,6.68,6.55,6.6,112711208.0,744097728.0,22587602387.0,0.004989958919449967
2684,2012-04-27,6.63,6.69,6.61,6.65,122416240.0,814439552.0,22587602387.0,0.005419620812453077
2685,2012-05-02,6.74,6.85,6.7,6.8,243517968.0,1651386752.0,22587602387.0,0.010781045452621991
2686,2012-05-04,6.77,6.84,6.7,6.82,170153904.0,1152718464.0,22587602387.0,0.007533066196433928
2687,2012-05-07,6.78,6.84,6.75,6.82,129704680.0,881218560.0,22587602387.0,0.005742295166070828
2688,2012-05-08,6.8,6.83,6.72,6.77,143911296.0,975890688.0,22587602387.0,0.006371251518170262
2689,2012-05-09,6.74,6.77,6.68,6.72,127697056.0,858097024.0,22587602387.0,0.005653413488166162
2690,2012-05-10,6.71,6.74,6.61,6.65,104619712.0,698567040.0,22587602387.0,0.004631731611329076
2691,2012-05-11,6.64,6.72,6.63,6.64,66689384.0,445406784.0,22587602387.0,0.0029524773305900855
2692,2012-05-14,6.69,6.7,6.62,6.62,89206120.0,593977408.0,22587602387.0,0.003949339928674387
2693,2012-05-15,6.6,6.62,6.53,6.58,95922792.0,629786624.0,22587602387.0,0.004246700927195668
2694,2012-05-16,6.58,6.58,6.42,6.46,96380280.0,626985792.0,22587602387.0,0.004266954869697477
2695,2012-05-17,6.46,6.59,6.44,6.55,80879552.0,527294080.0,22587602387.0,0.003580705495619543
2696,2012-05-18,6.5,6.53,6.45,6.5,89305896.0,579814976.0,22587602387.0,0.003953757219110552
2697,2012-05-21,6.48,6.59,6.48,6.56,66183956.0,433091872.0,22587602387.0,0.0029301009848699705
2698,2012-05-22,6.6,6.66,6.56,6.64,69664040.0,460921312.0,22587602387.0,0.0030841715205724637
2699,2012-05-23,6.63,6.64,6.52,6.55,70750344.0,465308480.0,22587602387.0,0.003132264451437282
2700,2012-05-24,6.55,6.56,6.36,6.4,149143072.0,962694272.0,22587602387.0,0.006602873091383853
2701,2012-05-25,6.41,6.42,6.28,6.33,129567264.0,820637376.0,22587602387.0,0.0057362114747765685
2702,2012-05-28,6.32,6.41,6.29,6.4,106006696.0,673434816.0,22587602387.0,0.004693136269346178
2703,2012-05-29,6.4,6.49,6.34,6.47,115147488.0,738332480.0,22587602387.0,0.005097818087424438
2704,2012-05-30,6.46,6.46,6.35,6.42,111367680.0,711903360.0,22587602387.0,0.004930478148672221
2705,2012-05-31,6.37,6.4,6.35,6.37,63659216.0,405909728.0,22587602387.0,0.002818325509246534
2706,2012-06-01,6.37,6.41,6.33,6.34,85792040.0,545354368.0,22587602387.0,0.00379819152693145
2707,2012-06-04,6.28,6.29,6.15,6.16,117021616.0,729094464.0,22587602387.0,0.005180789620564167
2708,2012-06-05,6.19,6.28,6.13,6.24,98406016.0,611414912.0,22587602387.0,0.004356638403402935
2709,2012-06-06,6.24,6.34,6.24,6.29,73418672.0,461977184.0,22587602387.0,0.003250396865594516
2710,2012-06-07,6.35,6.38,6.28,6.31,68397952.0,432317568.0,22587602387.0,0.003028119179190331
2711,2012-06-08,6.3,6.3,6.04,6.08,267299376.0,1630720896.0,22587602387.0,0.011833897702831915
2712,2012-06-11,6.1,6.11,6.02,6.05,114511160.0,694715904.0,22587602387.0,0.005069646527242989
2713,2012-06-12,6.06,6.08,5.98,6.03,114636552.0,690534784.0,22587602387.0,0.005075197891121794
2714,2012-06-13,6.05,6.11,6.02,6.1,80242680.0,487440384.0,22587602387.0,0.003552509851429943
2715,2012-06-14,6.09,6.09,5.99,6.01,80871168.0,488490336.0,22587602387.0,0.003580334318552745
2716,2012-06-18,6.18,6.19,6.11,6.14,125152552.0,769259136.0,22587602387.0,0.005540763019276004
2717,2012-06-19,6.15,6.24,6.13,6.21,111866704.0,691496320.0,22587602387.0,0.0049525709760316755
2718,2012-06-20,6.22,6.32,6.21,6.27,94087360.0,590924736.0,22587602387.0,0.004165442546223974
2719,2012-06-21,6.28,6.28,6.18,6.24,66800800.0,415379808.0,22587602387.0,0.002957409947965364
2720,2012-06-25,6.2,6.3,6.2,6.26,145128288.0,909893376.0,22587602387.0,0.006425130277816768
2721,2012-06-26,5.96,6.01,5.94,5.97,69251464.0,413714016.0,22587602387.0,0.0030659059254494747
2722,2012-06-27,5.97,6.01,5.87,5.91,73217112.0,434191968.0,22587602387.0,0.003241473386397981
2723,2012-06-28,5.9,5.92,5.83,5.87,62350792.0,365752448.0,22587602387.0,0.0027603988653477087
2724,2012-06-29,5.89,6.02,5.88,5.99,101744096.0,607708224.0,22587602387.0,0.004504422127536541
2725,2012-07-02,6.01,6.02,5.93,5.98,59399568.0,354751008.0,22587602387.0,0.0026297420585987756
2726,2012-07-03,5.98,6.13,5.96,6.05,87509952.0,530653760.0,22587602387.0,0.0038742470537893483
2727,2012-07-04,6.08,6.15,6.05,6.1,70265584.0,428750048.0,22587602387.0,0.0031108031209386103
2728,2012-07-05,6.08,6.1,6.04,6.08,50020784.0,303495328.0,22587602387.0,0.002214523841131045
2729,2012-07-06,5.98,6.06,5.92,6.04,114176768.0,684213312.0,22587602387.0,0.005054842299938525
2730,2012-07-09,6.01,6.05,5.81,5.85,120380680.0,713560832.0,22587602387.0,0.005329502349894539
2731,2012-07-10,5.85,5.9,5.84,5.87,55235952.0,324336512.0,22587602387.0,0.0024454101437428495
2732,2012-07-11,5.87,5.91,5.84,5.88,51338140.0,301962208.0,22587602387.0,0.002272845923193114
2733,2012-07-12,5.87,5.95,5.8,5.89,91654800.0,537131904.0,22587602387.0,0.004057748070364065
2734,2012-07-13,5.89,6.03,5.89,5.97,69005712.0,411372608.0,22587602387.0,0.0030550259747672615
2735,2012-07-16,5.99,6.0,5.91,5.94,67614768.0,402660288.0,22587602387.0,0.0029934459993378845
2736,2012-07-17,5.93,6.02,5.93,6.01,71100736.0,426454176.0,22587602387.0,0.0031477770319226577
2737,2012-07-18,6.02,6.02,5.88,5.96,64180340.0,381513440.0,22587602387.0,0.002841396749437123
2738,2012-07-19,5.95,5.98,5.88,5.95,65554812.0,389620096.0,22587602387.0,0.0029022474752667515
2739,2012-07-20,5.93,5.95,5.9,5.92,40600008.0,240234528.0,22587602387.0,0.0017974465507400114
2740,2012-07-23,5.87,5.87,5.8,5.82,63516336.0,370288640.0,22587602387.0,0.0028119999153409926
2741,2012-07-24,5.8,5.87,5.79,5.8,52040168.0,302628960.0,22587602387.0,0.002303926158623681
2742,2012-07-25,5.8,5.85,5.79,5.8,39274604.0,228177392.0,22587602387.0,0.001738768167027944
2743,2012-07-26,5.82,5.82,5.72,5.77,52589900.0,303147040.0,22587602387.0,0.0023282639343017403
2744,2012-07-27,5.79,5.94,5.77,5.85,79837952.0,468251744.0,22587602387.0,0.0035345917035421916
2745,2012-07-30,5.86,5.96,5.86,5.9,79298296.0,469784544.0,22587602387.0,0.0035107000132798116
2746,2012-07-31,5.93,6.02,5.92,6.01,114718992.0,687224448.0,22587602387.0,0.005078847680886442
2747,2012-08-01,6.01,6.07,5.96,6.01,60040360.0,360565248.0,22587602387.0,0.0026581112493176988
2748,2012-08-02,6.0,6.04,5.99,6.02,60043896.0,360892288.0,22587602387.0,0.00265826779537068
2749,2012-08-03,6.03,6.04,5.97,5.99,41357628.0,247982112.0,22587602387.0,0.0018309879592976564
2750,2012-08-06,6.0,6.03,5.97,6.0,62237536.0,372966016.0,22587602387.0,0.0027553847873566253
2751,2012-08-07,5.99,6.01,5.97,5.98,42939120.0,257148608.0,22587602387.0,0.001901003889846806
2752,2012-08-08,6.0,6.06,5.99,6.02,53881288.0,324756096.0,22587602387.0,0.0023854363591511896
2753,2012-08-09,6.02,6.04,5.99,6.03,36425324.0,219164496.0,22587602387.0,0.0016126246325711897
2754,2012-08-10,6.07,6.13,6.04,6.06,70840688.0,431373216.0,22587602387.0,0.0031362641676733
2755,2012-08-13,6.06,6.09,6.03,6.05,56161252.0,340486112.0,22587602387.0,0.0024863750936364487
2756,2012-08-14,6.05,6.1,6.04,6.07,40606796.0,246268912.0,22587602387.0,0.0017977470695770134
2757,2012-08-15,6.06,6.08,5.93,5.95,54541744.0,326303584.0,22587602387.0,0.002414676115929453
2758,2012-08-16,5.95,5.96,5.91,5.93,31837908.0,188958976.0,22587602387.0,0.0014095302128358648
2759,2012-08-17,5.93,5.99,5.92,5.97,45189644.0,268942656.0,22587602387.0,0.0020006392544791875
2760,2012-08-20,5.93,5.95,5.86,5.92,30881112.0,181990576.0,22587602387.0,0.0013671708697056409
2761,2012-08-21,5.91,5.94,5.88,5.91,47828420.0,282428000.0,22587602387.0,0.0021174633403112774
2762,2012-08-22,5.9,5.9,5.82,5.85,60555264.0,354588544.0,22587602387.0,0.0026809071172092082
2763,2012-08-23,5.86,5.91,5.81,5.88,51762336.0,303731904.0,22587602387.0,0.00229162595981374
2764,2012-08-24,5.9,5.9,5.85,5.87,57527248.0,337841024.0,22587602387.0,0.0025468505693684892
2765,2012-08-27,5.87,5.91,5.83,5.85,62992836.0,369654592.0,22587602387.0,0.002788823484703038
2766,2012-08-28,5.86,5.97,5.85,5.96,59997584.0,355181568.0,22587602387.0,0.0026562174670885313
2767,2012-08-29,5.95,6.0,5.93,5.98,51170232.0,305682400.0,22587602387.0,0.0022654122878243313
2768,2012-08-30,5.95,6.03,5.94,6.0,86467744.0,519001888.0,22587602387.0,0.0038281063442911225
2769,2012-08-31,5.99,6.01,5.96,5.97,50533800.0,302451488.0,22587602387.0,0.002237236123347207
2770,2012-09-03,5.83,5.85,5.78,5.78,65111152.0,378490912.0,22587602387.0,0.0028826057270015465
2771,2012-09-04,5.78,5.81,5.65,5.68,106403984.0,607962048.0,22587602387.0,0.004710725033004805
2772,2012-09-05,5.67,5.67,5.39,5.47,229946448.0,1257106560.0,22587602387.0,0.010180206117509076
2773,2012-09-06,5.5,5.69,5.44,5.68,234683872.0,1307072128.0,22587602387.0,0.010389941702492038
2774,2012-09-07,5.66,5.89,5.65,5.83,176289968.0,1020580416.0,22587602387.0,0.007804722474726286
2775,2012-09-10,5.82,5.84,5.72,5.76,101774464.0,585456192.0,22587602387.0,0.0045057665818739115
2776,2012-09-11,5.73,5.74,5.67,5.74,42064240.0,239876256.0,22587602387.0,0.0018622711379145545
2777,2012-09-12,5.76,5.78,5.67,5.72,52896720.0,302340768.0,22587602387.0,0.002341847491987198
2778,2012-09-13,5.69,5.71,5.65,5.67,42066408.0,238996224.0,22587602387.0,0.0018623671197705682
2779,2012-09-14,5.71,5.76,5.65,5.74,62235240.0,355729664.0,22587602387.0,0.0027552831386751645
2780,2012-09-17,5.72,5.72,5.65,5.65,44751816.0,254415440.0,22587602387.0,0.001981255700948425
2781,2012-09-18,5.61,5.63,5.5,5.54,60451856.0,336324672.0,22587602387.0,0.002676329030600976
2782,2012-09-19,5.54,5.56,5.5,5.52,42401792.0,233970784.0,22587602387.0,0.0018772152649722486
2783,2012-09-20,5.5,5.51,5.45,5.47,60247552.0,330486464.0,22587602387.0,0.0026672840688339145
2784,2012-09-21,5.45,5.52,5.42,5.49,49295784.0,270369568.0,22587602387.0,0.002182426587620984
2785,2012-09-24,5.45,5.53,5.42,5.53,65901124.0,360108800.0,22587602387.0,0.0029175794256909946
2786,2012-09-25,5.51,5.54,5.48,5.49,28862296.0,158921600.0,22587602387.0,0.001277793698750927
2787,2012-09-26,5.47,5.51,5.43,5.47,25143424.0,137624128.0,22587602387.0,0.0011131515230882127
2788,2012-09-27,5.49,5.8,5.44,5.6,82694368.0,462647936.0,22587602387.0,0.0036610511635176324
2789,2012-09-28,5.55,5.67,5.51,5.65,77548104.0,433353824.0,22587602387.0,0.0034332153838794242
2790,2012-10-08,5.63,5.68,5.58,5.62,54319792.0,305956000.0,22587602387.0,0.0024048498406038458
2791,2012-10-09,5.65,5.77,5.65,5.74,88116808.0,504939104.0,22587602387.0,0.0039011138274115576
2792,2012-10-10,5.74,5.77,5.69,5.71,51742100.0,295875328.0,22587602387.0,0.002290730070128182
2793,2012-10-11,5.7,5.74,5.65,5.73,50904656.0,290267264.0,22587602387.0,0.0022536546875509688
2794,2012-10-12,5.74,5.82,5.74,5.78,72173680.0,417648928.0,22587602387.0,0.003195278487881415
2795,2012-10-15,5.8,5.81,5.74,5.78,38256076.0,220684512.0,22587602387.0,0.0016936758202374673
2796,2012-10-16,5.78,5.84,5.76,5.83,69517392.0,404252576.0,22587602387.0,0.0030776791094928174
2797,2012-10-17,5.84,5.86,5.81,5.85,86603808.0,505550176.0,22587602387.0,0.0038341301797415956
2798,2012-10-18,5.86,5.98,5.84,5.96,112824440.0,669186816.0,22587602387.0,0.0049949719349112786
2799,2012-10-19,5.95,6.0,5.94,6.0,95275408.0,570207424.0,22587602387.0,0.00421803989496621
2800,2012-10-22,5.97,6.09,5.96,6.09,110366952.0,666012032.0,22587602387.0,0.0048861738447955085
2801,2012-10-23,6.09,6.12,6.02,6.02,85007144.0,516359296.0,22587602387.0,0.0037634425532886463
2802,2012-10-24,6.0,6.04,5.96,5.96,71452448.0,428293088.0,22587602387.0,0.0031633480515454587
2803,2012-10-25,5.96,5.99,5.93,5.97,66287256.0,395628000.0,22587602387.0,0.0029346742900942316
2804,2012-10-26,5.98,6.0,5.91,5.98,92988320.0,553908160.0,22587602387.0,0.00411678576622715
2805,2012-10-29,5.96,6.06,5.94,6.03,69747352.0,419287168.0,22587602387.0,0.003087859915585471
2806,2012-10-30,6.02,6.06,5.95,5.96,78529304.0,470737472.0,22587602387.0,0.0034766551426988336
2807,2012-10-31,5.98,6.05,5.93,6.02,80480296.0,483582304.0,22587602387.0,0.0035630296045196627
2808,2012-11-01,6.02,6.15,6.01,6.03,160431616.0,976304512.0,22587602387.0,0.007102640344525204
2809,2012-11-02,6.03,6.1,6.03,6.1,64237360.0,390318656.0,22587602387.0,0.002843921143085597
2810,2012-11-05,6.1,6.17,6.08,6.15,75754552.0,464889056.0,22587602387.0,0.003353811117358766
2811,2012-11-06,6.15,6.16,6.09,6.15,73132856.0,447637472.0,22587602387.0,0.0032377431985472997
2812,2012-11-07,6.14,6.17,6.09,6.16,89540208.0,548660928.0,22587602387.0,0.003964130697268414
2813,2012-11-08,6.1,6.15,6.08,6.1,92993648.0,568180096.0,22587602387.0,0.004117021647836394
2814,2012-11-09,6.1,6.15,6.08,6.11,51684972.0,316115520.0,22587602387.0,0.002288200895095737
2815,2012-11-12,6.11,6.24,6.11,6.23,115007168.0,710095744.0,22587602387.0,0.005091605830027842
2816,2012-11-13,6.22,6.23,6.08,6.14,80671920.0,495110208.0,22587602387.0,0.0035715131963908516
2817,2012-11-14,6.12,6.2,6.11,6.15,69700864.0,429752704.0,22587602387.0,0.003085801795418332
2818,2012-11-15,6.13,6.16,6.09,6.13,62695600.0,383810592.0,22587602387.0,0.0027756642305729463
2819,2012-11-16,6.11,6.12,6.08,6.09,73902880.0,450634912.0,22587602387.0,0.003271833757908446
2820,2012-11-19,6.08,6.13,6.06,6.09,91697552.0,559100096.0,22587602387.0,0.0040596407900634615
2821,2012-11-20,6.1,6.13,6.06,6.07,37982808.0,231432848.0,22587602387.0,0.0016815776791723814
2822,2012-11-21,6.07,6.12,6.05,6.11,63276308.0,385078944.0,22587602387.0,0.0028013733780092504
2823,2012-11-22,6.09,6.13,6.07,6.13,45378360.0,276698240.0,22587602387.0,0.002008994103159746
2824,2012-11-23,6.14,6.17,6.1,6.1,96343864.0,591372096.0,22587602387.0,0.0042653426578577215
2825,2012-11-26,6.1,6.15,6.08,6.14,50162948.0,306662240.0,22587602387.0,0.0022208177362317404
2826,2012-11-27,6.14,6.23,6.13,6.22,117924624.0,731972672.0,22587602387.0,0.005220767657388461
2827,2012-11-28,6.18,6.28,6.18,6.27,100968344.0,630776000.0,22587602387.0,0.004470077977736628
2828,2012-11-29,6.28,6.29,6.24,6.26,89909864.0,563936064.0,22587602387.0,0.003980496134983607
2829,2012-11-30,6.24,6.3,6.24,6.29,76659160.0,481125856.0,22587602387.0,0.003393859989501151
2830,2012-12-03,6.29,6.3,6.19,6.19,85134344.0,531498912.0,22587602387.0,0.0037690739610768942
2831,2012-12-04,6.18,6.3,6.17,6.28,84500000.0,528654144.0,22587602387.0,0.0037409902366898787
2832,2012-12-05,6.29,6.62,6.28,6.56,272925120.0,1779779072.0,22587602387.0,0.012082961056419095
2833,2012-12-06,6.56,6.62,6.53,6.59,89073616.0,586409280.0,22587602387.0,0.003943473701806667
2834,2012-12-07,6.62,6.85,6.58,6.85,205327360.0,1386471296.0,22587602387.0,0.00909026803651252
2835,2012-12-10,6.87,7.07,6.82,7.02,217479488.0,1507717120.0,22587602387.0,0.009628267944240399
2836,2012-12-11,6.99,7.04,6.86,6.9,200925584.0,1403832832.0,22587602387.0,0.008895392284558724
2837,2012-12-12,6.89,7.02,6.86,7.01,226122384.0,1567158528.0,22587602387.0,0.010010906873858458
2838,2012-12-13,6.99,6.99,6.88,6.89,222424624.0,1538593664.0,22587602387.0,0.009847199370217956
2839,2012-12-14,6.88,7.51,6.88,7.47,361845664.0,2599630080.0,22587602387.0,0.01601965794334398
2840,2012-12-17,7.53,7.7,7.38,7.5,245348192.0,1845136896.0,22587602387.0,0.0108620732646333
2841,2012-12-18,7.47,7.72,7.4,7.52,232054864.0,1758920704.0,22587602387.0,0.010273550066276895
2842,2012-12-19,7.52,7.65,7.42,7.51,188552128.0,1412961792.0,22587602387.0,0.008347593727279294
2843,2012-12-20,7.45,7.5,7.34,7.43,219312240.0,1624182272.0,22587602387.0,0.00970940767605429
2844,2012-12-21,7.44,7.45,7.26,7.33,213513328.0,1565215360.0,22587602387.0,0.009452677815990103
2845,2012-12-24,7.34,7.54,7.33,7.4,147024176.0,1094176640.0,22587602387.0,0.006509065171282537
2846,2012-12-25,7.35,7.85,7.33,7.75,242466864.0,1863290880.0,22587602387.0,0.010734510898755179
2847,2012-12-26,7.76,7.77,7.63,7.75,152976384.0,1178801408.0,22587602387.0,0.006772581763173038
2848,2012-12-27,7.75,7.83,7.5,7.64,241888000.0,1851557888.0,22587602387.0,0.010708883389022974
2849,2012-12-28,7.63,7.75,7.58,7.7,149118832.0,1144263040.0,22587602387.0,0.0066017999363147725
2850,2012-12-31,7.71,7.88,7.7,7.86,216576432.0,1688135680.0,22587602387.0,0.00958828778235656
2851,2013-01-04,8.1,8.17,7.82,7.98,285152832.0,2283631872.0,22587602387.0,0.0126243072245736
2852,2013-01-07,7.94,8.35,7.93,8.32,210150800.0,1718001280.0,22587602387.0,0.009303811728196063
2853,2013-01-08,8.34,8.35,8.1,8.19,151430560.0,1242015232.0,22587602387.0,0.006704144928952436
2854,2013-01-09,8.15,8.27,8.09,8.18,128960384.0,1053599744.0,22587602387.0,0.005709343638624588
2855,2013-01-10,8.17,8.31,8.08,8.13,126197736.0,1035333952.0,22587602387.0,0.0055870354824658795
2856,2013-01-11,8.15,8.21,7.97,8.01,174120768.0,1408533120.0,22587602387.0,0.007708687492224183
2857,2013-01-14,7.99,8.56,7.96,8.55,250216176.0,2087180928.0,22587602387.0,0.0110775890115725
2858,2013-01-15,8.54,8.63,8.47,8.6,140939104.0,1206861824.0,22587602387.0,0.006239666414577745
2859,2013-01-16,8.57,8.6,8.33,8.54,135654256.0,1153615616.0,22587602387.0,0.00600569523386307
2860,2013-01-17,8.5,8.54,8.36,8.45,120526520.0,1018838272.0,22587602387.0,0.005335958989138549
2861,2013-01-18,8.51,8.85,8.51,8.78,173534880.0,1512898560.0,22587602387.0,0.007682749015445559
2862,2013-01-21,8.8,9.02,8.68,9.01,205867888.0,1818235136.0,22587602387.0,0.00911419833202326
2863,2013-01-22,8.96,9.11,8.75,8.88,249060608.0,2235043328.0,22587602387.0,0.011026429619787515
2864,2013-01-23,8.81,9.21,8.79,9.2,203363312.0,1825155456.0,22587602387.0,0.009003315558496067
2865,2013-01-24,9.2,9.57,9.11,9.3,304905184.0,2856003328.0,22587602387.0,0.013498784810179066
2866,2013-01-25,9.28,9.36,9.16,9.33,130079816.0,1206324992.0,22587602387.0,0.005758903214750484
2867,2013-01-28,9.34,10.05,9.34,10.0,315832384.0,3085896192.0,22587602387.0,0.013982554615082706
2868,2013-01-29,10.03,10.5,9.9,10.26,361063200.0,3679056896.0,22587602387.0,0.015985016639384675
2869,2013-01-30,10.27,10.4,10.11,10.36,241639792.0,2479537664.0,22587602387.0,0.010697894706127493
2870,2013-01-31,10.36,10.43,10.15,10.31,172906784.0,1776599168.0,22587602387.0,0.007654941902975689
2871,2013-02-01,10.25,11.28,10.18,11.23,362670464.0,3895720960.0,22587602387.0,0.016056173549819978
2872,2013-02-04,11.23,11.86,11.2,11.53,512477984.0,5885585408.0,22587602387.0,0.022688463132100732
2873,2013-02-05,11.37,11.73,11.34,11.71,346947232.0,4018491136.0,22587602387.0,0.015360073462231696
2874,2013-02-06,11.69,11.91,11.43,11.7,247862496.0,2891281408.0,22587602387.0,0.010973386716894486
2875,2013-02-07,11.65,11.66,10.75,11.0,572384256.0,6342382592.0,22587602387.0,0.0253406380275858
2876,2013-02-08,10.88,10.99,10.44,10.52,574655936.0,6118022144.0,22587602387.0,0.025441210012211644
2877,2013-02-18,10.67,10.75,10.38,10.42,351712960.0,3714770944.0,22587602387.0,0.01557106212399169
2878,2013-02-19,10.39,10.64,10.34,10.54,310641760.0,3261308160.0,22587602387.0,0.01375275492625042
2879,2013-02-20,10.56,10.56,10.14,10.39,351481664.0,3626361088.0,22587602387.0,0.01556082217040843
2880,2013-02-21,10.34,10.34,9.61,9.77,585360960.0,5791433728.0,22587602387.0,0.025915143624845143
2881,2013-02-22,9.77,9.81,9.43,9.5,391087168.0,3763630336.0,22587602387.0,0.017314239966659106
2882,2013-02-25,9.58,9.77,9.48,9.6,354146112.0,3406278912.0,22587602387.0,0.015678782808919295
2883,2013-02-26,9.46,10.1,9.37,9.66,676376064.0,6654008320.0,22587602387.0,0.02994457102668318
2884,2013-02-27,9.68,9.97,9.64,9.83,368180608.0,3610826752.0,22587602387.0,0.016300119051675072
2885,2013-02-28,9.99,10.38,9.72,10.36,472325984.0,4763104768.0,22587602387.0,0.02091085082460284
2886,2013-03-01,10.33,10.4,9.95,10.18,374031872.0,3811471360.0,22587602387.0,0.016559166643347202
2887,2013-03-04,9.87,9.87,9.4,9.49,381455264.0,3668424704.0,22587602387.0,0.01688781560186935
2888,2013-03-05,9.5,10.23,9.49,10.2,393978496.0,3894429184.0,22587602387.0,0.017442245053275296
2889,2013-03-06,10.25,10.75,10.11,10.55,484117024.0,5073197568.0,22587602387.0,0.0214328646177439
2890,2013-03-07,10.45,10.72,10.15,10.39,393726048.0,4120534016.0,22587602387.0,0.01743106865678687
2891,2013-03-08,10.4,10.69,10.3,10.56,329909568.0,3478503936.0,22587602387.0,0.014605780744125156
2892,2013-03-11,10.5,10.53,10.14,10.22,232264576.0,2396112640.0,22587602387.0,0.010282834451419105
2893,2013-03-12,10.19,10.28,9.55,9.74,407949568.0,4014156032.0,22587602387.0,0.018060773384021938
2894,2013-03-13,9.77,9.93,9.72,9.78,243176544.0,2388775168.0,22587602387.0,0.010765929904094517
2895,2013-03-14,9.76,10.04,9.65,9.86,276041120.0,2725832704.0,22587602387.0,0.012220912838401647
2896,2013-03-15,9.8,10.44,9.72,9.99,375168000.0,3790462976.0,22587602387.0,0.016609465386017378
2897,2013-03-18,9.95,10.2,9.84,10.05,222540880.0,2240078848.0,22587602387.0,0.00985234626443046
2898,2013-03-19,10.05,10.36,9.98,10.31,227835152.0,2320414464.0,22587602387.0,0.010086734665168693
2899,2013-03-20,10.32,11.01,10.32,11.0,439106656.0,4719516672.0,22587602387.0,0.019440162283568534
2900,2013-03-21,11.0,11.1,10.8,10.94,247124544.0,2706084096.0,22587602387.0,0.010940716051484478
2901,2013-03-22,10.91,11.05,10.83,10.9,149485488.0,1637021824.0,22587602387.0,0.006618032557808544
2902,2013-03-25,10.98,11.22,10.95,11.0,224682272.0,2491383296.0,22587602387.0,0.009947150129104139
2903,2013-03-26,10.92,10.96,10.41,10.5,287550272.0,3041949440.0,22587602387.0,0.012730446865201408
2904,2013-03-27,10.51,10.79,10.39,10.55,216312848.0,2290762240.0,22587602387.0,0.009576618372054223
2905,2013-03-28,9.9,9.93,9.5,9.62,617429376.0,5971726848.0,22587602387.0,0.02733487890487011
2906,2013-03-29,9.56,9.71,9.32,9.64,410647392.0,3882163712.0,22587602387.0,0.01818021164726818
2907,2013-04-01,9.55,9.75,9.49,9.68,190127184.0,1837078400.0,22587602387.0,0.008417324722761422
2908,2013-04-02,9.68,9.82,9.51,9.63,186456608.0,1799371520.0,22587602387.0,0.00825482071117529
2909,2013-04-03,9.65,9.79,9.61,9.68,135990064.0,1317085184.0,22587602387.0,0.006020562150424045
2910,2013-04-08,9.38,9.64,9.31,9.59,142609328.0,1353360896.0,22587602387.0,0.006313610694779936
2911,2013-04-09,9.62,9.79,9.61,9.7,138587856.0,1345625344.0,22587602387.0,0.006135571789583229
2912,2013-04-10,9.68,9.73,9.52,9.64,123567416.0,1188576128.0,22587602387.0,0.005470585761289902
2913,2013-04-11,9.74,9.77,9.64,9.65,112404120.0,1088158080.0,22587602387.0,0.004976363496848728
2914,2013-04-12,9.66,9.72,9.58,9.6,142640160.0,1378710656.0,22587602387.0,0.0063149756913595525
2915,2013-04-15,9.57,9.69,9.56,9.65,121961584.0,1175505152.0,22587602387.0,0.0053994922484642905
2916,2013-04-16,9.58,9.6,9.0,9.52,275167488.0,2561219584.0,22587602387.0,0.012182235338017508
2917,2013-04-17,9.4,9.46,9.09,9.25,205816256.0,1901909888.0,22587602387.0,0.009111912476308458
2918,2013-04-18,9.05,9.44,8.93,9.35,219540416.0,2015434368.0,22587602387.0,0.00971950950076727
2919,2013-04-19,9.35,10.17,9.31,10.11,357576192.0,3510119936.0,22587602387.0,0.015830639563843143
2920,2013-04-22,10.0,10.36,9.95,10.24,248925504.0,2538537728.0,22587602387.0,0.011020448285527897
2921,2013-04-23,10.29,10.32,9.75,9.76,195215168.0,1933690368.0,22587602387.0,0.008642580325938159
2922,2013-04-24,9.75,10.29,9.67,10.13,181914080.0,1818043264.0,22587602387.0,0.008053713576289012
2923,2013-04-25,10.01,10.1,9.81,9.93,137881696.0,1371449344.0,22587602387.0,0.006104308621943691
2924,2013-04-26,9.97,10.07,9.73,9.82,95530352.0,948186816.0,22587602387.0,0.004229326794550857
2925,2013-05-02,9.72,10.0,9.55,10.0,125145696.0,1223751040.0,22587602387.0,0.005540459489937984
2926,2013-05-03,10.02,10.5,10.01,10.23,233370048.0,2402462208.0,22587602387.0,0.010331775989394654
2927,2013-05-06,10.25,10.48,10.22,10.27,150602080.0,1557263104.0,22587602387.0,0.006667466401244829
2928,2013-05-07,10.25,10.36,10.13,10.35,120425808.0,1234112768.0,22587602387.0,0.0053315002600413
2929,2013-05-08,10.45,10.6,10.27,10.37,185766928.0,1941947392.0,22587602387.0,0.00822428714731209
2930,2013-05-09,10.35,10.39,10.16,10.35,127478032.0,1311093504.0,22587602387.0,0.005643716841472662
2931,2013-05-10,10.35,10.52,10.29,10.36,101803600.0,1057218880.0,22587602387.0,0.004507056493016352
2932,2013-05-13,10.38,10.43,10.23,10.29,86639864.0,892525504.0,22587602387.0,0.0038357264536347797
2933,2013-05-14,10.22,10.26,10.05,10.11,112116968.0,1135994624.0,22587602387.0,0.004963650682310906
2934,2013-05-15,10.13,10.24,10.07,10.14,74792096.0,757073344.0,22587602387.0,0.0033112011942907946
2935,2013-05-16,10.1,10.47,9.98,10.45,217281408.0,2232269568.0,22587602387.0,0.00961949853186071
2936,2013-05-17,10.4,10.54,10.29,10.48,179853824.0,1874681344.0,22587602387.0,0.007962501770595737
2937,2013-05-20,10.55,10.92,10.43,10.72,224245840.0,2402745088.0,22587602387.0,0.009927828379388411
2938,2013-05-21,10.7,10.76,10.53,10.66,124500768.0,1325884032.0,22587602387.0,0.005511907189921795
2939,2013-05-22,10.63,10.73,10.56,10.64,96668456.0,1029298304.0,22587602387.0,0.004279713018838878
2940,2013-05-23,10.58,10.67,10.38,10.41,132496120.0,1391197696.0,22587602387.0,0.0058658780037785865
2941,2013-05-24,10.47,10.64,10.35,10.43,106908608.0,1118294912.0,22587602387.0,0.00473306578397758
2942,2013-05-27,10.4,10.5,10.35,10.45,82158000.0,858378432.0,22587602387.0,0.0036373050398339295
2943,2013-05-28,10.44,10.76,10.35,10.74,156179024.0,1647485440.0,22587602387.0,0.006914369277630228
2944,2013-05-29,10.74,10.87,10.61,10.63,118141536.0,1268836224.0,22587602387.0,0.0052303708014620805
2945,2013-05-30,10.6,10.66,10.46,10.51,106978216.0,1127817728.0,22587602387.0,0.004736147474491136
2946,2013-05-31,10.52,10.57,10.33,10.46,149615872.0,1561438592.0,22587602387.0,0.006623804927879794
2947,2013-06-03,10.49,10.54,10.29,10.38,115549696.0,1202285696.0,22587602387.0,0.005115624669686195
2948,2013-06-04,10.35,10.41,10.23,10.28,93557232.0,962647936.0,22587602387.0,0.004141972680280827
2949,2013-06-05,10.26,10.26,10.06,10.1,117771216.0,1194975616.0,22587602387.0,0.0052139759670898796
2950,2013-06-06,10.06,10.08,9.88,10.0,136585296.0,1361001728.0,22587602387.0,0.0060469143054603216
2951,2013-06-07,10.0,10.07,9.95,9.99,120666064.0,1205667456.0,22587602387.0,0.00534213689140587
2952,2013-06-13,9.8,9.9,9.51,9.88,189115776.0,1847932672.0,22587602387.0,0.00837254759313645
2953,2013-06-14,9.89,10.0,9.84,9.96,108141848.0,1074710784.0,22587602387.0,0.0047876638762793
2954,2013-06-17,10.01,10.07,9.87,9.91,99336464.0,987183360.0,22587602387.0,0.004397831265932493
2955,2013-06-18,9.94,10.07,9.91,9.95,93114496.0,929560000.0,22587602387.0,0.00412237183941182
2956,2013-06-19,9.88,9.88,9.69,9.75,102233480.0,996460032.0,22587602387.0,0.004526088172104497
2957,2013-06-20,9.7,9.7,9.12,9.29,152527264.0,1426264192.0,22587602387.0,0.006752698289384847
2958,2013-06-21,9.08,9.49,8.88,9.45,184857232.0,1706800768.0,22587602387.0,0.008184013018858176
2959,2013-06-24,9.33,9.34,8.51,8.51,249091824.0,2158574080.0,22587602387.0,0.011027811616843474
2960,2013-06-25,8.23,8.5,7.66,8.44,389102176.0,3113881856.0,22587602387.0,0.01722636025432884
2961,2013-06-26,8.45,8.45,8.01,8.3,302426432.0,2471894784.0,22587602387.0,0.013389045318685865
2962,2013-06-27,8.15,8.32,8.07,8.21,171402752.0,1398738560.0,22587602387.0,0.0075883552872636284
2963,2013-06-28,8.14,8.65,8.1,8.57,234616400.0,1983292416.0,22587602387.0,0.010386954577128134
2964,2013-07-01,8.49,8.65,8.36,8.59,133709592.0,1134213120.0,22587602387.0,0.005919600925725291
2965,2013-07-02,8.56,8.6,8.32,8.48,146425376.0,1232894080.0,22587602387.0,0.006482555053486917
2966,2013-07-03,8.4,8.47,8.23,8.44,138729824.0,1155464576.0,22587602387.0,0.006141857007357458
2967,2013-07-04,8.35,8.58,8.28,8.48,112073856.0,942882880.0,22587602387.0,0.004961742024664939
2968,2013-07-05,8.45,8.57,8.43,8.49,96451144.0,819301760.0,22587602387.0,0.004270092165935734
2969,2013-07-08,8.38,8.49,8.25,8.39,101154712.0,847658304.0,22587602387.0,0.004478328875587888
2970,2013-07-09,8.39,8.45,8.35,8.4,57916088.0,486648800.0,22587602387.0,0.0025640653225475958
2971,2013-07-10,8.39,8.64,8.35,8.6,94082232.0,800032000.0,22587602387.0,0.004165215519029492
2972,2013-07-11,8.8,9.46,8.7,9.45,326850240.0,3015889664.0,22587602387.0,0.014470337949109393
2973,2013-07-12,9.4,9.51,8.94,9.11,220870048.0,2055752192.0,22587602387.0,0.009778375066807395
2974,2013-07-15,9.16,9.41,9.0,9.16,145173728.0,1330815232.0,22587602387.0,0.006427142000850557
2975,2013-07-16,9.1,9.19,9.0,9.19,103461600.0,939063296.0,22587602387.0,0.004580459591388326
2976,2013-07-17,9.15,9.25,9.02,9.04,80689832.0,735162368.0,22587602387.0,0.0035723061977768825
2977,2013-07-18,9.0,9.06,8.67,8.73,142644400.0,1252190720.0,22587602387.0,0.006315163404952494
2978,2013-07-19,8.73,8.78,8.4,8.41,182287872.0,1551079040.0,22587602387.0,0.008070262123301471
2979,2013-07-22,8.25,8.45,8.05,8.42,125572856.0,1040285696.0,22587602387.0,0.005559370748985374
2980,2013-07-23,8.45,8.85,8.34,8.64,132514576.0,1145735808.0,22587602387.0,0.005866695089172768
2981,2013-07-24,8.54,8.62,8.37,8.47,122092448.0,1030897600.0,22587602387.0,0.005405285869130967
2982,2013-07-25,8.5,8.62,8.37,8.4,69882496.0,591833984.0,22587602387.0,0.0030938430207280414
2983,2013-07-26,8.39,8.46,8.32,8.4,91447176.0,768523456.0,22587602387.0,0.004048556125311965
2984,2013-07-29,8.28,8.28,8.09,8.15,105955216.0,865574144.0,22587602387.0,0.0046908571429865945
2985,2013-07-30,8.17,8.49,8.15,8.27,85768200.0,713654912.0,22587602387.0,0.003797136080691892
2986,2013-07-31,8.4,8.61,8.24,8.28,67869672.0,567301504.0,22587602387.0,0.003004731128039579
2987,2013-08-01,8.39,8.51,8.3,8.46,97348248.0,819839552.0,22587602387.0,0.004309808820436273
2988,2013-08-02,8.61,8.7,8.36,8.42,90693760.0,772459008.0,22587602387.0,0.004015200836552604
2989,2013-08-05,8.45,8.51,8.34,8.5,79536176.0,671812544.0,22587602387.0,0.003521231454197016
2990,2013-08-06,8.45,8.57,8.34,8.49,95022792.0,802282880.0,22587602387.0,0.004206856060769386
2991,2013-08-07,8.46,8.75,8.43,8.54,113249192.0,974719872.0,22587602387.0,0.005013776586804941
2992,2013-08-08,8.5,8.64,8.46,8.49,70446416.0,600214720.0,22587602387.0,0.0031188089285892743
2993,2013-08-09,8.55,8.6,8.28,8.42,78879224.0,664781056.0,22587602387.0,0.0034921468267653725
2994,2013-08-12,8.45,8.95,8.45,8.89,241863216.0,2116199808.0,22587602387.0,0.010707786149945742
2995,2013-08-13,8.89,9.1,8.84,9.05,184717472.0,1661043968.0,22587602387.0,0.008177825553822913
2996,2013-08-14,9.05,9.34,8.99,9.02,166842800.0,1525361792.0,22587602387.0,0.0073864767557633385
2997,2013-08-15,9.01,9.2,8.87,8.89,99366176.0,896898432.0,22587602387.0,0.004399146677789446
2998,2013-08-16,8.88,9.78,8.7,9.02,323875040.0,2976145920.0,22587602387.0,0.014338619675118864
2999,2013-08-19,8.9,9.47,8.88,9.38,209646704.0,1928567936.0,22587602387.0,0.009281494352878259
3000,2013-08-20,9.35,9.65,9.23,9.36,186279408.0,1760269184.0,22587602387.0,0.008246975699696691
3001,2013-08-21,9.46,9.46,9.16,9.27,91671344.0,848416064.0,22587602387.0,0.004058480507553128
3002,2013-08-22,9.21,9.55,9.19,9.3,110285240.0,1034170304.0,22587602387.0,0.004882556285100593
3003,2013-08-23,9.4,9.45,9.0,9.16,109218920.0,1002647936.0,22587602387.0,0.004835348087358733
3004,2013-08-26,9.16,9.44,9.09,9.33,111664016.0,1038947584.0,22587602387.0,0.004943597557935887
3005,2013-08-27,9.31,9.43,9.18,9.26,82932384.0,769466112.0,22587602387.0,0.0036715886254368745
3006,2013-08-28,9.15,9.24,9.0,9.14,87785816.0,801778240.0,22587602387.0,0.003886460125158037
3007,2013-08-29,9.25,9.3,9.06,9.12,75938872.0,694831168.0,22587602387.0,0.0033619713460028688
3008,2013-08-30,9.12,9.18,8.96,9.03,121258152.0,1096749440.0,22587602387.0,0.0053683498550420984
3009,2013-09-02,9.14,9.27,9.04,9.11,120386016.0,1099548928.0,22587602387.0,0.005329738585680373
3010,2013-09-03,9.21,9.45,9.16,9.31,172591856.0,1610673664.0,22587602387.0,0.007640999387315804
3011,2013-09-04,9.33,9.53,9.3,9.34,139883376.0,1316549248.0,22587602387.0,0.0061929271466416485
3012,2013-09-05,9.36,9.42,9.26,9.36,59706952.0,558713600.0,22587602387.0,0.0026433505857338608
3013,2013-09-06,9.35,9.5,9.3,9.42,122526896.0,1151479552.0,22587602387.0,0.005424519783052262
3014,2013-09-09,9.5,10.32,9.5,10.2,410342016.0,4103041792.0,22587602387.0,0.018166692018457303
3015,2013-09-10,10.13,10.14,9.8,10.06,241397680.0,2405077760.0,22587602387.0,0.010687175905793937
3016,2013-09-11,10.08,10.41,9.97,10.0,189872208.0,1929192192.0,22587602387.0,0.008406036406470413
3017,2013-09-12,10.0,10.5,9.86,10.24,293411840.0,2999735808.0,22587602387.0,0.012989950636322046
3018,2013-09-13,10.08,10.13,9.73,9.84,236284720.0,2336317184.0,22587602387.0,0.010460814563301796
3019,2013-09-16,9.92,10.46,9.55,10.18,373354400.0,3730227968.0,22587602387.0,0.016529173552961036
3020,2013-09-17,10.55,10.88,10.15,10.25,469130784.0,4879507456.0,22587602387.0,0.020769392694374774
3021,2013-09-18,10.17,10.36,9.9,10.16,209066944.0,2110211584.0,22587602387.0,0.009255827175367925
3022,2013-09-23,10.19,10.26,10.01,10.15,203546304.0,2063126400.0,22587602387.0,0.009011416993826155
3023,2013-09-24,10.18,10.18,9.66,9.73,197145920.0,1934357632.0,22587602387.0,0.008728058720985135
3024,2013-09-25,9.75,9.94,9.55,9.66,130275152.0,1268852224.0,22587602387.0,0.005767551144559644
3025,2013-09-26,9.6,9.63,9.44,9.49,199647008.0,1900327040.0,22587602387.0,0.00883878707351889
3026,2013-09-27,9.48,9.59,9.37,9.48,108197144.0,1022255744.0,22587602387.0,0.0047901119448725315
3027,2013-09-30,9.58,9.58,9.4,9.56,75631328.0,717266752.0,22588192913.0,0.0033482681988461554
3028,2013-10-08,9.5,9.7,9.32,9.64,109687144.0,1044182080.0,22588192913.0,0.004855950381797591
3029,2013-10-09,9.61,9.89,9.55,9.75,116215648.0,1133816320.0,22588192913.0,0.00514497323657597
3030,2013-10-10,9.84,9.84,9.5,9.5,86918528.0,837717312.0,22588192913.0,0.0038479628863970117
3031,2013-10-11,9.6,9.78,9.46,9.69,142567040.0,1373395456.0,22588192913.0,0.006311573508740026
3032,2013-10-14,9.65,9.69,9.42,9.46,110778152.0,1049261824.0,22588192913.0,0.004904250305753532
3033,2013-10-15,9.47,9.49,9.28,9.32,89280968.0,834719040.0,22588192913.0,0.003952550270128818
3034,2013-10-16,9.29,9.3,9.11,9.15,108158888.0,990962560.0,22588192913.0,0.0047882930881891035
3035,2013-10-17,9.21,9.25,9.05,9.08,96870472.0,882064512.0,22588192913.0,0.00428854456720391
3036,2013-10-18,9.1,9.24,9.04,9.13,119326440.0,1091729152.0,22588192913.0,0.005282690849134949
3037,2013-10-21,9.14,9.22,9.0,9.19,97052264.0,884834816.0,22588192913.0,0.004296592665637466
3038,2013-10-22,9.15,9.15,8.96,9.0,112927280.0,1018310272.0,22588192913.0,0.0049993941717669625
3039,2013-10-23,9.08,9.29,8.91,9.07,165028512.0,1505375360.0,22588192913.0,0.007305963457794912
3040,2013-10-24,9.02,9.08,8.89,8.91,115586600.0,1036376704.0,22588192913.0,0.0051171247051585685
3041,2013-10-25,8.91,9.13,8.87,8.98,187356752.0,1683887232.0,22588192913.0,0.008294455104116456
3042,2013-10-28,8.97,8.98,8.76,8.88,89933176.0,795537536.0,22588192913.0,0.003981424115969963
3043,2013-10-29,8.89,9.33,8.89,9.15,225108448.0,2059042048.0,22588192913.0,0.009965757281559481
3044,2013-10-30,9.18,9.22,9.02,9.18,107496944.0,983078720.0,22588192913.0,0.004758988220705923
3045,2013-10-31,9.02,9.02,8.84,8.96,156844208.0,1403487872.0,22588192913.0,0.006943636819647167
3046,2013-11-01,8.99,9.21,8.94,9.17,136015888.0,1236837888.0,22588192913.0,0.006021548006247099
3047,2013-11-04,9.26,9.35,9.1,9.14,72333984.0,663715264.0,22588192913.0,0.0032022917582915722
3048,2013-11-05,9.08,9.11,8.89,9.07,95154016.0,856604288.0,22588192913.0,0.004212555487129596
3049,2013-11-06,8.99,8.99,8.88,8.9,109010672.0,971237248.0,22588192913.0,0.004826002346441001
3050,2013-11-07,8.9,8.96,8.82,8.93,69911488.0,621997120.0,22588192913.0,0.003095045640404656
3051,2013-11-08,8.89,8.94,8.77,8.77,80563360.0,712759296.0,22588192913.0,0.003566613775183141
3052,2013-11-11,8.78,8.88,8.72,8.87,98579872.0,864875456.0,22588192913.0,0.0043642212716921295
3053,2013-11-12,8.9,8.98,8.85,8.94,79561144.0,709537280.0,22588192913.0,0.0035222447544358813
3054,2013-11-13,8.81,8.83,8.49,8.55,154720416.0,1330519680.0,22588192913.0,0.006849614601571559
3055,2013-11-14,8.51,8.59,8.3,8.54,129464768.0,1091274368.0,22588192913.0,0.005731523920423497
3056,2013-11-15,8.54,8.75,8.46,8.63,141420416.0,1222939648.0,22588192913.0,0.006260811413497777
3057,2013-11-18,8.68,8.95,8.48,8.9,289062720.0,2523099136.0,22588192913.0,0.012797071510472095
3058,2013-11-19,8.86,8.86,8.7,8.73,158108096.0,1384335872.0,22588192913.0,0.0069995902996297385
3059,2013-11-20,8.81,8.85,8.65,8.73,123100576.0,1073343296.0,22588192913.0,0.0054497753084600635
3060,2013-11-21,8.68,8.68,8.45,8.58,164994560.0,1407080448.0,22588192913.0,0.007304460371641417
3061,2013-11-22,8.64,8.64,8.55,8.56,99955112.0,858479040.0,22588192913.0,0.004425104406757286
3062,2013-11-25,8.51,8.62,8.46,8.51,80315912.0,686323712.0,22588192913.0,0.0035556590254626538
3063,2013-11-26,8.51,8.55,8.47,8.47,85807024.0,729060416.0,22588192913.0,0.0037987555857386087
3064,2013-11-27,8.47,8.6,8.45,8.54,121329680.0,1033778112.0,22588192913.0,0.0053713761196971235
3065,2013-11-28,8.56,8.67,8.52,8.58,98199712.0,844201280.0,22588192913.0,0.004347391240114826
3066,2013-11-29,8.63,8.66,8.58,8.59,73597368.0,633866368.0,22588192913.0,0.0032582229257322793
3067,2013-12-02,8.58,8.76,8.51,8.66,271046848.0,2345693184.0,22588192913.0,0.011999492347349601
3068,2013-12-03,8.67,8.67,8.51,8.58,138450512.0,1185968384.0,22588192913.0,0.006129331041808072
3069,2013-12-04,8.55,8.7,8.52,8.61,159725648.0,1376455936.0,22588192913.0,0.00707120080898877
3070,2013-12-05,8.59,8.62,8.54,8.56,93469344.0,800572224.0,22588192913.0,0.00413797351386203
3071,2013-12-06,8.55,8.56,8.5,8.55,82515104.0,703597760.0,22588192913.0,0.0036530192706345603
3072,2013-12-09,8.58,8.58,8.46,8.49,101804488.0,864968256.0,22588192913.0,0.004506977977039026
3073,2013-12-10,8.52,8.53,8.45,8.47,132885944.0,1125206784.0,22588192913.0,0.005882982517097294
3074,2013-12-11,8.41,8.43,8.3,8.32,133875080.0,1118421504.0,22588192913.0,0.005926772474258087
3075,2013-12-12,8.3,8.36,8.24,8.28,88136864.0,731051904.0,22588192913.0,0.003901899737595888
3076,2013-12-13,8.25,8.31,8.2,8.27,89430056.0,737469760.0,22588192913.0,0.003959150532512543
3077,2013-12-16,8.29,8.31,8.17,8.18,80946728.0,665912128.0,22588192913.0,0.003583585827860244
3078,2013-12-17,8.21,8.22,8.1,8.13,87638752.0,715363648.0,22588192913.0,0.003879847862887782
3079,2013-12-18,8.12,8.17,8.08,8.11,73113744.0,593414912.0,22588192913.0,0.0032368124480609264
3080,2013-12-19,8.15,8.15,7.82,7.88,180862192.0,1439823872.0,22588192913.0,0.008006934981324241
3081,2013-12-20,7.9,7.91,7.64,7.78,175310976.0,1357350400.0,22588192913.0,0.007761177561889189
3082,2013-12-23,7.74,7.76,7.6,7.67,116556168.0,894706240.0,22588192913.0,0.005160048369027315
3083,2013-12-24,7.67,7.73,7.56,7.67,102077144.0,781673856.0,22588192913.0,0.004519048708020037
3084,2013-12-25,7.66,7.68,7.58,7.67,77109064.0,587753792.0,22588192913.0,0.0034136889257582906
3085,2013-12-26,7.65,7.66,7.57,7.57,81754192.0,620859264.0,22588192913.0,0.0036193329990974474
3086,2013-12-27,7.59,7.72,7.57,7.67,107240184.0,822762304.0,22588192913.0,0.004747621220211951
3087,2013-12-30,7.69,7.71,7.56,7.57,117842728.0,894205056.0,22588192913.0,0.005217005559226428
3088,2013-12-31,7.53,7.76,7.5,7.72,153637920.0,1176802688.0,22588209933.000004,0.006801686386646528
3089,2014-01-02,7.67,7.75,7.65,7.73,94240592.0,725969856.0,22588209933.000004,0.004172114225940508
3090,2014-01-03,7.68,7.7,7.54,7.61,86647032.0,658704832.0,22588209933.000004,0.003835940619332298
3091,2014-01-06,7.61,7.62,7.35,7.39,118070520.0,876942208.0,22588209933.000004,0.005227086181251846
3092,2014-01-07,7.32,7.37,7.24,7.31,77119176.0,563210048.0,22588209933.000004,0.003414134020745644
3093,2014-01-08,7.3,7.4,7.25,7.33,94659712.0,692994496.0,22588209933.000004,0.004190669038439735
3094,2014-01-09,7.31,7.38,7.28,7.31,74121240.0,543153664.0,22588209933.000004,0.0032814127467317967
3095,2014-01-10,7.29,7.37,7.25,7.34,71326488.0,522497376.0,22588209933.000004,0.003157686607817308
3096,2014-01-13,7.33,7.37,7.25,7.3,72069184.0,525818208.0,22588209933.000004,0.0031905664155667023
3097,2014-01-14,7.3,7.36,7.26,7.33,54382484.0,397312864.0,22588209933.000004,0.002407560588524126
3098,2014-01-15,7.32,7.33,7.26,7.28,46741960.0,340548576.0,22588209933.000004,0.0020693078441648815
3099,2014-01-16,7.31,7.31,7.23,7.24,59344832.0,431063872.0,22588209933.000004,0.0026272481164300145
3100,2014-01-17,7.22,7.22,7.06,7.06,93640216.0,664912448.0,22588209933.000004,0.004145535050265197
3101,2014-01-20,7.04,7.04,6.9,6.95,95586056.0,664174912.0,22588209933.000004,0.004231679105317442
3102,2014-01-21,6.95,7.04,6.93,7.0,65796112.0,459347840.0,22588209933.000004,0.0029128519787606486
3103,2014-01-22,7.0,7.17,6.97,7.15,91056536.0,646539584.0,22588209933.000004,0.004031153255175476
3104,2014-01-23,7.15,7.15,7.03,7.05,85076608.0,601415296.0,22588209933.000004,0.003766416562106953
3105,2014-01-24,7.02,7.1,6.98,7.06,75005976.0,529057920.0,22588209933.000004,0.0033205807907080243
3106,2014-01-27,7.0,7.09,6.92,7.05,88296952.0,620036672.0,22588209933.000004,0.003908984034675696
3107,2014-01-28,7.07,7.2,7.06,7.19,94876368.0,677471872.0,22588209933.000004,0.004200260590875392
3108,2014-01-29,7.2,7.42,7.16,7.38,125008688.0,917888448.0,22588209933.000004,0.005534245005283482
3109,2014-01-30,7.35,7.41,7.31,7.34,74464288.0,548243904.0,22588209933.000004,0.003296599784616496
3110,2014-02-07,7.26,7.29,7.18,7.25,67131712.0,485423040.0,22588209933.000004,0.0029719801701472873
3111,2014-02-10,7.3,7.4,7.25,7.37,99010440.0,726592704.0,22588209933.000004,0.004383279608861424
3112,2014-02-11,7.37,7.74,7.32,7.63,223935568.0,1703312768.0,22588209933.000004,0.009913825339158184
3113,2014-02-12,7.63,7.91,7.63,7.76,233110864.0,1814737664.0,22588209933.000004,0.010320023795220673
3114,2014-02-13,7.76,8.24,7.7,8.07,324210560.0,2595551488.0,22588209933.000004,0.014353087781708105
3115,2014-02-14,8.05,8.07,7.93,7.99,107563280.0,859629888.0,22588209933.000004,0.004761921388151107
3116,2014-02-17,8.01,8.07,7.79,7.85,136650656.0,1073312192.0,22588209933.000004,0.006049645208953087
3117,2014-02-18,7.8,7.85,7.7,7.74,90486168.0,702085824.0,22588209933.000004,0.004005902560158395
3118,2014-02-19,7.73,8.12,7.73,8.0,172870240.0,1372539520.0,22588209933.000004,0.0076531181759315545
3119,2014-02-20,8.02,8.18,7.79,7.8,149448544.0,1193464576.0,22588209933.000004,0.006616219011744917
3120,2014-02-21,7.82,7.89,7.6,7.67,92239744.0,709848384.0,22588209933.000004,0.004083534918154065
3121,2014-02-24,7.58,7.58,7.31,7.42,121192048.0,898079808.0,22588209933.000004,0.005365278982242226
3122,2014-02-25,7.39,7.49,7.25,7.3,85845424.0,633399680.0,22588209933.000004,0.003800452725321321
3123,2014-02-26,7.21,7.4,7.2,7.33,111312000.0,813049664.0,22588209933.000004,0.0049278805328163665
3124,2014-02-27,7.35,7.7,7.26,7.58,187961072.0,1410160256.0,22588209933.000004,0.008321202634361933
3125,2014-02-28,7.49,7.64,7.34,7.53,121084128.0,908170688.0,22588209933.000004,0.005360501268544677
3126,2014-03-03,7.48,7.51,7.36,7.47,85320048.0,633754560.0,22588209933.000004,0.0037771938658739215
3127,2014-03-04,7.41,7.83,7.38,7.72,132075856.0,1000205952.0,22588209933.000004,0.005847114773227124
3128,2014-03-05,7.74,7.83,7.53,7.54,113592536.0,869299072.0,22588209933.000004,0.005028841875338169
3129,2014-03-06,7.54,7.83,7.51,7.75,152129344.0,1173884544.0,22588209933.000004,0.006734900394995367
3130,2014-03-07,7.72,7.98,7.71,7.76,150329520.0,1179076864.0,22588209933.000004,0.006655220597200918
3131,2014-03-10,7.7,7.7,7.44,7.45,110724312.0,836592768.0,22588209933.000004,0.004901863066105052
3132,2014-03-11,7.41,7.63,7.41,7.46,84153240.0,630306752.0,22588209933.000004,0.00372553824537717
3133,2014-03-12,7.43,7.67,7.37,7.55,105115952.0,792369408.0,22588209933.000004,0.0046535760165054944
3134,2014-03-13,7.65,7.85,7.59,7.63,126199336.0,974105088.0,22588209933.000004,0.005586956043631878
3135,2014-03-14,7.61,7.76,7.49,7.54,106562288.0,810856000.0,22588209933.000004,0.00471760658839632
3136,2014-03-17,7.6,7.64,7.42,7.51,59608052.0,447211680.0,22588209933.000004,0.0026389010982634906
3137,2014-03-18,7.52,7.55,7.34,7.38,90094744.0,668973824.0,22588209933.000004,0.00398857387403581
3138,2014-03-19,7.33,7.33,7.13,7.23,99700000.0,717461760.0,22588209933.000004,0.004413807038969668
3139,2014-03-20,7.18,7.38,7.18,7.2,73541096.0,535097472.0,22588209933.000004,0.0032557292595621276
3140,2014-03-21,7.16,7.6,7.14,7.56,181018336.0,1342391936.0,22588209933.000004,0.008013841580936576
3141,2014-03-24,7.57,7.75,7.5,7.62,143486160.0,1096737920.0,22588209933.000004,0.006352259007048426
3142,2014-03-25,7.62,7.67,7.48,7.52,79522768.0,600820800.0,22588209933.000004,0.003520543161050671
3143,2014-03-26,7.53,7.57,7.48,7.55,37958340.0,285728736.0,22588209933.000004,0.0016804492304875018
3144,2014-03-27,7.53,8.04,7.48,7.82,227829104.0,1776324352.0,22588209933.000004,0.01008619561602159
3145,2014-03-28,7.8,7.99,7.73,7.85,155452640.0,1224562816.0,22588209933.000004,0.006882025643514722
3146,2014-03-31,7.71,7.84,7.55,7.66,147206704.0,1125465600.0,22588299344.0,0.006516944979264305
3147,2014-04-01,7.66,7.71,7.57,7.64,78276184.0,597294784.0,22588299344.0,0.0034653420697115054
3148,2014-04-02,7.63,7.81,7.59,7.79,104119136.0,803364352.0,22588299344.0,0.004609427846441949
3149,2014-04-03,7.81,7.89,7.67,7.69,103113152.0,802065728.0,22588299344.0,0.0045648922227245654
3150,2014-04-04,7.63,7.81,7.61,7.77,59106364.0,457184192.0,22588299344.0,0.0026166805698765493
3151,2014-04-08,7.8,8.24,7.78,8.14,287118560.0,2313961472.0,22588299344.0,0.01271094187426136
3152,2014-04-09,8.14,8.16,8.03,8.05,93490176.0,756605760.0,22588299344.0,0.0041388762640439
3153,2014-04-10,8.05,8.21,7.97,8.1,148066144.0,1195925760.0,22588299344.0,0.006554992996377567
3154,2014-04-11,8.02,8.15,7.97,8.06,121882208.0,980694272.0,22588299344.0,0.005395811616618003
3155,2014-04-14,8.05,8.09,7.98,8.02,46337444.0,371374848.0,22588299344.0,0.0020513914436107537
3156,2014-04-15,8.0,8.03,7.81,7.83,82189376.0,647084864.0,22588299344.0,0.0036385818493162255
3157,2014-04-16,7.8,7.92,7.75,7.8,69499240.0,543341696.0,22588299344.0,0.0030767805464938947
3158,2014-04-17,7.85,7.87,7.71,7.8,60689152.0,472415200.0,22588299344.0,0.0026867517149368977
3159,2014-04-18,7.74,7.9,7.62,7.86,156329664.0,1209953536.0,22588299344.0,0.006920824875712698
3160,2014-04-21,7.77,7.85,7.71,7.71,84198104.0,656395712.0,22588299344.0,0.003727509659657714
3161,2014-04-22,7.7,7.99,7.7,7.95,110540560.0,864315328.0,22588299344.0,0.004893708832018035
3162,2014-04-23,7.9,7.96,7.84,7.93,148776240.0,1178305664.0,22588299344.0,0.006586429448904863
3163,2014-04-24,7.9,8.05,7.88,7.9,79643496.0,634121216.0,22588299344.0,0.0035258739397375323
3164,2014-04-25,7.95,8.04,7.81,7.82,111324888.0,880417344.0,22588299344.0,0.0049284315877268815
3165,2014-04-28,7.85,7.93,7.75,7.87,95623488.0,750984384.0,22588299344.0,0.00423331949624618
3166,2014-04-29,7.89,7.94,7.79,7.93,68826064.0,541203520.0,22588299344.0,0.003046978568498645
3167,2014-04-30,7.9,7.98,7.86,7.87,74805160.0,592577664.0,22588299344.0,0.0033116773804341346
3168,2014-05-05,7.82,7.84,7.64,7.76,89994560.0,695776896.0,22588299344.0,0.003984122869520265
3169,2014-05-06,7.72,7.8,7.69,7.74,48531912.0,375579872.0,22588299344.0,0.0021485420952193665
3170,2014-05-07,7.74,7.76,7.68,7.7,68030408.0,524420928.0,22588299344.0,0.003011754314211819
3171,2014-05-08,7.7,7.8,7.66,7.67,46831176.0,361987904.0,22588299344.0,0.0020732493087151998
3172,2014-05-09,7.72,7.72,7.64,7.65,39927352.0,306190112.0,22588299344.0,0.0017676121336954777
3173,2014-05-12,7.69,7.79,7.64,7.74,96540784.0,746742848.0,22588299344.0,0.004273928839430029
3174,2014-05-13,7.74,7.74,7.68,7.7,68097888.0,525273728.0,22588299344.0,0.003014741701574291
3175,2014-05-14,7.69,7.75,7.66,7.68,61138596.0,470772992.0,22588299344.0,0.0027066489189342133
3176,2014-05-15,7.68,7.7,7.65,7.65,70527552.0,541165632.0,22588299344.0,0.0031223046465750784
3177,2014-05-16,7.66,7.71,7.63,7.68,46711696.0,359269024.0,22588299344.0,0.002067959844547029
3178,2014-05-19,7.65,7.68,7.38,7.42,73326992.0,550127872.0,22588299344.0,0.0032462378368240206
3179,2014-05-20,7.46,7.47,7.34,7.37,64990456.0,479599616.0,22588299344.0,0.002877173487488027
3180,2014-05-21,7.33,7.42,7.23,7.4,50103988.0,369040192.0,22588299344.0,0.002218139012457741
3181,2014-05-22,7.4,7.54,7.38,7.41,55704448.0,416010880.0,22588299344.0,0.0024660753406739516
3182,2014-05-23,7.42,7.48,7.39,7.46,40972512.0,304626304.0,22588299344.0,0.001813882106661708
3183,2014-05-26,7.49,7.53,7.46,7.49,73804592.0,552391808.0,22588299344.0,0.0032673815268702065
3184,2014-05-27,7.49,7.5,7.43,7.44,39716356.0,296645760.0,22588299344.0,0.0017582711914321087
3185,2014-05-28,7.44,7.48,7.37,7.45,52433804.0,389088320.0,22588299344.0,0.002321281615825925
3186,2014-05-29,7.45,7.49,7.41,7.42,51082616.0,381096192.0,22588299344.0,0.0022614635666924955
3187,2014-05-30,7.42,7.5,7.4,7.45,48703256.0,362849024.0,22588299344.0,0.0021561276153769745
3188,2014-06-03,7.46,7.5,7.43,7.44,35322516.0,263687440.0,22588299344.0,0.0015637527846638227
3189,2014-06-04,7.44,7.44,7.36,7.4,33892008.0,250370960.0,22588299344.0,0.001500423182987547
3190,2014-06-05,7.39,7.47,7.36,7.46,42683400.0,317240352.0,22588299344.0,0.0018896243293914797
3191,2014-06-06,7.47,7.47,7.3,7.4,54167824.0,399247296.0,22588299344.0,0.0023980479085685697
3192,2014-06-09,7.33,7.48,7.32,7.38,48830400.0,361919360.0,22588299344.0,0.0021617563702497388
3193,2014-06-10,7.44,7.46,7.37,7.45,70074448.0,520195968.0,22588299344.0,0.003102245411787208
3194,2014-06-11,7.43,7.43,7.36,7.38,53825168.0,397606560.0,22588299344.0,0.0023828782849160033
3195,2014-06-12,7.38,7.39,7.31,7.34,63932536.0,469871584.0,22588299344.0,0.002830338620290245
3196,2014-06-13,7.33,7.56,7.33,7.45,115382880.0,859954944.0,22588299344.0,0.0051080817658213165
3197,2014-06-16,7.47,7.79,7.45,7.68,181344832.0,1383210752.0,22588369262.0,0.00802823921889187
3198,2014-06-17,7.61,7.68,7.57,7.62,91014768.0,693303744.0,22588369262.0,0.004029275727890303
3199,2014-06-18,7.62,7.68,7.61,7.66,54994332.0,420931200.0,22588369262.0,0.002434630466773711
3200,2014-06-19,7.66,7.7,7.58,7.63,56924388.0,435308096.0,22588369262.0,0.002520075147512435
3201,2014-06-20,7.63,7.72,7.62,7.71,52763340.0,404874432.0,22588369262.0,0.0023358631775496426
3202,2014-06-23,7.71,7.74,7.6,7.63,43173600.0,331359456.0,22588369262.0,0.0019113199142104585
3203,2014-06-24,7.63,7.65,7.57,7.6,62418232.0,475017280.0,22588369262.0,0.0027632907571156565
3204,2014-06-25,6.27,6.3,6.2,6.25,41146540.0,256551072.0,22588369262.0,0.0018215808110247282
3205,2014-06-26,6.25,6.27,6.21,6.25,80363184.0,501227392.0,27106043114.0,0.0029647700205454636
3206,2014-06-27,6.24,6.25,6.18,6.19,64730792.0,401388128.0,27106043114.0,0.0023880575902488397
3207,2014-06-30,6.21,6.25,6.19,6.21,65622160.0,408693792.0,27106044822.999996,0.002420941912717504
3208,2014-07-01,6.25,6.25,6.2,6.21,41943192.0,260924624.0,27106044822.999996,0.0015473741106046724
3209,2014-07-02,6.23,6.25,6.19,6.23,40427840.0,251664224.0,27106044822.999996,0.0014914695324969066
3210,2014-07-03,6.23,6.26,6.2,6.26,67285048.0,419665696.0,27106044822.999996,0.002482289409589825
3211,2014-07-04,6.25,6.26,6.2,6.23,68496792.0,426301120.0,27106044822.999996,0.002526993238861583
3212,2014-07-07,6.23,6.23,6.2,6.21,39434156.0,244879056.0,27106044822.999996,0.0014548104032698775
3213,2014-07-08,6.21,6.23,6.18,6.2,65037412.0,403052160.0,27106044822.999996,0.0023993693076466292
3214,2014-07-09,6.2,6.2,6.1,6.11,69141720.0,424826304.0,27106044822.999996,0.002550786012916644
3215,2014-07-10,6.11,6.13,5.99,6.05,94762824.0,572733056.0,27106044822.999996,0.003496003368207815
3216,2014-07-11,6.05,6.07,6.02,6.05,51717612.0,312504320.0,27106044822.999996,0.0019079733814988979
3217,2014-07-14,6.05,6.06,5.98,6.05,78880568.0,473931168.0,27106044822.999996,0.0029100729566073884
3218,2014-07-15,6.04,6.04,6.01,6.03,77327424.0,466083968.0,27106044822.999996,0.0028527741507453795
3219,2014-07-16,6.03,6.04,5.99,6.04,56753128.0,341708384.0,27106044822.999996,0.0020937443426583538
3220,2014-07-17,6.03,6.04,5.98,6.01,55001904.0,330220640.0,27106044822.999996,0.0020291379417084797
3221,2014-07-18,6.0,6.02,5.98,6.01,63895776.0,383628544.0,27106044822.999996,0.0023572519125248112
3222,2014-07-21,6.0,6.01,5.93,5.95,75751584.0,451284480.0,27106044822.999996,0.002794638040874312
3223,2014-07-22,5.93,6.05,5.91,6.03,102159856.0,612872064.0,27106044822.999996,0.0037688957082117496
3224,2014-07-23,6.02,6.08,6.01,6.03,95127048.0,575258752.0,27106044822.999996,0.0035094403710010428
3225,2014-07-24,6.04,6.25,6.02,6.2,250577152.0,1541968256.0,27106044822.999996,0.009244327368166251
3226,2014-07-25,6.22,6.26,6.17,6.24,124210624.0,771959808.0,27106044822.999996,0.004582395728003995
3227,2014-07-28,6.26,6.67,6.25,6.62,398118048.0,2601923584.0,27106044822.999996,0.01468742675663951
3228,2014-07-29,6.64,6.68,6.53,6.61,208190592.0,1375379072.0,27106044822.999996,0.007680596463241525
3229,2014-07-30,6.61,6.69,6.55,6.58,155431184.0,1027819648.0,27106044822.999996,0.005734188997876727
3230,2014-07-31,6.57,6.66,6.54,6.65,127589504.0,840303232.0,27106044822.999996,0.004707049841950304
3231,2014-08-01,6.63,6.7,6.57,6.57,173057216.0,1147927424.0,27106044822.999996,0.0063844510377684335
3232,2014-08-04,6.57,6.69,6.56,6.69,151611760.0,1006147264.0,27106044822.999996,0.005593282273013676
3233,2014-08-05,6.69,6.7,6.58,6.61,134444688.0,889559936.0,27106044822.999996,0.004959952249688642
3234,2014-08-06,6.58,6.59,6.45,6.51,150534496.0,979893248.0,27106044822.999996,0.005553539698726854
3235,2014-08-07,6.5,6.52,6.38,6.39,124967952.0,804497664.0,27106044822.999996,0.004610335178593164
3236,2014-08-08,6.39,6.44,6.36,6.4,86135112.0,551381120.0,27106044822.999996,0.003177708609369402
3237,2014-08-11,6.43,6.5,6.4,6.48,99029296.0,640299712.0,27106044822.999996,0.0036534026504660595
3238,2014-08-12,6.45,6.46,6.39,6.43,104322528.0,669669632.0,27106044822.999996,0.0038486813063734163
3239,2014-08-13,6.43,6.46,6.35,6.4,100218672.0,641038208.0,27106044822.999996,0.003697281276350674
3240,2014-08-14,6.4,6.42,6.31,6.33,116859424.0,743412992.0,27106044822.999996,0.004311194228559769
3241,2014-08-15,6.33,6.38,6.29,6.35,112471544.0,712865920.0,27106044822.999996,0.004149315945370449
3242,2014-08-18,6.35,6.39,6.3,6.35,113878352.0,722536448.0,27106044822.999996,0.004201216103035883
3243,2014-08-19,6.35,6.4,6.32,6.4,139361520.0,886124928.0,27106044822.999996,0.0051413447041063366
3244,2014-08-20,6.39,6.39,6.34,6.36,78557200.0,499797504.0,27106044822.999996,0.0028981432190853134
3245,2014-08-21,6.35,6.36,6.26,6.32,103152224.0,650406464.0,27106044822.999996,0.003805506287382561
3246,2014-08-22,6.3,6.36,6.3,6.33,97717480.0,619333056.0,27106044822.999996,0.003605006950961907
3247,2014-08-25,6.34,6.35,6.27,6.28,68476896.0,431255200.0,27106044822.999996,0.002526259232844478
3248,2014-08-26,6.28,6.32,6.26,6.31,95347720.0,600835712.0,27106044822.999996,0.003517581433315407
3249,2014-08-27,6.32,6.32,6.26,6.28,59079536.0,371573280.0,27106044822.999996,0.0021795705122523035
3250,2014-08-28,6.28,6.3,6.19,6.2,88004576.0,549080704.0,27106044822.999996,0.0032466771369508854
3251,2014-08-29,6.19,6.27,6.18,6.26,70755952.0,441384576.0,27106044822.999996,0.002610338485825945
3252,2014-09-01,6.24,6.27,6.19,6.25,115027160.0,716139712.0,27106044822.999996,0.00424359808858566
3253,2014-09-02,6.25,6.35,6.21,6.34,167521504.0,1050991488.0,27106044822.999996,0.006180226775757959
3254,2014-09-03,6.33,6.4,6.32,6.37,177177024.0,1128969856.0,27106044822.999996,0.006536439571208187
3255,2014-09-04,6.38,6.41,6.34,6.4,138618976.0,883248896.0,27106044822.999996,0.005113950666914679
3256,2014-09-05,6.42,6.45,6.38,6.44,151632528.0,973213504.0,27106044822.999996,0.005594048448976846
3257,2014-09-09,6.45,6.46,6.38,6.4,96577376.0,618626368.0,27106044822.999996,0.003562946074598543
3258,2014-09-10,6.38,6.38,6.32,6.33,96706736.0,613679232.0,27106044822.999996,0.003567718441826765
3259,2014-09-11,6.32,6.41,6.31,6.35,150595920.0,956352512.0,27106044822.999996,0.00555580576153318
3260,2014-09-12,6.32,6.35,6.31,6.35,81336192.0,514580096.0,27106044822.999996,0.003000666180961403
3261,2014-09-15,6.33,6.33,6.28,6.31,112374544.0,708609536.0,27106044822.999996,0.004145737407792082
3262,2014-09-16,6.32,6.35,6.25,6.27,164849488.0,1039333312.0,27106044822.999996,0.006081650387448709
3263,2014-09-17,6.3,6.3,6.25,6.26,122143168.0,766227712.0,27106044822.999996,0.0045061228518429655
3264,2014-09-18,6.25,6.38,6.23,6.3,154505904.0,973730752.0,27106044822.999996,0.005700053438593106
3265,2014-09-19,6.3,6.33,6.27,6.31,112112072.0,705770624.0,27106044822.999996,0.0041360542540264215
3266,2014-09-22,6.29,6.3,6.16,6.18,152234288.0,945642752.0,27106044822.999996,0.005616248663133114
3267,2014-09-23,6.18,6.22,6.17,6.2,91766496.0,568440000.0,27106044822.999996,0.0033854624161963453
3268,2014-09-24,6.18,6.3,6.16,6.28,208960960.0,1302472064.0,27106044822.999996,0.007709016987336073
3269,2014-09-25,6.3,6.32,6.21,6.25,163419488.0,1023880576.0,27106044822.999996,0.006028894627272787
3270,2014-09-26,6.24,6.25,6.19,6.23,91293328.0,567278656.0,27106044822.999996,0.003368006236104792
3271,2014-09-29,6.23,6.25,6.22,6.24,126343800.0,787481856.0,27106044822.999996,0.004661093155604719
3272,2014-09-30,6.24,6.25,6.21,6.24,106822176.0,665383488.0,27106074764.0,0.003940894317235198
3273,2014-10-08,6.26,6.43,6.24,6.42,303653472.0,1923792256.0,27106074764.0,0.011202414021350185
3274,2014-10-09,6.43,6.43,6.37,6.42,189974080.0,1214740864.0,27106074764.0,0.007008542610983555
3275,2014-10-10,6.38,6.39,6.31,6.33,130875736.0,830203200.0,27106074764.0,0.004828280639652707
3276,2014-10-13,6.31,6.32,6.22,6.26,121474840.0,759289088.0,27106074764.0,0.004481461851545272
3277,2014-10-14,6.24,6.3,6.23,6.25,101345224.0,633837248.0,27106074764.0,0.0037388380605589628
3278,2014-10-15,6.27,6.31,6.21,6.26,113210224.0,708648640.0,27106074764.0,0.004176562817953865
3279,2014-10-16,6.23,6.35,6.21,6.29,200483152.0,1260124928.0,27106074764.0,0.007396244338050185
3280,2014-10-17,6.28,6.3,6.24,6.28,129508416.0,811120192.0,27106074764.0,0.004777837334529976
3281,2014-10-20,6.3,6.31,6.27,6.3,111198392.0,699296192.0,27106074764.0,0.004102342112170527
3282,2014-10-21,6.3,6.3,6.23,6.24,74036784.0,463474592.0,27106074764.0,0.0027313723821912202
3283,2014-10-22,6.24,6.27,6.23,6.24,79301152.0,495243104.0,27106074764.0,0.0029255859688441903
3284,2014-10-23,6.24,6.27,6.2,6.22,102363816.0,638942400.0,27106074764.0,0.003776416057700504
3285,2014-10-24,6.22,6.24,6.18,6.21,84763776.0,526213152.0,27106074764.0,0.0031271136355226206
3286,2014-10-27,6.18,6.2,6.1,6.12,95275600.0,584180800.0,27106074764.0,0.003514916889646339
3287,2014-10-28,6.12,6.19,6.12,6.18,92995160.0,571549696.0,27106074764.0,0.0034307866708723285
3288,2014-10-29,6.19,6.28,6.17,6.25,132140256.0,821732480.0,27106074764.0,0.004874931436974325
3289,2014-10-30,6.24,6.32,6.2,6.27,188548016.0,1179587328.0,27106074764.0,0.006955932116383503
3290,2014-10-31,6.3,6.54,6.27,6.44,533327296.0,3419034880.0,27106074764.0,0.019675563527490905
3291,2014-11-03,6.44,6.45,6.35,6.37,274406048.0,1752037632.0,27106074764.0,0.010123415152844002
3292,2014-11-04,6.37,6.37,6.29,6.31,171581936.0,1083480064.0,27106074764.0,0.006330017809435125
3293,2014-11-05,6.31,6.35,6.26,6.33,138242464.0,871322880.0,27106074764.0,0.005100054700048344
3294,2014-11-06,6.33,6.36,6.3,6.33,109381696.0,692384128.0,27106074764.0,0.004035320383063044
3295,2014-11-07,6.33,6.45,6.3,6.34,307848832.0,1962236160.0,27106074764.0,0.011357189658786702
3296,2014-11-10,6.75,6.9,6.5,6.63,793423488.0,5263065600.0,27106074764.0,0.029271058052778562
3297,2014-11-11,6.69,6.93,6.67,6.8,861561536.0,5868508160.0,27106074764.0,0.03178481368111082
3298,2014-11-12,6.7,6.82,6.65,6.81,374175104.0,2524230912.0,27106074764.0,0.013804105067139702
3299,2014-11-13,6.84,7.03,6.8,6.83,510844896.0,3530925568.0,27106074764.0,0.0188461405957037
3300,2014-11-14,6.78,6.85,6.7,6.77,218664432.0,1477690880.0,27106074764.0,0.00806698992398603
3301,2014-11-17,6.8,6.85,6.55,6.58,283475200.0,1888834304.0,27106074764.0,0.010457995208383614
3302,2014-11-18,6.58,6.59,6.42,6.46,240400880.0,1557987200.0,27106074764.0,0.00886889312056647
3303,2014-11-19,6.45,6.48,6.39,6.45,149441360.0,961194048.0,27106074764.0,0.005513205482576009
3304,2014-11-20,6.42,6.47,6.37,6.44,161363312.0,1036577216.0,27106074764.0,0.005953031318806408
3305,2014-11-21,6.44,6.58,6.38,6.55,228009984.0,1475529472.0,27106074764.0,0.008411766955753535
3306,2014-11-24,6.41,6.59,6.31,6.51,523676832.0,3375082240.0,27106074764.0,0.019319537651962183
3307,2014-11-25,6.47,6.59,6.44,6.57,396369856.0,2574781440.0,27106074764.0,0.014622916060366843
3308,2014-11-26,6.57,6.75,6.54,6.7,548604416.0,3648671488.0,27106074764.0,0.020239168554519377
3309,2014-11-27,6.75,6.85,6.67,6.75,566373504.0,3829116672.0,27106074764.0,0.020894707512288332
3310,2014-11-28,6.78,7.35,6.76,7.33,1259134208.0,8921138176.0,27106074764.0,0.046452104148708234
3311,2014-12-01,7.37,7.69,7.18,7.19,995278208.0,7374012416.0,27106074764.0,0.03671790241358902
3312,2014-12-02,7.45,7.91,7.33,7.91,1444964352.0,11050961920.0,27106074764.0,0.05330776826156621
3313,2014-12-03,8.08,8.68,8.04,8.22,1836898048.0,15244498944.0,27106074764.0,0.06776702506700133
3314,2014-12-04,8.3,9.0,8.11,8.99,1403564672.0,12005710848.0,27106074764.0,0.05178044715880796
3315,2014-12-05,9.05,9.5,8.6,9.09,1646827264.0,15000566784.0,27106074764.0,0.06075491484245358
3316,2014-12-08,9.0,9.35,8.71,9.24,1326329472.0,12135130112.0,27106074764.0,0.048931078496157576
3317,2014-12-09,9.05,9.5,8.32,8.33,1337520128.0,12126954496.0,27106074764.0,0.04934392528778757
3318,2014-12-10,8.39,8.75,7.96,8.64,1121543168.0,9392618496.0,27106074764.0,0.0413760818475104
3319,2014-12-11,8.41,8.9,8.35,8.61,825288064.0,7159968768.0,27106074764.0,0.030446609152575566
3320,2014-12-12,8.55,8.75,8.31,8.42,598016384.0,5103561216.0,27106074764.0,0.022062079781253865
3321,2014-12-15,8.24,8.31,8.01,8.23,569486400.0,4637135872.0,27106074764.0,0.021009548780421123
3322,2014-12-16,8.2,8.62,8.14,8.61,798483072.0,6692107776.0,27106074764.0,0.029457716727782284
3323,2014-12-17,8.65,9.47,8.59,9.47,2313786624.0,21432940544.0,27106074764.0,0.08536044573569081
3324,2014-12-18,9.89,9.99,9.5,9.59,1631355648.0,15851773952.0,27106074764.0,0.06018413444969276
3325,2014-12-19,9.59,9.78,9.3,9.63,1012076544.0,9659527168.0,27106074764.0,0.03733762829224372
3326,2014-12-22,9.49,10.58,9.43,10.51,1906953216.0,19578636288.0,27106074764.0,0.0703515072766144
3327,2014-12-23,10.15,11.1,9.94,10.5,1189845120.0,12610959360.0,27106074764.0,0.04389588423847528
3328,2014-12-24,10.3,10.77,9.98,10.3,965884992.0,9963641856.0,27106074764.0,0.03563352497215152
3329,2014-12-25,10.7,11.0,10.35,10.74,973699264.0,10414744576.0,27106074764.0,0.035921809870206114
3330,2014-12-26,10.84,11.05,10.5,10.9,1118918144.0,12083848192.0,27106074764.0,0.041279239201614415
3331,2014-12-29,11.1,11.54,10.49,10.73,1167333888.0,12851677184.0,27219523629.0,0.04288590439387076
3332,2014-12-30,10.77,10.98,10.52,10.78,746930816.0,8042287104.0,27219523629.0,0.027440995154088998
3333,2014-12-31,10.71,10.95,10.46,10.88,770719296.0,8292105728.0,27219523629.0,0.02831494432102649
3334,2015-01-05,10.87,10.96,10.5,10.78,913887360.0,9793212416.0,27219523629.0,0.03357470073525951
3335,2015-01-06,10.7,10.8,10.28,10.42,896571648.0,9393249280.0,27219523629.0,0.03293855029280461
3336,2015-01-07,10.28,10.61,10.2,10.51,578704512.0,6022849024.0,27219523629.0,0.021260640703625006
3337,2015-01-08,10.61,10.66,10.09,10.2,485168416.0,4990242304.0,27219523629.0,0.017824280197288093
3338,2015-01-09,10.13,10.68,10.04,10.2,768649792.0,7966614528.0,27219523629.0,0.028238914188089298
3339,2015-01-12,10.19,10.3,9.75,9.99,530982400.0,5332598784.0,27219523629.0,0.019507409726828764
3340,2015-01-13,9.99,10.09,9.8,9.84,312574272.0,3100486656.0,27219523629.0,0.011483458574086863
3341,2015-01-14,9.92,10.13,9.85,9.94,366463968.0,3657445376.0,27219523629.0,0.013463276323086162
3342,2015-01-15,9.96,10.24,9.82,10.23,461766816.0,4646087680.0,27219523629.0,0.016964544357713454
3343,2015-01-16,10.23,10.35,10.08,10.21,550566912.0,5632437248.0,27219523629.0,0.020226912105596864
3344,2015-01-19,9.39,9.68,9.19,9.19,796088320.0,7425297920.0,27219523629.0,0.029246960044217604
3345,2015-01-20,9.19,9.54,9.08,9.48,673525248.0,6304153088.0,27219523629.0,0.02474419674569243
3346,2015-01-21,9.49,10.08,9.37,9.98,662277504.0,6444686336.0,27219523629.0,0.024330973349379333
3347,2015-01-22,9.98,10.28,9.89,10.18,530978560.0,5378543104.0,27219523629.0,0.019507268651619208
3348,2015-01-23,10.15,10.48,10.15,10.38,577583168.0,5967115264.0,27219523629.0,0.0212194443911809
3349,2015-01-26,10.46,10.54,10.3,10.49,475265760.0,4963831808.0,27219523629.0,0.017460473095629283
3350,2015-01-27,10.49,10.52,9.9,10.19,419481984.0,4262981120.0,27219523629.0,0.015411069999516044
3351,2015-01-28,10.0,10.18,9.88,9.94,279104128.0,2786217472.0,27219523629.0,0.010253821183800556
3352,2015-01-29,9.74,9.78,9.57,9.63,321400832.0,3107153408.0,27219523629.0,0.011807731699520846
3353,2015-01-30,9.76,9.82,9.44,9.47,390064320.0,3747023360.0,27219523629.0,0.014330313980382115
3354,2015-02-02,8.86,9.36,8.85,9.17,622548160.0,5679591936.0,27219523629.0,0.022871383367515288
3355,2015-02-03,9.2,9.39,9.14,9.36,318330176.0,2950561536.0,27219523629.0,0.011694920908198675
3356,2015-02-04,9.36,9.38,9.12,9.14,222722080.0,2061440640.0,27219523629.0,0.008182438570038355
3357,2015-02-05,9.52,9.6,9.07,9.09,409113952.0,3830298624.0,27219523629.0,0.015030165758085684
3358,2015-02-06,9.06,9.25,8.94,9.07,236736640.0,2156359680.0,27219523629.0,0.008697310181717434
3359,2015-02-09,9.07,9.34,9.03,9.24,263163216.0,2419981312.0,27219523629.0,0.009668178605433888
3360,2015-02-10,9.23,9.42,9.17,9.33,271605920.0,2530272768.0,27219523629.0,0.009978349500232542
3361,2015-02-11,9.33,9.44,9.3,9.35,152280880.0,1425179136.0,27219523629.0,0.005594546108726097
3362,2015-02-12,9.35,9.36,9.15,9.3,165471104.0,1530808576.0,27219523629.0,0.006079132987606923
3363,2015-02-13,9.29,9.43,9.24,9.3,268985120.0,2509362176.0,27219523629.0,0.009882065669709962
3364,2015-02-16,9.29,9.3,9.17,9.22,236974032.0,2183054080.0,27219523629.0,0.008706031568734916
3365,2015-02-17,9.22,9.31,9.22,9.24,134949760.0,1249718656.0,27219523629.0,0.004957829601992848
3366,2015-02-25,9.25,9.25,9.05,9.13,179553456.0,1638342016.0,27219523629.0,0.006596495164548054
3367,2015-02-26,9.1,9.3,9.03,9.27,244481248.0,2245001472.0,27219523629.0,0.008981834191232017
3368,2015-02-27,9.27,9.32,9.2,9.23,178920080.0,1656329984.0,27219523629.0,0.006573225984358391
3369,2015-03-02,9.28,9.29,9.16,9.24,244195488.0,2249752832.0,27219523629.0,0.008971335844387493
3370,2015-03-03,9.19,9.2,8.99,9.0,308253216.0,2792812032.0,27219523629.0,0.011324710167652728
3371,2015-03-04,9.08,9.08,8.9,8.96,198928432.0,1783976064.0,27219523629.0,0.007308299539381333
3372,2015-03-05,8.9,8.94,8.66,8.75,283831904.0,2487481856.0,27219523629.0,0.010427511806180258
3373,2015-03-06,8.74,8.84,8.71,8.76,170561056.0,1497913216.0,27219523629.0,0.006266129353501332
3374,2015-03-09,8.76,9.31,8.65,9.22,516647104.0,4659816960.0,27219523629.0,0.018980754808271445
3375,2015-03-10,9.11,9.13,8.98,9.0,266623632.0,2409477888.0,27219523629.0,0.009795308530526084
3376,2015-03-11,9.0,9.21,9.0,9.03,241368592.0,2195296000.0,27219523629.0,0.008867480389805319
3377,2015-03-12,9.22,9.55,9.11,9.38,621640704.0,5805733376.0,27219523629.0,0.0228380449442435
3378,2015-03-13,9.37,9.63,9.28,9.33,460784768.0,4349991936.0,27219523629.0,0.016928465548496027
3379,2015-03-16,9.33,9.45,9.21,9.39,350546720.0,3274637824.0,27219523629.0,0.012878503120698388
3380,2015-03-17,9.44,9.5,9.33,9.44,402611360.0,3786934016.0,27219523629.0,0.014791271349475534
3381,2015-03-18,9.45,9.64,9.41,9.63,592845760.0,5650525184.0,27219523629.0,0.021780166621592715
3382,2015-03-19,9.63,9.63,9.46,9.51,416405120.0,3967541504.0,27219523629.0,0.01529803113660509
3383,2015-03-20,9.51,9.82,9.4,9.63,594990272.0,5707678208.0,27219523629.0,0.021858952423623255
3384,2015-03-23,9.69,9.8,9.64,9.76,477543392.0,4644250624.0,27219523629.0,0.017544149504924462
3385,2015-03-24,9.74,9.83,9.63,9.67,480539360.0,4657713664.0,27219523629.0,0.01765421638342075
3386,2015-03-25,9.6,9.62,9.37,9.43,398950272.0,3785983488.0,27219523629.0,0.014656769069057244
3387,2015-03-26,9.4,9.57,9.29,9.46,333613696.0,3147911936.0,27219523629.0,0.012256411998502578
3388,2015-03-27,9.47,9.56,9.38,9.51,310386976.0,2940919296.0,27219523629.0,0.01140310095909651
3389,2015-03-30,9.58,9.82,9.51,9.79,606445120.0,5883942400.0,27219523629.0,0.022279784476238455
3390,2015-03-31,9.9,10.05,9.58,9.7,619078592.0,6108713472.0,27297096636.0,0.022679283451103212
3391,2015-04-01,9.68,9.85,9.62,9.76,382834656.0,3730693888.0,27297096636.0,0.01402473900814453
3392,2015-04-02,9.8,9.83,9.57,9.67,403085952.0,3903769600.0,27297096636.0,0.014766623622103516
3393,2015-04-03,9.6,9.74,9.58,9.72,342126688.0,3307749376.0,27297096636.0,0.012533446049672402
3394,2015-04-07,9.8,9.98,9.8,9.94,566390848.0,5600265216.0,27297096636.0,0.020749124185354993
3395,2015-04-08,9.95,10.13,9.8,10.12,765067200.0,7633787904.0,27297096636.0,0.028027420285826766
3396,2015-04-09,10.13,10.37,10.01,10.05,669469696.0,6797889536.0,27297096636.0,0.024525307761745215
3397,2015-04-10,10.05,10.33,10.0,10.28,616295232.0,6279488512.0,27297096636.0,0.022577318028292305
3398,2015-04-13,10.48,10.58,10.32,10.44,625740800.0,6526984704.0,27297096636.0,0.022923346330347805
3399,2015-04-14,10.44,10.44,10.15,10.27,478680224.0,4917413888.0,27297096636.0,0.017535939092097663
3400,2015-04-15,10.27,10.86,10.2,10.56,818396544.0,8597960704.0,27297096636.0,0.029981083882770192
3401,2015-04-16,10.53,11.05,10.41,10.99,809354304.0,8676408320.0,27297096636.0,0.029649831071506927
3402,2015-04-17,11.24,11.26,10.88,10.93,734615424.0,8112002048.0,27297096636.0,0.02691185197443941
3403,2015-04-20,11.03,11.03,10.41,10.45,750478912.0,8073004544.0,27297096636.0,0.027492993925597647
3404,2015-04-21,10.5,10.83,10.45,10.73,481457344.0,5123569664.0,27297096636.0,0.017637675919168767
3405,2015-04-22,10.81,10.98,10.69,10.87,616671360.0,6678754816.0,27297096636.0,0.022591097076116166
3406,2015-04-23,10.87,10.96,10.58,10.69,530523488.0,5708919808.0,27297096636.0,0.01943516173439245
3407,2015-04-24,10.5,10.65,10.25,10.43,475742688.0,4957635584.0,27297096636.0,0.017428325596084832
3408,2015-04-27,10.45,10.75,10.45,10.66,531775360.0,5650597888.0,27297096636.0,0.019481022728940454
3409,2015-04-28,10.67,11.2,10.59,10.9,949274112.0,10329677824.0,27297096636.0,0.0347756438956983
3410,2015-04-29,10.9,10.9,10.65,10.73,462244704.0,4982746112.0,27297096636.0,0.016933841359171573
3411,2015-04-30,10.73,10.85,10.61,10.62,386326048.0,4144015872.0,27297149048.0,0.014152615253727577
3412,2015-05-04,10.62,10.87,10.52,10.83,461144640.0,4969835008.0,27297149048.0,0.016893509252160786
3413,2015-05-05,10.84,10.84,10.48,10.6,522638784.0,5574787584.0,27297149048.0,0.01914627725704903
3414,2015-05-06,10.77,11.06,10.65,10.83,837276480.0,9125035008.0,27297149048.0,0.03067267129353735
3415,2015-05-07,10.75,10.95,10.68,10.75,451538752.0,4880877568.0,27297149048.0,0.016541608473690888
3416,2015-05-08,10.83,10.91,10.36,10.61,463284864.0,4907527680.0,27297149048.0,0.016971913923514433
3417,2015-05-11,10.4,10.65,10.29,10.62,545406464.0,5699396096.0,27297149048.0,0.01998034531155409
3418,2015-05-12,10.6,10.68,10.5,10.6,356349568.0,3771613696.0,27297149048.0,0.013054461012517676
3419,2015-05-13,10.63,10.73,10.36,10.41,341774720.0,3594496256.0,27297149048.0,0.012520528037525628
3420,2015-05-14,10.42,10.69,10.41,10.49,404336096.0,4259382016.0,27297149048.0,0.01481239287256721
3421,2015-05-15,10.4,10.58,10.11,10.18,330847776.0,3412426496.0,27297149048.0,0.012120231875432444
3422,2015-05-18,10.12,10.27,9.94,9.97,273180672.0,2752405504.0,27297149048.0,0.010007663127003928
3423,2015-05-19,9.97,10.34,9.95,10.27,319753536.0,3258780928.0,27297149048.0,0.011713807014708286
3424,2015-05-20,10.3,10.55,10.25,10.34,391518688.0,4070801664.0,27297149048.0,0.014342841712573851
3425,2015-05-21,10.51,10.53,10.21,10.38,214100272.0,2226318848.0,27297149048.0,0.007843319887491571
3426,2015-05-22,10.46,10.66,10.35,10.63,404564416.0,4276726016.0,27297149048.0,0.014820757116012506
3427,2015-05-25,10.68,10.8,10.63,10.78,600567488.0,6422991872.0,27297149048.0,0.02200110667029538
3428,2015-05-26,10.79,10.83,10.63,10.79,461105088.0,4948429312.0,27297149048.0,0.01689206030963824
3429,2015-05-27,10.8,10.89,10.62,10.69,380306144.0,4081400064.0,27297149048.0,0.013932082919401583
3430,2015-05-28,10.69,10.72,10.0,10.05,472747936.0,4941371904.0,27297149048.0,0.017318582800302993
3431,2015-05-29,10.08,10.21,9.85,10.02,379819296.0,3815392512.0,27328002446.0,0.013898538568653931
3432,2015-06-01,10.03,10.47,9.86,10.4,486693440.0,4970260992.0,27328002446.0,0.017809330958664243
3433,2015-06-02,10.38,10.63,10.31,10.51,438933376.0,4597187584.0,27328002446.0,0.01606167069354338
3434,2015-06-03,10.48,10.56,10.27,10.43,390460224.0,4065165824.0,27328002446.0,0.014287916753943048
3435,2015-06-04,10.45,10.82,10.0,10.6,949662400.0,9990001664.0,27328002446.0,0.034750523821729315
3436,2015-06-05,10.79,10.85,10.3,10.54,632704960.0,6687918592.0,27328002446.0,0.023152257880912516
3437,2015-06-08,10.51,11.16,10.43,11.1,1099752448.0,11935195136.0,27328002446.0,0.04024269429033847
3438,2015-06-09,11.15,11.25,10.72,10.86,741548608.0,8154038784.0,27328002446.0,0.02713511935112332
3439,2015-06-10,10.8,11.19,10.69,11.01,678187904.0,7441705472.0,27328002446.0,0.02481659262655937
3440,2015-06-11,11.0,11.05,10.76,10.93,506965632.0,5537071616.0,27328002446.0,0.01855114119671797
3441,2015-06-12,10.99,11.13,10.85,10.99,654091840.0,7185094144.0,27328002446.0,0.023934857342481665
3442,2015-06-15,11.04,11.1,10.4,10.48,682486528.0,7315319808.0,27328002446.0,0.02497389003636801
3443,2015-06-16,10.41,10.62,10.01,10.18,645504832.0,6674964992.0,27328002446.0,0.023620637230090797
3444,2015-06-17,10.29,10.33,10.05,10.2,613511360.0,6229125120.0,27328002446.0,0.022449916023401104
3445,2015-06-18,10.1,10.14,9.63,9.68,677358912.0,6686074880.0,27328002446.0,0.024786257734660918
3446,2015-06-19,9.57,9.77,9.04,9.16,570038976.0,5398404608.0,27328002446.0,0.02085915269974065
3447,2015-06-23,9.18,9.34,8.71,9.32,712235712.0,6487834112.0,27328002446.0,0.026062487128628384
3448,2015-06-24,9.37,9.97,9.27,9.81,858644032.0,8147663872.0,29551769344.0,0.029055587907609787
3449,2015-06-25,10.08,10.13,9.35,9.4,760364416.0,7482524160.0,29551769344.0,0.02572991170677161
3450,2015-06-26,9.23,9.65,8.67,9.08,710873408.0,6562867712.0,29551769344.0,0.024055189377157588
3451,2015-06-29,9.3,9.65,8.8,9.41,996628224.0,9309568000.0,29551769344.0,0.03372482413484826
3452,2015-06-30,9.45,10.06,9.42,9.94,943689536.0,9229600768.0,29551769344.0,0.03193343603270918
3453,2015-07-01,9.75,9.88,9.5,9.56,636689408.0,6166608384.0,29551769344.0,0.021544882832176995
3454,2015-07-02,9.67,9.78,9.15,9.56,686676992.0,6568562688.0,29551769344.0,0.023236408758023096
3455,2015-07-03,9.76,9.76,8.85,9.27,698387648.0,6591895040.0,29551769344.0,0.02363268472592475
3456,2015-07-06,9.95,9.95,9.5,9.86,1210154496.0,11825240064.0,29551769344.0,0.04095032286943935
3457,2015-07-07,9.53,10.73,9.51,10.73,1647837312.0,16825612288.0,29551769344.0,0.055761037277267674
3458,2015-07-08,10.05,11.16,9.66,10.19,1632485760.0,17093279744.0,29551769344.0,0.05524155731580415
3459,2015-07-09,10.19,10.98,9.69,10.59,1052869568.0,10869227520.0,29551769344.0,0.03562797055377558
3460,2015-07-10,10.28,11.31,9.89,10.41,1485345920.0,15796315136.0,29551769344.0,0.05026250383554699
3461,2015-07-13,10.0,10.35,9.79,10.02,914705344.0,9159634944.0,29551769344.0,0.03095264223784001
3462,2015-07-14,9.79,9.89,9.5,9.71,676582400.0,6555977728.0,29551769344.0,0.02289481865279139
3463,2015-07-15,9.65,10.07,9.62,10.05,706123328.0,6942934016.0,29551769344.0,0.023894451793403926
3464,2015-07-16,10.05,10.05,9.7,9.8,404773536.0,3973577728.0,29551769344.0,0.013697099868647377
3465,2015-07-17,9.88,9.93,9.71,9.83,389065088.0,3816040192.0,29551769344.0,0.013165542931492637
3466,2015-07-20,9.76,9.84,9.71,9.73,336668608.0,3286808832.0,29551769344.0,0.011392502563246861
3467,2015-07-21,9.68,9.75,9.57,9.62,281851680.0,2717841920.0,29551769344.0,0.00953755684538142
3468,2015-07-22,9.57,9.66,9.52,9.55,244814464.0,2342385664.0,29551769344.0,0.008284257404360985
3469,2015-07-23,9.53,9.69,9.45,9.65,326235232.0,3132739328.0,29551769344.0,0.011039448372868296
3470,2015-07-24,9.64,9.64,9.43,9.44,430279392.0,4110407680.0,29551769344.0,0.014560190525017114
3471,2015-07-27,9.31,9.43,8.69,8.75,364454432.0,3339241216.0,29551769344.0,0.012332744877558286
3472,2015-07-28,8.65,9.18,8.57,9.11,497893792.0,4488798208.0,29551769344.0,0.01684818889198217
3473,2015-07-29,9.08,9.1,8.94,9.06,232715920.0,2099998848.0,29551769344.0,0.007874855724916151
3474,2015-07-30,9.06,9.17,8.92,9.05,260764400.0,2356938240.0,29551769344.0,0.008823986034966258
3475,2015-07-31,9.09,9.17,8.96,9.09,158071136.0,1430602112.0,29551769344.0,0.0053489567463781565
3476,2015-08-03,9.01,9.47,8.98,9.34,293038976.0,2710127360.0,29551769344.0,0.009916122875380276
3477,2015-08-04,9.31,9.49,9.22,9.45,177798880.0,1670010368.0,29551769344.0,0.006016522324951725
3478,2015-08-05,9.36,9.49,9.32,9.33,121166744.0,1138806528.0,29551769344.0,0.004100151926253476
3479,2015-08-06,9.3,9.48,9.28,9.36,121330992.0,1140580864.0,29551769344.0,0.004105709901415235
3480,2015-08-07,9.46,9.47,9.28,9.33,146855264.0,1375838080.0,29551769344.0,0.004969423735361434
3481,2015-08-10,9.24,9.45,9.19,9.44,250378496.0,2337629184.0,29551769344.0,0.008472538245864294
3482,2015-08-11,9.38,9.4,9.26,9.28,161426144.0,1504814976.0,29551769344.0,0.0054624865983794275
3483,2015-08-12,9.19,9.27,9.1,9.18,137011296.0,1259153024.0,29551769344.0,0.0046363144759661535
3484,2015-08-13,9.26,9.26,9.02,9.12,123210664.0,1122948608.0,29551769344.0,0.004169315974477037
3485,2015-08-14,9.12,9.15,9.04,9.06,106445816.0,966491840.0,29551769344.0,0.0036020116007575726
3486,2015-08-17,9.02,9.05,8.92,8.96,113330992.0,1014732736.0,29551769344.0,0.003834998530232167
3487,2015-08-18,8.96,9.07,8.7,8.71,171476256.0,1527887232.0,29551769344.0,0.005802571548387353
3488,2015-08-19,8.83,8.94,8.56,8.93,228822016.0,1993519872.0,29551769344.0,0.007743090213529247
3489,2015-08-20,8.82,9.0,8.72,8.76,147194336.0,1300332672.0,29551769344.0,0.004980897566117658
3490,2015-08-21,8.8,8.94,8.48,8.51,186150448.0,1626677248.0,29551769344.0,0.006299130378052804
3491,2015-08-24,8.28,8.35,7.66,7.92,352847488.0,2792632576.0,29551769344.0,0.011939978411872651
3492,2015-08-25,7.7,8.02,7.14,7.47,373245344.0,2862890752.0,29551769344.0,0.012630219857741997
3493,2015-08-26,7.52,7.94,7.26,7.77,312902048.0,2392285184.0,29551769344.0,0.010588267807508779
3494,2015-08-27,7.9,8.3,7.63,8.26,303650560.0,2407105024.0,29551769344.0,0.010275207432263315
3495,2015-08-28,8.25,8.29,8.04,8.2,212674576.0,1737097216.0,29551769344.0,0.007196678260592206
3496,2015-08-31,8.15,8.6,7.91,8.57,262477776.0,2147682048.0,29551769344.0,0.00888196483075528
3497,2015-09-01,8.31,8.97,8.21,8.91,440562368.0,3814073344.0,29551769344.0,0.014908155341617437
3498,2015-09-02,8.6,9.31,8.56,9.28,522251680.0,4716634624.0,29551769344.0,0.01767243354943262
3499,2015-09-07,9.08,9.08,8.35,8.42,252584544.0,2191700480.0,29551769344.0,0.008547188530736253
3500,2015-09-08,8.35,8.79,8.23,8.47,155104864.0,1314948736.0,29551769344.0,0.005248581301325414
3501,2015-09-09,8.48,8.54,8.4,8.5,136093760.0,1151730048.0,29551769344.0,0.0046052660473824255
3502,2015-09-10,8.42,8.64,8.39,8.62,126104720.0,1075609600.0,29551769344.0,0.0042672477079821105
3503,2015-09-11,8.55,8.63,8.51,8.59,59208368.0,507403552.0,29551769344.0,0.002003547310848962
3504,2015-09-14,8.57,9.18,8.25,9.08,394909792.0,3495821312.0,29551769344.0,0.013363321410742533
3505,2015-09-15,8.86,9.07,8.75,9.04,208792624.0,1868352512.0,29551769344.0,0.007065317191993849
3506,2015-09-16,8.96,9.15,8.86,8.98,120278392.0,1079577088.0,29551769344.0,0.0040700910527518225
3507,2015-09-17,8.91,9.0,8.75,8.76,93643112.0,829407808.0,29551769344.0,0.0031687819064212036
3508,2015-09-18,8.75,8.87,8.75,8.76,55935224.0,493359168.0,29551769344.0,0.0018927876483090082
3509,2015-09-21,8.71,8.81,8.67,8.76,50901928.0,445790720.0,29551769344.0,0.0017224663405927265
3510,2015-09-22,8.75,8.9,8.7,8.78,75167648.0,663095872.0,29551769344.0,0.002543592132335777
3511,2015-09-23,8.74,8.79,8.61,8.61,52796816.0,458920800.0,29551769344.0,0.0017865873066825193
3512,2015-09-24,8.66,8.68,8.55,8.58,36279464.0,312144032.0,29551769344.0,0.001227657930653345
3513,2015-09-25,8.58,8.95,8.47,8.81,89963912.0,779695744.0,29551769344.0,0.0030442817468141104
3514,2015-09-28,8.7,8.73,8.52,8.61,41078048.0,355562464.0,29551769344.0,0.0013900368374504867
3515,2015-09-29,8.45,8.55,8.37,8.47,52630736.0,443780288.0,29551769344.0,0.0017809673386167588
3516,2015-09-30,8.47,8.55,8.43,8.45,36763264.0,312233856.0,29551769344.0,0.001244029200825641
3517,2015-10-08,8.64,8.65,8.45,8.48,70530152.0,602781504.0,29551769344.0,0.0023866642697087776
3518,2015-10-09,8.53,8.57,8.46,8.5,55643468.0,473329792.0,29551769344.0,0.0018829149399576472
3519,2015-10-12,8.52,8.77,8.49,8.65,135062864.0,1163618560.0,29551769344.0,0.004570381638669033
3520,2015-10-13,8.62,8.65,8.57,8.59,59659568.0,512972928.0,29551769344.0,0.0020188154321836875
3521,2015-10-14,8.54,8.59,8.52,8.54,40845256.0,349037632.0,29551769344.0,0.0013821594072604304
3522,2015-10-15,8.55,8.63,8.51,8.6,84921288.0,727814016.0,29551769344.0,0.0028736447896390294
3523,2015-10-16,8.62,8.67,8.56,8.62,109272848.0,940783872.0,29551769344.0,0.003697675314394874
3524,2015-10-19,8.61,8.64,8.55,8.57,85880432.0,737405760.0,29551769344.0,0.002906101188064281
3525,2015-10-20,8.55,8.58,8.53,8.57,69701216.0,596086208.0,29551769344.0,0.0023586139695609015
3526,2015-10-21,8.57,9.4,8.54,9.0,247620608.0,2158251264.0,29551769344.0,0.008379214290608129
3527,2015-10-22,8.76,8.93,8.71,8.75,130067008.0,1140117120.0,29551769344.0,0.004401327260169887
3528,2015-10-23,8.73,8.76,8.68,8.73,89185816.0,777319808.0,29551769344.0,0.003017951817430103
3529,2015-10-26,8.78,8.81,8.72,8.75,80923056.0,709128960.0,29551769344.0,0.002738348931260527
3530,2015-10-27,8.75,8.77,8.66,8.69,65855264.0,572810816.0,29551769344.0,0.0022284711021328687
3531,2015-10-28,8.65,8.74,8.62,8.64,67097192.0,581100096.0,29551769344.0,0.0022704966061066994
3532,2015-10-29,8.63,8.67,8.57,8.58,59244736.0,510483456.0,29551769344.0,0.0020047779647423603
3533,2015-10-30,8.58,8.68,8.57,8.6,95322120.0,822739200.0,29551769344.0,0.0032255977261596213
3534,2015-11-02,8.56,8.63,8.51,8.53,86256656.0,738908096.0,29551769344.0,0.0029188322024282782
3535,2015-11-03,8.57,8.58,8.52,8.54,75306136.0,643466880.0,29551769344.0,0.002548278416882327
3536,2015-11-04,8.54,8.77,8.53,8.74,166982656.0,1447526656.0,29551769344.0,0.005650512971193824
3537,2015-11-05,8.7,9.16,8.69,8.86,334769952.0,2992415232.0,29551769344.0,0.011328254092101241
3538,2015-11-06,8.86,8.94,8.75,8.89,215408176.0,1903659008.0,29551769344.0,0.007289180336125461
3539,2015-11-09,8.94,9.5,8.94,9.13,415402080.0,3849747200.0,29551769344.0,0.014056758333637323
3540,2015-11-10,9.03,9.16,9.01,9.04,203659296.0,1841776768.0,29551769344.0,0.0068916109092922945
3541,2015-11-11,9.04,9.04,8.8,8.9,167012992.0,1487484544.0,29551769344.0,0.00565153950871335
3542,2015-11-12,8.94,8.94,8.82,8.88,106187744.0,942064960.0,29551769344.0,0.003593278722634578
3543,2015-11-13,8.82,8.89,8.78,8.79,91859984.0,810752128.0,29551769344.0,0.003108442778186838
3544,2015-11-16,8.7,8.83,8.68,8.82,110505880.0,967788480.0,29551769344.0,0.003739399787323949
3545,2015-11-17,8.82,8.96,8.8,8.83,180974640.0,1608037504.0,29551769344.0,0.0061239866179702675
3546,2015-11-18,8.85,8.95,8.72,8.83,168152928.0,1482333312.0,29551769344.0,0.005690113713415968
3547,2015-11-19,8.8,8.9,8.75,8.87,136503648.0,1203689472.0,29551769344.0,0.004619136215196361
3548,2015-11-20,8.86,8.95,8.82,8.89,144674672.0,1287604864.0,29551769344.0,0.00489563485407258
3549,2015-11-23,8.88,8.93,8.8,8.84,95567272.0,846174272.0,29551769344.0,0.003233893405418155
3550,2015-11-24,8.82,8.84,8.76,8.8,69221216.0,608544000.0,29551769344.0,0.0023423712872899173
3551,2015-11-25,8.79,8.83,8.74,8.8,55873052.0,490380288.0,29551769344.0,0.001890683814887859
3552,2015-11-26,8.81,8.85,8.75,8.77,63890544.0,562838976.0,29551769344.0,0.002161987096484019
3553,2015-11-27,8.76,8.76,8.42,8.46,138244928.0,1189332480.0,29551769344.0,0.004678059252248067
3554,2015-11-30,8.47,8.67,8.46,8.63,119332312.0,1023833472.0,29551769344.0,0.004038076725995713
3555,2015-12-01,8.64,8.65,8.51,8.57,95548922.0,819799674.0,29551769344.0,0.003233272461210504
3556,2015-12-02,8.57,9.02,8.55,8.94,211013568.0,1865125888.0,29551769344.0,0.007140471541438951
3557,2015-12-03,8.9,9.03,8.82,8.93,202795979.0,1811217940.0,29551769344.0,0.006862397193187838
3558,2015-12-04,8.86,8.95,8.69,8.76,127088096.0,1121804032.0,29551769344.0,0.0043005240911506756
3559,2015-12-07,8.78,8.85,8.72,8.81,54072245.0,476000143.0,29551769344.0,0.0018297464483621004
3560,2015-12-08,8.76,8.77,8.66,8.7,70233904.0,611845760.0,29551769344.0,0.0023766395569224975
3561,2015-12-09,8.69,8.78,8.67,8.71,39270214.0,342511310.0,29551769344.0,0.0013288616848240653
3562,2015-12-10,8.73,8.89,8.67,8.7,65873960.0,577204672.0,29551769344.0,0.0022291037546073233
3563,2015-12-11,8.66,8.72,8.55,8.71,70065784.0,606298304.0,29551769344.0,0.002370950557457085
3564,2015-12-14,8.65,8.83,8.63,8.8,90032976.0,786587264.0,29551769344.0,0.003046618798081534
3565,2015-12-15,8.79,8.82,8.68,8.69,53806872.0,469522528.0,29551769344.0,0.0018207665122739799
3566,2015-12-16,8.7,8.74,8.66,8.67,44154408.0,383878848.0,29551769344.0,0.0014941375416820796
3567,2015-12-17,8.68,8.77,8.68,8.74,79162072.0,691071552.0,29551769344.0,0.0026787591321015963
3568,2015-12-18,8.73,9.61,8.73,9.07,445641632.0,4117547008.0,29551769344.0,0.015080032156872536
3569,2015-12-21,9.01,9.98,8.98,9.97,856796672.0,8355864576.0,29551769344.0,0.02899307523777619
3570,2015-12-22,9.84,9.86,9.5,9.58,372075202.0,3591259084.0,29551769344.0,0.012590623514579635
3571,2015-12-23,9.6,9.84,9.43,9.52,322611776.0,3109300736.0,29551769344.0,0.010916834530095607
3572,2015-12-24,9.5,9.57,9.25,9.39,174200576.0,1632623488.0,29551769344.0,0.0058947595987300355
3573,2015-12-25,9.42,9.47,9.33,9.44,122946337.0,1155351992.0,29551769344.0,0.004160371433900699
3574,2015-12-28,9.4,9.42,9.09,9.14,184243753.0,1699169911.0,29551769344.0,0.006234609875818067
3575,2015-12-29,9.1,9.3,9.07,9.21,123448307.0,1133945130.0,29551769344.0,0.0041773575572747945
3576,2015-12-30,9.17,9.48,9.07,9.43,205522210.0,1898472476.0,29551769344.0,0.006954649909709312
3577,2015-12-31,9.35,9.7,9.21,9.64,396416477.0,3764596051.0,29551769344.0,0.013414306006028902
3578,2016-01-04,9.48,9.55,9.01,9.03,83867659.0,780986219.0,29551769344.0,0.002837991120725499
3579,2016-01-05,8.95,9.28,8.9,9.12,109490659.0,998665351.0,29551769344.0,0.0037050458037034685
3580,2016-01-06,9.12,9.19,9.02,9.15,80981564.0,737495387.0,29551769344.0,0.002740328778873674
3581,2016-01-07,9.03,9.08,8.54,8.6,24964020.0,220841489.0,29551769344.0,0.0008447555105551923
3582,2016-01-08,8.88,8.93,8.55,8.7,109799852.0,958876973.0,29551769344.0,0.0037155085613272444
3583,2016-01-11,8.55,8.76,8.4,8.46,129894402.0,1112802666.0,29551769344.0,0.004395486459303085
3584,2016-01-12,8.55,8.6,8.43,8.47,73839466.0,628626898.0,29551769344.0,0.0024986478860356933
3585,2016-01-13,8.63,8.65,8.39,8.45,69765193.0,592961697.0,29551769344.0,0.002360778882235174
3586,2016-01-14,8.29,8.53,8.25,8.49,64912167.0,548471400.0,29551769344.0,0.002196557716879289
3587,2016-01-15,8.5,8.53,8.27,8.47,79525278.0,667566274.0,29551769344.0,0.002691049631386836
3588,2016-01-18,8.34,8.51,8.32,8.49,67464910.0,569514087.0,29551769344.0,0.0022829397866052864
3589,2016-01-19,8.49,8.58,8.39,8.56,81970211.0,697741279.0,29551769344.0,0.0027737835269969276
3590,2016-01-20,8.46,8.63,8.46,8.58,100507196.0,858275168.0,29551769344.0,0.0034010551053656737
3591,2016-01-21,8.59,8.75,8.46,8.46,68069944.0,583015010.0,29551769344.0,0.002303413484574333
3592,2016-01-22,8.54,8.56,8.43,8.5,56911327.0,482951928.0,29551769344.0,0.0019258179210022465
3593,2016-01-25,8.5,8.52,8.35,8.51,55774965.0,470105227.0,29551769344.0,0.0018873646566047047
3594,2016-01-26,8.44,8.49,8.24,8.36,93443436.0,781318742.0,29551769344.0,0.0031620250859521596
3595,2016-01-27,8.43,8.61,8.36,8.51,122006401.0,1036237102.0,29551769344.0,0.004128565013477658
3596,2016-01-28,8.48,8.58,8.38,8.53,78669322.0,665734205.0,29551769344.0,0.0026620850035827892
3597,2016-01-29,8.58,8.69,8.5,8.59,86358392.0,743851479.0,29551769344.0,0.0029222748389356136
3598,2016-02-01,8.58,8.66,8.44,8.5,50738681.0,431490702.0,29551769344.0,0.0017169422381912863
3599,2016-02-02,8.46,8.57,8.44,8.49,69701709.0,591829918.0,29551769344.0,0.0023586306521491507
3600,2016-02-03,8.4,8.47,8.38,8.44,58023624.0,487853803.0,29551769344.0,0.001963456851756348
3601,2016-02-04,8.52,8.54,8.43,8.46,47773245.0,404853202.0,29551769344.0,0.0016165950824768322
3602,2016-02-05,8.47,8.52,8.41,8.43,40529107.0,342945941.0,29551769344.0,0.001371461266099411
3603,2016-02-15,8.34,8.53,8.31,8.46,43368190.0,365182944.0,29551769344.0,0.0014675327725784783
3604,2016-02-16,8.46,8.66,8.46,8.58,48506006.0,416216121.0,29551769344.0,0.0016413909243592666
3605,2016-02-17,8.57,8.6,8.52,8.56,60983171.0,522010459.0,29551769344.0,0.00206360473006269
3606,2016-02-18,8.6,8.62,8.49,8.59,90595521.0,774333799.0,29551769344.0,0.0030656547141193063
3607,2016-02-19,8.54,8.59,8.48,8.51,95510943.0,814468648.0,29551769344.0,0.003231987292814734
3608,2016-02-22,8.58,8.65,8.51,8.6,74535860.0,639500849.0,29551769344.0,0.002522213107863651
3609,2016-02-23,8.58,8.59,8.43,8.47,61741731.0,524128004.0,29551769344.0,0.0020892735822782686
3610,2016-02-24,8.45,8.51,8.44,8.5,40819095.0,345701250.0,29551769344.0,0.0013812741472377405
3611,2016-02-25,8.49,8.5,8.16,8.21,92241120.0,770483485.0,29551769344.0,0.003121340009332742
3612,2016-02-26,8.19,8.38,8.1,8.31,101455977.0,836167751.0,29551769344.0,0.003433160831048479
3613,2016-02-29,8.26,8.48,8.2,8.45,113035147.0,943201284.0,29551769344.0,0.0038249874545312097
3614,2016-03-01,8.44,8.49,8.35,8.43,49264715.0,414916233.0,29551769344.0,0.0016670648185741334
3615,2016-03-02,8.5,8.58,8.44,8.56,77290703.0,658937291.0,29551769344.0,0.0026154340236041605
3616,2016-03-03,8.59,8.73,8.51,8.7,93355829.0,803444278.0,29551769344.0,0.0031590605595652552
3617,2016-03-04,8.65,9.38,8.63,9.33,491036149.0,4512019023.0,29551769344.0,0.016616133649530424
3618,2016-03-07,9.25,9.34,9.11,9.17,121800761.0,1120412945.0,29551769344.0,0.004121606377681397
3619,2016-03-08,9.11,9.37,8.73,9.29,137904131.0,1247011606.0,29551769344.0,0.004666527049352433
3620,2016-03-09,9.01,9.35,8.91,9.34,179947706.0,1654141450.0,29551769344.0,0.006089236279063453
3621,2016-03-10,9.18,9.27,9.02,9.05,81971811.0,749221022.0,29551769344.0,0.002773837669271164
3622,2016-03-11,9.0,9.15,8.87,9.12,86822433.0,785309402.0,29551769344.0,0.002937977485860009
3623,2016-03-14,9.19,9.27,8.94,9.03,93900677.0,856642717.0,29551769344.0,0.0031774976282110496
3624,2016-03-15,9.08,9.2,8.96,9.17,71665039.0,651887444.0,29551769344.0,0.0024250676216972574
3625,2016-03-16,9.11,9.58,9.08,9.44,340492245.0,3209502801.0,29551769344.0,0.0115218903151439
3626,2016-03-17,9.46,9.48,9.01,9.2,172358071.0,1590776778.0,29551769344.0,0.005832411216859828
3627,2016-03-18,9.19,9.23,9.08,9.13,154331490.0,1413272845.0,29551769344.0,0.005222411159328247
3628,2016-03-21,9.16,9.26,9.12,9.2,86113968.0,792628820.0,29551769344.0,0.002914003794411857
3629,2016-03-22,9.24,9.38,9.15,9.19,86599242.0,801440086.0,29551769344.0,0.002930424943154294
3630,2016-03-23,9.15,9.21,9.12,9.16,49278679.0,451896392.0,29551769344.0,0.0016675373452725336
3631,2016-03-24,9.12,9.15,9.08,9.09,56862433.0,517297864.0,29551769344.0,0.0019241634007794183
3632,2016-03-25,9.09,9.14,9.09,9.09,35564541.0,323644199.0,29551769344.0,0.001203465707450806
3633,2016-03-28,9.1,9.12,8.86,8.93,75006156.0,675638311.0,29551769344.0,0.0025381274172413897
3634,2016-03-29,8.96,9.05,8.92,8.94,56201105.0,505016385.0,29551769344.0,0.0019017847745691988
3635,2016-03-30,9.02,9.17,8.97,9.14,75089889.0,681081725.0,29551769344.0,0.0025409608516467987
3636,2016-03-31,9.17,9.18,9.06,9.11,34874010.0,317617017.0,29551769344.0,0.001180098883219004
3637,2016-04-01,9.14,9.25,8.98,9.24,94110162.0,862334349.0,29551769344.0,0.003184586374660085
3638,2016-04-05,9.12,9.27,9.01,9.22,70146624.0,641918123.0,29551769344.0,0.00237368609586289
3639,2016-04-06,9.13,9.22,9.01,9.05,104380981.0,946880159.0,29551769344.0,0.0035321398114929736
3640,2016-04-07,9.07,9.08,8.98,8.99,57633283.0,519530377.0,29551769344.0,0.001950248133338977
3641,2016-04-08,8.92,9.04,8.89,8.99,41917126.0,376952961.0,29551769344.0,0.00141843033193918
3642,2016-04-11,8.95,9.08,8.95,9.01,49848199.0,450314675.0,29551769344.0,0.0016868092877870562
3643,2016-04-12,9.03,9.06,8.99,9.03,33049869.0,298266582.0,29551769344.0,0.0011183719193013475
3644,2016-04-13,9.06,9.15,9.02,9.11,113694986.0,1035536490.0,29551769344.0,0.003847315694587468
3645,2016-04-14,9.18,9.18,9.09,9.11,70910543.0,647034052.0,29551769344.0,0.0023995362908582397
3646,2016-04-15,9.14,9.26,9.11,9.21,116850044.0,1075061870.0,29551769344.0,0.003954079454255232
3647,2016-04-18,9.11,9.27,9.1,9.19,108633799.0,1002520820.0,29551769344.0,0.0036760505855144778
3648,2016-04-19,9.23,9.26,9.15,9.2,84446088.0,778031961.0,29551769344.0,0.0028575645341907554
3649,2016-04-20,9.2,9.34,8.93,9.32,159289057.0,1462074682.0,29551769344.0,0.005390169879365988
3650,2016-04-21,9.24,9.58,9.2,9.3,166955094.0,1570407226.0,29551769344.0,0.005649580302842255
3651,2016-04-22,9.25,9.54,9.23,9.4,73060688.0,687777255.0,29551769344.0,0.002472294878507292
3652,2016-04-25,9.32,9.5,9.25,9.44,70294066.0,662746756.0,29551769344.0,0.002378675374111637
3653,2016-04-26,9.4,9.58,9.38,9.46,75849017.0,715842107.0,29551769344.0,0.0025666489243697313
3654,2016-04-27,9.5,9.51,9.38,9.39,75642231.0,713834315.0,29551769344.0,0.0025596515091695486
3655,2016-04-28,9.43,9.5,9.33,9.37,44022757.0,414173685.0,29551769344.0,0.0014896826138411268
3656,2016-04-29,9.36,9.48,9.29,9.3,69704517.0,653497040.0,29551769344.0,0.002358725671840436
3657,2016-05-03,9.31,9.42,9.28,9.38,45857553.0,429277703.0,29551769344.0,0.0015517701314662778
3658,2016-05-04,9.3,9.41,9.3,9.38,23346729.0,218537657.0,29551769344.0,0.0007900281275286878
3659,2016-05-05,9.35,9.39,9.34,9.36,23339999.0,218547024.0,29551769344.0,0.00078980039158768
3660,2016-05-06,9.36,9.37,9.23,9.26,42386881.0,394524304.0,29551769344.0,0.0014343263344604427
3661,2016-05-09,9.25,9.33,9.11,9.22,46376407.0,428376268.0,29551769344.0,0.0015693275911892552
3662,2016-05-10,9.13,9.31,9.13,9.26,35271024.0,326325201.0,29551769344.0,0.0011935334087588634
3663,2016-05-11,9.28,9.33,9.23,9.28,36948245.0,342794145.0,29551769344.0,0.001250288758344743
3664,2016-05-12,9.27,9.34,9.23,9.27,73296372.0,679291052.0,29551769344.0,0.002480270170858031
3665,2016-05-13,9.23,9.28,9.18,9.19,108521482.0,1003169368.0,29551769344.0,0.0036722498993798317
3666,2016-05-16,9.15,9.24,9.15,9.2,33077545.0,303958060.0,29551769344.0,0.0011193084452899551
3667,2016-05-17,9.2,9.2,9.07,9.08,56884363.0,517681182.0,29551769344.0,0.001924905488325674
3668,2016-05-18,9.08,9.17,9.02,9.13,138645361.0,1257228140.0,29551769344.0,0.004691609473060186
3669,2016-05-19,9.1,9.11,8.99,9.0,57010744.0,516598540.0,29551769344.0,0.0019291820850508598
3670,2016-05-20,8.98,9.04,8.98,9.0,157346359.0,1416296607.0,29551769344.0,0.005324431074444163
3671,2016-05-23,9.0,9.03,8.86,8.87,128147729.0,1144884242.0,29551769344.0,0.004336380928948279
3672,2016-05-24,8.88,8.88,8.66,8.68,217477177.0,1897145575.0,29551769344.0,0.007359193098336603
3673,2016-05-25,8.75,8.87,8.69,8.86,74010107.0,651147901.0,29551769344.0,0.002504422193421949
3674,2016-05-26,8.82,8.9,8.81,8.9,60354785.0,535720670.0,29551769344.0,0.0020423408256011596
3675,2016-05-27,8.85,8.94,8.83,8.91,72153268.0,641621334.0,29551769344.0,0.0024415887644524247
3676,2016-05-30,8.91,8.96,8.83,8.95,125372463.0,1120553448.0,29551769344.0,0.0042424689209160605
3677,2016-05-31,8.96,9.15,8.96,9.09,141216153.0,1282544034.0,29551769344.0,0.004778602301478494
3678,2016-06-01,9.12,9.12,8.97,8.98,107149201.0,965827227.0,29551769344.0,0.0036258133904850227
3679,2016-06-02,8.98,9.01,8.92,8.97,50064989.0,448230875.0,29551769344.0,0.0016941452275569034
3680,2016-06-03,9.03,9.03,8.91,8.99,62866686.0,562930860.0,29551769344.0,0.0021273408460994246
3681,2016-06-06,8.98,9.01,8.93,9.01,52606789.0,472082695.0,29551769344.0,0.0017801569979660438
3682,2016-06-07,9.03,9.04,8.98,9.0,48827367.0,440026547.0,29551769344.0,0.001652265433978612
3683,2016-06-08,9.0,9.04,8.98,9.0,95472445.0,859841674.0,29551769344.0,0.003230684562018758
3684,2016-06-13,8.94,9.02,8.93,8.95,85482976.0,767476177.0,29551769344.0,0.002892651705721164
3685,2016-06-14,8.95,9.12,8.91,9.03,83740130.0,756754105.0,29551769344.0,0.002833675676918548
3686,2016-06-15,8.93,9.06,8.92,9.05,79216571.0,713886191.0,29551769344.0,0.0026806033194788598
3687,2016-06-16,8.98,9.11,8.97,9.02,56190499.0,508928045.0,29551769344.0,0.0019014258789688528
3688,2016-06-17,9.01,9.12,9.01,9.08,57320529.0,520135969.0,29551769344.0,0.0019396648753161033
3689,2016-06-20,9.11,9.15,8.99,9.05,27967649.0,252641616.0,29551769344.0,0.0009463950761945958
3690,2016-06-21,9.04,9.1,9.02,9.08,42522729.0,385440051.0,29551769344.0,0.0014389232842545023
3691,2016-06-22,9.07,9.09,9.03,9.08,30033597.0,272366853.0,29551769344.0,0.0010163045281787104
3692,2016-06-23,9.1,9.1,9.03,9.09,39983069.0,363168123.0,29551769344.0,0.0013529839291371534
3693,2016-06-24,8.98,9.03,8.79,8.84,56784109.0,504468187.0,29551769344.0,0.0019215130010998506
3694,2016-06-27,8.84,8.92,8.82,8.87,61454882.0,544070298.0,29551769344.0,0.002079566921514207
3695,2016-06-28,8.86,8.87,8.82,8.84,45865553.0,405380758.0,29551769344.0,0.001552040842837461
3696,2016-06-29,8.86,9.15,8.81,9.14,174671354.0,1570743438.0,29551769344.0,0.0059106902184678884
3697,2016-06-30,9.06,9.1,8.88,8.93,85664445.0,768581216.0,29551769344.0,0.0028987924209483164
3698,2016-07-01,8.94,8.99,8.9,8.93,38634089.0,345519883.0,29551769344.0,0.0013073359009498366
3699,2016-07-04,8.92,9.08,8.92,9.02,67891487.0,612648068.0,29551769344.0,0.0022973746921784314
3700,2016-07-05,8.98,9.02,8.92,8.97,59139024.0,530861422.0,29551769344.0,0.002001200784683547
3701,2016-07-06,8.93,8.96,8.9,8.93,51861695.0,462836308.0,29551769344.0,0.001754943820666009
3702,2016-07-07,8.93,8.98,8.89,8.96,56848541.0,508193442.0,29551769344.0,0.0019236933104833588
3703,2016-07-08,8.95,8.97,8.93,8.93,42253384.0,378027530.0,29551769344.0,0.0014298089399705893
3704,2016-07-11,8.97,9.03,8.93,8.99,52364502.0,470815579.0,29551769344.0,0.0017719582672173146
3705,2016-07-12,9.01,9.15,8.99,9.13,84610773.0,768638267.0,29551769344.0,0.0028631372969611657
3706,2016-07-13,9.12,9.53,9.09,9.16,107852983.0,1002626131.0,29551769344.0,0.003649628614264268
3707,2016-07-14,9.18,9.45,9.17,9.3,79780597.0,742127508.0,29551769344.0,0.002699689350959222
3708,2016-07-15,9.31,9.37,9.23,9.25,47959780.0,446193486.0,29551769344.0,0.0016229072256797863
3709,2016-07-18,9.35,9.83,9.35,9.54,148707607.0,1430165779.0,29551769344.0,0.005032105024540354
3710,2016-07-19,9.72,9.88,9.35,9.5,107932764.0,1032839914.0,29551769344.0,0.003652328317252313
3711,2016-07-20,9.52,9.54,9.28,9.29,71462991.0,669749291.0,29551769344.0,0.002418230535306658
3712,2016-07-21,9.31,9.39,9.23,9.31,89434886.0,832431575.0,29551769344.0,0.0030263800775826737
3713,2016-07-22,9.29,9.35,9.21,9.22,76710471.0,712636098.0,29551769344.0,0.0025957995985636238
3714,2016-07-25,9.21,9.28,9.12,9.19,92945289.0,852286921.0,29551769344.0,0.003145168328774568
3715,2016-07-26,9.17,9.25,9.14,9.23,119662212.0,1101561107.0,29551769344.0,0.004049240186164875
3716,2016-07-27,9.22,9.25,9.06,9.24,143041785.0,1312307514.0,29551769344.0,0.004840379719227955
3717,2016-07-28,9.19,9.22,9.11,9.13,70561015.0,647188795.0,29551769344.0,0.0023877086403398806
3718,2016-07-29,9.17,9.2,9.14,9.16,109791488.0,1005606950.0,29551769344.0,0.0037152255325886723
3719,2016-08-01,9.15,9.24,9.14,9.22,78891693.0,725981971.0,29551769344.0,0.002669609798372958
3720,2016-08-02,9.2,9.23,9.16,9.2,66826298.0,613796528.0,29551769344.0,0.002261329845333541
3721,2016-08-03,9.11,9.21,9.1,9.15,105704061.0,966858422.0,29551769344.0,0.0035769114116160853
3722,2016-08-04,9.14,9.15,9.08,9.14,73232080.0,666981119.0,29551769344.0,0.002478094598923518
3723,2016-08-05,9.14,9.47,9.12,9.3,105712370.0,980386355.0,29551769344.0,0.0035771925792139805
3724,2016-08-08,9.28,9.28,9.15,9.23,83953293.0,772214384.0,29551769344.0,0.002840888882920485
3725,2016-08-09,9.23,9.25,9.19,9.24,66700868.0,614514652.0,29551769344.0,0.0022570854294226045
3726,2016-08-10,9.23,9.26,9.22,9.24,59176210.0,546679562.0,29551769344.0,0.002002459118814649
3727,2016-08-11,9.25,9.51,9.23,9.31,111453900.0,1048606171.0,29551769344.0,0.0037714797615875707
3728,2016-08-12,9.32,9.53,9.24,9.49,110727309.0,1040181963.0,29551769344.0,0.0037468927058501612
3729,2016-08-15,9.49,9.81,9.43,9.71,164732863.0,1594295458.0,29551769344.0,0.005574382402705315
3730,2016-08-16,9.76,9.78,9.34,9.41,210662168.0,1997704303.0,29551769344.0,0.007128580544459734
3731,2016-08-17,9.42,9.44,9.33,9.41,78808667.0,739729165.0,29551769344.0,0.0026668002880849773
3732,2016-08-18,9.37,9.44,9.31,9.36,78711488.0,736960290.0,29551769344.0,0.0026635118555424523
3733,2016-08-19,9.36,9.39,9.3,9.34,51458296.0,480599058.0,29551769344.0,0.0017412932336130242
3734,2016-08-22,9.33,9.35,9.25,9.28,58213348.0,540203988.0,29551769344.0,0.00196987690727964
3735,2016-08-23,9.27,9.34,9.27,9.3,45854184.0,426507300.0,29551769344.0,0.0015516561281400884
3736,2016-08-24,9.3,9.32,9.26,9.27,39764365.0,368999442.0,29551769344.0,0.0013455832216717506
3737,2016-08-25,9.26,9.33,9.25,9.3,53691959.0,498541402.0,29551769344.0,0.001816877980299385
3738,2016-08-26,9.28,9.32,9.26,9.3,44657165.0,414857219.0,29551769344.0,0.0015111502962873152
3739,2016-08-29,9.26,9.29,9.21,9.24,53354491.0,492634856.0,29551769344.0,0.001805458427173084
3740,2016-08-30,9.25,9.36,9.25,9.35,53166939.0,494860977.0,29551769344.0,0.001799111869787068
3741,2016-08-31,9.3,9.34,9.27,9.31,51661895.0,480272617.0,29551769344.0,0.0017481828041707118
3742,2016-09-01,9.29,9.33,9.26,9.28,50718107.0,471525518.0,29551769344.0,0.0017162460362224463
3743,2016-09-02,9.25,9.34,9.25,9.31,55920117.0,520513043.0,29551769344.0,0.0018922764437234504
3744,2016-09-05,9.3,9.38,9.27,9.35,46370362.0,432936872.0,29551769344.0,0.0015691230349094052
3745,2016-09-06,9.32,9.37,9.3,9.32,52474557.0,488927616.0,29551769344.0,0.0017756824097117587
3746,2016-09-07,9.32,9.33,9.3,9.33,49702240.0,462671348.0,29551769344.0,0.0016818701926587425
3747,2016-09-08,9.32,9.33,9.3,9.32,25082575.0,233593285.0,29551769344.0,0.0008487672838815184
3748,2016-09-09,9.32,9.33,9.29,9.3,33205479.0,309151676.0,29551769344.0,0.001123637593860072
3749,2016-09-12,9.21,9.32,9.2,9.3,101620696.0,943392020.0,29551769344.0,0.003438734744342217
3750,2016-09-13,9.28,9.33,9.28,9.31,29864601.0,277949501.0,29551769344.0,0.0010105858858181537
3751,2016-09-14,9.28,9.33,9.28,9.31,36142016.0,336343458.0,29551769344.0,0.0012230068385850488
3752,2016-09-19,9.33,9.34,9.3,9.33,30281801.0,282011899.0,29551769344.0,0.0010247034838253507
3753,2016-09-20,9.34,9.34,9.3,9.32,28593192.0,266292414.0,29551769344.0,0.0009675627766025921
3754,2016-09-21,9.33,9.34,9.3,9.33,27347386.0,254795418.0,29551769344.0,0.0009254060452915803
3755,2016-09-22,9.35,9.4,9.32,9.37,24338581.0,227946229.0,29551769344.0,0.0008235913293950214
3756,2016-09-23,9.38,9.39,9.34,9.38,23468694.0,219993474.0,29551769344.0,0.0007941552915769807
3757,2016-09-26,9.28,9.35,9.25,9.31,64411335.0,599254986.0,29551769344.0,0.002179610102197744
3758,2016-09-27,9.3,9.32,9.26,9.31,42702782.0,397080758.0,29551769344.0,0.0014450160835689555
3759,2016-09-28,9.31,9.31,9.16,9.2,50170690.0,463785234.0,29551769344.0,0.001697722035387581
3760,2016-09-29,9.21,9.25,9.2,9.23,24665571.0,227720526.0,29551769344.0,0.0008346563183029153
3761,2016-09-30,9.23,9.29,9.23,9.26,24478180.0,226785232.0,29551769344.0,0.0008283152089832446
3762,2016-10-10,9.26,9.36,9.26,9.33,29638856.0,276015702.0,29551769344.0,0.0010029469185071885
3763,2016-10-11,9.32,9.34,9.28,9.31,34307040.0,319143727.0,29551769344.0,0.001160913229954046
3764,2016-10-12,9.29,9.31,9.26,9.27,28790976.0,267069997.0,29551769344.0,0.000974255573832351
3765,2016-10-13,9.26,9.27,9.14,9.19,69499004.0,638628020.0,29551769344.0,0.002351771333587193
3766,2016-10-14,9.18,9.26,9.17,9.24,34985913.0,322788469.0,29551769344.0,0.0011838855600401915
3767,2016-10-17,9.23,9.29,9.19,9.24,31322090.0,289216804.0,29551769344.0,0.0010599057415274335
3768,2016-10-18,9.23,9.28,9.23,9.27,26011675.0,240904614.0,29551769344.0,0.0008802070257522919
3769,2016-10-19,9.27,9.3,9.27,9.28,16627159.0,154289235.0,29551769344.0,0.0005626451264711117
3770,2016-10-20,9.29,9.31,9.28,9.29,18137451.0,168581753.0,29551769344.0,0.000613751778746964
3771,2016-10-21,9.28,9.31,9.26,9.29,21363836.0,198270258.0,29551769344.0,0.0007229291671612744
3772,2016-10-24,9.28,9.4,9.27,9.37,45969076.0,429808718.0,29551769344.0,0.001555543949497334
3773,2016-10-25,9.36,9.39,9.33,9.36,23890718.0,223731827.0,29551769344.0,0.0008084361285410011
3774,2016-10-26,9.33,9.35,9.26,9.28,27654909.0,256869838.0,29551769344.0,0.0009358122919166217
3775,2016-10-27,9.26,9.31,9.24,9.27,24219135.0,224412103.0,29551769344.0,0.0008195494055897298
3776,2016-10-28,9.25,9.33,9.25,9.31,41278345.0,382948523.0,29551769344.0,0.0013968146718897185
3777,2016-10-31,9.3,9.3,9.14,9.2,48642878.0,446877888.0,29551769344.0,0.0016460225252088378
3778,2016-11-01,9.2,9.23,9.16,9.21,22980490.0,211552457.0,29551769344.0,0.0007776349947948484
3779,2016-11-02,9.18,9.21,9.13,9.16,47408721.0,433805043.0,29551769344.0,0.0016042599834931901
3780,2016-11-03,9.16,9.23,9.13,9.19,50655655.0,465237727.0,29551769344.0,0.0017141327279033057
3781,2016-11-04,9.18,9.21,9.14,9.16,35280119.0,323537410.0,29551769344.0,0.0011938411737489772
3782,2016-11-07,9.15,9.17,9.13,9.16,28920438.0,264617196.0,29551769344.0,0.0009786364282743638
3783,2016-11-08,9.16,9.19,9.14,9.17,38606834.0,353720851.0,29551769344.0,0.0013064136211471372
3784,2016-11-09,9.18,9.18,9.04,9.11,77945507.0,708899654.0,29551769344.0,0.00263759188469118
3785,2016-11-10,9.14,9.17,9.12,9.16,66369353.0,607422568.0,29551769344.0,0.002245867319395385
3786,2016-11-11,9.15,9.21,9.12,9.2,49228494.0,451278552.0,29551769344.0,0.0016658391390021808
3787,2016-11-14,9.18,9.24,9.17,9.22,51239951.0,472058678.0,29551769344.0,0.0017339046743204034
3788,2016-11-15,9.22,9.23,9.18,9.21,36214512.0,333400977.0,29551769344.0,0.0012254600250307098
3789,2016-11-16,9.2,9.22,9.16,9.19,52683484.0,484176513.0,29551769344.0,0.0017827522740426543
3790,2016-11-17,9.18,9.21,9.15,9.2,54477995.0,500457079.0,29551769344.0,0.0018434765907192918
3791,2016-11-18,9.19,9.22,9.17,9.2,50326689.0,462714665.0,29551769344.0,0.0017030008732867295
3792,2016-11-21,9.22,9.29,9.18,9.28,55948126.0,517559970.0,29551769344.0,0.0018932242380728837
3793,2016-11-22,9.28,9.32,9.28,9.31,70035985.0,651065978.0,29551769344.0,0.0023699421914383494
3794,2016-11-23,9.32,9.47,9.29,9.37,81035036.0,760934326.0,29551769344.0,0.002742138213678662
3795,2016-11-24,9.38,9.4,9.33,9.35,67367915.0,631023815.0,29551769344.0,0.0022796575804242985
3796,2016-11-25,9.4,9.42,9.29,9.41,66262639.0,620586022.0,29551769344.0,0.0022422562327373313
3797,2016-11-28,9.41,9.57,9.35,9.4,188418889.0,1775621560.0,29551769344.0,0.006375891974747541
3798,2016-11-29,9.4,9.48,9.37,9.47,175280442.0,1654117136.0,29551769344.0,0.005931301099424282
3799,2016-11-30,9.49,9.52,9.43,9.5,111034920.0,1051281862.0,29551769344.0,0.0037573019303002854
3800,2016-12-01,9.53,9.75,9.41,9.43,199387021.0,1901931242.0,29551769344.0,0.006747041731377152
3801,2016-12-02,9.43,9.48,9.31,9.43,124506895.0,1168607118.0,29551769344.0,0.0042131790333995375
3802,2016-12-05,9.35,9.46,9.3,9.43,109729425.0,1028899584.0,29551769344.0,0.0037131253876099557
3803,2016-12-06,9.38,9.46,9.37,9.42,48512981.0,457280036.0,29551769344.0,0.0016416269508360169
3804,2016-12-07,9.4,9.41,9.32,9.35,50617007.0,473337173.0,29551769344.0,0.0017128249212691202
3805,2016-12-08,9.34,9.73,9.32,9.66,274859566.0,2627142617.0,29551769344.0,0.00930095124933038
3806,2016-12-09,9.57,9.81,9.54,9.72,191536740.0,1862532863.0,29551769344.0,0.0064813966896668535
3807,2016-12-12,9.68,9.81,9.53,9.74,143768446.0,1395029368.0,29551769344.0,0.004864969143689862
3808,2016-12-13,9.67,9.73,9.58,9.67,79949729.0,772666616.0,29551769344.0,0.002705412595413089
3809,2016-12-14,9.68,9.99,9.66,9.85,273044971.0,2698679711.0,29551769344.0,0.009239547311756387
3810,2016-12-15,9.76,9.88,9.46,9.51,111255895.0,1064480037.0,29551769344.0,0.0037647794859561826
3811,2016-12-16,9.5,9.53,9.33,9.33,205128333.0,1935504609.0,29551769344.0,0.006941321536865878
3812,2016-12-19,9.31,9.33,9.19,9.26,52036086.0,480802985.0,29551769344.0,0.0017608450240075074
3813,2016-12-20,9.32,9.37,9.18,9.25,66115841.0,611317171.0,29551769344.0,0.002237288746753965
3814,2016-12-21,9.2,9.25,9.18,9.24,53616202.0,494283517.0,29551769344.0,0.0018143144451310456
3815,2016-12-22,9.22,9.22,9.15,9.18,40855026.0,374824264.0,29551769344.0,0.0013824900135224877
3816,2016-12-23,9.18,9.18,9.1,9.16,38903329.0,355004039.0,29551769344.0,0.0013164466921470027
3817,2016-12-26,9.1,9.15,9.05,9.14,40541730.0,368731704.0,29551769344.0,0.0013718884148042165
3818,2016-12-27,9.14,9.17,9.07,9.09,47739678.0,435080272.0,29551769344.0,0.0016154592114022695
3819,2016-12-28,9.09,9.1,9.01,9.05,63856267.0,577426117.0,29551769344.0,0.0021608271997752638
3820,2016-12-29,9.04,9.08,9.02,9.06,37785721.0,341997322.0,29551769344.0,0.0012786280428813569
3821,2016-12-30,9.08,9.11,9.05,9.08,54821371.0,497483705.0,29551769344.0,0.0018550960641932114
3822,2017-01-03,9.08,9.16,9.05,9.11,58352389.0,531505641.0,29551769344.0,0.001974581904749723
3823,2017-01-04,9.1,9.12,9.04,9.11,73120372.0,663889518.0,29551769344.0,0.0024743145206920034
3824,2017-01-05,9.11,9.12,9.07,9.08,56243309.0,511452908.0,29551769344.0,0.001903212912407875
3825,2017-01-06,9.08,9.09,9.01,9.01,55732553.0,503621293.0,29551769344.0,0.0018859294802703777
3826,2017-01-09,9.0,9.04,8.98,9.02,49114801.0,442818754.0,29551769344.0,0.0016619918905116911
3827,2017-01-10,9.01,9.05,9.01,9.03,38946271.0,351732170.0,29551769344.0,0.0013178998031096705
3828,2017-01-11,9.03,9.05,8.98,8.99,38822892.0,350048430.0,29551769344.0,0.001313724790826521
3829,2017-01-12,9.0,9.03,8.98,9.0,22511184.0,202778273.0,29551769344.0,0.0007617541859492933
3830,2017-01-13,8.99,9.1,8.98,9.08,59021403.0,534243615.0,29551769344.0,0.0019972206169098067
3831,2017-01-16,9.07,9.27,8.97,9.2,196318555.0,1798612066.0,29551769344.0,0.006643208151591074
3832,2017-01-17,9.16,9.19,9.13,9.15,31710844.0,290563852.0,29551769344.0,0.0010730607575765464
3833,2017-01-18,9.17,9.2,9.13,9.18,23076975.0,211871129.0,29551769344.0,0.0007808999431259232
3834,2017-01-19,9.15,9.26,9.14,9.18,24707934.0,227509736.0,29551769344.0,0.0008360898365300939
3835,2017-01-20,9.18,9.24,9.15,9.22,27038313.0,248813297.0,29551769344.0,0.0009149473483383723
3836,2017-01-23,9.24,9.26,9.19,9.22,23741568.0,218992125.0,29551769344.0,0.0008033890534145068
3837,2017-01-24,9.22,9.29,9.21,9.27,27881995.0,258024163.0,29551769344.0,0.0009434966372211815
3838,2017-01-25,9.24,9.26,9.2,9.22,16776054.0,154747457.0,29551769344.0,0.0005676835726726495
3839,2017-01-26,9.23,9.29,9.23,9.25,19569744.0,181256712.0,29551769344.0,0.0006622190289927027
3840,2017-02-03,9.28,9.28,9.17,9.17,24803969.0,228389826.0,29551769344.0,0.0008393395573465396
3841,2017-02-06,9.21,9.23,9.15,9.16,42566220.0,391284362.0,29551769344.0,0.0014403949727850177
3842,2017-02-07,9.16,9.19,9.1,9.14,42115167.0,385290956.0,29551769344.0,0.0014251318257717382
3843,2017-02-08,9.11,9.14,9.06,9.12,39744917.0,361346730.0,29551769344.0,0.0013449251223284046
3844,2017-02-09,9.12,9.15,9.09,9.12,45953000.0,418873635.0,29551769344.0,0.0015549999549969416
3845,2017-02-10,9.13,9.14,9.08,9.11,97265021.0,885695663.0,29551769344.0,0.0032913434003824906
3846,2017-02-13,9.12,9.18,9.1,9.14,102536449.0,937052263.0,29551769344.0,0.0034697228381290928
3847,2017-02-14,9.14,9.15,9.08,9.1,64756099.0,589274962.0,29551769344.0,0.002191276544094564
3848,2017-02-15,9.11,9.18,9.08,9.15,144318419.0,1318307668.0,29551769344.0,0.004883579636807821
3849,2017-02-16,9.14,9.17,9.1,9.12,95450196.0,869849747.0,29551769344.0,0.0032299316798565765
3850,2017-02-17,9.12,9.14,9.03,9.03,107446237.0,975385803.0,29551769344.0,0.0036358647683413644
3851,2017-02-20,9.04,9.15,9.03,9.14,157680614.0,1436019388.0,29551769344.0,0.005335741903116012
3852,2017-02-21,9.16,9.19,9.1,9.13,120469003.0,1100914716.0,29551769344.0,0.004076541123398394
3853,2017-02-22,9.12,9.12,9.07,9.09,90558399.0,823358547.0,29551769344.0,0.003064398545679174
3854,2017-02-23,9.1,9.11,9.07,9.08,56167373.0,510267983.0,29551769344.0,0.0019006433200726054
3855,2017-02-24,9.08,9.1,9.05,9.07,77910682.0,706880083.0,29551769344.0,0.0026364134442534988
3856,2017-02-27,9.07,9.08,9.02,9.04,80756890.0,729999861.0,29551769344.0,0.002732726053047526
3857,2017-02-28,9.04,9.06,9.02,9.03,44034624.0,397968692.0,29551769344.0,0.0014900841803213555
3858,2017-03-01,9.05,9.05,9.02,9.04,68994871.0,623486880.0,29551769344.0,0.0023347120166261133
3859,2017-03-02,9.04,9.06,8.95,8.97,115946009.0,1043224526.0,29551769344.0,0.003923487884949296
3860,2017-03-03,8.96,8.99,8.93,8.97,61988854.0,554774654.0,29551769344.0,0.002097635958050878
3861,2017-03-06,8.96,8.97,8.94,8.96,59574979.0,533330379.0,29551769344.0,0.002015953031661562
3862,2017-03-07,8.95,8.98,8.93,8.97,34339894.0,307714880.0,29551769344.0,0.0011620249738776521
3863,2017-03-08,8.96,8.97,8.9,8.92,56316198.0,502746152.0,29551769344.0,0.0019056793975496455
3864,2017-03-09,8.9,8.91,8.85,8.87,54516573.0,483861450.0,29551769344.0,0.0018447820286289793
3865,2017-03-10,8.87,8.89,8.82,8.84,40672973.0,360003774.0,29551769344.0,0.0013763295363652388
3866,2017-03-13,8.84,8.87,8.8,8.86,44713567.0,395086240.0,29551769344.0,0.0015130588791319986
3867,2017-03-14,8.85,8.87,8.82,8.84,44623389.0,394734770.0,29551769344.0,0.0015100073528781803
3868,2017-03-15,8.83,8.87,8.81,8.86,46471270.0,410520125.0,29551769344.0,0.0015725376527898228
3869,2017-03-16,8.86,8.9,8.85,8.88,70457489.0,625518311.0,29551769344.0,0.002384205432163243
3870,2017-03-17,8.89,8.89,8.78,8.81,93164446.0,822494696.0,29551769344.0,0.0031525843652713643
3871,2017-03-20,8.8,8.82,8.68,8.71,103859324.0,906805027.0,29551769344.0,0.003514487501273318
3872,2017-03-21,8.7,8.71,8.64,8.67,92089283.0,797315369.0,29551769344.0,0.0031162020090244515
3873,2017-03-22,8.64,8.64,8.51,8.55,124313826.0,1064697469.0,29551769344.0,0.004206645786684169
3874,2017-03-23,8.55,8.6,8.54,8.59,100749103.0,864095912.0,29551769344.0,0.0034092409773242714
3875,2017-03-24,8.59,8.62,8.56,8.6,64861516.0,556787033.0,29551769344.0,0.0021948437416715646
3876,2017-03-27,8.6,8.65,8.59,8.61,75358656.0,649342138.0,29551769344.0,0.0025500556370341436
3877,2017-03-28,8.62,8.62,8.53,8.55,57693733.0,494561958.0,29551769344.0,0.001952293696137479
3878,2017-03-29,8.56,8.59,8.5,8.52,69486414.0,591948172.0,29551769344.0,0.0023513453015667936
3879,2017-03-30,8.5,8.52,8.4,8.46,84600664.0,714830199.0,29551769344.0,0.0028627952193047545
3880,2017-03-31,8.45,8.53,8.45,8.48,64726457.0,549116673.0,29551769344.0,0.002190273490786488
3881,2017-04-05,8.48,8.52,8.44,8.51,112715854.0,956009760.0,29551769344.0,0.0038141829238013156
3882,2017-04-06,8.52,8.52,8.46,8.49,84781791.0,718808049.0,29551769344.0,0.002868924361620789
3883,2017-04-07,8.49,8.53,8.46,8.5,94919413.0,806794838.0,29551769344.0,0.0032119705556402436
3884,2017-04-10,8.5,8.51,8.42,8.43,83224332.0,703609622.0,29551769344.0,0.0028162216289393627
3885,2017-04-11,8.41,8.44,8.34,8.41,90538494.0,759699794.0,29551769344.0,0.003063724981948749
3886,2017-04-12,8.4,8.4,8.34,8.37,84105159.0,703813565.0,29551769344.0,0.002846027864557496
3887,2017-04-13,8.36,8.38,8.32,8.33,65694859.0,547590296.0,29551769344.0,0.0022230431699460412
3888,2017-04-14,8.33,8.34,8.17,8.2,147849664.0,1215637820.0,29551769344.0,0.005003073158799489
3889,2017-04-17,8.19,8.24,8.06,8.23,150439270.0,1223536122.0,29551769344.0,0.005090702632684977
3890,2017-04-18,8.18,8.18,8.05,8.06,127617152.0,1033016656.0,29551769344.0,0.004318426775549754
3891,2017-04-19,7.97,8.02,7.92,7.94,125634094.0,999685802.0,29551769344.0,0.004251322231760311
3892,2017-04-20,7.91,7.94,7.81,7.84,124753165.0,982129696.0,29551769344.0,0.004221512544572194
3893,2017-04-21,7.86,7.93,7.84,7.9,92113985.0,724969237.0,29551769344.0,0.003117037898060822
3894,2017-04-24,7.9,7.9,7.82,7.83,79466600.0,623077655.0,29551769344.0,0.002689064031157051
3895,2017-04-25,7.84,7.87,7.81,7.84,88293592.0,691465532.0,29551769344.0,0.0029877599196247977
3896,2017-04-26,7.83,7.84,7.7,7.71,155213521.0,1207016928.0,29551769344.0,0.005252258137007744
3897,2017-04-27,7.72,7.88,7.66,7.87,174973149.0,1363354260.0,29551769344.0,0.005920902635751162
3898,2017-04-28,7.87,7.9,7.79,7.87,123853840.0,971020386.0,29551769344.0,0.004191080356586043
3899,2017-05-02,7.85,7.89,7.81,7.86,74415128.0,584386527.0,29551769344.0,0.0025181276672054413
3900,2017-05-03,7.85,7.86,7.77,7.78,81726499.0,638250751.0,29551769344.0,0.0027655365757852067
3901,2017-05-04,7.79,7.8,7.68,7.71,129687354.0,1002770846.0,29551769344.0,0.0043884801783054955
3902,2017-05-05,7.68,7.72,7.58,7.71,146323673.0,1118763589.0,29551769344.0,0.004951435269296612
3903,2017-05-08,7.66,7.76,7.61,7.75,135850734.0,1043439092.0,29551769344.0,0.004597042309670783
3904,2017-05-09,7.71,7.77,7.7,7.75,76013682.0,588643017.0,29551769344.0,0.0025722210103617136
3905,2017-05-10,7.74,7.87,7.73,7.75,118856444.0,926774582.0,29551769344.0,0.004021973866147945
3906,2017-05-11,7.75,7.82,7.72,7.79,86480313.0,671847248.0,29551769344.0,0.002926400514071365
3907,2017-05-12,7.8,8.02,7.78,7.99,191380457.0,1518377532.0,29551769344.0,0.006476108241514028
3908,2017-05-15,7.99,8.04,7.94,7.95,100557732.0,802732604.0,29551769344.0,0.003402765189097437
3909,2017-05-16,7.94,7.97,7.89,7.94,93436024.0,740207668.0,29551769344.0,0.0031617742718667587
3910,2017-05-17,7.92,7.95,7.87,7.88,82055291.0,648031631.0,29551769344.0,0.0027766625424294595
3911,2017-05-18,7.85,7.87,7.8,7.82,87586687.0,686199649.0,29551769344.0,0.0029638390168940268
3912,2017-05-19,7.81,7.84,7.76,7.81,68225090.0,531438712.0,29551769344.0,0.0023086634578735293
3913,2017-05-22,7.82,7.82,7.73,7.77,83769679.0,651029330.0,29551769344.0,0.002834675583206934
3914,2017-05-23,7.76,7.95,7.73,7.89,193869101.0,1524752765.0,29551769344.0,0.0065603212702173425
3915,2017-05-24,7.87,7.9,7.75,7.82,129098861.0,1008571997.0,29551769344.0,0.004368566209935291
3916,2017-05-25,7.79,8.15,7.79,8.11,336327060.0,2694603713.0,29551769344.0,0.011380944947321257
3917,2017-05-26,8.05,8.11,7.98,8.01,210430079.0,1692199127.0,29551769344.0,0.0071207269030314204
3918,2017-05-31,8.01,8.12,8.0,8.03,127050707.0,1023328890.0,29551769344.0,0.00429925888771853
3919,2017-06-01,8.02,8.06,7.99,8.02,106270385.0,852589383.0,29551769344.0,0.0035960752049378204
3920,2017-06-02,8.03,8.07,7.96,8.0,122939443.0,984801781.0,29551769344.0,0.004160138148376582
3921,2017-06-05,8.0,8.0,7.89,7.9,107650626.0,853054592.0,29551769344.0,0.0036427810716469565
3922,2017-06-06,7.9,7.95,7.89,7.93,66507920.0,526636970.0,29551769344.0,0.0022505562772167256
3923,2017-06-07,7.93,8.04,7.92,8.02,108526991.0,868508536.0,29551769344.0,0.003672436317997813
3924,2017-06-08,8.0,8.08,7.99,8.06,94899643.0,762181226.0,29551769344.0,0.0032113015601642077
3925,2017-06-09,8.04,8.17,8.04,8.12,135153141.0,1097876858.0,29551769344.0,0.004573436514976069
3926,2017-06-12,8.11,8.15,8.05,8.05,100701370.0,815372381.0,29551769344.0,0.003407625744089186
3927,2017-06-13,8.04,8.1,8.02,8.09,62684675.0,505574202.0,29551769344.0,0.0021211817901768746
3928,2017-06-14,8.05,8.09,8.02,8.06,99284801.0,798796701.0,29551769344.0,0.003359690577043508
3929,2017-06-15,8.05,8.06,8.0,8.02,77804457.0,624645747.0,29551769344.0,0.002632818904828009
3930,2017-06-16,8.03,8.07,8.02,8.03,57707440.0,464303717.0,29551769344.0,0.0019527575262330797
3931,2017-06-19,8.03,8.11,8.03,8.1,68255639.0,551595675.0,29551769344.0,0.0023096972030833135
3932,2017-06-20,8.11,8.12,8.06,8.1,61889622.0,500395720.0,29551769344.0,0.002094278054202723
3933,2017-06-21,8.12,8.13,8.06,8.1,65134556.0,526895065.0,29551769344.0,0.0022040831207700427
3934,2017-06-22,8.07,8.27,8.07,8.14,189430201.0,1550741528.0,29551769344.0,0.006410113682024278
3935,2017-06-23,8.12,8.16,8.03,8.11,113489653.0,917950414.0,29551769344.0,0.0038403674473400764
3936,2017-06-26,8.1,8.18,8.09,8.12,124381880.0,1011546478.0,29551769344.0,0.004208948660640981
3937,2017-06-27,8.12,8.21,8.1,8.18,106388502.0,866534554.0,29551769344.0,0.0036000721568165742
3938,2017-06-28,8.16,8.32,8.15,8.27,224681461.0,1858161749.0,29551769344.0,0.007602978298340633
3939,2017-06-29,8.27,8.3,8.24,8.25,75761384.0,626143770.0,29551769344.0,0.0025636835181708706
3940,2017-06-30,8.24,8.27,8.2,8.22,76690964.0,630752709.0,29551769344.0,0.0025951395027239152
3941,2017-07-03,8.24,8.26,8.21,8.23,49293325.0,405630931.0,29551769344.0,0.001668032950115327
3942,2017-07-04,8.24,8.24,8.16,8.17,76845612.0,628787816.0,29551769344.0,0.002600372624240255
3943,2017-07-05,8.16,8.21,8.14,8.2,77828325.0,636648116.0,29551769344.0,0.0026336265722039336
3944,2017-07-06,8.06,8.08,8.03,8.06,84549699.0,680989328.0,29551769344.0,0.002861070618675711
3945,2017-07-07,8.06,8.07,7.99,8.03,79833081.0,640939837.0,29551769344.0,0.0027014653529098685
3946,2017-07-10,8.02,8.04,7.99,8.04,63909676.0,512494633.0,29551769344.0,0.0021626345027282033
3947,2017-07-11,8.03,8.22,8.02,8.13,214069944.0,1743498891.0,29551769344.0,0.007243896008665328
3948,2017-07-12,8.14,8.29,8.13,8.2,247683626.0,2037695468.0,29551769344.0,0.00838134675175678
3949,2017-07-13,8.2,8.42,8.18,8.41,245913115.0,2044261565.0,29551769344.0,0.008321434569193693
3950,2017-07-14,8.43,8.59,8.42,8.55,273520360.0,2324291489.0,29551769344.0,0.009255633962760804
3951,2017-07-17,8.59,8.83,8.43,8.59,386860123.0,3344928187.0,29551769344.0,0.013090929294172552
3952,2017-07-18,8.54,8.65,8.49,8.55,193009856.0,1651439209.0,29551769344.0,0.006531245346200818
3953,2017-07-19,8.55,8.7,8.51,8.67,187810307.0,1620301309.0,29551769344.0,0.006355298216285374
3954,2017-07-20,8.66,8.7,8.55,8.61,134197440.0,1154432235.0,29551769344.0,0.00454109662395719
3955,2017-07-21,8.58,8.61,8.51,8.54,95555388.0,817456482.0,29551769344.0,0.0032334912636762625
3956,2017-07-24,8.53,8.72,8.52,8.69,152764001.0,1319165018.0,29551769344.0,0.0051693690222652
3957,2017-07-25,8.67,8.76,8.57,8.62,151990294.0,1317574819.0,29551769344.0,0.005143187611907208
3958,2017-07-26,8.6,8.77,8.54,8.59,149134329.0,1289329315.0,29551769344.0,0.005046544836757102
3959,2017-07-27,8.58,8.6,8.47,8.5,111177076.0,947466373.0,29551769344.0,0.003762112336010523
3960,2017-07-28,8.48,8.54,8.46,8.53,55465382.0,471210770.0,29551769344.0,0.0018768887018015838
3961,2017-07-31,8.52,8.61,8.51,8.6,104540405.0,895994272.0,29551769344.0,0.0035375345476979098
3962,2017-08-01,8.63,8.7,8.61,8.69,117622484.0,1018423300.0,29551769344.0,0.003980217990699812
3963,2017-08-02,8.7,8.78,8.67,8.68,141296670.0,1232610692.0,29551769344.0,0.0047813269099126875
3964,2017-08-03,8.67,8.74,8.56,8.58,88621875.0,765380892.0,29551769344.0,0.002998868662258059
3965,2017-08-04,8.58,8.65,8.55,8.56,80200084.0,689659124.0,29551769344.0,0.0027138843385796562
3966,2017-08-07,8.56,8.59,8.51,8.57,51746931.0,442333834.0,29551769344.0,0.0017510603306907023
3967,2017-08-08,8.57,8.6,8.53,8.56,51984497.0,445054813.0,29551769344.0,0.0017590993078915118
3968,2017-08-09,8.56,8.56,8.35,8.36,128384507.0,1082547440.0,29551769344.0,0.004344393241079028
3969,2017-08-10,8.35,8.41,8.27,8.34,94061386.0,784225477.0,29551769344.0,0.0031829358474299817
3970,2017-08-11,8.31,8.31,8.17,8.18,107226967.0,883157543.0,29551769344.0,0.0036284449080464507
3971,2017-08-14,8.2,8.23,8.14,8.18,113905202.0,931435764.0,29551769344.0,0.0038544291772880453
3972,2017-08-15,8.19,8.29,8.18,8.23,95739796.0,789746820.0,29551769344.0,0.0032397314314934035
3973,2017-08-16,8.21,8.22,8.16,8.17,63926311.0,523154017.0,29551769344.0,0.002163197413185657
3974,2017-08-17,8.17,8.23,8.16,8.22,57339530.0,469303452.0,29551769344.0,0.0019403078486615844
3975,2017-08-18,8.19,8.23,8.17,8.21,44634613.0,366157301.0,29551769344.0,0.0015103871609319502
3976,2017-08-21,8.21,8.23,8.16,8.19,52595218.0,430655548.0,29551769344.0,0.0017797654478065488
3977,2017-08-22,8.19,8.22,8.17,8.2,57640379.0,472378470.0,29551769344.0,0.0019504882543252163
3978,2017-08-23,8.2,8.28,8.19,8.24,71465464.0,588705353.0,29551769344.0,0.0024183142189592747
3979,2017-08-24,8.23,8.28,8.18,8.19,71728306.0,589621810.0,29551769344.0,0.002427208508737337
3980,2017-08-25,8.2,8.39,8.19,8.38,136876379.0,1137457135.0,29551769344.0,0.004631749030207915
3981,2017-08-28,8.42,8.52,8.39,8.45,142178138.0,1201329320.0,29551769344.0,0.004811154836279437
3982,2017-08-29,8.43,8.45,8.38,8.43,88683675.0,746746178.0,29551769344.0,0.0030009599076004484
3983,2017-08-30,8.43,8.5,8.41,8.44,88243504.0,744998973.0,29551769344.0,0.0029860649957298203
3984,2017-08-31,8.42,8.44,8.36,8.4,67878279.0,569647464.0,29551769344.0,0.002296927747704608
3985,2017-09-01,8.39,8.43,8.34,8.37,71147509.0,596187130.0,29551769344.0,0.002407554964706211
3986,2017-09-04,8.34,8.4,8.31,8.38,76447700.0,639207158.0,29551769344.0,0.0025869077113489804
3987,2017-09-05,8.39,8.45,8.37,8.4,73793060.0,620747511.0,29551769344.0,0.002497077557049303
3988,2017-09-06,8.39,8.39,8.32,8.34,71532229.0,596728010.0,29551769344.0,0.0024205734745464044
3989,2017-09-07,8.37,8.37,8.3,8.3,59190905.0,492652816.0,29551769344.0,0.002002956381764591
3990,2017-09-08,8.32,8.36,8.29,8.3,46938410.0,390327075.0,29551769344.0,0.00158834516653163
3991,2017-09-11,8.33,8.37,8.31,8.33,54993636.0,458367670.0,29551769344.0,0.0018609253259878177
3992,2017-09-12,8.34,8.35,8.29,8.33,62849282.0,522652348.0,29551769344.0,0.002126751913511416
3993,2017-09-13,8.33,8.33,8.27,8.29,41080514.0,340826780.0,29551769344.0,0.0013901202842306537
3994,2017-09-14,8.29,8.3,8.23,8.24,68186941.0,563306042.0,29551769344.0,0.0023073725368611213
3995,2017-09-15,8.23,8.25,8.21,8.23,51559409.0,424245460.0,29551769344.0,0.0017447147884723285
3996,2017-09-18,8.23,8.27,8.23,8.25,49855204.0,411161017.0,29551769344.0,0.0016870463294314483
3997,2017-09-19,8.25,8.28,8.23,8.25,47004321.0,387997814.0,29551769344.0,0.001590575523679886
3998,2017-09-20,8.25,8.26,8.23,8.25,35743736.0,294808519.0,29551769344.0,0.0012095294729706997
3999,2017-09-21,8.21,8.28,8.19,8.23,70369240.0,578959842.0,29551769344.0,0.0023812191811888013
4000,2017-09-22,8.21,8.23,8.17,8.18,68634028.0,562257068.0,29551769344.0,0.002322501478712137
4001,2017-09-25,8.17,8.19,8.15,8.16,67170803.0,548527870.0,29551769344.0,0.002272987522949719
4002,2017-09-26,8.07,8.08,8.04,8.05,43894389.0,353745663.0,29551769344.0,0.0014853387791791232
4003,2017-09-27,8.04,8.06,8.01,8.01,46024442.0,369625511.0,29551769344.0,0.0015574174752194493
4004,2017-09-28,8.03,8.04,7.98,7.99,48865940.0,390811052.0,29551769344.0,0.0016535707026936926
4005,2017-09-29,8.0,8.05,8.0,8.02,46067814.0,369678363.0,29551769344.0,0.0015588851369183184
4006,2017-10-09,8.18,8.21,8.1,8.12,93539225.0,763581517.0,29551769344.0,0.0031652664823939415
4007,2017-10-10,8.12,8.16,8.11,8.16,59583736.0,485231562.0,29551769344.0,0.002016249359096243
4008,2017-10-11,8.16,8.21,8.15,8.19,63705735.0,521310734.0,29551769344.0,0.0021557333592593974
4009,2017-10-12,8.19,8.2,8.15,8.16,50330670.0,411304265.0,29551769344.0,0.0017031355860328144
4010,2017-10-13,8.16,8.19,8.16,8.17,29984501.0,244945657.0,29551769344.0,0.00101464317249376
4011,2017-10-16,8.17,8.21,8.14,8.16,53476166.0,437244202.0,29551769344.0,0.0018095757779341714
4012,2017-10-17,8.18,8.18,8.13,8.14,28748253.0,234222485.0,29551769344.0,0.0009728098735934693
4013,2017-10-18,8.14,8.16,8.13,8.13,42955168.0,349617009.0,29551769344.0,0.0014535565535848817
4014,2017-10-19,8.13,8.15,8.06,8.07,61607341.0,498519811.0,29551769344.0,0.002084725969631607
4015,2017-10-20,8.08,8.08,8.05,8.07,32898389.0,265337357.0,29551769344.0,0.001113245999487996
4016,2017-10-23,8.07,8.08,8.04,8.05,37450283.0,301773711.0,29551769344.0,0.0012672771827654937
4017,2017-10-24,8.05,8.13,8.05,8.1,61703316.0,499688076.0,29551769344.0,0.002087973660112769
4018,2017-10-25,8.1,8.13,8.09,8.1,32274833.0,261769048.0,29551769344.0,0.0010921455370168174
4019,2017-10-26,8.1,8.14,8.09,8.12,54471978.0,442091600.0,29551769344.0,0.0018432729819292406
4020,2017-10-27,8.12,8.23,8.11,8.18,78128917.0,639990251.0,29551769344.0,0.002643798281264766
4021,2017-10-30,8.19,8.23,8.11,8.17,85409634.0,696839629.0,29551769344.0,0.0028901698915480005
4022,2017-10-31,8.19,8.4,8.15,8.29,138640337.0,1148880143.0,29551769344.0,0.004691439466319083
4023,2017-11-01,8.26,8.28,8.21,8.24,79305296.0,653675812.0,29551769344.0,0.002683605677779887
4024,2017-11-02,8.23,8.25,8.08,8.22,125690811.0,1025441518.0,29551769344.0,0.004253241473865234
4025,2017-11-03,8.18,8.27,8.13,8.25,110219883.0,904049316.0,29551769344.0,0.003729721957320919
4026,2017-11-06,8.23,8.26,8.18,8.26,68348136.0,562105367.0,29551769344.0,0.0023128272017958534
4027,2017-11-07,8.26,8.38,8.21,8.36,109547875.0,910261074.0,29551769344.0,0.00370698193143017
4028,2017-11-08,8.36,8.42,8.33,8.4,129385383.0,1085277915.0,29551769344.0,0.004378261805372055
4029,2017-11-09,8.4,8.45,8.36,8.37,86659737.0,728653495.0,29551769344.0,0.002932472028704259
4030,2017-11-10,8.37,8.41,8.35,8.41,103641779.0,868334403.0,29551769344.0,0.0035071260131178156
4031,2017-11-13,8.48,8.56,8.41,8.45,202602105.0,1720606213.0,29551769344.0,0.0068558367061407445
4032,2017-11-14,8.45,8.45,8.33,8.44,137092069.0,1150138376.0,29551769344.0,0.004639047747164225
4033,2017-11-15,8.41,8.44,8.32,8.36,113214060.0,948200639.0,29551769344.0,0.0038310416774752693
4034,2017-11-16,8.33,8.34,8.27,8.28,64614840.0,535988338.0,29551769344.0,0.00218649649189682
4035,2017-11-17,8.25,8.56,8.25,8.54,238443038.0,2011206863.0,29551769344.0,0.008068655220754554
4036,2017-11-20,8.48,8.63,8.44,8.59,166298028.0,1420479675.0,29551769344.0,0.0056273458981150335
4037,2017-11-21,8.6,8.68,8.56,8.64,154544596.0,1333881587.0,29551769344.0,0.005229622436511665
4038,2017-11-22,8.69,9.28,8.66,9.07,389506526.0,3492335366.0,29551769344.0,0.013180480717276675
4039,2017-11-23,9.13,9.44,9.05,9.07,493276582.0,4553856051.0,29551769344.0,0.016691947485714648
4040,2017-11-24,9.07,9.24,8.97,9.1,258475228.0,2355920698.0,29551769344.0,0.008746522923592024
4041,2017-11-27,9.02,9.21,8.95,9.11,224165429.0,2035185389.0,29551769344.0,0.007585516332053841
4042,2017-11-28,9.07,9.11,8.78,8.84,209857971.0,1861210314.0,29551769344.0,0.00710136738538832
4043,2017-11-29,8.84,8.88,8.71,8.85,141850132.0,1247219850.0,29551769344.0,0.004800055467027403
4044,2017-11-30,8.81,8.96,8.72,8.85,137450088.0,1216349273.0,29551769344.0,0.004651162723964174
4045,2017-12-01,8.79,8.86,8.68,8.83,133017638.0,1167279570.0,29551769344.0,0.004501173396814125
4046,2017-12-04,8.79,8.86,8.76,8.84,86831890.0,765035716.0,29551769344.0,0.0029382975005396686
4047,2017-12-05,8.82,9.1,8.8,9.03,239648915.0,2152088203.0,29551769344.0,0.00810946079777307
4048,2017-12-06,8.95,8.99,8.81,8.87,108223628.0,964007582.0,29551769344.0,0.003662170841285787
4049,2017-12-07,8.83,8.9,8.72,8.87,101262539.0,892833537.0,29551769344.0,0.003426615097771115
4050,2017-12-08,8.84,8.88,8.78,8.82,74920149.0,660720336.0,29551769344.0,0.002535217033128722
4051,2017-12-11,8.79,8.82,8.65,8.75,108122040.0,941872427.0,29551769344.0,0.0036587332129388184
4052,2017-12-12,8.71,8.75,8.54,8.56,98806893.0,855300206.0,29551769344.0,0.003343518685796088
4053,2017-12-13,8.58,8.64,8.53,8.6,57461464.0,493082814.0,29551769344.0,0.001944433963703314
4054,2017-12-14,8.63,8.65,8.48,8.51,80939046.0,690706437.0,29551769344.0,0.002738890015613679
4055,2017-12-15,8.54,8.55,8.43,8.44,62418345.0,528713131.0,29551769344.0,0.002112169470240976
4056,2017-12-18,8.47,8.5,8.42,8.46,42979402.0,363664833.0,29551769344.0,0.001454376606006038
4057,2017-12-19,8.46,8.59,8.44,8.57,66872406.0,571070614.0,29551769344.0,0.0022628900903213546
4058,2017-12-20,8.56,8.6,8.49,8.59,67615352.0,577637606.0,29551769344.0,0.0022880305816182266
4059,2017-12-21,8.56,8.64,8.52,8.58,62701039.0,538466265.0,29551769344.0,0.0021217355302866293
4060,2017-12-22,8.57,8.59,8.46,8.47,61065798.0,520520985.0,29551769344.0,0.002066400738621033
4061,2017-12-25,8.49,8.58,8.47,8.49,52995392.0,451126225.0,29551769344.0,0.0017933069043380254
4062,2017-12-26,8.49,8.55,8.47,8.54,50053850.0,426629612.0,29551769344.0,0.0016937682958114524
4063,2017-12-27,8.51,8.59,8.34,8.46,86536195.0,734594702.0,29551769344.0,0.0029282915006769213
4064,2017-12-28,8.43,8.46,8.39,8.39,56503202.0,475605012.0,29551769344.0,0.0019120074112067352
4065,2017-12-29,8.39,8.44,8.36,8.39,52967187.0,444655389.0,29551769344.0,0.0017923524775599982
4066,2018-01-02,8.43,8.57,8.41,8.52,76508514.0,650512041.0,29551769344.0,0.0025889655915148713
4067,2018-01-03,8.51,8.59,8.47,8.58,87216498.0,745357265.0,29551769344.0,0.002951312220420666
4068,2018-01-04,8.58,8.59,8.53,8.54,69068804.0,591244698.0,29551769344.0,0.0023372138296018233
4069,2018-01-05,8.55,8.63,8.54,8.6,86529332.0,743533006.0,29551769344.0,0.0029280592641593678
4070,2018-01-08,8.59,8.76,8.56,8.72,109769424.0,950969338.0,29551769344.0,0.0037144789106269495
4071,2018-01-09,8.71,8.78,8.66,8.68,67007872.0,583530234.0,29551769344.0,0.00226747411364744
4072,2018-01-10,8.67,8.84,8.63,8.82,133921443.0,1174609792.0,29551769344.0,0.004531757183168139
4073,2018-01-11,8.83,8.93,8.75,8.8,92464102.0,816506795.0,29551769344.0,0.0031288854797038848
4074,2018-01-12,8.8,8.88,8.77,8.8,62988589.0,555663087.0,29551769344.0,0.002131465912134591
4075,2018-01-15,8.76,8.98,8.73,8.87,165452140.0,1470125113.0,29551769344.0,0.005598721960571621
4076,2018-01-16,8.88,8.9,8.8,8.88,100859548.0,891715596.0,29551769344.0,0.0034129783169980607
4077,2018-01-17,8.89,9.12,8.87,8.9,235069345.0,2112288915.0,29551769344.0,0.007954493088506966
4078,2018-01-18,8.95,9.03,8.88,9.01,151595255.0,1356350569.0,29551769344.0,0.0051298199182371095
4079,2018-01-19,9.08,9.22,9.06,9.11,262025130.0,2399137809.0,29551769344.0,0.008866647778340212
4080,2018-01-22,9.01,9.13,8.91,8.94,170737819.0,1539248689.0,29551769344.0,0.005777583636787064
4081,2018-01-23,8.94,9.25,8.92,9.24,209183359.0,1898506197.0,29551769344.0,0.007078539242946252
4082,2018-01-24,9.26,9.39,9.14,9.33,251625620.0,2336467129.0,29551769344.0,0.008514739576873709
4083,2018-01-25,9.34,9.44,9.21,9.29,167379910.0,1559723619.0,29551769344.0,0.005663955618074819
4084,2018-01-26,9.25,9.39,9.24,9.32,174957539.0,1630304663.0,29551769344.0,0.005920374410188141
4085,2018-01-29,9.38,9.47,9.15,9.2,196631513.0,1835164058.0,29551769344.0,0.006653798312753913
4086,2018-01-30,9.22,9.24,8.99,9.01,141297205.0,1286331465.0,29551769344.0,0.004781345013735635
4087,2018-01-31,8.98,9.08,8.93,9.06,123722192.0,1115176651.0,29551769344.0,0.004186625530261854
4088,2018-02-01,9.06,9.25,8.99,9.22,188765637.0,1719348019.0,29551769344.0,0.006387625553064414
4089,2018-02-02,9.16,9.21,9.01,9.17,93327095.0,852138189.0,29551769344.0,0.0031580882319978084
4090,2018-02-05,9.05,9.46,9.03,9.45,202527606.0,1885532645.0,29551769344.0,0.006853315740335524
4091,2018-02-06,9.3,9.4,9.08,9.11,239413227.0,2215406153.0,29551769344.0,0.008101485370066646
4092,2018-02-07,9.23,9.46,8.99,9.0,314867757.0,2905716325.0,29551769344.0,0.01065478527985089
4093,2018-02-08,8.85,8.97,8.66,8.71,187400335.0,1653955174.0,29551769344.0,0.006341425206002041
4094,2018-02-09,8.56,8.69,8.14,8.29,211985787.0,1775073415.0,29551769344.0,0.007173370383761479
4095,2018-02-12,8.34,8.39,8.25,8.32,125006203.0,1038766549.0,29551769344.0,0.004230075077564872
4096,2018-02-13,8.37,8.5,8.35,8.39,93371556.0,787282828.0,29551769344.0,0.00315959274428208
4097,2018-02-14,8.41,8.45,8.37,8.42,47624405.0,400755744.0,29551769344.0,0.0016115584974159712
4098,2018-02-22,8.55,8.58,8.49,8.55,72609867.0,620420533.0,29551769344.0,0.002457039582123777
4099,2018-02-23,8.58,8.87,8.53,8.79,152508445.0,1327040445.0,29551769344.0,0.005160721282868443
4100,2018-02-26,8.84,8.87,8.69,8.77,100011540.0,877355366.0,29551769344.0,0.003384282640941284
4101,2018-02-27,8.83,8.83,8.57,8.59,83389820.0,724540177.0,29551769344.0,0.0028218215643636556
4102,2018-02-28,8.57,8.58,8.46,8.49,76174079.0,648841695.0,29551769344.0,0.00257764867183717
4103,2018-03-01,8.44,8.53,8.43,8.5,78313348.0,665053935.0,29551769344.0,0.0026500392273770992
4104,2018-03-02,8.44,8.48,8.41,8.43,63155620.0,533110871.0,29551769344.0,0.002137118061014601
4105,2018-03-05,8.43,8.51,8.42,8.43,57003136.0,481513033.0,29551769344.0,0.0019289246385368647
4106,2018-03-06,8.46,8.51,8.41,8.5,66656940.0,563932217.0,29551769344.0,0.0022555989532834385
4107,2018-03-07,8.53,8.63,8.46,8.46,77296682.0,661428291.0,29551769344.0,0.0026156363465151982
4108,2018-03-08,8.51,8.52,8.44,8.49,42669451.0,361880356.0,29551769344.0,0.0014438881984798425
4109,2018-03-09,8.51,8.53,8.46,8.51,47344705.0,402112724.0,29551769344.0,0.0016020937511009832
4110,2018-03-12,8.54,8.55,8.48,8.5,63582794.0,540762098.0,29551769344.0,0.0021515731684238204
4111,2018-03-13,8.49,8.58,8.45,8.46,76712329.0,653049303.0,29551769344.0,0.002595862471279581
4112,2018-03-14,8.43,8.45,8.37,8.38,59596090.0,500529077.0,29551769344.0,0.0020166674051311922
4113,2018-03-15,8.35,8.38,8.33,8.36,51700708.0,431669166.0,29551769344.0,0.001749496194226928
4114,2018-03-16,8.36,8.37,8.3,8.31,49844264.0,415712907.0,29551769344.0,0.0016866761316313556
4115,2018-03-19,8.29,8.33,8.25,8.29,42758043.0,354265625.0,29551769344.0,0.0014468860562043238
4116,2018-03-20,8.26,8.33,8.25,8.3,39773866.0,330134980.0,29551769344.0,0.001345904725263952
4117,2018-03-21,8.32,8.37,8.27,8.29,45472685.0,378745580.0,29551769344.0,0.0015387466134657172
4118,2018-03-22,8.32,8.33,8.23,8.25,42778096.0,353814629.0,29551769344.0,0.0014475646280951156
4119,2018-03-23,8.15,8.15,7.94,7.98,123162506.0,991613529.0,29551769344.0,0.004167686359700358
4120,2018-03-26,7.96,8.0,7.85,7.96,85041107.0,674645865.0,29551769344.0,0.0028776993353620025
4121,2018-03-27,8.05,8.08,7.96,8.0,62683830.0,502889107.0,29551769344.0,0.002121153196288293
4122,2018-03-28,7.95,8.07,7.94,7.99,57137833.0,457413216.0,29551769344.0,0.0019334826397323954
4123,2018-03-29,7.99,8.1,7.93,8.08,59670171.0,478233317.0,29551769344.0,0.002019174226267269
4124,2018-03-30,8.02,8.07,7.98,7.99,64072961.0,513950988.0,29551769344.0,0.0021681598910086564
4125,2018-04-02,7.99,8.05,7.95,7.96,54153718.0,433590068.0,29551769344.0,0.0018325034068051502
4126,2018-04-03,7.91,7.96,7.88,7.91,67869539.0,537013765.0,29551769344.0,0.0022966319955315903
4127,2018-04-04,7.92,7.98,7.9,7.92,52733258.0,418883572.0,29551769344.0,0.0017844365725163127
4128,2018-04-09,7.92,7.95,7.86,7.9,45417016.0,358949752.0,29551769344.0,0.0015368628345504185
4129,2018-04-10,7.9,8.06,7.88,8.04,56269291.0,448998552.0,29551769344.0,0.0019040921152636348
4130,2018-04-11,8.05,8.14,8.01,8.08,60785290.0,491041595.0,29551769344.0,0.0020569086504575555
4131,2018-04-12,8.09,8.1,8.03,8.07,43606550.0,351771580.0,29551769344.0,0.001475598617882878
4132,2018-04-13,8.1,8.11,8.01,8.01,33092575.0,266843735.0,29551769344.0,0.0011198170442785654
4133,2018-04-16,8.02,8.03,7.85,7.85,64081598.0,506869519.0,29551769344.0,0.00216845215777277
4134,2018-04-17,7.87,7.95,7.82,7.84,48603729.0,383147872.0,29551769344.0,0.001644697765275032
4135,2018-04-18,7.92,7.95,7.87,7.91,54127671.0,428280970.0,29551769344.0,0.0018316220044194995
4136,2018-04-19,7.96,7.98,7.91,7.93,35773284.0,284023039.0,29551769344.0,0.0012105293454201644
4137,2018-04-20,7.9,7.92,7.78,7.79,49320303.0,386140596.0,29551769344.0,0.001668945856536799
4138,2018-04-23,7.76,7.87,7.76,7.77,49208419.0,383743833.0,29551769344.0,0.0016651598226551183
4139,2018-04-24,7.77,7.88,7.77,7.88,86047449.0,675019860.0,29551769344.0,0.0029117528631993914
4140,2018-04-25,7.83,7.85,7.74,7.75,89916814.0,699813964.0,29551769344.0,0.003042688001294113
4141,2018-04-26,7.78,7.8,7.66,7.68,63041194.0,485933823.0,29551769344.0,0.0021332460085947266
4142,2018-04-27,7.71,7.73,7.63,7.72,52203450.0,401275393.0,29551769344.0,0.0017665084412483427
4143,2018-05-02,7.77,7.79,7.67,7.74,84115526.0,649497813.0,29551769344.0,0.002846378672655628
4144,2018-05-03,7.71,7.81,7.7,7.79,60130127.0,467071009.0,29551769344.0,0.002034738641197754
4145,2018-05-04,7.79,7.85,7.78,7.81,49214144.0,384496677.0,29551769344.0,0.0016653535504801212
4146,2018-05-07,7.82,7.89,7.79,7.84,55886258.0,438557850.0,29551769344.0,0.0018911306916838393
4147,2018-05-08,7.85,7.93,7.82,7.92,55920575.0,441886108.0,29551769344.0,0.0018922919419494505
4148,2018-05-09,7.93,7.94,7.88,7.94,43210094.0,341612441.0,29551769344.0,0.0014621829744611585
4149,2018-05-10,7.95,7.98,7.91,7.94,46710344.0,370473503.0,29551769344.0,0.0015806276590841003
4150,2018-05-11,7.96,7.97,7.9,7.93,38145533.0,303005546.0,29551769344.0,0.001290803692867372
4151,2018-05-14,7.94,8.01,7.93,7.95,53827572.0,429066541.0,29551769344.0,0.001821466977946916
4152,2018-05-15,7.95,7.96,7.88,7.92,45751415.0,361913134.0,29551769344.0,0.0015481785360269493
4153,2018-05-16,7.89,7.91,7.82,7.83,45234176.0,355745499.0,29551769344.0,0.0015306757261620294
4154,2018-05-17,7.83,7.87,7.81,7.83,39186529.0,307461936.0,29551769344.0,0.0013260298746868833
4155,2018-05-18,7.83,7.92,7.82,7.92,56680583.0,446082895.0,29551769344.0,0.0019180097929232132
4156,2018-05-21,7.94,7.98,7.93,7.94,55498235.0,441367352.0,29551769344.0,0.0018780004118862685
4157,2018-05-22,7.95,7.96,7.84,7.88,65749035.0,517757218.0,29551769344.0,0.002224876427351693
4158,2018-05-23,7.87,7.87,7.78,7.79,61488114.0,480757349.0,29551769344.0,0.0020806914565501015
4159,2018-05-24,7.79,7.86,7.77,7.81,42686010.0,333783054.0,29551769344.0,0.0014444485371792701
4160,2018-05-25,7.83,7.85,7.76,7.78,31007140.0,241877747.0,29551769344.0,0.0010492481732331702
4161,2018-05-28,7.78,7.84,7.76,7.81,47236707.0,368246429.0,29551769344.0,0.0015984392152678544
4162,2018-05-29,7.79,7.83,7.74,7.77,41831558.0,325575773.0,29551769344.0,0.0014155348031130058
4163,2018-05-30,7.71,7.77,7.61,7.61,51008842.0,391829860.0,29551769344.0,0.0017260841950350598
4164,2018-05-31,7.65,7.71,7.63,7.66,71104490.0,544877322.0,29551769344.0,0.0024060992481465954
4165,2018-06-01,7.68,7.74,7.64,7.71,39218915.0,301664019.0,29551769344.0,0.0013271257819952751
4166,2018-06-04,7.74,7.78,7.69,7.72,49521218.0,382526816.0,29551769344.0,0.001675744603429455
4167,2018-06-05,7.72,7.73,7.65,7.69,47871098.0,367666062.0,29551769344.0,0.0016199063224523792
4168,2018-06-06,7.68,7.69,7.64,7.65,34602910.0,264978794.0,29551769344.0,0.0011709251516280378
4169,2018-06-07,7.66,7.68,7.63,7.65,54971469.0,420836581.0,29551769344.0,0.001860175218617191
4170,2018-06-08,7.65,7.66,7.48,7.51,73672084.0,556526660.0,29551769344.0,0.0024929838596942726
4171,2018-06-11,7.49,7.51,7.43,7.5,53506180.0,399374938.0,29551769344.0,0.0018105914193210075
4172,2018-06-12,7.49,7.5,7.44,7.47,41752738.0,311660618.0,29551769344.0,0.0014128676193284246
4173,2018-06-13,7.44,7.46,7.4,7.41,37994425.0,282023384.0,29551769344.0,0.0012856903611327807
4174,2018-06-14,7.38,7.46,7.38,7.44,45006646.0,333922075.0,29551769344.0,0.001522976356376369
4175,2018-06-15,7.43,7.5,7.42,7.45,46946552.0,350725996.0,29551769344.0,0.0015886206830296517
4176,2018-06-19,7.38,7.43,7.16,7.25,97658507.0,716442434.0,29551769344.0,0.003304658542207658
4177,2018-06-20,7.23,7.35,7.2,7.3,50614882.0,367872470.0,29551769344.0,0.0017127530135611496
4178,2018-06-21,7.29,7.34,7.23,7.25,42013696.0,306293890.0,29551769344.0,0.0014216981565785736
4179,2018-06-22,7.25,7.26,7.2,7.24,44050130.0,318106783.0,29551769344.0,0.001490608886636551
4180,2018-06-25,7.27,7.28,7.11,7.11,44960640.0,323950601.0,29551769344.0,0.001521419562958538
4181,2018-06-26,7.1,7.11,6.94,7.04,60782294.0,427443827.0,29551769344.0,0.0020568072690490473
4182,2018-06-27,7.01,7.07,6.86,6.89,70834500.0,492091705.0,29551769344.0,0.0023969630777583807
4183,2018-06-28,6.84,6.95,6.84,6.93,64436405.0,444538888.0,29551769344.0,0.002180458443957189
4184,2018-06-29,6.94,7.01,6.91,7.0,58658915.0,407995404.0,29551769344.0,0.001984954413970131
4185,2018-07-02,6.99,6.99,6.77,6.81,59775460.0,411666058.0,29551769344.0,0.002022737092462331
4186,2018-07-03,6.83,6.89,6.76,6.87,65007557.0,443504979.0,29551769344.0,0.002199785611591433
4187,2018-07-04,6.86,6.91,6.79,6.8,49918367.0,341045235.0,29551769344.0,0.001689183697223703
4188,2018-07-05,5.6,5.65,5.56,5.6,51864799.0,290761041.0,29551769344.0,0.0017550488566780282
4189,2018-07-06,5.62,5.72,5.55,5.71,80871338.0,456569145.0,35462123213.0,0.0022804990415901975
4190,2018-07-09,5.71,5.85,5.69,5.85,68492798.0,396735367.0,35462123213.0,0.0019314353398583687
4191,2018-07-10,5.85,5.85,5.77,5.81,47283447.0,274517979.0,35462123213.0,0.0013333507053708065
4192,2018-07-11,5.67,5.74,5.67,5.72,50214561.0,286681781.0,35462123213.0,0.0014160054855822037
4193,2018-07-12,5.73,5.88,5.7,5.82,72346356.0,421175688.0,35462123213.0,0.002040102211744577
4194,2018-07-13,5.83,5.85,5.81,5.81,32603973.0,189918939.0,35462123213.0,0.0009194027329995787
4195,2018-07-16,5.81,5.84,5.73,5.75,42071748.0,242334303.0,35462123213.0,0.0011863854780296119
4196,2018-07-17,5.77,5.78,5.72,5.76,36524463.0,210121277.0,35462123213.0,0.0010299570271249455
4197,2018-07-18,5.8,5.85,5.74,5.75,41232325.0,238806104.0,35462123213.0,0.001162714503932599
4198,2018-07-19,5.8,5.8,5.74,5.76,37148149.0,214130163.0,35462123213.0,0.0010475444117339799
4199,2018-07-20,5.77,5.98,5.72,5.94,94959847.0,559536777.0,35462123213.0,0.0026777823321416025
4200,2018-07-23,5.91,6.03,5.88,6.0,83881574.0,499807018.0,35462123213.0,0.0023653849910839518
4201,2018-07-24,6.0,6.07,5.99,6.01,95931439.0,577815469.0,35462123213.0,0.0027051803532404583
4202,2018-07-25,6.03,6.04,5.97,5.99,48722159.0,292010081.0,35462123213.0,0.0013739210906057375
4203,2018-07-26,6.01,6.03,5.95,5.96,53915100.0,323256618.0,35462123213.0,0.0015203573592072839
4204,2018-07-27,5.96,6.0,5.94,5.97,34955394.0,208857470.0,35462123213.0,0.000985710691659482
4205,2018-07-30,5.96,6.06,5.95,6.05,56243867.0,338247885.0,35462123213.0,0.001586026495429401
4206,2018-07-31,6.05,6.1,5.99,6.08,55412994.0,335370079.0,35462123213.0,0.0015625966236473467
4207,2018-08-01,6.1,6.12,5.94,5.95,63954473.0,386385698.0,35462123213.0,0.0018034586540648823
4208,2018-08-02,5.93,5.98,5.77,5.83,65423947.0,383745609.0,35462123213.0,0.0018448965000498433
4209,2018-08-03,5.84,5.9,5.81,5.82,37056283.0,216899953.0,35462123213.0,0.0010449538731063797
4210,2018-08-06,5.83,5.91,5.81,5.84,49366678.0,289101712.0,35462123213.0,0.0013920959470893372
4211,2018-08-07,5.87,5.98,5.85,5.97,53031464.0,312942500.0,35462123213.0,0.0014954396182504741
4212,2018-08-08,5.99,5.99,5.89,5.91,40615996.0,240887547.0,35462123213.0,0.0011453345801108335
4213,2018-08-09,5.88,6.01,5.88,5.97,52182243.0,311509729.0,35462123213.0,0.0014714923493602493
4214,2018-08-10,5.99,5.99,5.93,5.96,31690239.0,188871924.0,35462123213.0,0.0008936362554959126
4215,2018-08-13,5.93,5.95,5.81,5.89,56612335.0,331876704.0,35462123213.0,0.001596416961837372
4216,2018-08-14,5.88,5.89,5.83,5.86,30241865.0,177118735.0,35462123213.0,0.0008527934105455278
4217,2018-08-15,5.86,5.86,5.78,5.78,37546121.0,218425771.0,35462123213.0,0.0010587668644227153
4218,2018-08-16,5.74,5.86,5.71,5.82,52420250.0,303710121.0,35462123213.0,0.0014782039328311665
4219,2018-08-17,5.84,5.86,5.78,5.8,36972219.0,215013801.0,35462123213.0,0.0010425833438660666
4220,2018-08-20,5.84,5.88,5.81,5.86,58875003.0,344007146.0,35462123213.0,0.0016602221656716006
4221,2018-08-21,5.87,5.93,5.86,5.89,46541090.0,274217846.0,35462123213.0,0.0013124169052274508
4222,2018-08-22,5.89,5.9,5.82,5.86,29921748.0,174968129.0,35462123213.0,0.0008437663988779734
4223,2018-08-23,5.86,5.89,5.81,5.86,39769290.0,232910969.0,35462123213.0,0.0011214582319600379
4224,2018-08-24,5.85,6.06,5.82,5.96,85369153.0,507005344.0,35462123213.0,0.0024073333817955004
4225,2018-08-27,5.96,6.03,5.93,6.03,73949745.0,442605683.0,35462123213.0,0.0020853163403620144
4226,2018-08-28,6.02,6.04,5.97,5.98,48898741.0,293460338.0,35462123213.0,0.0013789005442876104
4227,2018-08-29,5.98,6.0,5.95,5.96,26857468.0,160256609.0,35462123213.0,0.000757356457160872
4228,2018-08-30,5.97,6.0,5.89,5.89,44770235.0,265612901.0,35462123213.0,0.001262480385934358
4229,2018-08-31,5.9,6.0,5.9,5.97,75673041.0,450965086.0,35462123213.0,0.002133911738602813
4230,2018-09-03,5.96,6.01,5.95,5.98,60792221.0,363312625.0,35462123213.0,0.0017142859900084685
4231,2018-09-04,5.99,6.1,5.97,6.08,72199075.0,436513561.0,35462123213.0,0.002035949019925932
4232,2018-09-05,6.06,6.1,6.0,6.0,73332512.0,444250449.0,35462123213.0,0.002067910924552796
4233,2018-09-06,6.0,6.06,5.97,6.0,48858507.0,293746123.0,35462123213.0,0.001377765981651348
4234,2018-09-07,6.0,6.05,5.96,5.99,36795833.0,221006336.0,35462123213.0,0.0010376094172080221
4235,2018-09-10,5.96,6.0,5.94,5.97,37497327.0,223684010.0,35462123213.0,0.001057390917480483
4236,2018-09-11,5.96,6.0,5.87,5.9,65251086.0,387286988.0,35462123213.0,0.0018400219752234045
4237,2018-09-12,5.86,6.02,5.86,5.98,61182362.0,363592472.0,35462123213.0,0.001725287615535983
4238,2018-09-13,6.02,6.04,5.87,6.0,105775909.0,630530647.0,35462123213.0,0.0029827855586837446
4239,2018-09-14,6.0,6.0,5.95,5.98,30686379.0,183479192.0,35462123213.0,0.0008653283058006727
4240,2018-09-17,5.96,6.0,5.92,5.95,37914499.0,225585390.0,35462123213.0,0.0010691547929115813
4241,2018-09-18,5.93,6.04,5.93,6.03,64892121.0,389084771.0,35462123213.0,0.0018298994848738022
4242,2018-09-19,6.03,6.07,6.0,6.03,63023023.0,380569726.0,35462123213.0,0.0017771926012849816
4243,2018-09-20,6.05,6.08,6.03,6.05,50708303.0,306861946.0,35462123213.0,0.0014299285661894866
4244,2018-09-21,6.07,6.25,6.03,6.25,105579981.0,650548712.0,35462123213.0,0.002977260565190739
4245,2018-09-25,6.2,6.22,6.15,6.18,55239945.0,341213798.0,35462123213.0,0.001557716797389889
4246,2018-09-26,6.19,6.32,6.18,6.24,87662948.0,548936475.0,35462123213.0,0.002472016339051684
4247,2018-09-27,6.27,6.29,6.2,6.27,58698023.0,366945787.0,35462123213.0,0.0016552314887474642
4248,2018-09-28,6.28,6.41,6.26,6.34,87478043.0,554953175.0,35462123213.0,0.002466802184250817
4249,2018-10-08,6.2,6.24,6.06,6.11,98397656.0,606318642.0,35462123213.0,0.0027747254559176695
4250,2018-10-09,6.07,6.15,6.07,6.11,49133182.0,299789978.0,35462123213.0,0.001385511569763774
4251,2018-10-10,6.1,6.18,6.09,6.18,44557504.0,273797855.0,35462123213.0,0.001256481562944481
4252,2018-10-11,6.07,6.08,5.87,5.96,96104803.0,576698699.0,35462123213.0,0.002710069062214783
4253,2018-10-12,5.96,6.08,5.93,6.03,72189816.0,433249891.0,35462123213.0,0.002035687924448248
4254,2018-10-15,6.05,6.08,5.98,6.01,48243180.0,290937193.0,35462123213.0,0.0013604143133289497
4255,2018-10-16,6.03,6.14,6.02,6.05,58173816.0,353709282.0,35462123213.0,0.0016404493225231974
4256,2018-10-17,6.12,6.17,6.06,6.15,74831989.0,459022309.0,35462123213.0,0.0021101948281700028
4257,2018-10-18,6.15,6.16,6.05,6.06,57327124.0,349741423.0,35462123213.0,0.001616573369159818
4258,2018-10-19,6.1,6.24,6.04,6.18,99042266.0,610242149.0,35462123213.0,0.0027929028785194754
4259,2018-10-22,6.21,6.4,6.2,6.34,132701908.0,837256716.0,35462123213.0,0.003742074528446538
4260,2018-10-23,6.3,6.34,6.17,6.18,94105941.0,589351205.0,35462123213.0,0.0026537029504624205
4261,2018-10-24,6.2,6.45,6.2,6.28,106581938.0,674684476.0,35462123213.0,0.003005514851996462
4262,2018-10-25,6.17,6.35,6.16,6.34,69051093.0,431784468.0,35462123213.0,0.0019471787570431395
4263,2018-10-26,6.35,6.38,6.26,6.28,61808961.0,389934395.0,35462123213.0,0.0017429571441267104
4264,2018-10-29,6.35,6.4,6.24,6.29,75047616.0,473587602.0,35462123213.0,0.002116275315756853
4265,2018-10-30,6.37,6.42,6.33,6.39,93494498.0,596420604.0,35462123213.0,0.0026364608074489464
4266,2018-10-31,6.44,6.45,6.33,6.39,70816503.0,450553795.0,35462123213.0,0.00199696173223039
4267,2018-11-01,6.41,6.41,6.29,6.29,88464438.0,561106675.0,35462123213.0,0.0024946176366442145
4268,2018-11-02,6.36,6.44,6.31,6.39,120251403.0,766757330.0,35462123213.0,0.003390981478399388
4269,2018-11-05,6.38,6.39,6.32,6.35,48631421.0,308651237.0,35462123213.0,0.0013713623605642509
4270,2018-11-06,6.33,6.34,6.25,6.26,55175630.0,346649095.0,35462123213.0,0.0015559031721984785
4271,2018-11-07,6.29,6.34,6.23,6.24,49245200.0,309160956.0,35462123213.0,0.0013886703766780462
4272,2018-11-08,6.29,6.33,6.25,6.27,40745875.0,255876246.0,35462123213.0,0.0011489970511710094
4273,2018-11-09,6.23,6.26,6.13,6.18,65812583.0,407061806.0,35462123213.0,0.0018558556859301046
4274,2018-11-12,6.18,6.24,6.16,6.2,53636894.0,332533995.0,35462123213.0,0.0015125122000686452
4275,2018-11-13,6.13,6.24,6.13,6.21,78138540.0,482236626.0,35462123213.0,0.002203436594325388
4276,2018-11-14,6.2,6.21,6.13,6.14,67113067.0,413679728.0,35462123213.0,0.0018925281658092354
4277,2018-11-15,6.14,6.18,6.12,6.17,71201843.0,438194771.0,35462123213.0,0.0020078279738732123
4278,2018-11-16,6.17,6.2,6.13,6.16,78959402.0,487055554.0,35462123213.0,0.0022265841649056818
4279,2018-11-19,6.17,6.24,6.16,6.23,70536355.0,437828960.0,35462123213.0,0.001989061810437289
4280,2018-11-20,6.21,6.22,6.14,6.16,66932240.0,412680478.0,35462123213.0,0.0018874290069429182
4281,2018-11-21,6.13,6.17,6.13,6.16,45361900.0,279105811.0,35462123213.0,0.0012791648071249963
4282,2018-11-22,6.17,6.18,6.12,6.14,35464955.0,217770710.0,35462123213.0,0.00100007985384809
4283,2018-11-23,6.14,6.16,6.06,6.06,48960348.0,298911685.0,35462123213.0,0.0013806378063130668
4284,2018-11-26,6.09,6.12,6.05,6.06,37841283.0,230235337.0,35462123213.0,0.0010670901675207036
4285,2018-11-27,6.08,6.1,6.01,6.04,34282991.0,207724767.0,35462123213.0,0.0009667495314390046
4286,2018-11-28,6.03,6.1,6.02,6.06,31633547.0,191883513.0,35462123213.0,0.0008920375920526809
4287,2018-11-29,6.08,6.1,6.04,6.04,41193804.0,250248147.0,35462123213.0,0.001161628246356632
4288,2018-11-30,6.04,6.1,6.04,6.1,38422878.0,233459148.0,35462123213.0,0.0010834906237626128
4289,2018-12-03,6.2,6.2,6.14,6.17,83799742.0,518069367.0,35462123213.0,0.002363077402237438
4290,2018-12-04,6.17,6.19,6.15,6.19,49065132.0,302852400.0,35462123213.0,0.0013835926209295132
4291,2018-12-05,6.13,6.17,6.13,6.13,47831502.0,294218052.0,35462123213.0,0.0013488053637596502
4292,2018-12-06,6.07,6.1,6.04,6.07,51292107.0,311281706.0,35462123213.0,0.0014463913142458687
4293,2018-12-07,6.08,6.1,6.06,6.07,24723143.0,150278862.0,35462123213.0,0.00069717041056743
4294,2018-12-10,6.03,6.05,6.0,6.02,43800603.0,263646220.0,35462123213.0,0.001235137635073785
4295,2018-12-11,6.01,6.03,5.98,6.0,39902930.0,239737154.0,35462123213.0,0.0011252267598396944
4296,2018-12-12,6.03,6.03,5.96,5.99,49522676.0,296420553.0,35462123213.0,0.0013964949504728348
4297,2018-12-13,5.99,6.05,5.96,6.0,78354525.0,470725839.0,35462123213.0,0.002209527177190455
4298,2018-12-14,5.98,5.99,5.88,5.95,139784859.0,828006010.0,35462123213.0,0.003941807380240462
4299,2018-12-17,5.93,5.95,5.9,5.92,70371201.0,416583894.0,35462123213.0,0.001984404616083527
4300,2018-12-18,5.88,5.94,5.83,5.85,61484493.0,361245092.0,35462123213.0,0.0017338074381699881
4301,2018-12-19,5.86,5.87,5.82,5.82,39229966.0,229309960.0,35462123213.0,0.0011062497799234636
4302,2018-12-20,5.82,5.83,5.73,5.76,76927275.0,442686791.0,35462123213.0,0.0021692800100530743
4303,2018-12-21,5.74,5.75,5.67,5.72,72201715.0,411631709.0,35462123213.0,0.0020360234655530073
4304,2018-12-24,5.7,5.72,5.66,5.7,51564510.0,293411767.0,35462123213.0,0.0014540728340004484
4305,2018-12-25,5.66,5.69,5.58,5.68,93176769.0,525108046.0,35462123213.0,0.0026275011352349734
4306,2018-12-26,5.66,5.68,5.63,5.65,51339035.0,290140757.0,35462123213.0,0.0014477146416653278
4307,2018-12-27,5.7,5.71,5.63,5.65,78294189.0,443555600.0,35462123213.0,0.002207825756222579
4308,2018-12-28,5.65,5.75,5.65,5.73,88169553.0,502902581.0,35462123213.0,0.002486302144697249
4309,2019-01-02,5.72,5.73,5.61,5.65,57941500.0,326923639.0,35462123213.0,0.0016338982201370086
4310,2019-01-03,5.63,5.69,5.62,5.67,59966994.0,339066044.0,35462123213.0,0.0016910153303515904
4311,2019-01-04,5.64,5.79,5.63,5.78,84942362.0,486294555.0,35462123213.0,0.002395298259210298
4312,2019-01-07,5.8,5.81,5.74,5.76,68912714.0,397508249.0,35462123213.0,0.0019432765936230633
4313,2019-01-08,5.76,5.78,5.73,5.75,43396849.0,249315680.0,35462123213.0,0.0012237521351821151
4314,2019-01-09,5.78,5.84,5.76,5.76,86681087.0,503711898.0,35462123213.0,0.0024443287413829676
4315,2019-01-10,5.74,5.76,5.71,5.74,57191975.0,328164876.0,35462123213.0,0.001612762288836504
4316,2019-01-11,5.75,5.8,5.74,5.77,49708825.0,286784852.0,35462123213.0,0.0014017441849555508
4317,2019-01-14,5.77,5.78,5.72,5.73,41282944.0,236881827.0,35462123213.0,0.0011641419142344573
4318,2019-01-15,5.75,5.81,5.74,5.79,58914285.0,340057298.0,35462123213.0,0.0016613298827635541
4319,2019-01-16,5.78,5.8,5.76,5.79,35057625.0,202496924.0,35462123213.0,0.000988593513970655
4320,2019-01-17,5.8,5.82,5.75,5.76,45406585.0,262622360.0,35462123213.0,0.0012804248839605428
4321,2019-01-18,5.8,5.86,5.76,5.83,92972160.0,540950513.0,35462123213.0,0.0026217313453447562
4322,2019-01-21,5.85,5.88,5.81,5.82,64697656.0,378036939.0,35462123213.0,0.0018244157466658002
4323,2019-01-22,5.84,5.84,5.78,5.81,47349444.0,275131189.0,35462123213.0,0.001335211761450376
4324,2019-01-23,5.81,5.86,5.79,5.82,41696249.0,243200746.0,35462123213.0,0.0011757967437413517
4325,2019-01-24,5.84,5.86,5.8,5.83,56510257.0,329153778.0,35462123213.0,0.0015935384539886772
4326,2019-01-25,5.85,5.93,5.83,5.9,92016155.0,542058219.0,35462123213.0,0.0025947728636357553
4327,2019-01-28,5.92,5.96,5.85,5.88,60111141.0,355346134.0,35462123213.0,0.0016950801461871848
4328,2019-01-29,5.87,5.95,5.85,5.93,70102139.0,413860845.0,35462123213.0,0.001976817309525939
4329,2019-01-30,5.91,5.94,5.9,5.91,52224086.0,309022018.0,35462123213.0,0.0014726722843502857
4330,2019-01-31,5.93,5.99,5.91,5.95,119468366.0,710234342.0,35462123213.0,0.0033689005388206506
4331,2019-02-01,5.97,5.97,5.9,5.94,81168057.0,481152090.0,35462123213.0,0.0022888662506886995
4332,2019-02-11,5.91,5.95,5.89,5.94,96767348.0,573575361.0,35462123213.0,0.0027287522356959784
4333,2019-02-12,5.95,5.96,5.91,5.94,79603038.0,472752304.0,35462123213.0,0.002244734121582953
4334,2019-02-13,5.94,6.06,5.92,6.04,121941780.0,729615673.0,35462123213.0,0.0034386485904289443
4335,2019-02-14,6.02,6.05,6.0,6.03,71325071.0,429550458.0,35462123213.0,0.0020113028927115414
4336,2019-02-15,6.0,6.03,5.94,5.95,78503740.0,469398175.0,35462123213.0,0.0022137349060707525
4337,2019-02-18,5.98,6.04,5.97,6.04,95943447.0,576795541.0,35462123213.0,0.002705518968047245
4338,2019-02-19,6.03,6.1,6.01,6.03,121313953.0,733171324.0,35462123213.0,0.003420944433341987
4339,2019-02-20,6.05,6.07,6.02,6.03,69634190.0,420564984.0,35462123213.0,0.001963621568334998
4340,2019-02-21,6.03,6.06,5.99,6.0,96808113.0,583249231.0,35462123213.0,0.0027299017720549593
4341,2019-02-22,6.0,6.07,5.97,6.07,99146334.0,596448399.0,35462123213.0,0.002795837502579488
4342,2019-02-25,6.1,6.55,6.1,6.48,359938849.0,2263037510.0,35462123213.0,0.010149952016072479
4343,2019-02-26,6.48,6.63,6.44,6.46,305268374.0,1992927842.0,35462123213.0,0.008608293760822876
4344,2019-02-27,6.49,6.72,6.46,6.56,284826317.0,1875499056.0,35462123213.0,0.008031846127464414
4345,2019-02-28,6.54,6.62,6.49,6.53,137020903.0,895789473.0,35462123213.0,0.003863866305381561
4346,2019-03-01,6.54,6.71,6.43,6.69,213152052.0,1400757858.0,35462123213.0,0.006010696277820753
4347,2019-03-04,6.73,6.92,6.67,6.74,319047335.0,2158849606.0,35462123213.0,0.008996848076006937
4348,2019-03-05,6.72,6.76,6.69,6.75,150112929.0,1009631194.0,35462123213.0,0.004233049671007018
4349,2019-03-06,6.75,6.81,6.68,6.75,186045167.0,1253910802.0,35462123213.0,0.005246306485444673
4350,2019-03-07,6.74,6.74,6.63,6.65,196368562.0,1311880738.0,35462123213.0,0.005537416945413285
4351,2019-03-08,6.56,6.56,6.39,6.4,189641245.0,1228822449.0,35462123213.0,0.0053477126527629835
4352,2019-03-11,6.38,6.46,6.38,6.43,138115481.0,886267064.0,35462123213.0,0.003894732421136264
4353,2019-03-12,6.46,6.55,6.42,6.45,148742447.0,964195152.0,35462123213.0,0.004194403310444558
4354,2019-03-13,6.46,6.53,6.4,6.44,126316942.0,815718937.0,35462123213.0,0.0035620242262790875
4355,2019-03-14,6.44,6.52,6.42,6.44,103253198.0,667924603.0,35462123213.0,0.0029116473759853326
4356,2019-03-15,6.44,6.51,6.43,6.45,100313869.0,648728228.0,35462123213.0,0.002828760940157867
4357,2019-03-18,6.45,6.54,6.43,6.54,171412790.0,1110242155.0,35462123213.0,0.004833686606141001
4358,2019-03-19,6.54,6.56,6.48,6.5,102490336.0,667046132.0,35462123213.0,0.0028901353532725937
4359,2019-03-20,6.48,6.53,6.45,6.48,92081286.0,596918440.0,35462123213.0,0.0025966094992937163
4360,2019-03-21,6.48,6.5,6.44,6.45,107318195.0,694223458.0,35462123213.0,0.003026276637622713
4361,2019-03-22,6.46,6.47,6.4,6.42,109114499.0,702052672.0,35462123213.0,0.003076930795841347
4362,2019-03-25,6.38,6.38,6.28,6.29,152193402.0,964215887.0,35462123213.0,0.004291717139604537
4363,2019-03-26,6.32,6.33,6.22,6.26,94515807.0,592112519.0,35462123213.0,0.0026652608032604096
4364,2019-03-27,6.26,6.31,6.22,6.25,81488919.0,510704491.0,35462123213.0,0.0022979142706866214
4365,2019-03-28,6.22,6.23,6.16,6.2,98559755.0,609607778.0,35462123213.0,0.0027792965020173735
4366,2019-03-29,6.19,6.37,6.18,6.34,131049786.0,826587085.0,35462123213.0,0.0036954861730320388
4367,2019-04-01,6.39,6.5,6.39,6.46,193533479.0,1249759635.0,35462123213.0,0.005457470153085839
4368,2019-04-02,6.48,6.5,6.43,6.45,140127426.0,905682763.0,35462123213.0,0.003951467461729165
4369,2019-04-03,6.42,6.5,6.4,6.5,150864325.0,974711626.0,35462123213.0,0.004254238362825802
4370,2019-04-04,6.5,6.59,6.49,6.56,199301716.0,1305293548.0,35462123213.0,0.005620129251791058
4371,2019-04-08,6.6,6.73,6.54,6.61,252268933.0,1675284468.0,35462123213.0,0.007113757162389001
4372,2019-04-09,6.61,6.63,6.53,6.56,153707294.0,1011607087.0,35462123213.0,0.004334407533265033
4373,2019-04-10,6.55,6.56,6.48,6.53,142995580.0,931227853.0,35462123213.0,0.00403234682653123
4374,2019-04-11,6.52,6.59,6.46,6.49,115520160.0,752979033.0,35462123213.0,0.0032575646784074016
4375,2019-04-12,6.49,6.54,6.45,6.51,77563638.0,503872267.0,35462123213.0,0.0021872248746675742
4376,2019-04-15,6.59,6.64,6.5,6.5,210727252.0,1387959057.0,35462123213.0,0.005942319097316481
4377,2019-04-16,6.46,6.7,6.45,6.69,347550762.0,2296552264.0,35462123213.0,0.009800619097521831
4378,2019-04-17,6.68,6.71,6.63,6.64,197838885.0,1318171983.0,35462123213.0,0.005578878732435135
4379,2019-04-18,6.64,6.66,6.6,6.61,89621268.0,593660448.0,35462123213.0,0.0025272392028446253
4380,2019-04-19,6.61,6.68,6.58,6.63,109920173.0,728127725.0,35462123213.0,0.003099650078473151
4381,2019-04-22,6.63,6.64,6.49,6.5,160893540.0,1054698596.0,35462123213.0,0.00453705321121377
4382,2019-04-23,6.5,6.52,6.47,6.47,100028614.0,649498740.0,35462123213.0,0.002820717005555118
4383,2019-04-24,6.5,6.5,6.36,6.44,109638033.0,706881918.0,35462123213.0,0.0030916939840705303
4384,2019-04-25,6.44,6.45,6.37,6.38,120869576.0,774565840.0,35462123213.0,0.0034084134013637013
4385,2019-04-26,6.36,6.39,6.28,6.28,134377196.0,850392047.0,35462123213.0,0.0037893161442386194
4386,2019-04-29,6.3,6.41,6.29,6.38,145705972.0,926344681.0,35462123213.0,0.004108777444735342
4387,2019-04-30,6.38,6.44,6.34,6.4,119318711.0,762768456.0,35462123213.0,0.003364680402335841
4388,2019-05-06,6.31,6.32,6.16,6.23,217365962.0,1356245739.0,35462123213.0,0.0061295247522098785
4389,2019-05-07,6.25,6.28,6.21,6.24,112335905.0,701579854.0,35462123213.0,0.00316777154952806
4390,2019-05-08,6.19,6.24,6.17,6.19,97292968.0,603018630.0,35462123213.0,0.002743574247250191
4391,2019-05-09,6.18,6.21,6.1,6.12,101375348.0,623382302.0,35462123213.0,0.0028586936938631183
4392,2019-05-10,6.15,6.22,6.1,6.19,108231850.0,668822088.0,35462123213.0,0.003052040887397387
4393,2019-05-13,6.15,6.17,6.12,6.14,63565281.0,390705066.0,35462123213.0,0.0017924837894843734
4394,2019-05-14,6.1,6.17,6.1,6.11,93472862.0,572564214.0,35462123213.0,0.002635850691696146
4395,2019-05-15,6.13,6.18,6.12,6.15,79377457.0,487542377.0,35462123213.0,0.002238372940143109
4396,2019-05-16,6.14,6.16,6.12,6.14,76975174.0,472733087.0,35462123213.0,0.0021706307187997643
4397,2019-05-17,6.15,6.16,6.07,6.08,103899613.0,635652340.0,35462123213.0,0.0029298756979647404
4398,2019-05-20,6.09,6.15,6.09,6.11,73874321.0,451882223.0,35462123213.0,0.002083189451355765
4399,2019-05-21,6.12,6.17,6.11,6.12,82442946.0,505994927.0,35462123213.0,0.0023248169745735186
4400,2019-05-22,6.13,6.15,6.1,6.11,74954618.0,458850111.0,35462123213.0,0.002113652855746734
4401,2019-05-23,6.1,6.12,6.06,6.08,82108929.0,499580793.0,35462123213.0,0.002315397995399774
4402,2019-05-24,6.09,6.12,6.08,6.1,57077651.0,348519438.0,35462123213.0,0.0016095384547949458
4403,2019-05-27,6.1,6.16,6.05,6.14,87887425.0,536311301.0,35462123213.0,0.0024783463886838423
4404,2019-05-28,6.13,6.18,6.11,6.18,131275542.0,807721308.0,35462123213.0,0.003701852289314587
4405,2019-05-29,6.15,6.17,6.12,6.13,70943111.0,435755276.0,35462123213.0,0.002000531964030656
4406,2019-05-30,6.14,6.15,6.1,6.13,57378377.0,351017665.0,35462123213.0,0.0016180186576918146
4407,2019-05-31,6.13,6.15,6.11,6.11,52520113.0,321839947.0,35462123213.0,0.0014810199796707812
4408,2019-06-03,6.12,6.17,6.11,6.17,102823048.0,631792447.0,35462123213.0,0.002899517532619318
4409,2019-06-04,6.16,6.18,6.14,6.18,52193127.0,321442425.0,35462123213.0,0.0014717992683773262
4410,2019-06-05,6.19,6.22,6.18,6.19,64639312.0,400593075.0,35462123213.0,0.0018227704983074444
4411,2019-06-06,6.2,6.22,6.17,6.2,67758221.0,420158149.0,35462123213.0,0.0019107209287220746
4412,2019-06-10,6.22,6.27,6.21,6.23,85360007.0,532782247.0,35462123213.0,0.0024070754728162474
4413,2019-06-11,6.25,6.29,6.23,6.28,94434393.0,592255143.0,35462123213.0,0.0026629650016381833
4414,2019-06-12,6.26,6.28,6.25,6.27,54091537.0,338747232.0,35462123213.0,0.0015253327240194877
4415,2019-06-13,6.27,6.3,6.25,6.28,54186965.0,339999689.0,35462123213.0,0.0015280237078454369
4416,2019-06-14,6.33,6.34,6.27,6.29,72574763.0,456979908.0,35462123213.0,0.0020465430838443126
4417,2019-06-17,6.29,6.33,6.28,6.28,57033244.0,359399703.0,35462123213.0,0.001608286217309523
4418,2019-06-18,6.28,6.32,6.28,6.31,56438778.0,355572686.0,35462123213.0,0.0015915228104365223
4419,2019-06-19,6.37,6.38,6.32,6.34,89138574.0,566269848.0,35462123213.0,0.00251362766590701
4420,2019-06-20,6.34,6.48,6.33,6.4,156113050.0,998833631.0,35462123213.0,0.004402247690086723
4421,2019-06-21,6.41,6.43,6.38,6.39,110774739.0,709009746.0,35462123213.0,0.0031237480715591015
4422,2019-06-24,6.39,6.41,6.38,6.41,54056465.0,345878818.0,35462123213.0,0.001524343725143438
4423,2019-06-25,6.41,6.42,6.33,6.34,83376061.0,530869033.0,35462123213.0,0.0023511299788568584
4424,2019-06-26,6.35,6.38,6.33,6.34,37931759.0,241076078.0,35462123213.0,0.001069641509397685
4425,2019-06-27,6.36,6.41,6.35,6.36,61991365.0,395789990.0,35462123213.0,0.0017481007729755642
4426,2019-06-28,6.37,6.37,6.32,6.35,49588647.0,314502479.0,35462123213.0,0.001398355273375774
4427,2019-07-01,6.41,6.43,6.39,6.42,96311582.0,617829252.0,35462123213.0,0.0027159000441545275
4428,2019-07-02,6.42,6.44,6.4,6.44,84664731.0,543618800.0,35462123213.0,0.002387469314554829
4429,2019-07-03,6.43,6.48,6.41,6.46,93408937.0,602269334.0,35462123213.0,0.0026340480641541897
4430,2019-07-04,6.47,6.49,6.43,6.44,109627239.0,708623925.0,35462123213.0,0.003091389602972558
4431,2019-07-05,6.13,6.13,6.08,6.09,89774279.0,547646264.0,35462123213.0,0.002531553975512944
4432,2019-07-08,6.07,6.09,5.98,6.0,89469700.0,538498352.0,35462123213.0,0.0025229651214792874
4433,2019-07-09,6.01,6.02,5.96,5.98,47690998.0,285590917.0,35462123213.0,0.001344843277249599
4434,2019-07-10,6.0,6.0,5.96,5.98,37246384.0,222779021.0,35462123213.0,0.0010503145504368986
4435,2019-07-11,6.0,6.03,5.98,5.99,39816790.0,238847824.0,35462123213.0,0.0011227976892653633
4436,2019-07-12,5.99,6.06,5.99,6.03,51573008.0,311034392.0,35462123213.0,0.0014543124699621464
4437,2019-07-15,6.01,6.04,5.93,6.01,69226150.0,414203607.0,35462123213.0,0.0019521152070957359
4438,2019-07-16,6.01,6.02,5.99,6.0,28332962.0,170036166.0,35462123213.0,0.0007989640617348447
4439,2019-07-17,5.98,6.0,5.96,5.96,35791467.0,213993482.0,35462123213.0,0.0010092871987675929
4440,2019-07-18,5.96,5.98,5.94,5.96,35962792.0,214314730.0,35462123213.0,0.0010141184097746427
4441,2019-07-19,5.97,6.02,5.96,6.0,45011033.0,269957396.0,35462123213.0,0.001269270673096626
4442,2019-07-22,6.01,6.02,5.96,5.97,48453803.0,290242975.0,35462123213.0,0.0013663536926135716
4443,2019-07-23,5.97,5.99,5.96,5.98,35023620.0,209360994.0,35462123213.0,0.0009876346035355477
4444,2019-07-24,5.99,6.03,5.98,6.0,54336315.0,326066864.0,35462123213.0,0.0015322352436043915
4445,2019-07-25,6.0,6.05,5.99,6.05,55222360.0,332686859.0,35462123213.0,0.001557220916195907
4446,2019-07-26,6.03,6.05,6.02,6.04,47600802.0,287431301.0,35462123213.0,0.0013422998311209437
4447,2019-07-29,6.04,6.05,6.02,6.04,47343261.0,285660271.0,35462123213.0,0.0013350374064078744
4448,2019-07-30,6.04,6.1,6.03,6.07,55980242.0,340080157.0,35462123213.0,0.0015785925073848455
4449,2019-07-31,6.07,6.08,6.03,6.07,53904427.0,326448065.0,35462123213.0,0.0015200563902005525
4450,2019-08-01,6.04,6.06,6.01,6.02,51711683.0,311761690.0,35462123213.0,0.0014582229803161673
4451,2019-08-02,5.96,5.98,5.95,5.96,76469208.0,455804598.0,35462123213.0,0.0021563629323798437
4452,2019-08-05,5.94,5.95,5.84,5.85,93855742.0,552591724.0,35462123213.0,0.002646647563550103
4453,2019-08-06,5.78,5.82,5.76,5.77,94560957.0,546619446.0,35462123213.0,0.002666533992677998
4454,2019-08-07,5.79,5.8,5.74,5.74,66395075.0,382443755.0,35462123213.0,0.0018722814367657587
4455,2019-08-08,5.76,5.8,5.75,5.77,54985138.0,317427895.0,35462123213.0,0.001550531469019404
4456,2019-08-09,5.78,5.8,5.75,5.78,46215099.0,267070060.0,35462123213.0,0.0013032242520396547
4457,2019-08-12,5.78,5.85,5.76,5.83,50564067.0,293928287.0,35462123213.0,0.0014258612406338885
4458,2019-08-13,5.81,5.82,5.78,5.8,38381449.0,222346290.0,35462123213.0,0.0010823223632004586
4459,2019-08-14,5.84,5.85,5.79,5.79,36112764.0,210213230.0,35462123213.0,0.0010183474853745216
4460,2019-08-15,5.73,5.8,5.72,5.79,38280446.0,220507649.0,35462123213.0,0.001079474169385516
4461,2019-08-16,5.78,5.81,5.76,5.77,41553980.0,240087800.0,35462123213.0,0.0011717848858177448
4462,2019-08-19,5.77,5.83,5.73,5.83,71472410.0,413378508.0,35462123213.0,0.0020154577200780536
4463,2019-08-20,5.81,5.86,5.81,5.82,60611138.0,353852705.0,35462123213.0,0.0017091796121722533
4464,2019-08-21,5.82,5.84,5.8,5.82,41314922.0,240404895.0,35462123213.0,0.0011650436650915033
4465,2019-08-22,5.83,5.84,5.8,5.81,34454012.0,200319227.0,35462123213.0,0.0009715721699193003
4466,2019-08-23,5.81,5.84,5.78,5.83,52224238.0,303491063.0,35462123213.0,0.0014726765706136627
4467,2019-08-26,5.76,5.79,5.74,5.78,70726279.0,407878023.0,35462123213.0,0.001994417496526902
4468,2019-08-27,5.8,5.87,5.79,5.82,102880073.0,600261472.0,35462123213.0,0.0029011255863632375
4469,2019-08-28,5.84,5.86,5.82,5.83,41182064.0,240586323.0,35462123213.0,0.0011612971889089579
4470,2019-08-29,5.82,5.85,5.8,5.83,43418162.0,252653804.0,35462123213.0,0.0012243531426252394
4471,2019-08-30,5.85,5.88,5.79,5.81,51912740.0,302707125.0,35462123213.0,0.0014638926069990472
4472,2019-09-02,5.84,5.91,5.82,5.88,76198492.0,448143883.0,35462123213.0,0.0021487289845089287
4473,2019-09-03,5.9,5.92,5.87,5.9,46100345.0,271795732.0,35462123213.0,0.0012999882923845957
4474,2019-09-04,5.93,6.01,5.92,6.01,73741914.0,441050636.0,35462123213.0,0.0020794556929678446
4475,2019-09-05,6.03,6.11,6.02,6.06,103936314.0,631742294.0,35462123213.0,0.0029309106331765877
4476,2019-09-06,6.09,6.1,6.06,6.08,78311975.0,476172526.0,35462123213.0,0.0022083273054358953
4477,2019-09-09,6.12,6.14,6.07,6.09,70567569.0,430074625.0,35462123213.0,0.0019899420171810454
4478,2019-09-10,6.09,6.1,6.07,6.1,50667648.0,308282116.0,35462123213.0,0.001428782131731634
4479,2019-09-11,6.12,6.15,6.1,6.15,69218514.0,424295111.0,35462123213.0,0.001951899878759242
4480,2019-09-12,6.18,6.18,6.13,6.17,47452087.0,292157569.0,35462123213.0,0.0013381062017912288
4481,2019-09-16,6.18,6.18,6.09,6.13,47973711.0,293808770.0,35462123213.0,0.0013528155297371873
4482,2019-09-17,6.12,6.13,6.04,6.06,64707741.0,393787888.0,35462123213.0,0.0018247001346010465
4483,2019-09-18,6.09,6.09,6.05,6.05,46815350.0,284132597.0,35462123213.0,0.0013201507907128934
4484,2019-09-19,6.07,6.08,6.04,6.08,37284633.0,225992825.0,35462123213.0,0.0010513931378573489
4485,2019-09-20,6.08,6.11,6.06,6.09,68286105.0,415249881.0,35462123213.0,0.0019256067830413243
4486,2019-09-23,6.07,6.08,6.02,6.05,41673686.0,251554694.0,35462123213.0,0.0011751604874217715
4487,2019-09-24,6.05,6.08,6.02,6.04,41678348.0,252243049.0,35462123213.0,0.0011752919516314017
4488,2019-09-25,6.04,6.07,6.01,6.03,52258675.0,315645718.0,35462123213.0,0.0014736476630604729
4489,2019-09-26,6.04,6.11,6.03,6.06,80942192.0,491344646.0,35462123213.0,0.0022824970607041245
4490,2019-09-27,6.06,6.08,6.01,6.04,58142649.0,351450550.0,35462123213.0,0.0016395704411371957
4491,2019-09-30,6.03,6.08,6.02,6.02,75487209.0,456546248.0,35462123213.0,0.0021286714432351664
4492,2019-10-08,6.0,6.13,6.0,6.08,82333599.0,501220216.0,35462123213.0,0.002321733487458457
4493,2019-10-09,6.05,6.16,6.05,6.14,104760521.0,641806545.0,35462123213.0,0.0029541525297502778
4494,2019-10-10,6.13,6.16,6.09,6.11,72244247.0,442539826.0,35462123213.0,0.002037222829723746
4495,2019-10-11,6.13,6.18,6.1,6.17,108424462.0,666154697.0,35462123213.0,0.003057472372670931
4496,2019-10-14,6.19,6.37,6.18,6.27,163231019.0,1023223653.0,35462123213.0,0.004602968018005233
4497,2019-10-15,6.27,6.3,6.22,6.26,79433613.0,497218298.0,35462123213.0,0.002239956488868116
4498,2019-10-16,6.28,6.34,6.2,6.23,87523025.0,548084974.0,35462123213.0,0.0024680706362194093
4499,2019-10-17,6.21,6.26,6.2,6.22,41361381.0,257516575.0,35462123213.0,0.0011663537671325163
4500,2019-10-18,6.24,6.28,6.09,6.09,79339653.0,488926357.0,35462123213.0,0.0022373069013226768
4501,2019-10-21,6.09,6.17,6.08,6.15,48354366.0,296352545.0,35462123213.0,0.001363549658591053
4502,2019-10-22,6.18,6.19,6.14,6.16,44896815.0,276612366.0,35462123213.0,0.0012660498281597914
4503,2019-10-23,6.18,6.2,6.14,6.14,45682641.0,281620398.0,35462123213.0,0.0012882094150316774
4504,2019-10-24,6.17,6.24,6.15,6.19,66808972.0,413784163.0,35462123213.0,0.0018839529601405425
4505,2019-10-25,6.19,6.2,6.14,6.19,45964144.0,283839177.0,35462123213.0,0.0012961475466068564
4506,2019-10-28,6.19,6.25,6.16,6.18,58015209.0,358825817.0,35462123213.0,0.0016359767476847608
4507,2019-10-29,6.19,6.19,6.15,6.16,37407092.0,230602399.0,35462123213.0,0.0010548463715868823
4508,2019-10-30,6.16,6.19,6.11,6.16,47336662.0,291250756.0,35462123213.0,0.0013348513205392882
4509,2019-10-31,6.17,6.18,6.11,6.15,46018524.0,282446792.0,35462123213.0,0.0012976810137281952
4510,2019-11-01,6.13,6.21,6.1,6.18,70897342.0,437035075.0,35462123213.0,0.001999241319369447
4511,2019-11-04,6.19,6.23,6.17,6.19,70399054.0,435931083.0,35462123213.0,0.0019851900456482685
4512,2019-11-05,6.2,6.32,6.19,6.26,121130255.0,758252342.0,35462123213.0,0.0034157643148562257
4513,2019-11-06,6.26,6.31,6.24,6.26,69391626.0,435587833.0,35462123213.0,0.001956781481560073
4514,2019-11-07,6.27,6.3,6.24,6.26,42628166.0,267131962.0,35462123213.0,0.0012020759655014964
4515,2019-11-08,6.27,6.29,6.19,6.2,58550018.0,364782007.0,35462123213.0,0.0016510578807795763
4516,2019-11-11,6.19,6.19,6.12,6.13,60702797.0,373915039.0,35462123213.0,0.0017117643135859126
4517,2019-11-12,6.15,6.17,6.12,6.15,44275709.0,272189810.0,35462123213.0,0.001248535197231762
4518,2019-11-13,6.13,6.15,6.1,6.12,45624006.0,279275744.0,35462123213.0,0.0012865559607348827
4519,2019-11-14,6.14,6.14,6.08,6.1,46885578.0,286390078.0,35462123213.0,0.001322131157189491
4520,2019-11-15,6.12,6.13,6.09,6.1,32631381.0,199362766.0,35462123213.0,0.000920175613964302
4521,2019-11-18,6.11,6.14,6.08,6.14,43012165.0,263003250.0,35462123213.0,0.0012129043921496568
4522,2019-11-19,6.12,6.15,6.11,6.13,34924761.0,214161738.0,35462123213.0,0.0009848468685935024
4523,2019-11-20,6.13,6.14,6.08,6.08,40847734.0,249340066.0,35462123213.0,0.001151869383416549
4524,2019-11-21,6.07,6.1,6.06,6.08,43436447.0,264168036.0,35462123213.0,0.0012248687631900366
4525,2019-11-22,6.1,6.12,6.07,6.08,47408428.0,289193327.0,35462123213.0,0.0013368750572334772
4526,2019-11-25,6.1,6.18,6.08,6.18,65160364.0,401039860.0,35462123213.0,0.0018374636963675365
4527,2019-11-26,6.19,6.2,6.14,6.19,96644899.0,596975317.0,35462123213.0,0.0027252992839574565
4528,2019-11-27,6.18,6.19,6.15,6.15,35761157.0,220564708.0,35462123213.0,0.0010084324840112895
4529,2019-11-28,6.14,6.17,6.13,6.16,36188592.0,222568777.0,35462123213.0,0.0010204857668176417
4530,2019-11-29,6.14,6.19,6.13,6.17,58898194.0,363292672.0,35462123213.0,0.0016608761310267122
4531,2019-12-02,6.16,6.19,6.15,6.17,38128422.0,235296879.0,35462123213.0,0.0010751872292300469
4532,2019-12-03,6.16,6.18,6.14,6.18,32445482.0,199991601.0,35462123213.0,0.0009149334292568773
4533,2019-12-04,6.18,6.18,6.13,6.16,35763043.0,220191738.0,35462123213.0,0.0010084856675160862
4534,2019-12-05,6.18,6.2,6.15,6.18,40730218.0,251624476.0,35462123213.0,0.001148555537844073
4535,2019-12-06,6.19,6.2,6.17,6.19,33197070.0,205438223.0,35462123213.0,0.0009361275353030848
4536,2019-12-09,6.19,6.21,6.17,6.21,36673314.0,227127233.0,35462123213.0,0.0010341544915324187
4537,2019-12-10,6.2,6.21,6.19,6.19,25318081.0,156903935.0,35462123213.0,0.0007139471274161804
4538,2019-12-11,6.21,6.21,6.17,6.2,38039659.0,235377018.0,35462123213.0,0.0010726841924133608
4539,2019-12-12,6.21,6.21,6.18,6.19,31184025.0,193034420.0,35462123213.0,0.0008793614756989028
4540,2019-12-13,6.21,6.28,6.21,6.27,109545561.0,683309671.0,35462123213.0,0.0030890863567876238
4541,2019-12-16,6.27,6.27,6.23,6.25,69397562.0,433519657.0,35462123213.0,0.001956948871424587
4542,2019-12-17,6.26,6.37,6.24,6.32,124492052.0,785151763.0,35462123213.0,0.003510563968554558
4543,2019-12-18,6.31,6.35,6.28,6.29,99743830.0,629223196.0,35462123213.0,0.0028126863527290174
4544,2019-12-19,6.28,6.33,6.28,6.3,69491588.0,438051708.0,35462123213.0,0.0019596003201107033
4545,2019-12-20,6.3,6.32,6.27,6.3,60262340.0,379339441.0,35462123213.0,0.001699343822084193
4546,2019-12-23,6.3,6.31,6.23,6.25,57057320.0,358159765.0,35462123213.0,0.0016089651388691655
4547,2019-12-24,6.26,6.27,6.23,6.26,31375173.0,196164949.0,35462123213.0,0.0008847516774883414
4548,2019-12-25,6.25,6.26,6.22,6.23,32870915.0,204852570.0,35462123213.0,0.0009269302574626977
4549,2019-12-26,6.23,6.26,6.21,6.25,41182404.0,257060353.0,35462123213.0,0.0011613067766033539
4550,2019-12-27,6.24,6.31,6.24,6.27,70011537.0,439891117.0,35462123213.0,0.0019742624145622106
4551,2019-12-30,6.26,6.33,6.24,6.31,62118996.0,390731526.0,35462123213.0,0.0017516998524563217
4552,2019-12-31,6.3,6.33,6.27,6.31,52114792.0,328522966.0,35462123213.0,0.001469590291787586
4553,2020-01-02,6.36,6.4,6.35,6.36,104366480.0,665289511.0,35462123213.0,0.002943040927728221
4554,2020-01-03,6.37,6.38,6.34,6.34,59912439.0,380992682.0,35462123213.0,0.001689476928387548
4555,2020-01-06,6.32,6.37,6.28,6.3,80216813.0,507810730.0,35462123213.0,0.0022620420249003436
4556,2020-01-07,6.32,6.36,6.3,6.33,57401868.0,363619300.0,35462123213.0,0.0016186810827772756
4557,2020-01-08,6.32,6.33,6.26,6.29,69352324.0,436696237.0,35462123213.0,0.0019556732004860963
4558,2020-01-09,6.32,6.34,6.3,6.31,59926455.0,378815272.0,35462123213.0,0.0016898721669894728
4559,2020-01-10,6.32,6.34,6.3,6.33,42751276.0,270126476.0,35462123213.0,0.001205547556845888
4560,2020-01-13,6.34,6.35,6.32,6.35,50239602.0,318437039.0,35462123213.0,0.00141671161927447
4561,2020-01-14,6.36,6.41,6.35,6.38,58946981.0,375955376.0,35462123213.0,0.0016622518805752366
4562,2020-01-15,6.38,6.39,6.32,6.32,45376577.0,287653634.0,35462123213.0,0.0012795786853327914
4563,2020-01-16,6.33,6.34,6.29,6.3,39147431.0,246823284.0,35462123213.0,0.0011039223671088314
4564,2020-01-17,6.31,6.34,6.27,6.29,44472368.0,280207440.0,35462123213.0,0.0012540808042677193
4565,2020-01-20,6.29,6.32,6.29,6.32,45150784.0,284871560.0,35462123213.0,0.0012732115256835002
4566,2020-01-21,6.3,6.31,6.25,6.25,62017423.0,388512368.0,35462123213.0,0.0017488355851537152
4567,2020-01-22,6.26,6.33,6.21,6.26,61125004.0,382340153.0,35462123213.0,0.0017236701714913756
4568,2020-01-23,6.23,6.25,6.08,6.08,117284146.0,719120752.0,35462123213.0,0.0033073074980745935
4569,2020-02-03,5.57,5.81,5.57,5.69,225712139.0,1281136640.0,35462123213.0,0.006364879441771737
4570,2020-02-04,5.7,5.86,5.65,5.83,146504544.0,847678444.0,35462123213.0,0.004131296457350674
4571,2020-02-05,5.85,5.9,5.78,5.84,86698980.0,507674809.0,35462123213.0,0.002444833307900108
4572,2020-02-06,5.89,5.92,5.83,5.91,87386817.0,513474712.0,35462123213.0,0.002464229693047962
4573,2020-02-07,5.87,5.89,5.82,5.89,69093386.0,404604638.0,35462123213.0,0.0019483713816287
4574,2020-02-10,5.85,5.88,5.84,5.86,55323481.0,324467288.0,35462123213.0,0.001560072437504787
4575,2020-02-11,5.88,5.93,5.87,5.9,55660300.0,328579887.0,35462123213.0,0.001569570430559995
4576,2020-02-12,5.89,5.91,5.86,5.9,49723580.0,292778386.0,35462123213.0,0.0014021602626932365
4577,2020-02-13,5.9,5.91,5.85,5.86,51979715.0,305197446.0,35462123213.0,0.001465781241799556
4578,2020-02-14,5.84,5.89,5.84,5.89,42512232.0,249661074.0,35462123213.0,0.001198806730907063
4579,2020-02-17,5.88,5.97,5.87,5.96,80435258.0,476445638.0,35462123213.0,0.0022682019775542763
4580,2020-02-18,5.94,5.95,5.89,5.9,70888994.0,419484456.0,35462123213.0,0.0019990059132729233
4581,2020-02-19,5.9,5.94,5.88,5.89,66720176.0,394348520.0,35462123213.0,0.001881448992753518
4582,2020-02-20,5.91,5.95,5.86,5.94,93673578.0,553245920.0,35462123213.0,0.0026415107024855286
4583,2020-02-21,5.92,5.95,5.89,5.91,95581084.0,565365701.0,35462123213.0,0.0026953006571518844
4584,2020-02-24,5.91,5.93,5.85,5.86,106772123.0,627643034.0,35462123213.0,0.003010877898051479
4585,2020-02-25,5.81,5.83,5.78,5.81,98034804.0,569073508.0,35462123213.0,0.00276449335566184
4586,2020-02-26,5.78,5.86,5.76,5.84,98149877.0,571603740.0,35462123213.0,0.0027677383108301707
4587,2020-02-27,5.84,5.87,5.82,5.85,71652303.0,418754012.0,35462123213.0,0.0020205305409838827
4588,2020-02-28,5.81,5.83,5.72,5.72,116398165.0,671577287.0,35462123213.0,0.0032823236302255525
4589,2020-03-02,5.74,5.82,5.73,5.81,85119946.0,492952051.0,35462123213.0,0.0024003059683915377
4590,2020-03-03,5.83,5.87,5.82,5.84,84608878.0,494403003.0,35462123213.0,0.0023858943101574747
4591,2020-03-04,5.82,5.87,5.82,5.86,56967135.0,332991161.0,35462123213.0,0.001606422002930623
4592,2020-03-05,5.88,5.96,5.86,5.95,139365898.0,825555234.0,35462123213.0,0.00392999305661738
4593,2020-03-06,5.9,5.94,5.87,5.9,72813948.0,429378062.0,35462123213.0,0.0020532878858564017
4594,2020-03-09,5.84,5.85,5.76,5.79,132702499.0,767788289.0,35462123213.0,0.003742091194115326
4595,2020-03-10,5.76,5.86,5.75,5.84,102663912.0,598253030.0,35462123213.0,0.002895030040456365
4596,2020-03-11,5.85,5.86,5.8,5.81,60740648.0,353945377.0,35462123213.0,0.0017128316777640993
4597,2020-03-12,5.79,5.8,5.76,5.8,75700724.0,437570229.0,35462123213.0,0.0021346923743203565
4598,2020-03-13,5.69,5.8,5.64,5.78,122444312.0,699202201.0,35462123213.0,0.0034528195411354656
4599,2020-03-16,5.79,5.8,5.68,5.68,103318861.0,593715247.0,35462123213.0,0.002913499013565113
4600,2020-03-17,5.7,5.77,5.64,5.7,95571293.0,545275008.0,35462123213.0,0.0026950245597523806
4601,2020-03-18,5.71,5.72,5.59,5.6,81174498.0,459365837.0,35462123213.0,0.0022890478810993014
4602,2020-03-19,5.6,5.61,5.46,5.48,124212436.0,686301577.0,35462123213.0,0.0035026790486832773
4603,2020-03-20,5.52,5.61,5.49,5.6,89827625.0,497933698.0,35462123213.0,0.0025330582847636783
4604,2020-03-23,5.5,5.55,5.48,5.54,67280463.0,370711002.0,35462123213.0,0.0018972485825478089
4605,2020-03-24,5.58,5.65,5.58,5.63,77317850.0,434577234.0,35462123213.0,0.0021802938739904944
4606,2020-03-25,5.7,5.72,5.64,5.66,75668107.0,429179170.0,35462123213.0,0.002133772604237666
4607,2020-03-26,5.64,5.71,5.61,5.67,81823753.0,463724158.0,35462123213.0,0.0023073562885260173
4608,2020-03-27,5.7,5.72,5.66,5.71,82077570.0,467737662.0,35462123213.0,0.002314513699786349
4609,2020-03-30,5.67,5.75,5.65,5.7,110254659.0,629201134.0,35462123213.0,0.0031090822830253414
4610,2020-03-31,5.76,5.78,5.7,5.71,117089556.0,672272499.0,35462123213.0,0.003301820234978946
4611,2020-04-01,5.7,5.75,5.68,5.69,80746437.0,461778737.0,35462123213.0,0.0022769769456556198
4612,2020-04-02,5.68,5.72,5.66,5.72,69844932.0,397266789.0,35462123213.0,0.0019695643033126584
4613,2020-04-03,5.7,5.72,5.68,5.71,54920472.0,313280449.0,35462123213.0,0.0015487079459434849
4614,2020-04-07,5.78,5.8,5.75,5.78,111104498.0,641377948.0,35462123213.0,0.003133046978960086
4615,2020-04-08,5.77,5.8,5.75,5.78,67593030.0,390659812.0,35462123213.0,0.0019060626910015694
4616,2020-04-09,5.8,5.82,5.78,5.78,62324480.0,361394194.0,35462123213.0,0.001757494316560058
4617,2020-04-10,5.8,5.8,5.73,5.77,61137087.0,352437257.0,35462123213.0,0.001724010901230749
4618,2020-04-13,5.76,5.76,5.7,5.7,35234155.0,201822014.0,35462123213.0,0.000993571501299267
4619,2020-04-14,5.74,5.78,5.71,5.78,76259768.0,439362738.0,35462123213.0,0.0021504569126318995
4620,2020-04-15,5.77,5.79,5.76,5.76,55253835.0,319084927.0,35462123213.0,0.0015581084829050674
4621,2020-04-16,5.75,5.79,5.74,5.78,53225474.0,307327144.0,35462123213.0,0.0015009105258674462
4622,2020-04-17,5.81,5.82,5.77,5.79,75143958.0,435241859.0,35462123213.0,0.0021189920735612666
4623,2020-04-20,5.79,5.8,5.72,5.73,81635590.0,468354506.0,35462123213.0,0.0023020502610535554
4624,2020-04-21,5.73,5.74,5.68,5.7,69903371.0,398595166.0,35462123213.0,0.0019712122305856248
4625,2020-04-22,5.7,5.7,5.67,5.7,69386296.0,394605500.0,35462123213.0,0.0019566311803508652
4626,2020-04-23,5.71,5.71,5.66,5.69,63564144.0,361094887.0,35462123213.0,0.001792451727106349
4627,2020-04-24,5.69,5.72,5.65,5.7,61439742.0,349760283.0,35462123213.0,0.0017325455001937647
4628,2020-04-27,5.72,5.78,5.71,5.76,70661725.0,406980306.0,35462123213.0,0.0019925971317503134
4629,2020-04-28,5.77,5.78,5.71,5.75,59990973.0,345034811.0,35462123213.0,0.0016916915165984198
4630,2020-04-29,5.77,5.87,5.76,5.87,87767294.0,511727597.0,35462123213.0,0.0024749588024618203
4631,2020-04-30,5.87,5.91,5.84,5.89,83403170.0,490600010.0,35462123213.0,0.0023518944282903335
4632,2020-05-06,5.8,5.87,5.78,5.84,99955810.0,581141848.0,35462123213.0,0.0028186639981939198
4633,2020-05-07,5.84,5.84,5.8,5.8,54734473.0,318514005.0,35462123213.0,0.0015434629413259436
4634,2020-05-08,5.82,5.85,5.81,5.84,57168551.0,333269092.0,35462123213.0,0.0016121017530908212
4635,2020-05-11,5.83,5.87,5.82,5.82,48828522.0,285033862.0,35462123213.0,0.0013769204316029231
4636,2020-05-12,5.82,5.84,5.78,5.79,52036002.0,302260221.0,35462123213.0,0.001467368484606816
4637,2020-05-13,5.78,5.8,5.76,5.79,45745989.0,264601811.0,35462123213.0,0.0012899957716922617
4638,2020-05-14,5.78,5.78,5.76,5.77,44647561.0,257553842.0,35462123213.0,0.0012590210893980744
4639,2020-05-15,5.78,5.8,5.75,5.76,42768426.0,247068949.0,35462123213.0,0.0012060311714308632
4640,2020-05-18,5.77,5.81,5.76,5.78,39032923.0,225904177.0,35462123213.0,0.001100693344432659
4641,2020-05-19,5.82,5.82,5.78,5.8,36746905.0,212946399.0,35462123213.0,0.0010362296915862334
4642,2020-05-20,5.79,5.82,5.78,5.8,42034014.0,243665566.0,35462123213.0,0.0011853214131462614
4643,2020-05-21,5.82,5.82,5.76,5.76,32299850.0,186940241.0,35462123213.0,0.0009108267377560533
4644,2020-05-22,5.76,5.77,5.67,5.68,70677239.0,404349911.0,35462123213.0,0.001993034612605783
4645,2020-05-25,5.72,5.72,5.67,5.7,35001767.0,199222139.0,35462123213.0,0.0009870183685777947
4646,2020-05-26,5.71,5.72,5.69,5.7,39782427.0,226850332.0,35462123213.0,0.0011218286835520393
4647,2020-05-27,5.7,5.74,5.69,5.71,44501819.0,254513896.0,35462123213.0,0.0012549112959961222
4648,2020-05-28,5.72,5.79,5.71,5.76,50934726.0,293111999.0,35462123213.0,0.0014363134912725114
4649,2020-05-29,5.74,5.76,5.69,5.69,48592957.0,278231792.0,35462123213.0,0.0013702777103370503
4650,2020-06-01,5.72,5.77,5.72,5.76,55424798.0,318940679.0,35462123213.0,0.0015629294858374955
4651,2020-06-02,5.75,5.8,5.74,5.78,59065054.0,340941568.0,35462123213.0,0.0016655814330470613
4652,2020-06-03,5.8,5.84,5.77,5.77,66874279.0,387900531.0,35462123213.0,0.0018857945588403085
4653,2020-06-04,5.81,5.81,5.73,5.74,53806289.0,309604530.0,35462123213.0,0.0015172889868104468
4654,2020-06-05,5.75,5.76,5.73,5.76,37523911.0,215585587.0,35462123213.0,0.0010581405623858464
4655,2020-06-08,5.76,5.78,5.75,5.75,56311345.0,324472929.0,35462123213.0,0.0015879293143777956
4656,2020-06-09,5.75,5.8,5.74,5.78,69917407.0,403376700.0,35462123213.0,0.001971608033169573
4657,2020-06-10,5.78,5.79,5.74,5.74,60899362.0,350358151.0,35462123213.0,0.0017173072699063604
4658,2020-06-11,5.74,5.75,5.68,5.69,93217468.0,532232101.0,35462123213.0,0.0026286488104532773
4659,2020-06-12,5.66,5.69,5.65,5.68,115936990.0,657097693.0,35462123213.0,0.003269318909745902
4660,2020-06-15,5.66,5.66,5.61,5.62,109584181.0,617242488.0,35462123213.0,0.0030901754060746064
4661,2020-06-16,5.65,5.66,5.63,5.65,54719855.0,308838339.0,35462123213.0,0.0015430507268651174
4662,2020-06-17,5.64,5.66,5.63,5.65,42227991.0,238257055.0,35462123213.0,0.001190791390192895
4663,2020-06-18,5.64,5.67,5.61,5.64,61872016.0,349205410.0,35462123213.0,0.0017447352384506532
4664,2020-06-19,5.65,5.7,5.64,5.67,91403155.0,518087893.0,35462123213.0,0.002577486814621767
4665,2020-06-22,5.67,5.7,5.66,5.67,68510866.0,389180186.0,35462123213.0,0.0019319448412182133
4666,2020-06-23,5.66,5.67,5.64,5.65,51984811.0,293801010.0,35462123213.0,0.0014659249444190915
4667,2020-06-24,5.66,5.69,5.66,5.67,58617734.0,332573848.0,35462123213.0,0.0016529674111140482
4668,2020-06-29,5.69,5.71,5.64,5.66,77023307.0,436721126.0,35462123213.0,0.002171988026136127
4669,2020-06-30,5.67,5.69,5.66,5.67,54020588.0,306491497.0,35462123213.0,0.0015233320259909503
4670,2020-07-01,5.68,5.76,5.66,5.75,108018326.0,617094611.0,35462123213.0,0.0030460197025202864
4671,2020-07-02,5.74,5.86,5.73,5.86,168633828.0,977992111.0,35462123213.0,0.004755322375570022
4672,2020-07-03,5.86,5.96,5.86,5.94,188724613.0,1116860795.0,35462123213.0,0.005321864454264142
4673,2020-07-06,5.99,6.47,5.99,6.44,537544324.0,3351035579.0,35462123213.0,0.015158266773009873
4674,2020-07-07,6.53,6.72,6.4,6.52,483473588.0,3153091012.0,35462123213.0,0.013633520618493713
4675,2020-07-08,6.51,6.6,6.48,6.52,334276327.0,2186538302.0,35462123213.0,0.009426291962052013
4676,2020-07-09,6.51,6.53,6.42,6.44,263904543.0,1704474301.0,35462123213.0,0.007441870905892507
4677,2020-07-10,6.43,6.46,6.25,6.27,310827796.0,1969370145.0,35462123213.0,0.00876506446421838
4678,2020-07-13,5.9,5.93,5.8,5.85,309603030.0,1813312119.0,35462123213.0,0.00873052716388124
4679,2020-07-14,5.83,5.86,5.7,5.74,230664817.0,1333564011.0,35462123213.0,0.006504540509730139
4680,2020-07-15,5.77,5.79,5.64,5.65,207848971.0,1184628864.0,35462123213.0,0.005861154160216921
4681,2020-07-16,5.68,5.73,5.61,5.62,200573239.0,1136685858.0,35462123213.0,0.005655985057501357
4682,2020-07-17,5.65,5.67,5.57,5.6,136530705.0,765413059.0,35462123213.0,0.003850043162388806
4683,2020-07-20,5.61,5.73,5.6,5.7,185635506.0,1053327466.0,35462123213.0,0.0052347544134624235
4684,2020-07-21,5.72,5.72,5.64,5.66,114172213.0,647572338.0,35462123213.0,0.003219553784589689
4685,2020-07-22,5.67,5.72,5.63,5.64,148799415.0,843785754.0,35462123213.0,0.004196009756839711
4686,2020-07-23,5.62,5.66,5.55,5.61,131801693.0,737877611.0,35462123213.0,0.003716689274591518
4687,2020-07-24,5.6,5.61,5.5,5.52,158519502.0,879661644.0,35462123213.0,0.004470107473482823
4688,2020-07-27,5.56,5.56,5.5,5.52,94194752.0,520331785.0,35462123213.0,0.002656207340835963
4689,2020-07-28,5.54,5.57,5.52,5.53,77196488.0,427601070.0,35462123213.0,0.0021768715746749386
4690,2020-07-29,5.53,5.6,5.52,5.59,101206915.0,563911219.0,35462123213.0,0.0028539440346566367
4691,2020-07-30,5.6,5.6,5.54,5.54,85956187.0,477992730.0,35462123213.0,0.0024238872129486444
4692,2020-07-31,5.54,5.59,5.5,5.54,123505120.0,684142578.0,35462123213.0,0.003482733373243835
4693,2020-08-03,5.56,5.58,5.54,5.56,135875168.0,755197422.0,35462123213.0,0.003831557608208573
4694,2020-08-04,5.58,5.67,5.56,5.65,193211436.0,1086363022.0,35462123213.0,0.005448388829949442
4695,2020-08-05,5.65,5.65,5.56,5.59,106809384.0,597477104.0,35462123213.0,0.0030119286247599786
4696,2020-08-06,5.6,5.63,5.55,5.6,100944770.0,563692348.0,35462123213.0,0.002846551781281805
4697,2020-08-07,5.6,5.6,5.54,5.56,100371685.0,558453350.0,35462123213.0,0.002830391299390808
4698,2020-08-10,5.57,5.61,5.55,5.6,107137601.0,598775524.0,35462123213.0,0.0030211840491469674
4699,2020-08-11,5.59,5.67,5.57,5.58,140994559.0,794221746.0,35462123213.0,0.003975919832919453
4700,2020-08-12,5.58,5.62,5.56,5.62,113843092.0,636322126.0,35462123213.0,0.003210272868215247
4701,2020-08-13,5.63,5.63,5.59,5.59,65758088.0,368451992.0,35462123213.0,0.001854318975912132
4702,2020-08-14,5.59,5.64,5.58,5.63,95408050.0,535168876.0,35462123213.0,0.002690421253880944
4703,2020-08-17,5.63,5.78,5.63,5.72,278289316.0,1590993298.0,35462123213.0,0.007847508574951383
4704,2020-08-18,5.73,5.74,5.66,5.68,128748899.0,732534119.0,35462123213.0,0.003630603227750395
4705,2020-08-19,5.69,5.69,5.63,5.63,109389905.0,619188880.0,35462123213.0,0.0030846969974967246
4706,2020-08-20,5.63,5.63,5.58,5.59,102606871.0,573907326.0,35462123213.0,0.002893421535526827
4707,2020-08-21,5.6,5.61,5.57,5.6,83502168.0,466866048.0,35462123213.0,0.002354686082907441
4708,2020-08-24,5.61,5.62,5.58,5.58,71988310.0,402808669.0,35462123213.0,0.002030005636368945
4709,2020-08-25,5.59,5.61,5.55,5.56,81261454.0,453182491.0,35462123213.0,0.002291499962140183
4710,2020-08-26,5.57,5.58,5.53,5.53,81816902.0,453775820.0,35462123213.0,0.0023071630964839377
4711,2020-08-27,5.54,5.55,5.51,5.53,72441503.0,400453223.0,35462123213.0,0.0020427852716230987
4712,2020-08-28,5.52,5.59,5.51,5.59,110044466.0,611626686.0,35462123213.0,0.0031031550293542207
4713,2020-08-31,5.58,5.62,5.53,5.55,160499981.0,895789214.0,35462123213.0,0.0045259552011584735
4714,2020-09-01,5.53,5.58,5.52,5.56,108562352.0,602581110.0,35462123213.0,0.003061360746730537
4715,2020-09-02,5.55,5.56,5.51,5.53,102254656.0,565657612.0,35462123213.0,0.002883489389110087
4716,2020-09-03,5.54,5.56,5.52,5.53,74763572.0,413754810.0,35462123213.0,0.0021082655302656146
4717,2020-09-04,5.52,5.53,5.5,5.52,94361101.0,519877508.0,35462123213.0,0.0026608982331156167
4718,2020-09-07,5.5,5.52,5.47,5.48,93151491.0,512655751.0,35462123213.0,0.002626788318355731
4719,2020-09-08,5.49,5.52,5.48,5.51,82958526.0,456691717.0,35462123213.0,0.0023393558671520372
4720,2020-09-09,5.5,5.51,5.48,5.48,86268251.0,474103596.0,35462123213.0,0.002432687137254519
4721,2020-09-10,5.5,5.5,5.45,5.47,90140197.0,493064064.0,35462123213.0,0.0025418725342129444
4722,2020-09-11,5.46,5.47,5.44,5.46,60747814.0,331312170.0,35462123213.0,0.0017130337525230457
4723,2020-09-14,5.45,5.47,5.44,5.45,51251397.0,279535959.0,35462123213.0,0.001445243328837452
4724,2020-09-15,5.45,5.46,5.44,5.45,47088247.0,256695021.0,35462123213.0,0.0013278462408234486
4725,2020-09-16,5.46,5.48,5.44,5.47,54098408.0,295430140.0,35462123213.0,0.0015255264800435907
4726,2020-09-17,5.46,5.47,5.44,5.44,59952080.0,326664710.0,35462123213.0,0.0016905947689568196
4727,2020-09-18,5.45,5.5,5.43,5.5,109399930.0,598946496.0,35462123213.0,0.0030849796934859014
4728,2020-09-21,5.5,5.51,5.45,5.45,64848361.0,354877297.0,35462123213.0,0.001828665492206833
4729,2020-09-22,5.44,5.47,5.41,5.42,78433733.0,426473273.0,35462123213.0,0.002211760771595512
4730,2020-09-23,5.42,5.43,5.4,5.41,64037643.0,346479726.0,35462123213.0,0.001805803973308754
4731,2020-09-24,5.41,5.41,5.35,5.37,68786063.0,368969312.0,35462123213.0,0.0019397051492614473
4732,2020-09-25,5.36,5.37,5.29,5.31,84297812.0,448966780.0,35462123213.0,0.0023771225285545623
4733,2020-09-28,5.31,5.34,5.31,5.33,38934553.0,207255764.0,35462123213.0,0.0010979193988510832
4734,2020-09-29,5.34,5.35,5.3,5.3,41682451.0,222075268.0,35462123213.0,0.0011754076525434805
4735,2020-09-30,5.32,5.34,5.29,5.3,54891599.0,291700983.0,35462123213.0,0.0015478937532955551
4736,2020-10-09,5.3,5.33,5.29,5.3,89559280.0,475466735.0,35462123213.0,0.002525491196961625
4737,2020-10-12,5.31,5.39,5.29,5.37,120768377.0,646291828.0,35462123213.0,0.0034055596805249305
4738,2020-10-13,5.37,5.37,5.33,5.34,66902688.0,357392954.0,35462123213.0,0.0018865956671052977
4739,2020-10-14,5.34,5.36,5.31,5.33,58747131.0,312967235.0,35462123213.0,0.0016566162902074625
4740,2020-10-15,5.32,5.39,5.31,5.35,82375142.0,441088980.0,35462123213.0,0.002322904962718144
4741,2020-10-16,5.34,5.43,5.34,5.39,124862325.0,672643577.0,35462123213.0,0.0035210053343401313
4742,2020-10-19,5.41,5.51,5.38,5.4,167153977.0,910235010.0,35462123213.0,0.004713591907512275
4743,2020-10-20,5.39,5.39,5.34,5.35,82940393.0,444139495.0,35462123213.0,0.002338844532850617
4744,2020-10-21,5.35,5.41,5.32,5.4,121220357.0,650757898.0,35462123213.0,0.0034183051102693713
4745,2020-10-22,5.39,5.46,5.36,5.4,81059259.0,436843050.0,35462123213.0,0.0022857982448801777
4746,2020-10-23,5.38,5.46,5.38,5.42,125323628.0,680064983.0,35462123213.0,0.0035340136643047314
4747,2020-10-26,5.44,5.45,5.36,5.37,95988290.0,517779079.0,35462123213.0,0.0027067835003407753
4748,2020-10-27,5.36,5.36,5.32,5.32,76855253.0,410112807.0,35462123213.0,0.0021672490543889872
4749,2020-10-28,5.32,5.33,5.29,5.3,84089257.0,445944454.0,35462123213.0,0.002371241465011149
4750,2020-10-29,5.27,5.31,5.26,5.28,66806021.0,353019034.0,35462123213.0,0.0018838697445930056
4751,2020-10-30,5.28,5.34,5.26,5.28,72007648.0,381182527.0,35462123213.0,0.002030550950587269
4752,2020-11-02,5.2,5.21,5.12,5.13,188489399.0,973180104.0,35462123213.0,0.0053152316308827776
4753,2020-11-03,5.13,5.2,5.12,5.16,76992619.0,397922908.0,35462123213.0,0.0021711226521195833
4754,2020-11-04,5.18,5.19,5.13,5.15,67670386.0,349211297.0,35462123213.0,0.0019082440606712694
4755,2020-11-05,5.17,5.19,5.15,5.17,59261007.0,306349774.0,35462123213.0,0.0016711071315175965
4756,2020-11-06,5.18,5.2,5.16,5.17,68270681.0,353326050.0,35462123213.0,0.0019251718401049592
4757,2020-11-09,5.2,5.24,5.19,5.22,93721112.0,488391550.0,35462123213.0,0.0026428511185602934
4758,2020-11-10,5.25,5.29,5.21,5.22,86762684.0,455348031.0,35462123213.0,0.002446629703440707
4759,2020-11-11,5.21,5.26,5.18,5.23,87357247.0,455692816.0,35462123213.0,0.0024633958456265204
4760,2020-11-12,5.22,5.24,5.17,5.17,85302855.0,442681236.0,35462123213.0,0.00240546383778648
4761,2020-11-13,5.17,5.17,5.12,5.13,86073326.0,442192369.0,35462123213.0,0.0024271904274599816
4762,2020-11-16,5.15,5.17,5.14,5.16,72996135.0,376141164.0,35462123213.0,0.002058425395500303
4763,2020-11-17,5.16,5.18,5.14,5.17,70288225.0,362374521.0,35462123213.0,0.0019820647674652814
4764,2020-11-18,5.16,5.24,5.15,5.21,118935612.0,619554430.0,35462123213.0,0.0033538773548787287
4765,2020-11-19,5.21,5.23,5.19,5.21,66677039.0,347041097.0,35462123213.0,0.0018802325681265746
4766,2020-11-20,5.2,5.2,5.16,5.19,60545748.0,313400439.0,35462123213.0,0.0017073356729470906
4767,2020-11-23,5.18,5.25,5.17,5.23,123213357.0,643564184.0,35462123213.0,0.003474505918890706
4768,2020-11-24,5.24,5.26,5.21,5.21,83424218.0,436630656.0,35462123213.0,0.002352487962971649
4769,2020-11-25,5.22,5.26,5.19,5.2,113325614.0,592435037.0,35462123213.0,0.0031956804537427177
4770,2020-11-26,5.2,5.24,5.19,5.23,69917728.0,364757299.0,35462123213.0,0.0019716170850810474
4771,2020-11-27,5.24,5.35,5.23,5.35,189523671.0,1001410525.0,35462123213.0,0.00534439717164264
4772,2020-11-30,5.37,5.5,5.3,5.3,293782317.0,1592784581.0,35462123213.0,0.008284397277495862
4773,2020-12-01,5.29,5.43,5.27,5.41,171980368.0,923323895.0,35462123213.0,0.004849691795581885
4774,2020-12-02,5.42,5.44,5.36,5.37,106038755.0,571528487.0,35462123213.0,0.002990197579628493
4775,2020-12-03,5.38,5.42,5.35,5.39,99272711.0,534666926.0,35462123213.0,0.0027994012203873845
4776,2020-12-04,5.38,5.38,5.3,5.36,113652360.0,607115212.0,35462123213.0,0.003204894397251893
4777,2020-12-07,5.35,5.36,5.26,5.28,98016546.0,519307107.0,35462123213.0,0.002763978496472774
4778,2020-12-08,5.3,5.34,5.28,5.32,81814963.0,435771237.0,35462123213.0,0.002307108418426779
4779,2020-12-09,5.35,5.4,5.34,5.36,131917807.0,709653665.0,35462123213.0,0.0037199635850241612
4780,2020-12-10,5.37,5.38,5.28,5.3,79535015.0,423080747.0,35462123213.0,0.0022428159341244236
4781,2020-12-11,5.32,5.35,5.19,5.19,114968677.0,606222472.0,35462123213.0,0.0032420133534997652
4782,2020-12-14,5.24,5.29,5.21,5.22,82644496.0,432726170.0,35462123213.0,0.0023305005034132725
4783,2020-12-15,5.23,5.23,5.17,5.18,79656939.0,412957330.0,35462123213.0,0.002246254081334834
4784,2020-12-16,5.19,5.22,5.18,5.19,53865225.0,280089344.0,35462123213.0,0.0015189509290366922
4785,2020-12-17,5.19,5.23,5.16,5.22,64897414.0,336835515.0,35462123213.0,0.001830048742716267
4786,2020-12-18,5.21,5.23,5.17,5.2,55477688.0,288374041.0,35462123213.0,0.0015644209362980987
4787,2020-12-21,5.19,5.2,5.15,5.17,64786682.0,335280086.0,35462123213.0,0.0018269261998460926
4788,2020-12-22,5.17,5.18,5.12,5.12,85745729.0,441249215.0,35462123213.0,0.002417952486515715
4789,2020-12-23,5.13,5.14,5.11,5.12,59984367.0,307196216.0,35462123213.0,0.0016915052333361256
4790,2020-12-24,5.13,5.17,5.12,5.14,62517708.0,321623190.0,35462123213.0,0.0017629431724799191
4791,2020-12-25,5.16,5.18,5.15,5.18,47291755.0,244360990.0,35462123213.0,0.0013335849835032832
4792,2020-12-28,5.18,5.18,5.14,5.16,60779943.0,313678667.0,35462123213.0,0.0017139397614443679
4793,2020-12-29,5.16,5.18,5.15,5.16,48866961.0,252399800.0,35462123213.0,0.0013780043768525947
4794,2020-12-30,5.16,5.17,5.13,5.17,49521983.0,255195170.0,35462123213.0,0.0013964754084957276
4795,2020-12-31,5.17,5.22,5.15,5.2,80366763.0,417901769.0,35462123213.0,0.002266270480119997
4796,2021-01-04,5.21,5.22,5.16,5.2,86280514.0,447772745.0,35462123213.0,0.0024330329428321022
4797,2021-01-05,5.19,5.2,5.15,5.17,83085049.0,429517246.0,35462123213.0,0.002342923702028704
4798,2021-01-06,5.16,5.21,5.16,5.19,70155001.0,363751381.0,35462123213.0,0.0019783079704117097
4799,2021-01-07,5.21,5.22,5.15,5.2,89178602.0,462143814.0,35462123213.0,0.0025147564195284328
4800,2021-01-08,5.2,5.24,5.18,5.21,98886697.0,514856903.0,35462123213.0,0.002788515972550377
4801,2021-01-11,5.21,5.23,5.15,5.15,114780525.0,595381323.0,35462123213.0,0.0032367076362174165
4802,2021-01-12,5.16,5.19,5.13,5.19,89283425.0,459710152.0,35462123213.0,0.0025177123339098248
4803,2021-01-13,5.19,5.2,5.15,5.19,95248233.0,492817304.0,35462123213.0,0.0026859145581300983
4804,2021-01-14,5.18,5.23,5.16,5.19,101894135.0,529530411.0,35462123213.0,0.0028733230209590723
4805,2021-01-15,5.21,5.35,5.21,5.24,204543879.0,1079987532.0,35462123213.0,0.005767953536550135
4806,2021-01-18,5.24,5.27,5.21,5.23,120276580.0,630138849.0,35462123213.0,0.003391691447169413
4807,2021-01-19,5.25,5.29,5.21,5.27,115638978.0,607674874.0,35462123213.0,0.003260915239209594
4808,2021-01-20,5.26,5.29,5.21,5.22,101989224.0,534602515.0,35462123213.0,0.0028760044452897267
4809,2021-01-21,5.22,5.25,5.2,5.21,81555115.0,425924285.0,35462123213.0,0.0022997809383873227
4810,2021-01-22,5.21,5.22,5.14,5.14,112419196.0,580562905.0,35462123213.0,0.003170120280863173
4811,2021-01-25,5.15,5.15,5.12,5.13,84618992.0,434225829.0,35462123213.0,0.002386179515866655
4812,2021-01-26,5.13,5.17,5.12,5.13,74459732.0,383015772.0,35462123213.0,0.0020996975153677187
4813,2021-01-27,5.15,5.19,5.13,5.14,78475112.0,404660884.0,35462123213.0,0.002212927622202608
4814,2021-01-28,5.13,5.14,5.08,5.12,116330319.0,593851384.0,35462123213.0,0.0032804104340079295
4815,2021-01-29,5.12,5.14,5.09,5.11,78503373.0,401163424.0,35462123213.0,0.0022137245570006247
4816,2021-02-01,5.11,5.16,5.08,5.14,98819243.0,505370705.0,35462123213.0,0.0027866138303804106
4817,2021-02-02,5.14,5.16,5.09,5.1,80789259.0,413579432.0,35462123213.0,0.0022781844875656965
4818,2021-02-03,5.1,5.12,5.07,5.09,78683770.0,400730360.0,35462123213.0,0.002218811590253441
4819,2021-02-04,5.08,5.12,5.06,5.08,89266925.0,453464111.0,35462123213.0,0.0025172470487406064
4820,2021-02-05,5.08,5.19,5.06,5.17,187058340.0,962392229.0,35462123213.0,0.005274877053369061
4821,2021-02-08,5.18,5.19,5.14,5.16,109707723.0,566817758.0,35462123213.0,0.003093659179430701
4822,2021-02-09,5.16,5.16,5.11,5.14,74950033.0,384576441.0,35462123213.0,0.0021135235628678938
4823,2021-02-10,5.13,5.2,5.13,5.16,97211793.0,502022014.0,35462123213.0,0.002741285185213143
4824,2021-02-18,5.21,5.28,5.21,5.23,167824171.0,879123111.0,35462123213.0,0.004732490775918279
4825,2021-02-19,5.23,5.29,5.21,5.25,137097905.0,720900800.0,35462123213.0,0.0038660376925694485
4826,2021-02-22,5.25,5.32,5.23,5.25,229892442.0,1212051634.0,35462123213.0,0.00648276022896802
4827,2021-02-23,5.25,5.3,5.23,5.23,121165342.0,637689704.0,35462123213.0,0.003416753736718793
4828,2021-02-24,5.25,5.27,5.18,5.19,130973170.0,684327713.0,35462123213.0,0.003693325670697201
4829,2021-02-25,5.21,5.27,5.2,5.25,138226063.0,723612834.0,35462123213.0,0.003897850734141264
4830,2021-02-26,5.22,5.26,5.18,5.18,139048978.0,725174537.0,35462123213.0,0.003921056197476249
4831,2021-03-01,5.2,5.21,5.17,5.17,71244195.0,369126102.0,35462123213.0,0.0020090222622057416
4832,2021-03-02,5.18,5.19,5.13,5.14,83427355.0,430508067.0,35462123213.0,0.002352576423552003
4833,2021-03-03,5.15,5.24,5.14,5.22,116708190.0,607130463.0,35462123213.0,0.0032910660565641523
4834,2021-03-04,5.2,5.25,5.2,5.22,117659012.0,614628494.0,35462123213.0,0.0033178783823318166
4835,2021-03-05,5.22,5.24,5.18,5.23,97416789.0,507636278.0,35462123213.0,0.002747065888155511
4836,2021-03-08,5.23,5.27,5.19,5.2,131264704.0,685999986.0,35462123213.0,0.0037015466674561633
4837,2021-03-09,5.21,5.24,5.16,5.18,133899308.0,696298889.0,35462123213.0,0.003775840132181202
4838,2021-03-10,5.19,5.22,5.17,5.19,92937498.0,483279523.0,35462123213.0,0.002620753908100184
4839,2021-03-11,5.21,5.26,5.2,5.23,135633436.0,709738224.0,35462123213.0,0.0038247409830858173
4840,2021-03-12,5.23,5.27,5.21,5.26,131255696.0,688652429.0,35462123213.0,0.003701292649952871
4841,2021-03-15,5.26,5.3,5.24,5.28,156941719.0,828566796.0,35462123213.0,0.00442561541104981
4842,2021-03-16,5.29,5.32,5.27,5.29,104019397.0,550430092.0,35462123213.0,0.002933253499098658
4843,2021-03-17,5.28,5.29,5.24,5.24,90504464.0,475718304.0,35462123213.0,0.0025521445361969225
4844,2021-03-18,5.25,5.28,5.24,5.25,82361211.0,432960894.0,35462123213.0,0.002322512121039818
4845,2021-03-19,5.25,5.27,5.13,5.13,231060560.0,1196551166.0,35462123213.0,0.006515700106622378
4846,2021-03-22,5.15,5.22,5.15,5.22,101290216.0,526082916.0,35462123213.0,0.002856293047982761
4847,2021-03-23,5.22,5.26,5.21,5.23,81513688.0,426046235.0,35462123213.0,0.0022986127342233707
4848,2021-03-24,5.22,5.24,5.2,5.21,73554759.0,384050156.0,35462123213.0,0.0020741780901893567
4849,2021-03-25,5.23,5.24,5.18,5.18,64144307.0,334006234.0,35462123213.0,0.0018088118022353903
4850,2021-03-26,5.19,5.21,5.17,5.18,65014665.0,337191263.0,35462123213.0,0.0018333551155269344
4851,2021-03-29,5.19,5.24,5.17,5.24,123205113.0,641334124.0,35462123213.0,0.003474273445500704
4852,2021-03-30,5.24,5.27,5.22,5.27,100109142.0,524516156.0,35462123213.0,0.0028229878227737123
4853,2021-03-31,5.03,5.07,4.97,5.05,389552742.0,1955546284.0,35462123213.0,0.01098503718066138
4854,2021-04-01,5.03,5.04,5.0,5.01,125922470.0,631869052.0,35462123213.0,0.0035509004704444287
4855,2021-04-02,5.01,5.02,4.98,4.99,125131571.0,624697164.0,35462123213.0,0.003528597829532334
4856,2021-04-06,4.99,4.99,4.96,4.97,101055994.0,502375920.0,35462123213.0,0.0028496881981097525
4857,2021-04-07,4.96,4.96,4.92,4.93,105822169.0,522424628.0,35462123213.0,0.0029840900491036257
4858,2021-04-08,4.92,4.95,4.92,4.94,65772801.0,324599948.0,35462123213.0,0.0018547338692875687
4859,2021-04-09,4.93,4.95,4.92,4.94,50259811.0,247840632.0,35462123213.0,0.0014172814949099082
4860,2021-04-12,4.92,4.97,4.92,4.95,98093477.0,485348605.0,35462123213.0,0.002766147881524479
4861,2021-04-13,4.95,4.97,4.94,4.96,56307729.0,279022336.0,35462123213.0,0.001587827346427984
4862,2021-04-14,4.96,4.97,4.94,4.94,39331710.0,194902450.0,35462123213.0,0.0011091188692723692
4863,2021-04-15,4.94,4.96,4.91,4.92,67695991.0,333150522.0,35462123213.0,0.0019089660986565927
4864,2021-04-16,4.92,4.95,4.92,4.94,39102182.0,192942318.0,35462123213.0,0.001102646385980228
4865,2021-04-19,4.94,4.96,4.93,4.95,62176886.0,307640405.0,35462123213.0,0.0017533322984227488
4866,2021-04-20,4.95,4.96,4.93,4.94,53218575.0,263007157.0,35462123213.0,0.0015007159802685106
4867,2021-04-21,4.94,4.96,4.92,4.93,68286386.0,337315776.0,35462123213.0,0.0019256147069887516
4868,2021-04-22,4.93,4.94,4.87,4.87,131117374.0,641938697.0,35462123213.0,0.0036973920938815617
4869,2021-04-23,4.87,4.89,4.85,4.86,60252125.0,292963822.0,35462123213.0,0.001699055768265795
4870,2021-04-26,4.87,4.87,4.82,4.82,58289723.0,282906742.0,35462123213.0,0.0016437177957418993
4871,2021-04-27,4.82,4.82,4.74,4.74,84237194.0,401995242.0,35462123213.0,0.002375413155440158
4872,2021-04-28,4.74,4.75,4.67,4.68,89608509.0,420476134.0,35462123213.0,0.0025268794105128643
4873,2021-04-29,4.68,4.76,4.65,4.75,71292038.0,335958342.0,35462123213.0,0.0020103713918027664
4874,2021-04-30,4.75,4.75,4.68,4.7,77300866.0,364501251.0,35462123213.0,0.002179814940456312
4875,2021-05-06,4.7,4.76,4.69,4.7,87477670.0,413172448.0,35462123213.0,0.0024667916659860826
4876,2021-05-07,4.7,4.72,4.67,4.68,89760852.0,421193003.0,35462123213.0,0.0025311753461816047
4877,2021-05-10,4.68,4.69,4.58,4.61,126527353.0,584792534.0,35462123213.0,0.003567957627354263
4878,2021-05-11,4.6,4.62,4.58,4.62,72179681.0,332039831.0,35462123213.0,0.0020354021265579433
4879,2021-05-12,4.61,4.65,4.59,4.64,76324369.0,353366420.0,35462123213.0,0.0021522786027662433
4880,2021-05-13,4.63,4.65,4.62,4.63,55370885.0,256426208.0,35462123213.0,0.0015614091876964005
4881,2021-05-14,4.64,4.69,4.62,4.68,87345963.0,406733909.0,35462123213.0,0.0024630776469689777
4882,2021-05-17,4.67,4.71,4.66,4.69,70272896.0,329826234.0,35462123213.0,0.001981632503443527
4883,2021-05-18,4.69,4.7,4.66,4.68,35181953.0,164596329.0,35462123213.0,0.0009920994518202652
4884,2021-05-19,4.7,4.71,4.67,4.69,60945555.0,285519758.0,35462123213.0,0.0017186098709864634
4885,2021-05-20,4.69,4.69,4.66,4.69,59004553.0,275988647.0,35462123213.0,0.0016638753592274932
4886,2021-05-21,4.68,4.7,4.67,4.68,54952790.0,257582354.0,35462123213.0,0.0015496192844949269
4887,2021-05-24,4.68,4.7,4.67,4.68,43213960.0,202269410.0,35462123213.0,0.0012185948297691962
4888,2021-05-25,4.68,4.75,4.66,4.74,118878118.0,559939024.0,35462123213.0,0.0033522560757563626
4889,2021-05-26,4.72,4.75,4.71,4.73,96645560.0,457607035.0,35462123213.0,0.0027253179235633266
4890,2021-05-27,4.74,4.75,4.71,4.74,108655845.0,513957504.0,35462123213.0,0.0030639971652957326
4891,2021-05-28,4.73,4.74,4.71,4.72,88517847.0,418143467.0,35462123213.0,0.0024961237224383225
4892,2021-05-31,4.73,4.73,4.7,4.72,59476776.0,280415932.0,35462123213.0,0.001677191623376812
4893,2021-06-01,4.72,4.72,4.68,4.69,51843228.0,243301149.0,35462123213.0,0.0014619324310788835
4894,2021-06-02,4.7,4.7,4.67,4.69,49584113.0,232049746.0,35462123213.0,0.0013982274186510931
4895,2021-06-03,4.69,4.71,4.68,4.68,50150625.0,235324470.0,35462123213.0,0.0014142025478501347
4896,2021-06-04,4.68,4.73,4.67,4.69,70889620.0,332866543.0,35462123213.0,0.0019990235659102526
4897,2021-06-07,4.7,4.7,4.67,4.68,49300049.0,230623097.0,35462123213.0,0.0013902170691778314
4898,2021-06-08,4.68,4.69,4.66,4.69,51893758.0,242752425.0,35462123213.0,0.0014633573316607381
4899,2021-06-09,4.68,4.7,4.67,4.67,54893470.0,256823227.0,35462123213.0,0.0015479465138138343
4900,2021-06-10,4.68,4.69,4.66,4.67,66012970.0,308458041.0,35462123213.0,0.0018615064192152042
4901,2021-06-11,4.67,4.68,4.64,4.67,86270934.0,401973237.0,35462123213.0,0.002432762795442944
4902,2021-06-15,4.66,4.67,4.61,4.61,67981815.0,314654231.0,35462123213.0,0.0019170260785479044
4903,2021-06-16,4.61,4.64,4.6,4.64,46441375.0,214850041.0,35462123213.0,0.0013096050318548082
4904,2021-06-17,4.64,4.64,4.61,4.62,37982730.0,175762739.0,35462123213.0,0.001071078845783153
4905,2021-06-18,4.63,4.64,4.62,4.64,67052166.0,310603206.0,35462123213.0,0.0018908108123492013
4906,2021-06-21,4.64,4.64,4.62,4.64,46296661.0,214477414.0,35462123213.0,0.0013055242271288534
4907,2021-06-22,4.64,4.65,4.62,4.64,72156670.0,334545900.0,35462123213.0,0.002034753237041041
4908,2021-06-23,4.64,4.65,4.63,4.63,66318689.0,307502693.0,35462123213.0,0.0018701274202241884
4909,2021-06-24,4.44,4.45,4.41,4.44,72534074.0,321637142.0,35462123213.0,0.0020453956906170204
4910,2021-06-25,4.44,4.47,4.43,4.46,68632317.0,305599580.0,35462123213.0,0.0019353696502537726
4911,2021-06-28,4.45,4.46,4.43,4.45,45383926.0,201648446.0,35462123213.0,0.001279785920527251
4912,2021-06-29,4.44,4.45,4.41,4.41,46902813.0,207617566.0,35462123213.0,0.0013226171686980654
4913,2021-06-30,4.42,4.44,4.41,4.41,32329060.0,142911476.0,35462123213.0,0.0009116504335010754
4914,2021-07-01,4.42,4.43,4.41,4.41,46536252.0,205664252.0,35462123213.0,0.0013122804779760156
4915,2021-07-02,4.41,4.42,4.38,4.39,59320232.0,260981470.0,35462123213.0,0.0016727772232840784
4916,2021-07-05,4.4,4.4,4.36,4.38,60000009.0,262270228.0,35462123213.0,0.0016919463236765445
4917,2021-07-06,4.37,4.39,4.35,4.38,69927798.0,305679028.0,35462123213.0,0.001971901050029776
4918,2021-07-07,4.37,4.39,4.36,4.37,43254030.0,189091789.0,35462123213.0,0.0012197247677528675
4919,2021-07-08,4.38,4.38,4.34,4.35,55836635.0,243270360.0,35462123213.0,0.00157454291906388
4920,2021-07-09,4.35,4.37,4.33,4.34,63088961.0,274254682.0,35462123213.0,0.0017790519936175826
4921,2021-07-12,4.36,4.37,4.34,4.34,62425351.0,271719902.0,35462123213.0,0.0017603387880936467
4922,2021-07-13,4.35,4.36,4.33,4.34,55465380.0,241093634.0,35462123213.0,0.001564073861760963
4923,2021-07-14,4.35,4.35,4.24,4.25,133865520.0,573433702.0,35462123213.0,0.003774887340951048
4924,2021-07-15,4.24,4.29,4.22,4.27,70743719.0,301571614.0,35462123213.0,0.001994909288851215
4925,2021-07-16,4.26,4.27,4.23,4.24,62246204.0,264441677.0,35462123213.0,0.0017552870037172864
4926,2021-07-19,4.22,4.23,4.17,4.21,94998836.0,398268195.0,35462123213.0,0.002678881786896915
4927,2021-07-20,4.19,4.2,4.17,4.17,48942418.0,204544000.0,35462123213.0,0.0013801321964291829
4928,2021-07-21,4.18,4.2,4.17,4.18,51801814.0,216821941.0,35462123213.0,0.0014607645935032468
4929,2021-07-22,4.19,4.23,4.18,4.21,54094653.0,228017327.0,35462123213.0,0.0015254205924187172
4930,2021-07-23,4.21,4.22,4.19,4.2,39135384.0,164594252.0,35462123213.0,0.0011035826525370997
4931,2021-07-26,4.2,4.2,4.11,4.12,92020511.0,381335947.0,35462123213.0,0.0025948956989204288
4932,2021-07-27,4.12,4.14,4.05,4.05,70758927.0,289520746.0,35462123213.0,0.0019953381407817284
4933,2021-07-28,4.06,4.11,4.05,4.06,75284615.0,306983801.0,35462123213.0,0.0021229584745337962
4934,2021-07-29,4.08,4.09,4.01,4.01,78503570.0,316416006.0,35462123213.0,0.0022137301122235544
4935,2021-07-30,4.0,4.01,3.96,3.98,66705092.0,265455802.0,35462123213.0,0.001881023637511549
4936,2021-08-02,3.98,4.05,3.95,4.01,80083494.0,320128773.0,35462123213.0,0.0022582825489321614
4937,2021-08-03,4.0,4.01,3.97,3.99,56689953.0,225799562.0,35462123213.0,0.001598605719671577
4938,2021-08-04,4.0,4.0,3.97,3.98,45808826.0,182596623.0,35462123213.0,0.0012917677186121506
4939,2021-08-05,3.98,4.01,3.97,3.98,37788289.0,150732705.0,35462123213.0,0.0010655957843535792
4940,2021-08-06,3.98,3.99,3.96,3.98,35091312.0,139323158.0,35462123213.0,0.0009895434570915916
4941,2021-08-09,3.98,4.04,3.97,4.03,72644758.0,292176339.0,35462123213.0,0.002048516879930339
4942,2021-08-10,4.03,4.05,4.0,4.04,63100735.0,253473736.0,35462123213.0,0.0017793840098346962
4943,2021-08-11,4.03,4.08,4.02,4.04,67376475.0,272901244.0,35462123213.0,0.0018999560346488382
4944,2021-08-12,4.03,4.04,4.02,4.02,37569626.0,151348619.0,35462123213.0,0.0010594296842955928
4945,2021-08-13,4.02,4.02,4.0,4.01,37793286.0,151558643.0,35462123213.0,0.0010657366952620993
4946,2021-08-16,4.01,4.04,4.01,4.03,56546199.0,227352857.0,35462123213.0,0.0015945519860827405
4947,2021-08-17,4.02,4.04,3.99,3.99,66833743.0,268299257.0,35462123213.0,0.0018846514800754945
4948,2021-08-18,3.99,4.05,3.98,4.04,87976690.0,353933216.0,35462123213.0,0.002480863581449313
4949,2021-08-19,4.04,4.04,4.0,4.01,59157321.0,237525477.0,35462123213.0,0.0016681832795142288
4950,2021-08-20,4.01,4.03,4.0,4.01,69231767.0,277917268.0,35462123213.0,0.0019522736014469784
4951,2021-08-23,4.01,4.02,4.0,4.0,51712085.0,207418100.0,35462123213.0,0.0014582343163548356
4952,2021-08-24,4.0,4.02,3.98,4.0,74109796.0,296298795.0,35462123213.0,0.002089829634702533
4953,2021-08-25,4.01,4.01,3.99,3.99,47071926.0,188067850.0,35462123213.0,0.0013273860032933388
4954,2021-08-26,3.99,4.0,3.98,3.98,46489789.0,185234608.0,35462123213.0,0.0013109702631385982
4955,2021-08-27,3.98,4.0,3.98,3.99,47670260.0,190148105.0,35462123213.0,0.0013442584842896445
4956,2021-08-30,3.98,3.99,3.94,3.95,93439311.0,369937069.0,35462123213.0,0.0026349045836529675
4957,2021-08-31,3.95,3.98,3.94,3.97,77894545.0,308119148.0,35462123213.0,0.0021965561546366964
4958,2021-09-01,3.97,4.05,3.95,4.04,148131420.0,594406100.0,35462123213.0,0.004177172898257168
4959,2021-09-02,4.03,4.06,4.02,4.06,98260448.0,397386338.0,35462123213.0,0.0027708563136450573
4960,2021-09-03,4.06,4.2,4.04,4.13,194639730.0,804014800.0,35462123213.0,0.005488665436948439
4961,2021-09-06,4.12,4.17,4.11,4.12,99949923.0,412941809.0,35462123213.0,0.002818497990085363
4962,2021-09-07,4.12,4.16,4.1,4.13,114466059.0,471993179.0,35462123213.0,0.003227839977670544
4963,2021-09-08,4.13,4.15,4.12,4.14,107193687.0,443598503.0,35462123213.0,0.003022765623934893
4964,2021-09-09,4.14,4.16,4.11,4.15,122988352.0,508771436.0,35462123213.0,0.0034681609801331327
4965,2021-09-10,4.15,4.22,4.14,4.16,187033976.0,780427241.0,35462123213.0,0.005274190010468282
4966,2021-09-13,4.15,4.15,4.11,4.12,142926721.0,589642050.0,35462123213.0,0.004030405064624126
4967,2021-09-14,4.13,4.13,4.02,4.03,193391103.0,787233848.0,35462123213.0,0.005453455277858408
4968,2021-09-15,4.03,4.04,4.01,4.02,97422724.0,391515891.0,35462123213.0,0.0027472332498209235
4969,2021-09-16,4.02,4.03,3.97,3.98,143373377.0,573878936.0,35462123213.0,0.004043000362353966
4970,2021-09-17,3.98,3.99,3.95,3.97,118757637.0,471030968.0,35462123213.0,0.003348858619848933
4971,2021-09-22,3.9,3.91,3.86,3.9,127734978.0,496561464.0,35462123213.0,0.0036020115668983364
4972,2021-09-23,3.93,3.98,3.92,3.94,99523941.0,392593466.0,35462123213.0,0.0028064856805730034
4973,2021-09-24,3.94,3.95,3.9,3.91,79494981.0,312003839.0,35462123213.0,0.0022416870113083943
4974,2021-09-27,3.91,3.92,3.87,3.88,85508582.0,332259610.0,35462123213.0,0.0024112651542717994
4975,2021-09-28,3.89,3.93,3.88,3.91,69375875.0,271164150.0,35462123213.0,0.001956337317517627
4976,2021-09-29,3.9,3.93,3.88,3.93,85689196.0,334591623.0,35462123213.0,0.0024163583067295684
4977,2021-09-30,3.92,3.93,3.89,3.91,57763623.0,225495080.0,35462123213.0,0.0016288822486191276
4978,2021-10-08,3.93,3.96,3.92,3.96,71337771.0,281443887.0,35462123213.0,0.0020116610212963337
4979,2021-10-11,3.96,4.01,3.95,3.98,79131695.0,315683937.0,35462123213.0,0.002231442672642659
4980,2021-10-12,3.98,3.99,3.94,3.96,66042131.0,261723280.0,35462123213.0,0.0018623287332042693
4981,2021-10-13,3.96,3.97,3.93,3.94,51221041.0,201912291.0,35462123213.0,0.001444387316922495
4982,2021-10-14,3.94,3.95,3.91,3.92,48266912.0,189383658.0,35462123213.0,0.0013610835343977913
4983,2021-10-15,3.93,3.93,3.91,3.92,68333072.0,267588055.0,35462123213.0,0.0019269312102257288
4984,2021-10-18,3.91,3.93,3.9,3.92,53246563.0,208523047.0,35462123213.0,0.0015015052167119095
4985,2021-10-19,3.92,3.94,3.91,3.92,61186409.0,240061833.0,35462123213.0,0.0017254017372983967
4986,2021-10-20,3.93,3.94,3.9,3.91,52611647.0,205891147.0,35462123213.0,0.0014836011561967948
4987,2021-10-21,3.91,3.95,3.91,3.95,78170340.0,307504823.0,35462123213.0,0.0022043333257424267
4988,2021-10-22,3.94,3.96,3.93,3.94,84994605.0,335230243.0,35462123213.0,0.0023967714648524476
4989,2021-10-25,3.94,3.95,3.92,3.95,46051957.0,181444122.0,35462123213.0,0.001298623794277436
4990,2021-10-26,3.95,3.96,3.92,3.92,57359126.0,225600072.0,35462123213.0,0.0016174757967952922
4991,2021-10-27,3.92,3.93,3.88,3.9,60733895.0,236651982.0,35462123213.0,0.0017126412492339338
4992,2021-10-28,3.89,3.9,3.86,3.88,74625377.0,289333739.0,35462123213.0,0.0021043685554801525
4993,2021-10-29,3.88,3.9,3.87,3.89,52376680.0,203801436.0,35462123213.0,0.0014769752979934185
4994,2021-11-01,3.89,3.92,3.88,3.92,60598683.0,236699639.0,35462123213.0,0.0017088283923672465
4995,2021-11-02,3.92,3.93,3.86,3.88,84305391.0,327898569.0,35462123213.0,0.00237733624954229
4996,2021-11-03,3.88,3.9,3.87,3.88,44735028.0,173942560.0,35462123213.0,0.001261487580179651
4997,2021-11-04,3.89,3.89,3.87,3.87,50394631.0,195393583.0,35462123213.0,0.001421083297728939
4998,2021-11-05,3.87,3.88,3.86,3.87,40097758.0,155214789.0,35462123213.0,0.001130720734321419
4999,2021-11-08,3.88,3.88,3.86,3.87,38627998.0,149652410.0,35462123213.0,0.0010892748233935251
5000,2021-11-09,3.88,3.89,3.87,3.87,38271436.0,148362700.0,35462123213.0,0.0010792200954840216
5001,2021-11-10,3.88,3.88,3.86,3.87,48496813.0,187571786.0,35462123213.0,0.0013675665359546671
5002,2021-11-11,3.88,3.92,3.87,3.92,73623519.0,287285309.0,35462123213.0,0.0020761170603854446
5003,2021-11-12,3.92,3.93,3.9,3.91,56848555.0,222612227.0,35462123213.0,0.0016030781535145077
5004,2021-11-15,3.92,3.94,3.91,3.93,43907846.0,172227018.0,35462123213.0,0.0012381617912799957
5005,2021-11-16,3.93,3.94,3.9,3.92,48945436.0,191919047.0,35462123213.0,0.001380217301316498
5006,2021-11-17,3.92,3.92,3.9,3.9,39304140.0,153723722.0,35462123213.0,0.0011083414200532573
5007,2021-11-18,3.9,3.91,3.89,3.89,37594590.0,146421279.0,35462123213.0,0.0010601336466570695
5008,2021-11-19,3.9,3.93,3.89,3.92,52538824.0,205254991.0,35462123213.0,0.0014815476130526748
5009,2021-11-22,3.92,3.92,3.9,3.9,41569893.0,162377977.0,35462123213.0,0.0011722336181145792
5010,2021-11-23,3.91,3.92,3.9,3.9,46227351.0,180617447.0,35462123213.0,0.001303569747427125
5011,2021-11-24,3.91,3.92,3.9,3.91,36921954.0,144270368.0,35462123213.0,0.0010411659160460207
5012,2021-11-25,3.91,3.91,3.89,3.9,33940565.0,132436282.0,35462123213.0,0.000957093426023566
5013,2021-11-26,3.9,3.91,3.88,3.89,54858069.0,213451711.0,35462123213.0,0.0015469482374335013
5014,2021-11-29,3.88,3.9,3.87,3.89,58853908.0,228578574.0,35462123213.0,0.0016596273056325302
5015,2021-11-30,3.89,3.9,3.88,3.89,41549400.0,161698486.0,35462123213.0,0.0011716557339344102
5016,2021-12-01,3.89,3.91,3.88,3.91,48537975.0,189428642.0,35462123213.0,0.0013687272673568102
5017,2021-12-02,3.91,3.92,3.9,3.91,56198231.0,219838320.0,35462123213.0,0.0015847396012486467
5018,2021-12-03,3.92,3.92,3.9,3.92,53767305.0,210158455.0,35462123213.0,0.0015161896730506404
5019,2021-12-06,3.92,3.94,3.9,3.9,85210814.0,333812983.0,35462123213.0,0.002402868364316176
5020,2021-12-07,3.92,3.93,3.9,3.92,84248402.0,329745283.0,35462123213.0,0.0023757292109660125
5021,2021-12-08,3.93,3.93,3.9,3.91,73303470.0,286587484.0,35462123213.0,0.0020670919662567695
5022,2021-12-09,3.91,3.95,3.9,3.93,165364970.0,649704619.0,35462123213.0,0.00466314351813484
5023,2021-12-10,3.92,3.94,3.9,3.94,223931498.0,878407087.0,35462123213.0,0.0063146669660746465
5024,2021-12-13,3.93,3.94,3.9,3.91,176381759.0,690944424.0,35462123213.0,0.004973807065656478
5025,2021-12-14,3.91,3.91,3.87,3.89,113687960.0,441934069.0,35462123213.0,0.003205898285253358
5026,2021-12-15,3.89,3.9,3.88,3.89,49470481.0,192234491.0,35462123213.0,0.001395023098387541
5027,2021-12-16,3.88,3.9,3.88,3.89,60221939.0,234311228.0,35462123213.0,0.001698204550198036
5028,2021-12-17,3.89,3.9,3.88,3.89,68244020.0,265327367.0,35462123213.0,0.001924420023868806
5029,2021-12-20,3.89,3.89,3.87,3.89,62511271.0,242761825.0,35462123213.0,0.0017627616548657216
5030,2021-12-21,3.88,3.92,3.88,3.91,139960290.0,546278702.0,35462123213.0,0.003946754376756894
5031,2021-12-22,3.91,3.92,3.89,3.9,58679846.0,229122633.0,35462123213.0,0.0016547189136855928
5032,2021-12-23,3.9,3.91,3.9,3.91,43777196.0,170947175.0,35462123213.0,0.001234477578712822
5033,2021-12-24,3.91,3.91,3.89,3.89,58317417.0,227463441.0,35462123213.0,0.0016444987416495557
5034,2021-12-27,3.9,3.91,3.89,3.9,59546528.0,232032887.0,35462123213.0,0.0016791585670812553
5035,2021-12-28,3.9,3.91,3.89,3.91,46116485.0,180116292.0,35462123213.0,0.0013004434258773946
5036,2021-12-29,3.91,3.91,3.9,3.9,45807069.0,178926221.0,35462123213.0,0.0012917181727914043
5037,2021-12-30,3.9,3.91,3.89,3.9,58751700.0,229148719.0,35462123213.0,0.0016567451319006842
5038,2021-12-31,3.89,3.91,3.89,3.9,62798331.0,244702637.0,35462123213.0,0.001770856488846073
5039,2022-01-04,3.9,3.92,3.89,3.91,83885046.0,327881968.0,35462123213.0,0.002365482898363196
5040,2022-01-05,3.91,3.94,3.91,3.93,136384485.0,535465094.0,35462123213.0,0.003845919889816497
5041,2022-01-06,3.92,3.93,3.91,3.92,86306507.0,338260559.0,35462123213.0,0.0024337659220686775
5042,2022-01-07,3.92,3.96,3.91,3.95,136537401.0,538266741.0,35462123213.0,0.003850231983570205
5043,2022-01-10,3.95,3.99,3.95,3.97,115922179.0,459859826.0,35462123213.0,0.0032689012528585508
5044,2022-01-11,3.97,4.01,3.96,3.99,129423568.0,516165673.0,35462123213.0,0.0036496282871341114
5045,2022-01-12,3.99,3.99,3.95,3.97,102237780.0,405572088.0,35462123213.0,0.0028830135010788306
5046,2022-01-13,3.96,4.03,3.96,4.0,133974172.0,536645210.0,35462123213.0,0.0037779512296907997
5047,2022-01-14,3.99,4.0,3.93,3.93,152527594.0,602156978.0,35462123213.0,0.004301141053620985
5048,2022-01-17,3.93,3.95,3.93,3.93,61272858.0,241242099.0,35462123213.0,0.0017278395213949876
5049,2022-01-18,3.94,3.97,3.93,3.96,82673495.0,326465236.0,35462123213.0,0.002331318249147949
5050,2022-01-19,3.95,3.97,3.95,3.96,59407456.0,235102800.0,35462123213.0,0.001675236861684072
5051,2022-01-20,3.96,4.01,3.95,3.99,154313839.0,614637371.0,35462123213.0,0.004351511557081003
5052,2022-01-21,3.98,3.99,3.96,3.97,73251383.0,290531106.0,35462123213.0,0.0020656231596744017
5053,2022-01-24,3.97,3.98,3.95,3.96,81100129.0,321136024.0,35462123213.0,0.0022869507421447804
5054,2022-01-25,3.95,3.96,3.9,3.9,103061949.0,404498563.0,35462123213.0,0.0029062543260866764
5055,2022-01-26,3.9,3.92,3.89,3.91,64695772.0,252648043.0,35462123213.0,0.0018243626195592058
5056,2022-01-27,3.91,3.91,3.88,3.88,68709536.0,267554976.0,35462123213.0,0.001937547156646613
5057,2022-01-28,3.89,3.9,3.87,3.88,77552730.0,301228577.0,35462123213.0,0.002186917278872069
5058,2022-02-07,3.9,3.93,3.89,3.92,78432526.0,306660171.0,35462123213.0,0.0022117267352804062
5059,2022-02-08,3.92,4.0,3.91,3.99,145343048.0,576110938.0,35462123213.0,0.0040985433141442285
5060,2022-02-09,3.98,4.0,3.97,3.98,102238377.0,407357017.0,35462123213.0,0.002883030335942226
5061,2022-02-10,3.98,4.0,3.97,3.99,82910261.0,330574467.0,35462123213.0,0.002337994837534321
5062,2022-02-11,3.99,4.02,3.99,4.01,102264863.0,409795606.0,35462123213.0,0.002883777217335675
5063,2022-02-14,4.0,4.01,3.95,3.96,80169578.0,318228285.0,35462123213.0,0.002260710040356827
5064,2022-02-15,3.95,3.97,3.92,3.94,78856675.0,310925829.0,35462123213.0,0.0022236873558403314
5065,2022-02-16,3.95,3.97,3.94,3.95,52149828.0,206041400.0,35462123213.0,0.001470578275495994
5066,2022-02-17,3.95,3.96,3.94,3.94,55252531.0,218061837.0,35462123213.0,0.0015580717112771484
5067,2022-02-18,3.94,3.97,3.93,3.97,57309950.0,226616863.0,35462123213.0,0.0016160890777964147
5068,2022-02-21,3.96,3.98,3.94,3.97,62836107.0,249103483.0,35462123213.0,0.0017719217380916723
5069,2022-02-22,3.97,3.97,3.95,3.96,53292361.0,211009752.0,35462123213.0,0.0015027966791470524
5070,2022-02-23,3.96,3.96,3.94,3.96,52285168.0,206474823.0,35462123213.0,0.0014743947418476306
5071,2022-02-24,3.95,3.96,3.9,3.91,91739425.0,359719096.0,35462123213.0,0.0025869693263704356
5072,2022-02-25,3.91,3.93,3.9,3.91,60892544.0,238356949.0,35462123213.0,0.0017171150084346193
5073,2022-02-28,3.91,3.92,3.89,3.91,56039848.0,218508856.0,35462123213.0,0.0015802733430088712
5074,2022-03-01,3.91,3.92,3.9,3.91,41710009.0,163186952.0,35462123213.0,0.0011761847633733787
5075,2022-03-02,3.91,3.92,3.9,3.91,39287281.0,153627664.0,35462123213.0,0.001107866011406721
5076,2022-03-03,3.92,3.93,3.91,3.92,47410329.0,186043425.0,35462123213.0,0.0013369286637247915
5077,2022-03-04,3.92,3.92,3.9,3.91,62510425.0,244358968.0,35462123213.0,0.0017627377984261363
5078,2022-03-07,3.91,3.91,3.88,3.89,69880093.0,272364537.0,35462123213.0,0.0019705558119087123
5079,2022-03-08,3.88,3.89,3.84,3.85,108299222.0,418671228.0,35462123213.0,0.0030539407172410584
5080,2022-03-09,3.85,3.86,3.68,3.77,148047331.0,561325885.0,35462123213.0,0.004174801664039326
5081,2022-03-10,3.79,3.8,3.76,3.76,78522239.0,296898670.0,35462123213.0,0.002214256561243199
5082,2022-03-11,3.75,3.78,3.69,3.77,84198130.0,313967186.0,35462123213.0,0.0023743115857522584
5083,2022-03-14,3.75,3.78,3.74,3.74,71857481.0,270000597.0,35462123213.0,0.002026316376162663
5084,2022-03-15,3.73,3.74,3.57,3.57,145706964.0,531738734.0,35462123213.0,0.004108805418243698
5085,2022-03-16,3.61,3.66,3.52,3.64,110081992.0,395588461.0,35462123213.0,0.0031042132288245285
5086,2022-03-17,3.65,3.69,3.64,3.67,85935260.0,314713264.0,35462123213.0,0.00242329709035857
5087,2022-03-18,3.66,3.74,3.64,3.73,91199941.0,337250293.0,35462123213.0,0.002571756362477675
5088,2022-03-21,3.71,3.72,3.67,3.69,55703190.0,205637949.0,35462123213.0,0.0015707798900089509
5089,2022-03-22,3.68,3.75,3.68,3.74,66432147.0,247442501.0,35462123213.0,0.001873326833844138
5090,2022-03-23,3.73,3.77,3.72,3.75,65209609.0,243718539.0,35462123213.0,0.0018388523611043944
5091,2022-03-24,3.74,3.77,3.73,3.77,51297546.0,192560901.0,35462123213.0,0.0014465446891571037
5092,2022-03-25,3.77,3.82,3.76,3.81,73543019.0,279262327.0,35462123213.0,0.002073847032741683
5093,2022-03-28,3.81,3.88,3.78,3.87,77101311.0,295728562.0,35462123213.0,0.002174187668823382
5094,2022-03-29,3.87,3.89,3.85,3.88,67741236.0,262183794.0,35462123213.0,0.0019102419669887914
5095,2022-03-30,3.81,3.82,3.76,3.82,135310325.0,512995570.0,35462123213.0,0.003815629543309376
5096,2022-03-31,3.8,3.85,3.79,3.82,80161050.0,306650959.0,35462123213.0,0.002260469558422094
5097,2022-04-01,3.81,3.87,3.81,3.86,70608496.0,271365310.0,35462123213.0,0.001991096121794415
5098,2022-04-06,3.86,3.92,3.85,3.91,99276775.0,386295705.0,35462123213.0,0.002799515821534518
5099,2022-04-07,3.9,3.91,3.85,3.86,70884014.0,274801217.0,35462123213.0,0.001998865481749123
5100,2022-04-08,3.86,3.87,3.83,3.86,62349976.0,240291639.0,35462123213.0,0.0017582132808433542
5101,2022-04-11,3.86,3.87,3.78,3.79,91593575.0,349579444.0,35462123213.0,0.0025828564874655576
5102,2022-04-12,3.79,3.82,3.75,3.79,78575371.0,297432408.0,35462123213.0,0.002215754835886284
5103,2022-04-13,3.79,3.84,3.78,3.82,66924875.0,254907712.0,35462123213.0,0.0018872213205628399
5104,2022-04-14,3.82,3.84,3.81,3.82,41456574.0,158632597.0,35462123213.0,0.0011690381241696917
5105,2022-04-15,3.82,3.84,3.81,3.83,49875960.0,190908158.0,35462123213.0,0.0014064572417287202
5106,2022-04-18,3.82,3.83,3.76,3.77,56062994.0,212191142.0,35462123213.0,0.0015809260394044303
5107,2022-04-19,3.78,3.78,3.75,3.78,48081039.0,181100175.0,35462123213.0,0.0013558420828669968
5108,2022-04-20,3.77,3.78,3.73,3.74,45940697.0,172530275.0,35462123213.0,0.0012954863622818467
5109,2022-04-21,3.74,3.76,3.68,3.7,63569482.0,237183641.0,35462123213.0,0.0017926022539083665
5110,2022-04-22,3.7,3.74,3.68,3.74,54876099.0,204089943.0,35462123213.0,0.0015474566672275016
5111,2022-04-25,3.73,3.76,3.63,3.64,106955446.0,396356486.0,35462123213.0,0.003016047441874303
5112,2022-04-26,3.65,3.68,3.62,3.63,73352185.0,267735904.0,35462123213.0,0.00206846568547001
5113,2022-04-27,3.62,3.64,3.59,3.64,79065828.0,286215390.0,35462123213.0,0.002229585282446241
5114,2022-04-28,3.64,3.67,3.61,3.64,72980517.0,265508452.0,35462123213.0,0.002057984981938312
5115,2022-04-29,3.65,3.7,3.62,3.7,74580710.0,272698830.0,35462123213.0,0.002103108986228427
5116,2022-05-05,3.68,3.69,3.66,3.68,89000475.0,326841063.0,35462123213.0,0.0025097333982352604
5117,2022-05-06,3.65,3.66,3.62,3.62,56263007.0,204335911.0,35462123213.0,0.0015865662262256942
5118,2022-05-09,3.62,3.64,3.61,3.64,37473885.0,135922148.0,35462123213.0,0.001056729874150979
5119,2022-05-10,3.61,3.66,3.59,3.66,71454886.0,259140624.0,35462123213.0,0.0020149635590292424
5120,2022-05-11,3.65,3.67,3.64,3.66,58221585.0,213022841.0,35462123213.0,0.001641796365386736
5121,2022-05-12,3.65,3.68,3.64,3.67,60193308.0,220870079.0,35462123213.0,0.0016973971817325884
5122,2022-05-13,3.68,3.71,3.67,3.71,56060448.0,207215265.0,35462123213.0,0.0015808542444928648
5123,2022-05-16,3.71,3.74,3.7,3.73,60174571.0,223708811.0,35462123213.0,0.0016968688151740646
5124,2022-05-17,3.73,3.75,3.72,3.73,38904422.0,145278025.0,35462123213.0,0.0010970697317338883
5125,2022-05-18,3.73,3.76,3.72,3.75,50685538.0,189665135.0,35462123213.0,0.0014292866136514713
5126,2022-05-19,3.74,3.79,3.73,3.79,61886930.0,233121189.0,35462123213.0,0.0017451557998454242
5127,2022-05-20,3.79,3.82,3.76,3.78,64164286.0,242913314.0,35462123213.0,0.0018093751920775607
5128,2022-05-23,3.79,3.79,3.77,3.79,44116164.0,166878492.0,35462123213.0,0.001244036171636433
5129,2022-05-24,3.8,3.8,3.76,3.77,55590989.0,210182575.0,35462123213.0,0.0015676159226591653
5130,2022-05-25,3.77,3.82,3.77,3.82,54798883.0,208265269.0,35462123213.0,0.0015452792454319648
5131,2022-05-26,3.82,3.84,3.81,3.84,51712924.0,197915859.0,35462123213.0,0.0014582579754007128
5132,2022-05-27,3.84,3.87,3.84,3.86,58955253.0,227226612.0,35462123213.0,0.0016624851435400713
5133,2022-05-30,3.86,3.87,3.79,3.79,45956791.0,175894156.0,35462123213.0,0.001295940198615992
5134,2022-05-31,3.79,3.81,3.78,3.81,58248432.0,221534889.0,35462123213.0,0.001642553426655706
5135,2022-06-01,3.8,3.81,3.78,3.78,35583637.0,134807609.0,35462123213.0,0.001003426579572524
5136,2022-06-02,3.78,3.79,3.71,3.78,80105168.0,300864792.0,35462123213.0,0.0022588937362508056
5137,2022-06-06,3.76,3.8,3.75,3.8,57135241.0,215560593.0,35462123213.0,0.0016111624410310235
5138,2022-06-07,3.8,3.82,3.79,3.81,46405235.0,176714264.0,35462123213.0,0.0013085859163387145
5139,2022-06-08,3.82,3.83,3.8,3.81,41745790.0,159064243.0,35462123213.0,0.0011771937554121543
5140,2022-06-09,3.82,3.84,3.81,3.84,69831575.0,267193507.0,35462123213.0,0.001969187647918401
5141,2022-06-10,3.83,3.86,3.8,3.85,74418186.0,284832106.0,35462123213.0,0.0020985259555107282
5142,2022-06-13,3.83,3.84,3.81,3.84,61874248.0,236744281.0,35462123213.0,0.001744798178844453
5143,2022-06-14,3.83,3.9,3.82,3.89,79700372.0,307778151.0,35462123213.0,0.002247478852895722
5144,2022-06-15,3.9,3.95,3.89,3.9,108761560.0,426562463.0,35462123213.0,0.0030669782332753636
5145,2022-06-16,3.9,3.91,3.87,3.89,73138872.0,284422371.0,35462123213.0,0.002062450450603255
5146,2022-06-17,3.88,3.91,3.88,3.91,69875651.0,272367360.0,35462123213.0,0.001970430551501338
5147,2022-06-20,3.91,3.92,3.89,3.91,70056077.0,273810268.0,35462123213.0,0.0019755184025280884
5148,2022-06-21,3.92,3.93,3.91,3.92,63493293.0,248937954.0,35462123213.0,0.0017904537925897256
5149,2022-06-22,3.93,3.94,3.9,3.9,77282849.0,303232914.0,35462123213.0,0.002179306877250627
5150,2022-06-23,3.9,3.94,3.9,3.93,98879867.0,387714020.0,35462123213.0,0.002788323372689422
5151,2022-06-24,3.72,3.74,3.69,3.7,111377543.0,413006571.0,35462123213.0,0.003140746602537614
5152,2022-06-27,3.7,3.71,3.68,3.69,70856792.0,261997751.0,35462123213.0,0.001998097845817216
5153,2022-06-28,3.69,3.7,3.68,3.7,54051696.0,199517986.0,35462123213.0,0.0015242092436299833
5154,2022-06-29,3.7,3.73,3.69,3.72,67511964.0,250546973.0,35462123213.0,0.0019037767026665482
5155,2022-06-30,3.72,3.74,3.71,3.72,52454009.0,195436976.0,35462123213.0,0.001479155906287387
5156,2022-07-01,3.72,3.74,3.71,3.71,40590541.0,150887299.0,35462123213.0,0.0011446167719906851
5157,2022-07-04,3.71,3.72,3.68,3.7,46942823.0,173469666.0,35462123213.0,0.0013237454147356667
5158,2022-07-05,3.7,3.71,3.68,3.68,45815846.0,168980516.0,35462123213.0,0.0012919656763023272
5159,2022-07-06,3.69,3.69,3.65,3.67,52451784.0,192359776.0,35462123213.0,0.0014790931632872955
5160,2022-07-07,3.67,3.67,3.65,3.66,36461465.0,133546188.0,35462123213.0,0.001028180540149769
5161,2022-07-08,3.67,3.68,3.66,3.68,33416393.0,122594042.0,35462123213.0,0.0009423122467678399
5162,2022-07-11,3.67,3.71,3.67,3.7,55765095.0,205856247.0,35462123213.0,0.0015725255553665541
5163,2022-07-12,3.69,3.73,3.69,3.72,77198631.0,287179853.0,35462123213.0,0.0021769320053487344
5164,2022-07-13,3.72,3.73,3.7,3.71,57724170.0,214258148.0,35462123213.0,0.001627769709480875
5165,2022-07-14,3.7,3.71,3.66,3.68,68389549.0,251181478.0,35462123213.0,0.00192852381086221
5166,2022-07-15,3.67,3.67,3.62,3.62,62275299.0,227136993.0,35462123213.0,0.0017561074565656746
5167,2022-07-18,3.62,3.67,3.62,3.67,47498214.0,173422029.0,35462123213.0,0.001339406941730655
5168,2022-07-19,3.66,3.67,3.64,3.64,34390787.0,125409682.0,35462123213.0,0.0009697892817481594
5169,2022-07-20,3.65,3.66,3.63,3.64,22523860.0,81996915.0,35462123213.0,0.0006351526067605286
5170,2022-07-21,3.64,3.64,3.62,3.62,35167882.0,127556741.0,35462123213.0,0.0009917026622677761
5171,2022-07-22,3.63,3.64,3.61,3.63,28553887.0,103554622.0,35462123213.0,0.0008051939481596657
5172,2022-07-25,3.63,3.63,3.61,3.61,23612237.0,85352313.0,35462123213.0,0.000665843859888909
5173,2022-07-26,3.61,3.63,3.61,3.63,34844522.0,126165684.0,35462123213.0,0.0009825842009151444
5174,2022-07-27,3.63,3.65,3.62,3.65,32510355.0,118183704.0,35462123213.0,0.0009167627895467377
5175,2022-07-28,3.65,3.66,3.64,3.66,31787487.0,116142780.0,35462123213.0,0.0008963785616859816
5176,2022-07-29,3.66,3.66,3.63,3.64,35246827.0,128453139.0,35462123213.0,0.0009939288403092268
5177,2022-08-01,3.63,3.64,3.61,3.61,27160016.0,98323116.0,35462123213.0,0.000765888038820063
5178,2022-08-02,3.6,3.61,3.55,3.58,58865215.0,210134973.0,35462123213.0,0.0016599461528694001
5179,2022-08-03,3.58,3.64,3.57,3.61,52065152.0,187936905.0,35462123213.0,0.0014681904884057682
5180,2022-08-04,3.61,3.65,3.61,3.64,30698126.0,111613406.0,35462123213.0,0.000865659560642055
5181,2022-08-05,3.64,3.68,3.63,3.68,42248592.0,154572868.0,35462123213.0,0.0011913723198759898
5182,2022-08-08,3.68,3.69,3.63,3.63,30859676.0,112688510.0,35462123213.0,0.0008702151254352194
5183,2022-08-09,3.64,3.64,3.61,3.61,28066282.0,101581416.0,35462123213.0,0.0007914439254362308
5184,2022-08-10,3.61,3.63,3.59,3.59,24403921.0,87984661.0,35462123213.0,0.0006881686370954182
5185,2022-08-11,3.6,3.65,3.59,3.65,30045527.0,108978876.0,35462123213.0,0.0008472568554210443
5186,2022-08-12,3.64,3.65,3.63,3.64,23218453.0,84649228.0,35462123213.0,0.0006547395050358515
5187,2022-08-15,3.64,3.66,3.62,3.62,29238404.0,106467181.0,35462123213.0,0.0008244967122916527
5188,2022-08-16,3.62,3.64,3.61,3.63,24715666.0,89643180.0,35462123213.0,0.0006969595658880213
5189,2022-08-17,3.64,3.66,3.63,3.66,27929968.0,101824334.0,35462123213.0,0.0007875999931600599
5190,2022-08-18,3.65,3.66,3.63,3.65,23894204.0,87044507.0,35462123213.0,0.0006737950758470283
5191,2022-08-19,3.64,3.66,3.61,3.63,46168567.0,168134602.0,35462123213.0,0.0013019120914642569
5192,2022-08-22,3.61,3.63,3.61,3.62,37117963.0,134374400.0,35462123213.0,0.001046693193666221
5193,2022-08-23,3.62,3.62,3.6,3.6,32618472.0,117702668.0,35462123213.0,0.0009198115917673663
5194,2022-08-24,3.6,3.62,3.59,3.59,32247103.0,116131075.0,35462123213.0,0.0009093393197669165
5195,2022-08-25,3.59,3.61,3.59,3.6,37149077.0,133798793.0,35462123213.0,0.001047570580499861
5196,2022-08-26,3.61,3.63,3.6,3.62,48004850.0,173582043.0,35462123213.0,0.0013536936215483562
5197,2022-08-29,3.6,3.61,3.57,3.58,59228763.0,212280888.0,35462123213.0,0.0016701978796996404
5198,2022-08-30,3.58,3.6,3.57,3.59,50319253.0,180610761.0,35462123213.0,0.001418957705881343
5199,2022-08-31,3.59,3.62,3.58,3.6,53734414.0,193780121.0,35462123213.0,0.001515262176414231
5200,2022-09-01,3.61,3.63,3.6,3.61,41597995.0,150549655.0,35462123213.0,0.001173026069255511
5201,2022-09-02,3.62,3.63,3.61,3.62,36056509.0,130497477.0,35462123213.0,0.0010167611449384988
5202,2022-09-05,3.62,3.62,3.6,3.62,27975808.0,100924206.0,35462123213.0,0.0007888926399574517
5203,2022-09-06,3.62,3.64,3.61,3.63,62596977.0,227142906.0,35462123213.0,0.0017651784870301472
5204,2022-09-07,3.62,3.63,3.59,3.6,38440313.0,138575777.0,35462123213.0,0.0010839822750914202
5205,2022-09-08,3.6,3.61,3.59,3.59,41685624.0,149944372.0,35462123213.0,0.0011754971282914764
5206,2022-09-09,3.6,3.62,3.59,3.61,47529262.0,171493943.0,35462123213.0,0.001340282467423618
5207,2022-09-13,3.62,3.63,3.61,3.62,45021072.0,163194126.0,35462123213.0,0.0012695537638732189
5208,2022-09-14,3.61,3.63,3.6,3.61,43265584.0,156403846.0,35462123213.0,0.0012200505801677251
5209,2022-09-15,3.61,3.63,3.6,3.62,61516477.0,222675546.0,35462123213.0,0.0017347093582216414
5210,2022-09-16,3.62,3.62,3.55,3.57,77275319.0,277048673.0,35462123213.0,0.0021790945380188564
5211,2022-09-19,3.57,3.57,3.5,3.51,61858582.0,218664771.0,35462123213.0,0.0017443564117256062
5212,2022-09-20,3.52,3.54,3.5,3.5,38095075.0,133860430.0,35462123213.0,0.0010742468738035062
5213,2022-09-21,3.5,3.52,3.47,3.51,40133463.0,140268934.0,35462123213.0,0.0011317275832285062
5214,2022-09-22,3.5,3.51,3.49,3.5,33920260.0,118567526.0,35462123213.0,0.0009565208432744159
5215,2022-09-23,3.5,3.52,3.49,3.52,49471455.0,173333076.0,35462123213.0,0.0013950505643120755
5216,2022-09-26,3.51,3.52,3.43,3.44,71849911.0,249737976.0,35462123213.0,0.0020261029089668455
5217,2022-09-27,3.44,3.45,3.41,3.44,50524963.0,173285790.0,35462123213.0,0.0014247585429819425
5218,2022-09-28,3.43,3.45,3.4,3.42,66468732.0,227465522.0,35462123213.0,0.00187435849796025
5219,2022-09-29,3.43,3.44,3.37,3.38,43225462.0,147088727.0,35462123213.0,0.0012189191758307932
5220,2022-09-30,3.38,3.41,3.38,3.39,52252249.0,177142714.0,35462123213.0,0.0014734664556363883
5221,2022-10-10,3.39,3.44,3.38,3.4,53422440.0,182198777.0,35462123213.0,0.001506464790027461
5222,2022-10-11,3.41,3.42,3.4,3.42,39192846.0,133661153.0,35462123213.0,0.0011052030292882282
5223,2022-10-12,3.41,3.43,3.39,3.43,47325439.0,161092826.0,35462123213.0,0.0013345348420269164
5224,2022-10-13,3.41,3.42,3.39,3.4,34147568.0,116171198.0,35462123213.0,0.0009629307245619715
5225,2022-10-14,3.41,3.44,3.4,3.42,41781258.0,143050187.0,35462123213.0,0.0011781939211322654
5226,2022-10-17,3.41,3.42,3.39,3.41,45030902.0,153293037.0,35462123213.0,0.0012698309610376685
5227,2022-10-18,3.42,3.42,3.39,3.4,45622415.0,155245306.0,35462123213.0,0.0012865110959649295
5228,2022-10-19,3.4,3.41,3.39,3.4,30190409.0,102691915.0,35462123213.0,0.0008513423975959947
5229,2022-10-20,3.4,3.41,3.38,3.38,68663832.0,232910833.0,35462123213.0,0.0019362583449269795
5230,2022-10-21,3.39,3.4,3.35,3.36,58489927.0,197557049.0,35462123213.0,0.0016493633685914857
5231,2022-10-24,3.36,3.37,3.31,3.31,91488652.0,304719871.0,35462123213.0,0.0025798977531740494
5232,2022-10-25,3.31,3.33,3.29,3.32,60468329.0,199905467.0,35462123213.0,0.0017051525267340174
5233,2022-10-26,3.32,3.35,3.31,3.31,46398162.0,154245234.0,35462123213.0,0.0013083864640961761
5234,2022-10-27,3.31,3.33,3.31,3.32,31895058.0,105993186.0,35462123213.0,0.0008994119671973743
5235,2022-10-28,3.32,3.33,3.28,3.29,44816163.0,148163546.0,35462123213.0,0.0012637755142526526
5236,2022-10-31,3.29,3.31,3.27,3.3,49154243.0,161673326.0,35462123213.0,0.0013861054710334047
5237,2022-11-01,3.3,3.35,3.29,3.35,78943755.0,262954883.0,35462123213.0,0.002226142933569757
5238,2022-11-02,3.34,3.39,3.33,3.37,76651110.0,258041293.0,35462123213.0,0.002161492405279913
5239,2022-11-03,3.37,3.38,3.36,3.38,59771483.0,201369646.0,35462123213.0,0.0016855020958837703
5240,2022-11-04,3.37,3.43,3.37,3.43,86060590.0,293875664.0,35462123213.0,0.0024268312837075474
5241,2022-11-07,3.42,3.43,3.4,3.41,57638795.0,196423924.0,35462123213.0,0.001625362211218935
5242,2022-11-08,3.41,3.42,3.39,3.41,70815488.0,241211880.0,35462123213.0,0.0019969331101427077
5243,2022-11-09,3.41,3.42,3.39,3.39,23245220.0,79034211.0,35462123213.0,0.0006554943103767282
5244,2022-11-10,3.39,3.4,3.38,3.39,23942831.0,81187695.0,35462123213.0,0.0006751663135393664
5245,2022-11-11,3.41,3.46,3.41,3.44,61638496.0,211510322.0,35462123213.0,0.0017381501843466622
5246,2022-11-14,3.45,3.49,3.44,3.45,66726670.0,231510313.0,35462123213.0,0.0018816321177164818
5247,2022-11-15,3.45,3.49,3.44,3.48,55614899.0,192976383.0,35462123213.0,0.0015682901631680144
5248,2022-11-16,3.47,3.48,3.44,3.45,31021281.0,107141918.0,35462123213.0,0.0008747722411789478
5249,2022-11-17,3.44,3.45,3.41,3.43,42431038.0,145416782.0,35462123213.0,0.0011965171330870926
5250,2022-11-18,3.43,3.43,3.4,3.4,71203698.0,243125433.0,35462123213.0,0.002007880283205873
5251,2022-11-21,3.4,3.43,3.37,3.41,74066525.0,251887665.0,35462123213.0,0.002088609431396033
5252,2022-11-22,3.4,3.47,3.4,3.46,89258777.0,307671985.0,35462123213.0,0.002517017282464316
5253,2022-11-23,3.47,3.51,3.44,3.46,102388765.0,355533431.0,35462123213.0,0.0028872711423681896
5254,2022-11-24,3.47,3.48,3.45,3.47,65528214.0,227246328.0,35462123213.0,0.0018478367357309875
5255,2022-11-25,3.46,3.53,3.45,3.52,104380809.0,366267139.0,35462123213.0,0.0029434449926488107
5256,2022-11-28,3.5,3.51,3.44,3.45,82844794.0,286349548.0,35462123213.0,0.0023361487269783683
5257,2022-11-29,3.46,3.55,3.46,3.52,106445700.0,373638705.0,35462123213.0,0.00300167306285198
5258,2022-11-30,3.53,3.56,3.51,3.52,80609069.0,284597034.0,35462123213.0,0.0022731032915268216
5259,2022-12-01,3.54,3.56,3.5,3.51,67187644.0,236785938.0,35462123213.0,0.0018946311701767986
5260,2022-12-02,3.51,3.52,3.49,3.49,49974021.0,175046247.0,35462123213.0,0.001409222473788036
5261,2022-12-05,3.51,3.56,3.5,3.55,82021630.0,290415112.0,35462123213.0,0.0023129362420671934
5262,2022-12-06,3.54,3.59,3.54,3.58,69548317.0,248562391.0,35462123213.0,0.001961200026920678
5263,2022-12-07,3.58,3.6,3.55,3.56,66856522.0,238798105.0,35462123213.0,0.0018852938274009261
5264,2022-12-08,3.55,3.59,3.55,3.56,45953517.0,163850572.0,35462123213.0,0.0012958478747587786
5265,2022-12-09,3.57,3.59,3.56,3.57,56518934.0,202123561.0,35462123213.0,0.0015937831375894835
5266,2022-12-12,3.57,3.58,3.5,3.51,59212344.0,209148237.0,35462123213.0,0.0016697348786576165
5267,2022-12-13,3.52,3.53,3.5,3.51,66017702.0,231991142.0,35462123213.0,0.0018616398573619156
5268,2022-12-14,3.52,3.52,3.49,3.51,65940523.0,231048672.0,35462123213.0,0.001859463478933122
5269,2022-12-15,3.5,3.51,3.47,3.47,52439092.0,182566919.0,35462123213.0,0.0014787352602953125
5270,2022-12-16,3.46,3.51,3.46,3.51,62270403.0,217587338.0,35462123213.0,0.001755969393766372
5271,2022-12-19,3.51,3.52,3.44,3.45,59564038.0,207018284.0,35462123213.0,0.00167965233334265
5272,2022-12-20,3.44,3.47,3.42,3.42,52639820.0,181151032.0,35462123213.0,0.0014843956094739092
5273,2022-12-21,3.42,3.44,3.41,3.42,35354535.0,121039942.0,35462123213.0,0.000996966109097479
5274,2022-12-22,3.43,3.45,3.41,3.43,28636744.0,98282467.0,35462123213.0,0.0008075304410848729
5275,2022-12-23,3.42,3.44,3.41,3.41,31170986.0,106722317.0,35462123213.0,0.0008789937876188158
5276,2022-12-26,3.42,3.43,3.39,3.4,35597524.0,121213909.0,35462123213.0,0.001003818180490399
5277,2022-12-27,3.4,3.44,3.4,3.43,34161622.0,117015803.0,35462123213.0,0.0009633270347297408
5278,2022-12-28,3.42,3.45,3.42,3.43,36567971.0,125692481.0,35462123213.0,0.0010311839136184211
5279,2022-12-29,3.43,3.45,3.4,3.43,50128698.0,171585992.0,35462123213.0,0.0014135842261588953
5280,2022-12-30,3.43,3.47,3.42,3.45,45990318.0,158862838.0,35462123213.0,0.0012968856298807424
5281,2023-01-03,3.46,3.46,3.42,3.44,58477549.0,201231771.0,35462123213.0,0.0016490143201172685
5282,2023-01-04,3.45,3.48,3.44,3.47,55369288.0,192063423.0,35462123213.0,0.0015613641537318404
5283,2023-01-05,3.47,3.49,3.47,3.48,51002064.0,177603825.0,35462123213.0,0.001438212362346743
5284,2023-01-06,3.49,3.49,3.45,3.47,50040998.0,173473525.0,35462123213.0,0.0014111111649867472
5285,2023-01-09,3.47,3.48,3.45,3.46,52517759.0,182102932.0,35462123213.0,0.0014809535989866395
5286,2023-01-10,3.47,3.47,3.43,3.43,47414081.0,163347405.0,35462123213.0,0.0013370344667523616
5287,2023-01-11,3.44,3.45,3.43,3.44,49608421.0,170611044.0,35462123213.0,0.0013989128824022058
5288,2023-01-12,3.43,3.44,3.41,3.41,42177786.0,144147694.0,35462123213.0,0.001189375654318919
5289,2023-01-13,3.41,3.45,3.41,3.45,41673564.0,142997723.0,35462123213.0,0.0011751570471314294
5290,2023-01-16,3.45,3.49,3.44,3.47,66494082.0,230651892.0,35462123213.0,0.0018750733451747765
5291,2023-01-17,3.48,3.48,3.45,3.47,35575934.0,123079823.0,35462123213.0,0.001003209361896252
5292,2023-01-18,3.47,3.48,3.46,3.48,34456114.0,119536025.0,35462123213.0,0.0009716314444299486
5293,2023-01-19,3.47,3.49,3.45,3.48,34139100.0,118379986.0,35462123213.0,0.0009626919345733085
5294,2023-01-20,3.48,3.5,3.47,3.5,45358218.0,158216474.0,35462123213.0,0.0012790609780345078
5295,2023-01-30,3.52,3.53,3.49,3.5,56405171.0,197745260.0,35462123213.0,0.0015905751232436788
5296,2023-01-31,3.49,3.5,3.48,3.49,49795720.0,173825050.0,35462123213.0,0.0014041945458512612
5297,2023-02-01,3.49,3.5,3.47,3.5,56174252.0,195843889.0,35462123213.0,0.0015840634150018173
5298,2023-02-02,3.5,3.5,3.47,3.48,50780520.0,176908839.0,35462123213.0,0.001431965020678301
5299,2023-02-03,3.48,3.49,3.44,3.45,64229392.0,222020481.0,35462123213.0,0.0018112111227579926
5300,2023-02-06,3.44,3.45,3.43,3.43,46346364.0,159195703.0,35462123213.0,0.0013069258070540447
5301,2023-02-07,3.44,3.45,3.43,3.44,50144817.0,172599270.0,35462123213.0,0.0014140387674705698
5302,2023-02-08,3.45,3.45,3.43,3.44,31407714.0,108042108.0,35462123213.0,0.0008856693044393433
5303,2023-02-09,3.43,3.45,3.43,3.45,37810864.0,130188032.0,35462123213.0,0.0010662323790623731
5304,2023-02-10,3.45,3.45,3.44,3.44,30264763.0,104191820.0,35462123213.0,0.000853439113563998
5305,2023-02-13,3.45,3.45,3.43,3.44,43453274.0,149508000.0,35462123213.0,0.0012253432694653357
5306,2023-02-14,3.45,3.46,3.44,3.45,50172200.0,173197154.0,35462123213.0,0.0014148109434577638
5307,2023-02-15,3.46,3.46,3.44,3.44,27798247.0,95762311.0,35462123213.0,0.0007838855793555386
5308,2023-02-16,3.44,3.46,3.43,3.43,53640010.0,184899892.0,35462123213.0,0.0015126000684678744
5309,2023-02-17,3.44,3.45,3.42,3.42,44356799.0,152354267.0,35462123213.0,0.0012508218623452111
5310,2023-02-20,3.43,3.45,3.42,3.45,55811905.0,191943813.0,35462123213.0,0.001573845555292076
5311,2023-02-21,3.45,3.46,3.44,3.46,81562600.0,281376682.0,35462123213.0,0.002299992008659541
5312,2023-02-22,3.45,3.45,3.43,3.43,55686564.0,191521660.0,35462123213.0,0.0015703110517529858
5313,2023-02-23,3.44,3.44,3.43,3.43,34554724.0,118678855.0,35462123213.0,0.000974412157795804
5314,2023-02-24,3.43,3.44,3.41,3.41,51203141.0,175334592.0,35462123213.0,0.001443882553011646
5315,2023-02-27,3.41,3.42,3.4,3.4,40370273.0,137605665.0,35462123213.0,0.0011384054123753293
5316,2023-02-28,3.4,3.42,3.4,3.41,39666714.0,135148512.0,35462123213.0,0.0011185656809589632
5317,2023-03-01,3.41,3.44,3.4,3.43,54758255.0,187554693.0,35462123213.0,0.0015441335723498436
5318,2023-03-02,3.43,3.44,3.42,3.43,64751100.0,222041168.0,35462123213.0,0.0018259228194284487
5319,2023-03-03,3.43,3.46,3.43,3.46,100327299.0,345745012.0,35462123213.0,0.0028291396540865094
5320,2023-03-06,3.46,3.46,3.43,3.44,80029881.0,275474834.0,35462123213.0,0.0022567707105214155
5321,2023-03-07,3.44,3.49,3.43,3.45,169121363.0,586258890.0,35462123213.0,0.004769070424356376
5322,2023-03-08,3.44,3.45,3.42,3.44,70391870.0,241511508.0,35462123213.0,0.0019849874633055013
5323,2023-03-09,3.44,3.46,3.43,3.43,57078608.0,196474386.0,35462123213.0,0.0016095654413347605
5324,2023-03-10,3.43,3.44,3.4,3.4,61866946.0,211272638.0,35462123213.0,0.001744592269007748
5325,2023-03-13,3.39,3.41,3.38,3.4,80342335.0,272611337.0,35462123213.0,0.0022655816324767446
5326,2023-03-14,3.39,3.4,3.37,3.38,60903895.0,206039060.0,35462123213.0,0.0017174350964319401
5327,2023-03-15,3.39,3.4,3.38,3.39,46569294.0,157981487.0,35462123213.0,0.001313212232676701
5328,2023-03-16,3.39,3.43,3.38,3.4,83394256.0,284014086.0,35462123213.0,0.002351643061502551
5329,2023-03-17,3.41,3.43,3.39,3.39,104504612.0,356208145.0,35462123213.0,0.0029469361259703095
5330,2023-03-20,3.39,3.43,3.39,3.4,86472206.0,295154904.0,35462123213.0,0.0024384384849325744
5331,2023-03-21,3.41,3.43,3.4,3.4,58867737.0,200701513.0,35462123213.0,0.0016600172710025376
5332,2023-03-22,3.41,3.43,3.4,3.42,61039049.0,208876127.0,35462123213.0,0.00172124631775076
5333,2023-03-23,3.42,3.46,3.42,3.46,94762237.0,326429142.0,35462123213.0,0.0026722099077604376
5334,2023-03-24,3.46,3.46,3.44,3.44,57992075.0,200197385.0,35462123213.0,0.0016353243896784157
5335,2023-03-27,3.45,3.46,3.42,3.43,58594493.0,201247549.0,35462123213.0,0.0016523120358038783
5336,2023-03-28,3.44,3.45,3.42,3.44,55746672.0,191633246.0,35462123213.0,0.0015720060433257962
5337,2023-03-29,3.44,3.46,3.43,3.43,51739343.0,178019772.0,35462123213.0,0.0014590029674543842
5338,2023-03-30,3.44,3.48,3.43,3.48,91083138.0,314946401.0,35462123213.0,0.002568462622864329
5339,2023-03-31,3.47,3.48,3.44,3.45,61889629.0,213941073.0,35462123213.0,0.0017452319092194678
5340,2023-04-03,3.45,3.46,3.44,3.45,59828226.0,206558155.0,35462123213.0,0.0016871021974811612
5341,2023-04-04,3.46,3.47,3.45,3.47,51214215.0,177325034.0,35462123213.0,0.0014441948298579445
5342,2023-04-06,3.47,3.47,3.45,3.46,32701967.0,113060124.0,35462123213.0,0.0009221660757191166
5343,2023-04-07,3.45,3.46,3.45,3.46,26289714.0,90805106.0,35462123213.0,0.000741346304678184
5344,2023-04-10,3.46,3.46,3.45,3.46,35630179.0,123076612.0,35462123213.0,0.0010047390221389336
5345,2023-04-11,3.46,3.46,3.45,3.45,42740887.0,147615161.0,35462123213.0,0.0012052545963838874
5346,2023-04-12,3.46,3.47,3.45,3.47,42370929.0,146774199.0,35462123213.0,0.0011948221133151811
5347,2023-04-13,3.47,3.49,3.46,3.48,60168129.0,208985189.0,35462123213.0,0.0016966871565643612
5348,2023-04-14,3.48,3.49,3.47,3.48,51218620.0,178219335.0,35462123213.0,0.0014443190468985752
5349,2023-04-17,3.48,3.52,3.47,3.52,74014278.0,259091996.0,35462123213.0,0.0020871361129574787
5350,2023-04-18,3.51,3.58,3.51,3.57,107736732.0,383323977.0,35462123213.0,0.0030380790048269014
5351,2023-04-19,3.57,3.62,3.56,3.57,96787374.0,346706831.0,35462123213.0,0.0027293169508959035
5352,2023-04-20,3.58,3.61,3.56,3.61,85436556.0,306662366.0,35462123213.0,0.0024092340858113074
5353,2023-04-21,3.61,3.62,3.55,3.56,101056907.0,362492689.0,35462123213.0,0.002849713943889116
5354,2023-04-24,3.56,3.6,3.56,3.56,70104795.0,250910184.0,35462123213.0,0.0019768922063386324
5355,2023-04-25,3.57,3.62,3.56,3.62,101930284.0,367014750.0,35462123213.0,0.0028743423902670767
5356,2023-04-26,3.62,3.62,3.56,3.59,75567901.0,271429686.0,35462123213.0,0.002130946885106352
5357,2023-04-27,3.59,3.62,3.59,3.62,73050430.0,263455719.0,35462123213.0,0.0020599564656980426
5358,2023-04-28,3.61,3.65,3.6,3.63,82607712.0,299950511.0,35462123213.0,0.0023294632276760286
5359,2023-05-04,3.66,3.99,3.65,3.99,535321365.0,2078732013.0,35462123213.0,0.015095581327283794
5360,2023-05-05,4.09,4.24,4.05,4.15,842587792.0,3505164260.0,35462123213.0,0.02376021838678619
5361,2023-05-08,4.13,4.52,4.13,4.44,912082306.0,3960533058.0,35462123213.0,0.025719901217466902
5362,2023-05-09,4.44,4.48,4.27,4.3,680695941.0,2979614104.0,35462123213.0,0.019195013702689546
5363,2023-05-10,4.3,4.32,4.12,4.18,442514136.0,1854358902.0,35462123213.0,0.01247850088789324
5364,2023-05-11,4.15,4.25,4.14,4.15,241886937.0,1010615526.0,35462123213.0,0.006820994206893034
5365,2023-05-12,4.13,4.18,4.08,4.09,204890746.0,843129489.0,35462123213.0,0.005777734874173847
5366,2023-05-15,4.09,4.11,3.97,4.09,244456110.0,986747530.0,35462123213.0,0.006893442576229763
5367,2023-05-16,4.1,4.14,4.04,4.06,173968885.0,710280462.0,35462123213.0,0.004905766187632697
5368,2023-05-17,4.05,4.08,4.0,4.04,111931843.0,451995724.0,35462123213.0,0.003156377364313231
5369,2023-05-18,4.06,4.12,4.04,4.06,172311116.0,702693220.0,35462123213.0,0.004859018591893922
5370,2023-05-19,4.06,4.06,4.0,4.03,140080025.0,564020952.0,35462123213.0,0.003950130796134855
5371,2023-05-22,4.02,4.07,4.02,4.05,132892918.0,537158075.0,35462123213.0,0.0037474608387600156
5372,2023-05-23,4.05,4.08,3.97,3.98,134974894.0,542303785.0,35462123213.0,0.0038061706906065843
5373,2023-05-24,3.98,3.98,3.9,3.91,188118109.0,740316089.0,35462123213.0,0.00530476158661132
5374,2023-05-25,3.89,3.92,3.87,3.91,113068922.0,440362803.0,35462123213.0,0.0031884419700665373
5375,2023-05-26,3.92,3.94,3.85,3.9,97994487.0,381186484.0,35462123213.0,0.002763356452500181
5376,2023-05-29,3.91,3.97,3.9,3.94,100864900.0,396813859.0,35462123213.0,0.002844299519071777
5377,2023-05-30,3.93,3.96,3.9,3.92,93157739.0,365606201.0,35462123213.0,0.002626964506339808
5378,2023-05-31,3.92,3.97,3.9,3.96,93995729.0,370520747.0,35462123213.0,0.002650595071124852
5379,2023-06-01,3.94,3.95,3.89,3.91,96304908.0,377252278.0,35462123213.0,0.002715711843353354
5380,2023-06-02,3.92,3.94,3.9,3.93,67288669.0,263765281.0,35462123213.0,0.0018974799843719668
5381,2023-06-05,3.93,4.01,3.91,4.0,97775327.0,388968537.0,35462123213.0,0.002757176337488916
5382,2023-06-06,3.99,4.03,3.95,3.96,80001777.0,319310008.0,35462123213.0,0.0022559782029822817
5383,2023-06-07,3.96,4.01,3.96,3.98,57140655.0,227750708.0,35462123213.0,0.0016113151109647293
5384,2023-06-08,3.99,4.06,3.95,4.05,111527767.0,447767143.0,35462123213.0,0.003144982784310986
5385,2023-06-09,4.04,4.06,4.0,4.01,76548765.0,308079918.0,35462123213.0,0.002158606368271207
5386,2023-06-12,4.02,4.02,3.96,3.96,87274401.0,346922963.0,35462123213.0,0.002461059662891426
5387,2023-06-13,3.96,3.98,3.94,3.96,61590485.0,243877656.0,35462123213.0,0.0017367963173006418
5388,2023-06-14,3.97,3.98,3.92,3.93,82628612.0,325631318.0,35462123213.0,0.002330052588890372
5389,2023-06-15,3.93,3.95,3.92,3.94,53827912.0,211757052.0,35462123213.0,0.0015178987359749322
5390,2023-06-16,3.94,3.97,3.93,3.94,84094426.0,331843626.0,35462123213.0,0.0023713872261650697
5391,2023-06-19,3.94,3.95,3.9,3.9,78857094.0,308534852.0,35462123213.0,0.0022236991712637193
5392,2023-06-20,3.91,3.92,3.89,3.9,61434424.0,240020033.0,35462123213.0,0.0017323955373737706
5393,2023-06-21,3.9,3.98,3.89,3.92,111478047.0,439901220.0,35462123213.0,0.0031435807250010752
5394,2023-06-26,3.72,3.72,3.64,3.67,110643629.0,407173129.0,35462123213.0,0.003120050887405392
5395,2023-06-27,3.67,3.76,3.65,3.74,84297521.0,313808508.0,35462123213.0,0.0023771143226161235
5396,2023-06-28,3.74,3.76,3.71,3.72,45061712.0,167858415.0,35462123213.0,0.001270699775344554
5397,2023-06-29,3.72,3.75,3.7,3.74,40568065.0,151369696.0,35462123213.0,0.0011439829689929063
5398,2023-06-30,3.74,3.77,3.73,3.75,44368834.0,166668910.0,35462123213.0,0.0012511612385277288
5399,2023-07-03,3.75,3.81,3.75,3.8,58253649.0,220534050.0,35462123213.0,0.0016427005413664824
5400,2023-07-04,3.8,3.81,3.75,3.77,42567558.0,160642755.0,35462123213.0,0.0012003668743781036
5401,2023-07-05,3.76,3.78,3.75,3.75,33755861.0,126987762.0,35462123213.0,0.0009518849392420332
5402,2023-07-06,3.75,3.77,3.73,3.74,41502295.0,155542991.0,35462123213.0,0.0011703274152740448
5403,2023-07-07,3.74,3.78,3.74,3.77,46610878.0,175454461.0,35462123213.0,0.0013143848640995359
5404,2023-07-10,3.77,3.78,3.72,3.73,47042516.0,175975267.0,35462123213.0,0.0013265566677280835
5405,2023-07-11,3.73,3.78,3.72,3.78,48024435.0,180795654.0,35462123213.0,0.0013542459009446676
5406,2023-07-12,3.77,3.8,3.76,3.77,40460351.0,152865327.0,35462123213.0,0.0011409455310100471
5407,2023-07-13,3.78,3.82,3.77,3.82,43651119.0,166056544.0,35462123213.0,0.0012309223206352746
5408,2023-07-14,3.81,3.87,3.81,3.86,66378201.0,255708929.0,35462123213.0,0.0018718056051327046
5409,2023-07-17,3.84,3.88,3.82,3.88,47695308.0,183773731.0,35462123213.0,0.0013449648153756192
5410,2023-07-18,3.88,3.91,3.85,3.89,59955074.0,232699508.0,35462123213.0,0.0016906791970657067
5411,2023-07-19,3.89,3.93,3.87,3.92,49598440.0,193486200.0,35462123213.0,0.0013986314271734804
5412,2023-07-20,3.92,3.95,3.9,3.91,57499917.0,225761444.0,35462123213.0,0.0016214459764473776
5413,2023-07-21,3.91,3.93,3.9,3.93,45714141.0,179185745.0,35462123213.0,0.001289097686718367
5414,2023-07-24,3.92,3.94,3.9,3.91,44980191.0,176318648.0,35462123213.0,0.001268400956418503
5415,2023-07-25,3.92,3.96,3.92,3.93,66639889.0,262109508.0,35462123213.0,0.0018791849715183043
5416,2023-07-26,3.93,3.95,3.91,3.93,49161679.0,193185946.0,35462123213.0,0.0013863151595496657
5417,2023-07-27,3.93,3.97,3.93,3.94,52674042.0,207911715.0,35462123213.0,0.001485360639113969
5418,2023-07-28,3.94,4.03,3.93,4.02,125362675.0,500335426.0,35462123213.0,0.003535114754607911
5419,2023-07-31,4.02,4.06,3.99,4.02,108676511.0,437060846.0,35462123213.0,0.0030645799279204033
5420,2023-08-01,4.02,4.03,3.99,4.01,71408926.0,286232942.0,35462123213.0,0.002013667528339711
5421,2023-08-02,4.01,4.01,3.94,3.96,105506178.0,418378168.0,35462123213.0,0.002975179386927477
5422,2023-08-03,3.95,4.0,3.95,4.0,74067018.0,294222809.0,35462123213.0,0.0020886233335529075
5423,2023-08-04,4.0,4.04,3.98,3.99,109651264.0,439860288.0,35462123213.0,0.003092067086378041
5424,2023-08-07,3.98,3.99,3.94,3.97,77884504.0,308309203.0,35462123213.0,0.0021962730074619008
5425,2023-08-08,3.95,3.99,3.94,3.96,62237941.0,246655918.0,35462123213.0,0.0017550539945443621
5426,2023-08-09,3.96,4.01,3.95,4.0,85894036.0,342996016.0,35462123213.0,0.0024221346106121544
5427,2023-08-10,4.0,4.02,3.97,4.02,64311635.0,257088346.0,35462123213.0,0.0018135303014350846
5428,2023-08-11,4.03,4.04,3.95,3.96,81599513.0,325659129.0,35462123213.0,0.002301032922080835
5429,2023-08-14,3.93,3.93,3.87,3.88,92523266.0,360738201.0,35462123213.0,0.00260907293802651
5430,2023-08-15,3.89,4.01,3.89,3.99,128578750.0,509372605.0,35462123213.0,0.003625805178886315
5431,2023-08-16,3.98,4.02,3.94,3.98,69602459.0,276993294.0,35462123213.0,0.0019627267826559398
5432,2023-08-17,3.98,4.0,3.92,3.94,94624912.0,373409013.0,35462123213.0,0.002668337466192989
5433,2023-08-18,3.94,4.02,3.93,3.97,97339589.0,388508290.0,35462123213.0,0.0027448889175455925
5434,2023-08-21,3.97,4.0,3.92,3.92,79856394.0,315905881.0,35462123213.0,0.0022518785330576476
5435,2023-08-22,3.93,4.0,3.92,3.99,92892976.0,369040406.0,35462123213.0,0.002619498427718127
5436,2023-08-23,3.99,4.02,3.97,3.99,87503812.0,349795716.0,35462123213.0,0.002467528846888731
5437,2023-08-24,3.98,4.0,3.94,3.96,76584198.0,303710482.0,35462123213.0,0.0021596055470227775
5438,2023-08-25,3.95,4.02,3.95,4.0,91175346.0,364849214.0,35462123213.0,0.002571062805584528
5439,2023-08-28,4.12,4.16,4.0,4.01,162079730.0,657153639.0,35462123213.0,0.004570502703024377
5440,2023-08-29,4.01,4.03,3.95,3.97,114683165.0,456547467.0,35462123213.0,0.0032339621717280167
5441,2023-08-30,3.96,3.98,3.92,3.93,72603776.0,285920596.0,35462123213.0,0.0020473612243664054
5442,2023-08-31,3.89,3.91,3.78,3.78,177017798.0,678512677.0,35462123213.0,0.0049917427937622005
5443,2023-09-01,3.79,3.84,3.78,3.82,57906497.0,220943429.0,35462123213.0,0.0016329111669989391
5444,2023-09-04,3.83,3.92,3.82,3.88,80354745.0,311710652.0,35462123213.0,0.0022659315833221992
5445,2023-09-05,3.88,3.88,3.82,3.82,58508007.0,224527239.0,35462123213.0,0.0016498732083405443
5446,2023-09-06,3.82,3.83,3.79,3.8,55419611.0,210682664.0,35462123213.0,0.0015627832170997539
5447,2023-09-07,3.8,3.8,3.76,3.78,65640468.0,248300589.0,35462123213.0,0.0018510021976331347
5448,2023-09-08,3.77,3.79,3.76,3.78,42584294.0,160818438.0,35462123213.0,0.0012008388145351967
5449,2023-09-11,3.79,3.81,3.78,3.8,71842784.0,272608861.0,35462123213.0,0.0020259019339728445
5450,2023-09-12,3.8,3.81,3.78,3.79,38747707.0,146781984.0,35462123213.0,0.0010926505095948554
5451,2023-09-13,3.79,3.81,3.78,3.78,44413098.0,168316820.0,35462123213.0,0.001252409443541685
5452,2023-09-14,3.79,3.86,3.78,3.85,97446518.0,373096559.0,35462123213.0,0.0027479042192340374
5453,2023-09-15,3.84,3.86,3.78,3.78,81078815.0,308749061.0,35462123213.0,0.0022863497065025553
5454,2023-09-18,3.79,3.8,3.76,3.8,57120843.0,215974640.0,35462123213.0,0.0016107564303724535
5455,2023-09-19,3.79,3.84,3.79,3.83,87458403.0,333769093.0,35462123213.0,0.0024662483539039416
5456,2023-09-20,3.83,3.87,3.82,3.85,59669593.0,229813100.0,35462123213.0,0.0016826288894660946
5457,2023-09-21,3.85,3.87,3.82,3.82,59450092.0,228091596.0,35462123213.0,0.001676439158561332
5458,2023-09-22,3.83,3.84,3.79,3.83,65471910.0,250026232.0,35462123213.0,0.0018462490135390077
5459,2023-09-25,3.83,3.87,3.82,3.85,70978257.0,273474133.0,35462123213.0,0.002001523049640192
5460,2023-09-26,3.86,3.86,3.82,3.82,36980529.0,141840290.0,35462123213.0,0.0010428176783967456
5461,2023-09-27,3.83,3.85,3.81,3.82,41687314.0,159475679.0,35462123213.0,0.0011755447847724447
5462,2023-09-28,3.82,3.85,3.81,3.84,44039083.0,168810816.0,35462123213.0,0.0012418625567195533
5463,2023-10-09,3.8,3.81,3.65,3.66,142669712.0,528545404.0,35462123213.0,0.004023157641832877
5464,2023-10-10,3.67,3.69,3.63,3.65,68536161.0,250609694.0,35462123213.0,0.0019326581374821755
5465,2023-10-11,3.65,3.73,3.65,3.71,83380011.0,308430312.0,35462123213.0,0.002351241365306459
5466,2023-10-12,3.74,3.78,3.73,3.74,88519470.0,332334373.0,35462123213.0,0.0024961694895795127
5467,2023-10-13,3.74,3.77,3.72,3.74,60753645.0,227484755.0,35462123213.0,0.0017131981814819375
5468,2023-10-16,3.75,3.78,3.73,3.77,65990518.0,248225550.0,35462123213.0,0.0018608732929958534
5469,2023-10-17,3.78,3.79,3.76,3.77,48176788.0,181991483.0,35462123213.0,0.00135854211860442
5470,2023-10-18,3.77,3.79,3.75,3.75,42258450.0,159117871.0,35462123213.0,0.0011916503066152718
5471,2023-10-19,3.74,3.75,3.65,3.65,79576379.0,293428771.0,35462123213.0,0.002243982361745002
5472,2023-10-20,3.64,3.68,3.63,3.65,61953223.0,226349198.0,35462123213.0,0.0017470252028589386
5473,2023-10-23,3.65,3.68,3.61,3.64,57901940.0,211102011.0,35462123213.0,0.0016327826636949314
5474,2023-10-24,3.64,3.66,3.58,3.59,80547790.0,290327483.0,35462123213.0,0.0022713752788065473
5475,2023-10-25,3.61,3.66,3.59,3.66,64747201.0,234989232.0,35462123213.0,0.0018258128711330073
5476,2023-10-26,3.64,3.7,3.63,3.69,58483570.0,215009804.0,35462123213.0,0.0016491841069053814
5477,2023-10-27,3.69,3.7,3.66,3.66,42027107.0,154515471.0,35462123213.0,0.0011851266419545166
5478,2023-10-30,3.66,3.66,3.6,3.61,71323735.0,258196574.0,35462123213.0,0.0020112652187123854
5479,2023-10-31,3.62,3.73,3.61,3.72,116179129.0,428485456.0,35462123213.0,0.0032761470119028317
5480,2023-11-01,3.73,3.75,3.69,3.73,64937323.0,241774615.0,35462123213.0,0.001831174140644651
5481,2023-11-02,3.73,3.81,3.73,3.8,98733809.0,374332548.0,35462123213.0,0.0027842046683715016
5482,2023-11-03,3.81,3.83,3.78,3.79,75700942.0,287922392.0,35462123213.0,0.0021346985217244106
5483,2023-11-06,3.81,3.82,3.76,3.79,79992102.0,303297436.0,35462123213.0,0.002255705376678513
5484,2023-11-07,3.8,3.85,3.79,3.83,69831986.0,267282778.0,35462123213.0,0.00196919923774898
5485,2023-11-08,3.83,3.85,3.79,3.8,59451473.0,226825020.0,35462123213.0,0.0016764781015200405
5486,2023-11-09,3.8,3.86,3.79,3.84,62492158.0,240290059.0,35462123213.0,0.0017622226854451598
5487,2023-11-10,3.83,3.85,3.8,3.81,60830775.0,232148381.0,35462123213.0,0.0017153731781547742
5488,2023-11-13,3.82,3.83,3.79,3.82,53704611.0,204924211.0,35462123213.0,0.001514421758602218
5489,2023-11-14,3.82,3.88,3.81,3.85,61713425.0,237891549.0,35462123213.0,0.0017402631147978352
5490,2023-11-15,3.86,3.87,3.82,3.83,40074619.0,154058580.0,35462123213.0,0.001130068235319568
5491,2023-11-16,3.84,3.87,3.83,3.85,75295025.0,290322077.0,35462123213.0,0.0021232520271769213
5492,2023-11-17,3.84,3.85,3.8,3.8,51850596.0,197984448.0,35462123213.0,0.0014621402020562654
5493,2023-11-20,3.82,3.84,3.8,3.83,45070521.0,172162578.0,35462123213.0,0.0012709481812267145
5494,2023-11-21,3.82,3.86,3.82,3.84,55463134.0,213365082.0,35462123213.0,0.001564010526579747
5495,2023-11-22,3.85,3.86,3.83,3.83,40295102.0,154964337.0,35462123213.0,0.0011362856577416742
5496,2023-11-23,3.84,3.84,3.81,3.83,39411731.0,150751136.0,35462123213.0,0.0011113753895466733
5497,2023-11-24,3.84,3.86,3.82,3.83,49529386.0,190214336.0,35462123213.0,0.0013966841664416502
5498,2023-11-27,3.83,3.86,3.79,3.85,68417709.0,261776945.0,35462123213.0,0.0019293178975510093
5499,2023-11-28,3.85,3.86,3.83,3.84,36416504.0,140018790.0,35462123213.0,0.0010269126803623008
5500,2023-11-29,3.84,3.84,3.79,3.79,47265257.0,179812911.0,35462123213.0,0.0013328377637206199
5501,2023-11-30,3.79,3.86,3.78,3.85,80872987.0,310333769.0,35462123213.0,0.002280545541908018
5502,2023-12-01,3.85,3.87,3.83,3.87,64106644.0,247301496.0,35462123213.0,0.0018077497394882226
5503,2023-12-04,3.86,3.9,3.86,3.87,58375784.0,226296008.0,35462123213.0,0.0016461446385872384
5504,2023-12-05,3.87,3.88,3.81,3.83,59774885.0,229818691.0,35462123213.0,0.0016855980292259326
5505,2023-12-06,3.82,3.83,3.74,3.79,76552203.0,289988993.0,35462123213.0,0.0021587033167810117
5506,2023-12-07,3.8,3.83,3.76,3.81,60181816.0,228716723.0,35462123213.0,0.001697073117662003
5507,2023-12-08,3.8,3.86,3.78,3.82,80654557.0,308940023.0,35462123213.0,0.0022743860122406033
5508,2023-12-11,3.82,3.83,3.74,3.81,83012156.0,314473717.0,35462123213.0,0.0023408681849475025
5509,2023-12-12,3.81,3.86,3.79,3.85,59775729.0,229715205.0,35462123213.0,0.0016856218292673158
5510,2023-12-13,3.86,3.87,3.82,3.82,41667590.0,160127639.0,35462123213.0,0.0011749885857010713
5511,2023-12-14,3.85,3.85,3.79,3.79,43902712.0,167201453.0,35462123213.0,0.001238017017094616
5512,2023-12-15,3.81,3.82,3.75,3.75,66585716.0,251345131.0,35462123213.0,0.0018776573416109065
5513,2023-12-18,3.75,3.81,3.74,3.8,68498345.0,259672981.0,35462123213.0,0.0019315917602725295
5514,2023-12-19,3.79,3.81,3.77,3.79,52834937.0,200487301.0,35462123213.0,0.0014898977334958706
5515,2023-12-20,3.8,3.84,3.8,3.8,62676494.0,239054321.0,35462123213.0,0.001767420794957464
5516,2023-12-21,3.79,3.79,3.74,3.78,74081657.0,278931856.0,35462123213.0,0.002089036140194858
5517,2023-12-22,3.8,3.82,3.77,3.77,63443234.0,240652274.0,35462123213.0,0.0017890421737845198
5518,2023-12-25,3.77,3.82,3.77,3.8,62043327.0,235769474.0,35462123213.0,0.0017495660546702867
5519,2023-12-26,3.81,3.81,3.77,3.78,41248508.0,156207831.0,35462123213.0,0.0011631708499867481
5520,2023-12-27,3.78,3.79,3.72,3.74,67424809.0,252721304.0,35462123213.0,0.001901319010004535
5521,2023-12-28,3.74,3.78,3.73,3.74,101861225.0,381954489.0,35462123213.0,0.0028723949885397404
5522,2023-12-29,3.75,3.76,3.74,3.74,58755877.0,220162437.0,35462123213.0,0.0016568629195462493
5523,2024-01-02,3.74,3.79,3.73,3.76,79386373.0,298931173.0,35462123213.0,0.0022386243633290936
5524,2024-01-03,3.76,3.77,3.74,3.76,68760441.0,258256876.0,35462123213.0,0.0019389826318914041
5525,2024-01-04,3.75,3.77,3.73,3.76,77184846.0,289446089.0,35462123213.0,0.0021765432807391784
5526,2024-01-05,3.76,3.85,3.75,3.81,151159354.0,575570329.0,35462123213.0,0.004262557915443336
5527,2024-01-08,3.79,3.83,3.75,3.76,103199502.0,390071462.0,35462123213.0,0.0029101331970491904
5528,2024-01-09,3.76,3.8,3.73,3.8,93088031.0,350729595.0,35462123213.0,0.0026249988033958164
5529,2024-01-10,3.79,3.82,3.76,3.76,59095670.0,223539694.0,35462123213.0,0.0016664447767283212
5530,2024-01-11,3.76,3.77,3.72,3.72,89510431.0,335279606.0,35462123213.0,0.0025241136990688286
5531,2024-01-12,3.72,3.76,3.72,3.74,55254505.0,206779966.0,35462123213.0,0.0015581273763028477
5532,2024-01-15,3.73,3.76,3.71,3.74,65205657.0,243477242.0,35462123213.0,0.0018387409182565912
5533,2024-01-16,3.74,3.83,3.73,3.83,133957052.0,508285823.0,35462123213.0,0.003777468461078859
5534,2024-01-17,3.82,3.86,3.8,3.81,109138152.0,418561335.0,35462123213.0,0.003077597789181197
5535,2024-01-18,3.81,3.82,3.65,3.75,205505408.0,763558347.0,35462123213.0,0.00579506779009397
5536,2024-01-19,3.74,3.78,3.7,3.77,126006705.0,472120840.0,35462123213.0,0.003553275821731041
5537,2024-01-22,3.76,3.81,3.72,3.74,166584597.0,628895368.0,35462123213.0,0.004697535903291093
5538,2024-01-23,3.73,3.76,3.69,3.74,92180775.0,343931653.0,35462123213.0,0.0025994149996694956
5539,2024-01-24,3.75,3.84,3.75,3.83,132248410.0,502164951.0,35462123213.0,0.003729286292466529
5540,2024-01-25,3.84,3.89,3.83,3.88,113692409.0,439430106.0,35462123213.0,0.0032060237430544397
5541,2024-01-26,3.89,4.0,3.89,4.0,164314055.0,649922275.0,35462123213.0,0.004633508659734293
5542,2024-01-29,4.0,4.03,3.95,3.98,126829302.0,505780830.0,35462123213.0,0.003576472317751856
5543,2024-01-30,3.97,4.01,3.93,3.96,116638675.0,464320484.0,35462123213.0,0.0032891057960466852
5544,2024-01-31,3.95,3.98,3.91,3.95,102638166.0,405620546.0,35462123213.0,0.002894304026397778
5545,2024-02-01,3.94,3.96,3.89,3.92,115168529.0,452424809.0,35462123213.0,0.0032476490002657414
5546,2024-02-02,3.93,3.99,3.89,3.95,152350448.0,601951605.0,35462123213.0,0.004296145695646055
5547,2024-02-05,3.95,3.99,3.91,3.95,189575224.0,748359808.0,35462123213.0,0.005345850919904986
5548,2024-02-06,3.95,3.98,3.91,3.97,167796110.0,663310461.0,35462123213.0,0.0047316994809404956
5549,2024-02-07,3.97,3.98,3.9,3.96,195445858.0,770219305.0,35462123213.0,0.005511397521972171
5550,2024-02-08,3.95,3.96,3.85,3.95,180793845.0,705866161.0,35462123213.0,0.005098223925118028
5551,2024-02-19,3.95,4.01,3.94,4.01,144369634.0,574058277.0,35462123213.0,0.004071093914283051
5552,2024-02-20,4.0,4.09,3.99,4.08,120231882.0,488070202.0,35462123213.0,0.0033904310037455514
5553,2024-02-21,4.08,4.16,4.06,4.11,145359104.0,599448355.0,35462123213.0,0.00409899607891253
5554,2024-02-22,4.11,4.15,4.08,4.11,89158319.0,366346873.0,35462123213.0,0.002514184457159508
5555,2024-02-23,4.12,4.18,4.11,4.13,91285280.0,378453702.0,35462123213.0,0.002574162845571973
5556,2024-02-26,4.12,4.14,4.01,4.02,105913849.0,430053683.0,35462123213.0,0.0029866753426984094
5557,2024-02-27,4.02,4.06,4.01,4.04,61278900.0,247057620.0,35462123213.0,0.001728009900364225
5558,2024-02-28,4.04,4.08,4.01,4.05,96868917.0,392196531.0,35462123213.0,0.00273161639020218
5559,2024-02-29,4.04,4.06,4.02,4.04,103266960.0,417304495.0,35462123213.0,0.0029120354520155616
5560,2024-03-01,4.04,4.07,4.03,4.06,95758875.0,387803087.0,35462123213.0,0.0027003142035470656
5561,2024-03-04,4.05,4.06,4.01,4.02,82979834.0,334233890.0,35462123213.0,0.0023399567335996557
5562,2024-03-05,4.02,4.09,4.01,4.07,123795377.0,502674527.0,35462123213.0,0.0034909183597506104
5563,2024-03-06,4.08,4.1,4.06,4.07,68752032.0,280325765.0,35462123213.0,0.00193874550564971
5564,2024-03-07,4.06,4.1,4.05,4.08,73468825.0,299553493.0,35462123213.0,0.002071754828629866
5565,2024-03-08,4.08,4.1,4.06,4.07,58081470.0,236741379.0,35462123213.0,0.001637845248327038
5566,2024-03-11,4.07,4.09,4.03,4.05,77653760.0,314308586.0,35462123213.0,0.0021897662340627433
5567,2024-03-12,4.04,4.05,4.01,4.02,84311537.0,339227136.0,35462123213.0,0.0023775095612180485
5568,2024-03-13,4.01,4.02,3.97,3.97,66093941.0,263642831.0,35462123213.0,0.0018637897286356145
5569,2024-03-14,3.97,3.99,3.95,3.95,66142787.0,262433148.0,35462123213.0,0.0018651671419311077
5570,2024-03-15,3.96,3.99,3.95,3.99,76198265.0,302892416.0,35462123213.0,0.0021487225833129644
5571,2024-03-18,3.98,4.01,3.97,3.98,64196571.0,256024740.0,35462123213.0,0.0018102856000586645
5572,2024-03-19,3.98,3.99,3.95,3.95,55090793.0,218184634.0,35462123213.0,0.001553510845052965
5573,2024-03-20,3.95,3.97,3.92,3.96,62559299.0,246816775.0,35462123213.0,0.0017641160012964619
5574,2024-03-21,3.96,4.0,3.95,3.96,63432121.0,251916739.0,35462123213.0,0.001788728797173276
5575,2024-03-22,3.97,3.97,3.92,3.96,79484704.0,313708164.0,35462123213.0,0.002241397209145724
5576,2024-03-25,3.96,3.99,3.93,3.97,74668752.0,296236253.0,35462123213.0,0.0021055916914931735
5577,2024-03-26,3.97,4.01,3.96,4.01,92081098.0,367320088.0,35462123213.0,0.0025966041978626973
5578,2024-03-27,4.01,4.1,4.0,4.07,156157244.0,634044331.0,35462123213.0,0.004403493921163597
5579,2024-03-28,4.07,4.09,4.02,4.06,130247342.0,527398745.0,35462123213.0,0.0036728579734969973
5580,2024-03-29,4.04,4.12,4.03,4.05,114528761.0,466618022.0,35462123213.0,0.003229608117711776
5581,2024-04-01,4.05,4.07,4.01,4.02,99963729.0,402828361.0,35462123213.0,0.0028188873068760436
5582,2024-04-02,4.02,4.08,4.02,4.06,109915841.0,445847638.0,35462123213.0,0.0030995279199669055
5583,2024-04-03,4.06,4.07,4.01,4.03,69996239.0,282515896.0,35462123213.0,0.0019738310247125923
5584,2024-04-08,4.03,4.05,4.01,4.01,93846171.0,378029788.0,35462123213.0,0.002646377669952855
5585,2024-04-09,4.02,4.03,3.96,3.98,107154348.0,427319159.0,35462123213.0,0.003021656299494173
5586,2024-04-10,3.97,4.01,3.96,3.97,75582172.0,301503938.0,35462123213.0,0.0021313493144790737
5587,2024-04-11,3.96,3.97,3.92,3.94,81996128.0,323630142.0,35462123213.0,0.00231221710858929
5588,2024-04-12,3.95,3.98,3.9,3.91,85141728.0,334866049.0,35462123213.0,0.002400920201213108
5589,2024-04-15,3.92,3.98,3.88,3.98,116688872.0,460845199.0,35462123213.0,0.003290521306327852
5590,2024-04-16,3.98,3.99,3.93,3.95,132373163.0,524612213.0,35462123213.0,0.003732804214934134
5591,2024-04-17,3.95,4.03,3.92,4.03,151588447.0,603338486.0,35462123213.0,0.004274657952359419
5592,2024-04-18,4.02,4.1,4.01,4.06,166480133.0,677123335.0,35462123213.0,0.004694590112387019
5593,2024-04-19,4.05,4.08,4.02,4.03,92968539.0,375896394.0,35462123213.0,0.0026216292363994385
5594,2024-04-22,4.04,4.07,3.97,3.99,120620770.0,483933756.0,35462123213.0,0.003401397295799306
5595,2024-04-23,3.99,4.02,3.96,3.96,94136808.0,375316596.0,35462123213.0,0.002654573372118073
5596,2024-04-24,3.97,3.98,3.94,3.97,76797680.0,304058540.0,35462123213.0,0.0021656255475376294
5597,2024-04-25,3.96,3.99,3.94,3.98,76603858.0,303903890.0,35462123213.0,0.0021601599413516763
5598,2024-04-26,3.98,4.0,3.92,3.95,136293318.0,538525702.0,35462123213.0,0.003843349062360611
5599,2024-04-29,3.95,4.0,3.92,3.98,141344966.0,561429878.0,35462123213.0,0.003985800995361287
5600,2024-04-30,3.96,4.0,3.95,3.95,125263938.0,497066792.0,35462123213.0,0.003532330459956208
5601,2024-05-06,3.97,3.99,3.91,3.92,222835694.0,878412744.0,35462123213.0,0.006283766278221916
5602,2024-05-07,3.92,3.93,3.88,3.9,162746240.0,634267032.0,35462123213.0,0.004589297685941691
5603,2024-05-08,3.9,3.92,3.88,3.88,86251628.0,336090354.0,35462123213.0,0.0024322183835958576
5604,2024-05-09,3.88,3.9,3.88,3.89,116815860.0,454091896.0,35462123213.0,0.0032941022537865605
5605,2024-05-10,3.9,3.92,3.89,3.91,128736311.0,502121896.0,35462123213.0,0.003630248257464933
5606,2024-05-13,3.9,3.92,3.88,3.9,115742389.0,451164518.0,35462123213.0,0.0032638313364601415
5607,2024-05-14,3.9,3.92,3.88,3.89,109749904.0,427294755.0,35462123213.0,0.003094848645716931
5608,2024-05-15,3.89,3.9,3.87,3.88,88860263.0,344685277.0,35462123213.0,0.002505779545862749
5609,2024-05-16,3.88,3.92,3.87,3.9,174788119.0,681996605.0,35462123213.0,0.004928867850076296
5610,2024-05-17,3.91,3.96,3.9,3.96,195119512.0,768236164.0,35462123213.0,0.005502194858103462
5611,2024-05-20,3.97,4.01,3.96,3.97,195906361.0,779866174.0,35462123213.0,0.005524383292655839
5612,2024-05-21,3.98,4.0,3.96,3.99,148516035.0,591695218.0,35462123213.0,0.004188018695551646
5613,2024-05-22,3.99,4.04,3.99,4.03,202486212.0,814579458.0,35462123213.0,0.00570992917665378
5614,2024-05-23,4.03,4.04,3.98,3.99,145733346.0,583830748.0,35462123213.0,0.004109549366930626
5615,2024-05-24,3.99,4.02,3.97,3.98,110371154.0,440997975.0,35462123213.0,0.0031123673373155284
5616,2024-05-27,3.98,4.0,3.96,3.98,133578410.0,530950748.0,35462123213.0,0.0037667910970156384
5617,2024-05-28,3.98,3.99,3.93,3.94,129876621.0,513511272.0,35462123213.0,0.003662403974514102
5618,2024-05-29,3.94,3.97,3.91,3.91,128832519.0,507225429.0,35462123213.0,0.003632961236589791
5619,2024-05-30,3.91,3.93,3.88,3.89,128164791.0,500433467.0,35462123213.0,0.0036141319071672584
5620,2024-05-31,3.9,3.92,3.89,3.91,128769924.0,503360985.0,35462123213.0,0.0036311961138523834
5621,2024-06-03,3.9,3.92,3.84,3.86,192802444.0,745420117.0,35462123213.0,0.0054368556231658705
5622,2024-06-04,3.85,3.87,3.84,3.86,94813722.0,365899682.0,35462123213.0,0.002673661738483904
5623,2024-06-05,3.87,3.87,3.83,3.84,86364015.0,332264396.0,35462123213.0,0.0024353875959784595
5624,2024-06-06,3.84,3.85,3.8,3.81,110910390.0,423541754.0,35462123213.0,0.0031275733078312
5625,2024-06-07,3.81,3.85,3.81,3.85,100119184.0,383873987.0,35462123213.0,0.002823270998147609
5626,2024-06-11,3.84,3.86,3.78,3.79,145614895.0,554170375.0,35462123213.0,0.004106209155198561
5627,2024-06-12,3.8,3.81,3.75,3.8,124161685.0,469357290.0,35462123213.0,0.003501247916100065
5628,2024-06-13,3.8,3.81,3.76,3.77,140873460.0,531683826.0,35462123213.0,0.003972504949967503
5629,2024-06-14,3.77,3.79,3.74,3.77,218629840.0,824119069.0,35462123213.0,0.006165164975791773
5630,2024-06-17,3.77,3.77,3.71,3.73,152956614.0,571292876.0,35462123213.0,0.0043132390320026835
5631,2024-06-18,3.73,3.75,3.71,3.75,94219528.0,351996255.0,35462123213.0,0.0026569060017664205
5632,2024-06-19,3.75,3.79,3.74,3.77,110636470.0,417101656.0,35462123213.0,0.0031198490100401537
5633,2024-06-20,3.77,3.78,3.72,3.73,77538360.0,289940884.0,35462123213.0,0.0021865120577883317
5634,2024-06-21,3.73,3.74,3.71,3.73,111063272.0,413710622.0,35462123213.0,0.0031318844428154685
5635,2024-06-24,3.71,3.72,3.65,3.68,133796622.0,493201042.0,35462123213.0,0.003772944479278999
5636,2024-06-25,3.69,3.73,3.68,3.7,141296390.0,524469774.0,35462123213.0,0.003984431195823109
5637,2024-06-26,3.7,3.75,3.7,3.74,101012064.0,376971246.0,35462123213.0,0.0028484494115955856
5638,2024-06-27,3.75,3.79,3.73,3.76,148208273.0,557926957.0,35462123213.0,0.004179340083778982
5639,2024-06-28,3.77,3.81,3.75,3.79,117625478.0,445352058.0,35462123213.0,0.003316932753673358
5640,2024-07-01,3.78,3.82,3.77,3.81,93502797.0,355580691.0,35462123213.0,0.0026366948317895125
5641,2024-07-02,3.81,3.88,3.8,3.87,152814097.0,589044334.0,35462123213.0,0.004309220180701987
5642,2024-07-03,3.87,3.88,3.84,3.86,135478305.0,522931473.0,35462123213.0,0.0038203664283230293
5643,2024-07-04,3.86,3.88,3.84,3.85,116748468.0,450444593.0,35462123213.0,0.0032922018599608658
5644,2024-07-05,3.86,3.87,3.81,3.83,133423181.0,512332077.0,35462123213.0,0.0037624137787409364
5645,2024-07-08,3.84,3.88,3.83,3.85,115001042.0,443361912.0,35462123213.0,0.003242926017408962
5646,2024-07-09,3.86,3.88,3.81,3.87,123926969.0,477664732.0,35462123213.0,0.0034946291358710813
5647,2024-07-10,3.87,3.93,3.87,3.89,137709665.0,536890187.0,35462123213.0,0.0038832887746979923
5648,2024-07-11,3.91,3.93,3.86,3.89,135562350.0,527437257.0,35462123213.0,0.0038227364217804202
5649,2024-07-12,3.68,3.74,3.67,3.73,158753988.0,590104423.0,35462123213.0,0.004476719767918539
5650,2024-07-15,3.73,3.77,3.71,3.76,110540103.0,413947677.0,35462123213.0,0.0031171315472582105
5651,2024-07-16,3.76,3.78,3.74,3.77,111693347.0,419667266.0,35462123213.0,0.003149651991481845
5652,2024-07-17,3.77,3.81,3.76,3.8,130035456.0,493016142.0,35462123213.0,0.003666882978747604
5653,2024-07-18,3.8,3.81,3.75,3.8,104507467.0,394918538.0,35462123213.0,0.002947016634404135
5654,2024-07-19,3.79,3.8,3.74,3.79,144911161.0,546983071.0,35462123213.0,0.004086364488939491
5655,2024-07-22,3.79,3.79,3.73,3.76,124512921.0,467722896.0,35462123213.0,0.003511152455596765
5656,2024-07-23,3.75,3.79,3.73,3.74,120708113.0,454404758.0,35462123213.0,0.0034038602898923383
5657,2024-07-24,3.73,3.74,3.65,3.66,238482294.0,879170824.0,35462123213.0,0.0067249863345061976
5658,2024-07-25,3.65,3.65,3.47,3.56,436394571.0,1538017761.0,35462123213.0,0.012305934655374015
5659,2024-07-26,3.5,3.56,3.5,3.53,238345891.0,840359078.0,35462123213.0,0.006721139892510023
5660,2024-07-29,3.53,3.61,3.51,3.61,197428722.0,706469086.0,35462123213.0,0.0055673125045040996
5661,2024-07-30,3.6,3.61,3.53,3.54,176628057.0,629295634.0,35462123213.0,0.004980752447875152
5662,2024-07-31,3.55,3.58,3.54,3.55,185778108.0,661847103.0,35462123213.0,0.005238775661686718
5663,2024-08-01,3.55,3.58,3.52,3.54,181242368.0,643572871.0,35462123213.0,0.0051108718705697425
5664,2024-08-02,3.53,3.55,3.52,3.53,140089868.0,495595096.0,35462123213.0,0.00395040835988762
5665,2024-08-05,3.52,3.53,3.48,3.49,174527861.0,612140235.0,35462123213.0,0.004921528808405361
5666,2024-08-06,3.5,3.52,3.45,3.48,148880660.0,517256716.0,35462123213.0,0.004198300792813841
5667,2024-08-07,3.47,3.49,3.45,3.46,111039726.0,385279836.0,35462123213.0,0.0031312204667794438
5668,2024-08-08,3.46,3.46,3.43,3.44,132347104.0,456013145.0,35462123213.0,0.0037320693745568822
5669,2024-08-09,3.44,3.47,3.44,3.44,107261032.0,370375560.0,35462123213.0,0.003024664692402833
5670,2024-08-12,3.44,3.45,3.39,3.4,153922857.0,525369007.0,35462123213.0,0.004340486216109409
5671,2024-08-13,3.4,3.43,3.4,3.43,116907964.0,399192049.0,35462123213.0,0.003296699503800238
5672,2024-08-14,3.42,3.44,3.4,3.4,120151462.0,410564710.0,35462123213.0,0.0033881632320298823
5673,2024-08-15,3.41,3.46,3.4,3.45,146507182.0,503732418.0,35462123213.0,0.004131370846579547
5674,2024-08-16,3.45,3.49,3.44,3.47,156576129.0,543414644.0,35462123213.0,0.004415306101654991
5675,2024-08-19,3.47,3.52,3.46,3.51,168935642.0,589810216.0,35462123213.0,0.004763833259088959
5676,2024-08-20,3.51,3.52,3.47,3.48,174690316.0,610634762.0,35462123213.0,0.00492610989338508
5677,2024-08-21,3.47,3.49,3.43,3.47,127522877.0,442461897.0,35462123213.0,0.003596030509342193
5678,2024-08-22,3.47,3.51,3.46,3.49,150333320.0,524882390.0,35462123213.0,0.004239264499111817
5679,2024-08-23,3.48,3.49,3.45,3.48,154878181.0,537619037.0,35462123213.0,0.004367425494230516
5680,2024-08-26,3.48,3.51,3.46,3.5,132439549.0,461245074.0,35462123213.0,0.003734676240464057
5681,2024-08-27,3.5,3.52,3.47,3.49,130412230.0,455864183.0,35462123213.0,0.0036775076668898493
5682,2024-08-28,3.49,3.5,3.46,3.48,106096501.0,369161448.0,35462123213.0,0.0029918259649243523
5683,2024-08-29,3.48,3.48,3.41,3.41,172697649.0,593163928.0,35462123213.0,0.004869918475064433
5684,2024-08-30,3.42,3.47,3.41,3.43,199578777.0,686137641.0,35462123213.0,0.005627942122958863
5685,2024-09-02,3.43,3.51,3.43,3.48,219334428.0,763784411.0,35462123213.0,0.006185033724083237
5686,2024-09-03,3.48,3.49,3.41,3.43,154541434.0,530401561.0,35462123213.0,0.0043579295315105925
5687,2024-09-04,3.42,3.45,3.41,3.41,109710395.0,375583310.0,35462123213.0,0.0030937345274290136
5688,2024-09-05,3.41,3.42,3.4,3.41,83609642.0,285146792.0,35462123213.0,0.0023577167531060204
5689,2024-09-06,3.42,3.44,3.4,3.41,93824495.0,321009996.0,35462123213.0,0.002645766426236008
5690,2024-09-09,3.41,3.41,3.31,3.31,225568821.0,753101418.0,35462123213.0,0.006360838002991008
5691,2024-09-10,3.32,3.34,3.29,3.32,140498283.0,465622038.0,35462123213.0,0.003961925295789818
5692,2024-09-11,3.31,3.32,3.25,3.27,131131700.0,430297714.0,35462123213.0,0.0036977960742048477
5693,2024-09-12,3.27,3.35,3.26,3.34,147253018.0,488683843.0,35462123213.0,0.004152402751395855
5694,2024-09-13,3.34,3.38,3.32,3.32,114085801.0,382605358.0,35462123213.0,0.003217117043859841
5695,2024-09-18,3.35,3.38,3.33,3.38,106372301.0,357381324.0,35462123213.0,0.0029996032770255887
5696,2024-09-19,3.38,3.42,3.37,3.41,115439316.0,392085592.0,35462123213.0,0.0032552849502728394
5697,2024-09-20,3.42,3.45,3.4,3.43,138474746.0,474130192.0,35462123213.0,0.003904863371216216
5698,2024-09-23,3.44,3.52,3.43,3.5,171931407.0,598936998.0,35462123213.0,0.004848311139389758
5699,2024-09-24,3.51,3.58,3.5,3.57,215278710.0,763574878.0,35462123213.0,0.006070666121905564
5700,2024-09-25,3.61,3.68,3.59,3.65,303427392.0,1104789929.0,35462123213.0,0.008556379723162404
5701,2024-09-26,3.64,3.79,3.63,3.79,318864495.0,1180663800.0,35462123213.0,0.008991692152349975
5702,2024-09-27,3.84,3.91,3.73,3.8,280585110.0,1067093351.0,35462123213.0,0.007912247902210795
5703,2024-09-30,3.86,4.04,3.85,4.02,627788858.0,2479619413.0,35462123213.0,0.017703081516841045
5704,2024-10-08,4.41,4.41,4.02,4.13,716822589.0,3013766280.0,35462123213.0,0.02021375270438464
5705,2024-10-09,4.08,4.08,3.83,3.84,531911158.0,2098594269.0,35462123213.0,0.014999416555098077
5706,2024-10-10,3.87,4.05,3.85,3.97,414293947.0,1640490900.0,35462123213.0,0.011682716923394048
5707,2024-10-11,3.99,4.02,3.87,3.89,257395265.0,1012859686.0,35462123213.0,0.007258315117061065
5708,2024-10-14,3.95,4.01,3.93,3.97,334361437.0,1328108809.0,35462123213.0,0.009428691987552144
5709,2024-10-15,3.96,4.0,3.9,3.9,263683139.0,1040342728.0,35462123213.0,0.007435627512098228
5710,2024-10-16,3.87,3.98,3.86,3.95,279599750.0,1101689552.0,35462123213.0,0.007884461635887104
5711,2024-10-17,3.95,3.98,3.89,3.89,232950783.0,915215674.0,35462123213.0,0.006569002696223304
5712,2024-10-18,3.89,3.95,3.82,3.91,314624429.0,1223056952.0,35462123213.0,0.008872126102270785
5713,2024-10-21,3.91,3.92,3.87,3.91,221077341.0,860429759.0,35462123213.0,0.006234182304091585
5714,2024-10-22,3.9,3.94,3.88,3.9,148078841.0,578034016.0,35462123213.0,0.004175690217717027
5715,2024-10-23,3.91,3.92,3.89,3.9,144308108.0,563286140.0,35462123213.0,0.004069358936384789
5716,2024-10-24,3.9,3.94,3.89,3.91,141341873.0,552548340.0,35462123213.0,0.003985713775541385
5717,2024-10-25,3.9,3.91,3.88,3.89,162216572.0,631454312.0,35462123213.0,0.004574361524425963
5718,2024-10-28,3.89,3.89,3.83,3.88,161958837.0,626018740.0,35462123213.0,0.004567093629087268
5719,2024-10-29,3.89,3.93,3.84,3.85,220271392.0,855493524.0,35462123213.0,0.006211455266706961
5720,2024-10-30,3.84,3.87,3.79,3.82,184528516.0,705348102.0,35462123213.0,0.005203538290464063
5721,2024-10-31,3.78,3.8,3.74,3.78,250261795.0,943348488.0,35462123213.0,0.007057157674875399
5722,2024-11-01,3.78,3.81,3.77,3.79,197954353.0,750992301.0,35462123213.0,0.0055821348262484255
5723,2024-11-04,3.79,3.82,3.75,3.82,166376636.0,629070749.0,35462123213.0,0.004691671590013772
5724,2024-11-05,3.81,3.87,3.81,3.87,209439855.0,806152817.0,35462123213.0,0.005906015659074294
5725,2024-11-06,3.88,3.89,3.85,3.87,151924333.0,587744779.0,35462123213.0,0.00428412963565324
5726,2024-11-07,3.86,3.96,3.85,3.96,250055804.0,978562605.0,35462123213.0,0.007051348913827372
5727,2024-11-08,3.98,4.0,3.91,3.93,208775252.0,822976087.0,35462123213.0,0.005887274451842901
5728,2024-11-11,3.93,3.94,3.89,3.93,180437687.0,705901756.0,35462123213.0,0.005088180589645395
5729,2024-11-12,3.92,3.96,3.89,3.89,199191345.0,780932789.0,35462123213.0,0.005617016888796404
5730,2024-11-13,3.78,3.82,3.77,3.8,183564334.0,697045098.0,35462123213.0,0.005176349224704838
5731,2024-11-14,3.8,3.82,3.77,3.77,196945353.0,747915937.0,35462123213.0,0.005553681933173199
5732,2024-11-15,3.77,3.82,3.75,3.77,184890670.0,699665405.0,35462123213.0,0.00521375070774728
5733,2024-11-18,3.83,4.15,3.82,4.05,886912848.0,3569498627.0,35462123213.0,0.02501014512506313
5734,2024-11-19,4.1,4.35,4.03,4.16,1018050886.0,4258453989.0,35462123213.0,0.02870811992517116
5735,2024-11-20,4.1,4.17,4.02,4.06,604723083.0,2464962668.0,35462123213.0,0.017052647394172823
5736,2024-11-21,4.04,4.07,3.96,3.99,379906738.0,1518748189.0,35462123213.0,0.010713028538029856
5737,2024-11-22,3.98,4.0,3.87,3.87,327286376.0,1285040719.0,35462123213.0,0.00922918162666641
5738,2024-11-25,3.88,3.92,3.87,3.89,280166620.0,1091038416.0,35462123213.0,0.007900446860364362
5739,2024-11-26,3.89,3.95,3.86,3.93,237841704.0,929501639.0,35462123213.0,0.006706922272291074
5740,2024-11-27,3.91,3.95,3.87,3.95,203543563.0,796692447.0,35462123213.0,0.005739745524469424
5741,2024-11-28,3.93,3.97,3.92,3.94,174508195.0,688959579.0,35462123213.0,0.004920974244881856
5742,2024-11-29,3.94,4.04,3.94,3.96,306264682.0,1220423162.0,35462123213.0,0.00863638875090612
5743,2024-12-02,3.96,3.99,3.93,3.98,219757722.0,871400027.0,35462123213.0,0.006196970234411666
5744,2024-12-03,3.97,4.04,3.97,4.04,254235731.0,1019168372.0,35462123213.0,0.007169219098161617
5745,2024-12-04,4.04,4.07,4.01,4.05,246474075.0,996200919.0,35462123213.0,0.006950347375411676
5746,2024-12-05,4.03,4.06,4.01,4.02,181065475.0,729255424.0,35462123213.0,0.005105883646967408
5747,2024-12-06,4.03,4.09,4.02,4.06,224857520.0,912483732.0,35462123213.0,0.0063407799541334246
5748,2024-12-09,4.07,4.1,4.04,4.07,200960112.0,818500747.0,35462123213.0,0.005666894528366264
5749,2024-12-10,4.13,4.16,4.07,4.09,249657934.0,1022483608.0,35462123213.0,0.007040129337446956
5750,2024-12-11,4.08,4.11,4.04,4.06,209297075.0,851833272.0,35462123213.0,0.005901989391409991
5751,2024-12-12,4.07,4.14,4.05,4.14,317784607.0,1306896815.0,35462123213.0,0.008961240281391383
5752,2024-12-13,4.13,4.15,4.05,4.06,393691598.0,1611925743.0,35462123213.0,0.011101749199711687
5753,2024-12-16,4.05,4.11,4.04,4.07,250093922.0,1020916866.0,35462123213.0,0.00705242380716557
5754,2024-12-17,4.08,4.1,4.01,4.02,239869747.0,969410859.0,35462123213.0,0.006764111262014524
5755,2024-12-18,4.04,4.11,4.03,4.07,220240854.0,898225741.0,35462123213.0,0.006210594122555591
5756,2024-12-19,4.05,4.07,4.0,4.03,206620442.0,833159983.0,35462123213.0,0.005826510746662099
5757,2024-12-20,4.03,4.05,4.01,4.03,158920003.0,640563168.0,35462123213.0,0.004481401241698404
5758,2024-12-23,4.04,4.1,4.03,4.07,239065728.0,973767457.0,35462123213.0,0.006741438648895148
5759,2024-12-24,4.07,4.11,4.06,4.1,188889621.0,772986150.0,35462123213.0,0.005326517531549134
5760,2024-12-25,4.11,4.16,4.1,4.12,216507595.0,893513153.0,35462123213.0,0.0061053195743404004
5761,2024-12-26,4.11,4.13,4.07,4.08,146169631.0,597183232.0,35462123213.0,0.004121852211782286
5762,2024-12-27,4.08,4.11,4.05,4.1,183650174.0,749889250.0,35462123213.0,0.00517876983554882
5763,2024-12-30,4.1,4.2,4.1,4.19,309432518.0,1285093400.0,35462123213.0,0.008725718878743438
5764,2024-12-31,4.19,4.28,4.12,4.13,308461404.0,1294276163.0,35462123213.0,0.008698334336814939
5765,2025-01-02,4.14,4.18,3.99,4.01,368396725.0,1497954362.0,35462123213.0,0.010388456517035339
5766,2025-01-03,4.02,4.05,3.97,4.0,260200548.0,1043274709.0,35462123213.0,0.007337421576173801
5767,2025-01-06,4.01,4.03,3.93,4.02,230033979.0,918247577.0,35462123213.0,0.006486751445149574
5768,2025-01-07,4.01,4.06,3.99,4.06,165200751.0,665634542.0,35462123213.0,0.004658512689940667
5769,2025-01-08,4.06,4.1,4.01,4.04,240822729.0,976140991.0,35462123213.0,0.006790984497840704
5770,2025-01-09,4.05,4.05,3.99,4.0,176282616.0,706494959.0,35462123213.0,0.0049710113221697015
5771,2025-01-10,4.0,4.02,3.96,3.97,162679002.0,648078323.0,35462123213.0,0.004587401634777576
5772,2025-01-13,3.96,3.97,3.89,3.93,181044352.0,711316605.0,35462123213.0,0.0051052879973535045
5773,2025-01-14,3.94,4.02,3.93,4.02,195950901.0,781489469.0,35462123213.0,0.0055256392806217166
5774,2025-01-15,4.02,4.08,4.01,4.03,158270127.0,639651872.0,35462123213.0,0.004463075322629865
5775,2025-01-16,4.05,4.05,4.01,4.04,123304118.0,497415828.0,35462123213.0,0.0034770652975115194
5776,2025-01-17,4.03,4.04,3.99,4.01,144858634.0,582053801.0,35462123213.0,0.0040848832747526105
5777,2025-01-20,4.03,4.09,4.02,4.06,197977199.0,802898454.0,35462123213.0,0.005582779062913635
5778,2025-01-21,4.08,4.11,4.05,4.08,206586988.0,844069247.0,35462123213.0,0.005825567373931734
5779,2025-01-22,4.08,4.09,4.02,4.03,157260477.0,635610711.0,35462123213.0,0.0044346041001388815
5780,2025-01-23,4.06,4.17,4.05,4.15,310048002.0,1278091112.0,35462123213.0,0.00874307497432472
5781,2025-01-24,4.14,4.15,4.06,4.1,193848748.0,795439311.0,35462123213.0,0.005466360455510947
5782,2025-01-27,4.12,4.2,4.11,4.15,209874298.0,873405961.0,35462123213.0,0.005918266561181608
5783,2025-02-05,4.15,4.17,4.08,4.09,168321158.0,692208456.0,35462123213.0,0.004746505362608842
5784,2025-02-06,4.09,4.12,4.07,4.09,156732135.0,640579173.0,35462123213.0,0.004419705330631298
5785,2025-02-07,4.1,4.12,4.08,4.11,168827826.0,692914873.0,35462123213.0,0.004760792944797781
5786,2025-02-10,4.11,4.16,4.1,4.15,165296457.0,685029850.0,35462123213.0,0.00466121151311674
5787,2025-02-11,4.16,4.18,4.14,4.15,143283850.0,595339760.0,35462123213.0,0.004040475781423991
5788,2025-02-12,4.16,4.17,4.13,4.16,112621463.0,467207985.0,35462123213.0,0.003175824028458462
5789,2025-02-13,4.16,4.19,4.15,4.17,130838950.0,546198045.0,35462123213.0,0.003689540787338869
5790,2025-02-14,4.16,4.19,4.14,4.18,152706395.0,635787312.0,35462123213.0,0.004306183081108342
5791,2025-02-17,4.19,4.2,4.15,4.19,143284512.0,598433992.0,35462123213.0,0.004040494449228962
5792,2025-02-18,4.19,4.27,4.18,4.22,269252374.0,1141243410.0,35462123213.0,0.00759267493327346
5793,2025-02-19,4.22,4.22,4.17,4.17,171889171.0,720787788.0,35462123213.0,0.004847120122152964
5794,2025-02-20,4.17,4.19,4.15,4.16,116067012.0,483900418.0,35462123213.0,0.003272985413277544
5795,2025-02-21,4.17,4.18,4.12,4.13,174577514.0,722611179.0,35462123213.0,0.004922928978375494
5796,2025-02-24,4.13,4.15,4.11,4.12,146528025.0,604783875.0,35462123213.0,0.004131958600445123
5797,2025-02-25,4.12,4.14,4.1,4.1,118486745.0,487294610.0,35462123213.0,0.0033412197089362134
5798,2025-02-26,4.1,4.16,4.1,4.12,158673813.0,655536529.0,35462123213.0,0.004474458904982655
5799,2025-02-27,4.13,4.14,4.1,4.13,126832206.0,522148550.0,35462123213.0,0.0035765542079416383
5800,2025-02-28,4.12,4.15,4.12,4.12,191519435.0,791554765.0,35462123213.0,0.005400675922579594
5801,2025-03-03,4.11,4.15,4.1,4.15,167553192.0,692032472.0,35462123213.0,0.004724849411683758
5802,2025-03-04,4.14,4.16,4.12,4.15,110070607.0,456315263.0,35462123213.0,0.003103892182057768
5803,2025-03-05,4.16,4.22,4.15,4.2,199319032.0,835338377.0,35462123213.0,0.005620617547426827
5804,2025-03-06,4.21,4.22,4.13,4.14,252091978.0,1046752202.0,35462123213.0,0.007108767190442394
5805,2025-03-07,4.14,4.16,4.13,4.13,116774571.0,483473554.0,35462123213.0,0.0032929379410985694
5806,2025-03-10,4.13,4.13,4.08,4.1,155260604.0,636398709.0,35462123213.0,0.004378209479095242
5807,2025-03-11,4.09,4.11,4.08,4.11,103157637.0,422574406.0,35462123213.0,0.0029089526416789285
5808,2025-03-12,4.11,4.12,4.09,4.1,80752947.0,331814826.0,35462123213.0,0.0022771605218042026
5809,2025-03-13,4.1,4.13,4.09,4.12,117859436.0,484453641.0,35462123213.0,0.003323530158983659
5810,2025-03-14,4.12,4.17,4.11,4.16,185862763.0,771567353.0,35462123213.0,0.005241162856595819
5811,2025-03-17,4.16,4.18,4.15,4.16,116374890.0,484846500.0,35462123213.0,0.003281667296145943
5812,2025-03-18,4.17,4.17,4.14,4.15,92027982.0,381984292.0,35462123213.0,0.0025951063744052306
5813,2025-03-19,4.15,4.17,4.14,4.16,127397308.0,529391576.0,35462123213.0,0.0035924895764080375
5814,2025-03-20,4.16,4.19,4.13,4.14,173125247.0,718937761.0,35462123213.0,0.004881976354324275
5815,2025-03-21,4.14,4.16,4.08,4.09,200589423.0,825167124.0,35462123213.0,0.005656441431754607
5816,2025-03-24,4.09,4.12,4.07,4.08,164982452.0,674625501.0,35462123213.0,0.004652356854355505
5817,2025-03-25,4.09,4.1,4.07,4.08,115748535.0,472621500.0,35462123213.0,0.0032640046481359
5818,2025-03-26,4.08,4.09,4.04,4.04,228757437.0,927790552.0,35462123213.0,0.00645075410815053
5819,2025-03-27,4.04,4.05,4.03,4.04,129207920.0,522375371.0,35462123213.0,0.003643547207366137
5820,2025-03-28,4.04,4.05,4.02,4.02,116424542.0,469265078.0,35462123213.0,0.003283067437916975
5821,2025-03-31,3.95,3.96,3.87,3.9,374091295.0,1463588030.0,35462123213.0,0.010549038272555053
5822,2025-04-01,3.9,3.98,3.9,3.95,229656655.0,904858132.0,35462123213.0,0.006476111247501688
5823,2025-04-02,3.94,4.02,3.94,4.01,172927459.0,690345753.0,35462123213.0,0.004876398910503103
5824,2025-04-03,4.0,4.02,3.97,3.99,130665716.0,521380287.0,35462123213.0,0.003684655744247696
5825,2025-04-07,3.88,3.9,3.71,3.8,414485320.0,1580808591.0,35462123213.0,0.011688113469981248
5826,2025-04-08,3.8,3.89,3.8,3.89,289088848.0,1113144095.0,35462123213.0,0.008152045670351273
5827,2025-04-09,3.89,3.92,3.82,3.91,237609361.0,921648931.0,35462123213.0,0.006700370408529154
5828,2025-04-10,3.91,3.92,3.88,3.89,132706814.0,517708250.0,35462123213.0,0.003742212873236852
5829,2025-04-11,3.89,3.99,3.87,3.98,222439727.0,875421690.0,35462123213.0,0.006272600364731015
5830,2025-04-14,3.99,4.0,3.93,3.95,163939308.0,648322096.0,35462123213.0,0.004622941131170109
5831,2025-04-15,3.95,4.02,3.94,4.01,219505471.0,876055116.0,35462123213.0,0.006189856982943758
5832,2025-04-16,4.0,4.03,3.98,4.02,180633314.0,722820923.0,35462123213.0,0.00509369709520895
5833,2025-04-17,4.01,4.03,3.98,4.02,148752985.0,596111682.0,35462123213.0,0.004194700472572632
5834,2025-04-18,4.02,4.04,4.01,4.02,142883255.0,574589351.0,35462123213.0,0.004029179362492899
5835,2025-04-21,4.01,4.05,3.97,3.98,169129448.0,677456280.0,35462123213.0,0.004769298414089293
5836,2025-04-22,3.99,4.03,3.97,4.01,133526722.0,535333800.0,35462123213.0,0.003765333541874635
5837,2025-04-23,4.01,4.02,3.96,3.97,145971408.0,580826161.0,35462123213.0,0.004116262501352107
5838,2025-04-24,3.97,3.99,3.96,3.97,121609964.0,482897693.0,35462123213.0,0.0034292916774768638
5839,2025-04-25,3.97,3.99,3.94,3.95,125756142.0,498066269.0,35462123213.0,0.0035462101703458994
5840,2025-04-28,3.96,4.0,3.95,3.98,156502056.0,623137742.0,35462123213.0,0.004413217309634415
5841,2025-04-29,3.98,4.03,3.96,3.97,146543984.0,584946818.0,35462123213.0,0.0041324086299006114
5842,2025-04-30,3.96,3.98,3.92,3.98,169026258.0,667290730.0,35462123213.0,0.004766388548840103
5843,2025-05-06,3.98,3.99,3.96,3.97,149699022.0,594932375.0,35462123213.0,0.004221377865641223
5844,2025-05-07,3.99,4.04,3.97,4.04,222699453.0,893290590.0,35462123213.0,0.006279924404480129
5845,2025-05-08,4.04,4.08,4.02,4.06,182872606.0,741870301.0,35462123213.0,0.005156843116854352
5846,2025-05-09,4.07,4.1,4.06,4.09,161830505.0,661067285.0,35462123213.0,0.004563474782036594
5847,2025-05-12,4.09,4.12,4.07,4.08,155657400.0,637139732.0,35462123213.0,0.004389398769641007
5848,2025-05-13,4.1,4.14,4.07,4.13,229301825.0,943958210.0,35462123213.0,0.006466105360435402
5849,2025-05-14,4.13,4.2,4.11,4.2,267856846.0,1117606286.0,35462123213.0,0.007553322298023227
5850,2025-05-15,4.19,4.22,4.15,4.15,154837010.0,646592466.0,35462123213.0,0.004366264509036463
5851,2025-05-16,4.16,4.18,4.1,4.13,135495021.0,559329914.0,35462123213.0,0.0038208378044980993
5852,2025-05-19,4.13,4.17,4.11,4.12,125694023.0,520583924.0,35462123213.0,0.0035444584703806467
5853,2025-05-20,4.13,4.16,4.11,4.14,110303432.0,456293673.0,35462123213.0,0.0031104576377864496
5854,2025-05-21,4.14,4.18,4.13,4.16,116887173.0,486670138.0,35462123213.0,0.003296113216287922
5855,2025-05-22,4.16,4.2,4.14,4.2,131413679.0,549494458.0,35462123213.0,0.003705747628552181
5856,2025-05-23,4.19,4.22,4.16,4.16,182663416.0,764805016.0,35462123213.0,0.0051509441468817
5857,2025-05-26,4.16,4.21,4.15,4.2,205303567.0,860955392.0,35462123213.0,0.005789376055315778
5858,2025-05-27,4.2,4.3,4.19,4.27,294336244.0,1256211916.0,35462123213.0,0.008300017521006745
5859,2025-05-28,4.28,4.32,4.25,4.28,152949572.0,655026560.0,35462123213.0,0.004313040453932281
5860,2025-05-29,4.28,4.31,4.26,4.3,207895388.0,891772477.0,35462123213.0,0.005862463077895685
5861,2025-05-30,4.31,4.37,4.3,4.35,234220649.0,1017167120.0,35462123213.0,0.006604811776022972
5862,2025-06-03,4.34,4.52,4.33,4.48,354059750.0,1572115522.0,35462123213.0,0.009984166708613934
5863,2025-06-04,4.48,4.54,4.47,4.5,188219694.0,847211637.0,35462123213.0,0.005307626192303141
5864,2025-06-05,4.51,4.52,4.42,4.45,157571399.0,702090291.0,35462123213.0,0.0044433718210712255
5865,2025-06-06,4.45,4.53,4.44,4.48,159058635.0,712985294.0,35462123213.0,0.004485310539491075
5866,2025-06-09,4.49,4.61,4.48,4.59,294167673.0,1337803615.0,35462123213.0,0.008295263970324302
5867,2025-06-10,4.6,4.77,4.59,4.72,364415071.0,1719390823.0,35462123213.0,0.010276177453086332
5868,2025-06-11,4.73,4.74,4.64,4.73,230854311.0,1085166547.0,35462123213.0,0.00650988407020625
5869,2025-06-12,4.73,4.81,4.67,4.8,237030595.0,1127976703.0,35462123213.0,0.00668404972754444
5870,2025-06-13,4.8,4.82,4.72,4.77,232361578.0,1106432300.0,35462123213.0,0.006552387644821531
5871,2025-06-16,4.75,4.81,4.72,4.8,202632945.0,964915647.0,35462123213.0,0.005714066915364986
5872,2025-06-17,4.79,4.81,4.71,4.72,196755591.0,932850734.0,35462123213.0,0.005548330815337975
5873,2025-06-18,4.72,4.76,4.67,4.74,182453475.0,861509909.0,35462123213.0,0.005145023999384072
5874,2025-06-19,4.74,4.75,4.65,4.68,181776629.0,852466262.0,35462123213.0,0.0051259375505571195
5875,2025-06-20,4.7,4.82,4.68,4.79,240551035.0,1146600831.0,35462123213.0,0.006783322971248851
5876,2025-06-23,4.78,4.82,4.72,4.8,199515304.0,954876479.0,35462123213.0,0.005626152241410633
5877,2025-06-24,4.8,4.81,4.7,4.79,250365075.0,1194372540.0,35462123213.0,0.007060070078043694
5878,2025-06-25,4.78,4.83,4.72,4.83,201873423.0,964906853.0,35462123213.0,0.005692649077650138
5879,2025-06-26,4.81,4.93,4.76,4.89,236770757.0,1148804366.0,35462123213.0,0.006676722529495995
5880,2025-06-27,4.88,4.98,4.75,4.78,326464149.0,1588706380.0,35462123213.0,0.009205995564313027
5881,2025-06-30,4.75,4.78,4.72,4.75,162365832.0,770316840.0,35462123213.0,0.004578570522265813
5882,2025-07-01,4.75,4.86,4.75,4.85,180887323.0,871065602.0,35462123213.0,0.0051008599206967065
5883,2025-07-02,4.84,4.98,4.83,4.95,241188216.0,1188873228.0,35462123213.0,0.006801290902728103
5884,2025-07-03,4.96,5.0,4.91,4.95,147220647.0,729816878.0,35462123213.0,0.00415148991829205
5885,2025-07-04,4.96,5.1,4.95,5.09,285530953.0,1441336764.0,35462123213.0,0.008051716229312736
5886,2025-07-07,5.1,5.29,5.09,5.26,320537378.0,1667128092.0,35462123213.0,0.009038865949303755
5887,2025-07-08,5.27,5.33,5.21,5.27,229856712.0,1210361144.0,35462123213.0,0.006481752675083404
5888,2025-07-09,5.26,5.3,5.2,5.27,232443246.0,1221699078.0,35462123213.0,0.006554690609015453
5889,2025-07-10,5.27,5.68,5.27,5.55,600494726.0,3314789406.0,35462123213.0,0.016933411527369168
5890,2025-07-11,5.58,5.6,5.4,5.4,434425559.0,2388574594.0,35462123213.0,0.01225041028679142
5891,2025-07-14,5.37,5.53,5.36,5.37,457936720.0,2490419307.0,35462123213.0,0.012913403894331002
5892,2025-07-15,5.37,5.41,5.31,5.34,237976459.0,1274214501.0,35462123213.0,0.006710722242168529
5893,2025-07-16,5.33,5.36,5.25,5.34,226776669.0,1203005164.0,35462123213.0,0.006394898230934642
5894,2025-07-17,5.34,5.43,5.33,5.41,254551362.0,1373923921.0,35462123213.0,0.007178119608661346
5895,2025-07-18,5.4,5.52,5.4,5.44,295444584.0,1616192075.0,35462123213.0,0.008331271712791678
5896,2025-07-21,5.44,5.5,5.32,5.39,289156328.0,1567447126.0,35462123213.0,0.00815394854569787
5897,2025-07-22,5.4,5.41,5.22,5.26,346549063.0,1831906856.0,35462123213.0,0.009772372086084207
5898,2025-07-23,5.26,5.29,5.21,5.23,267852469.0,1404383844.0,35462123213.0,0.00755319887055743
5899,2025-07-24,5.25,5.25,5.07,5.1,388463174.0,1989599436.0,35462123213.0,0.010954312342403513
5900,2025-07-25,5.09,5.11,5.03,5.05,342969639.0,1736763241.0,35462123213.0,0.009671435546596696
5901,2025-07-28,5.05,5.09,5.02,5.04,275468334.0,1393281324.0,35462123213.0,0.007767959418149462
5902,2025-07-29,5.05,5.1,4.92,4.94,385986864.0,1924517349.0,35462123213.0,0.010884482626198245
5903,2025-07-30,4.96,5.0,4.91,4.93,310191079.0,1535575400.0,35462123213.0,0.008747109617122066
5904,2025-07-31,4.94,4.94,4.83,4.89,273003368.0,1330862373.0,35462123213.0,0.007698449592547807
5905,2025-08-01,4.89,4.91,4.82,4.9,247547079.0,1206745156.0,35462123213.0,0.00698060512375785
5906,2025-08-04,4.88,4.99,4.86,4.93,312651474.0,1542128525.0,35462123213.0,0.008816490544632297
5907,2025-08-05,4.94,5.06,4.92,5.05,387189479.0,1933559280.0,35462123213.0,0.010918395288245484
5908,2025-08-06,5.04,5.06,4.97,4.98,263822600.0,1317944227.0,35462123213.0,0.007439560186945764
5909,2025-08-07,4.97,4.99,4.93,4.97,155077265.0,770334497.0,35462123213.0,0.004373039484086799
5910,2025-08-08,4.98,5.03,4.96,4.97,202608762.0,1011976838.0,35462123213.0,0.00571338497650152
5911,2025-08-11,4.96,4.98,4.89,4.89,224350219.0,1102581725.0,35462123213.0,0.006326474521913449
5912,2025-08-12,4.89,4.98,4.88,4.94,201099594.0,994348605.0,35462123213.0,0.005670827795394925
5913,2025-08-13,4.96,4.97,4.85,4.86,243651951.0,1192770762.0,35462123213.0,0.006870766015236224
5914,2025-08-14,4.87,4.92,4.83,4.83,176765941.0,860324384.0,35462123213.0,0.004984640652740151
5915,2025-08-15,4.83,4.84,4.68,4.7,440254789.0,2079870594.0,35462123213.0,0.01241478933327398
5916,2025-08-18,4.72,4.74,4.68,4.71,235122789.0,1107442921.0,35462123213.0,0.0066302513131477345
5917,2025-08-19,4.71,4.74,4.68,4.69,184857949.0,870433949.0,35462123213.0,0.005212828004958069
5918,2025-08-20,4.69,4.75,4.67,4.71,185821242.0,875180711.0,35462123213.0,0.0052399920017163586
5919,2025-08-21,4.71,4.78,4.69,4.76,228063472.0,1082587014.0,35462123213.0,0.006431184918910738
5920,2025-08-22,4.76,4.77,4.67,4.73,262985333.0,1236085355.0,35462123213.0,0.007415950010110863
5921,2025-08-25,4.72,4.81,4.7,4.78,278099586.0,1323665621.0,35462123213.0,0.007842158359487397
5922,2025-08-26,4.78,4.78,4.71,4.73,236596579.0,1118564582.0,35462123213.0,0.0066718108664533225
5923,2025-08-27,4.72,4.72,4.61,4.61,379080151.0,1765137982.0,35462123213.0,0.010689719527595393
5924,2025-08-28,4.61,4.72,4.59,4.69,319503497.0,1491241049.0,35462123213.0,0.00900971143439245
5925,2025-08-29,4.68,4.75,4.59,4.6,477717743.0,2224072789.0,35462123213.0,0.013471210963050127
5926,2025-09-01,4.63,4.67,4.5,4.51,515050137.0,2350017836.0,35462123213.0,0.014523950918178206
5927,2025-09-02,4.52,4.57,4.5,4.56,326016745.0,1478988124.0,35462123213.0,0.009193379173655515
5928,2025-09-03,4.56,4.58,4.48,4.51,217347928.0,982760702.0,35462123213.0,0.006129016209619473
5929,2025-09-04,4.51,4.51,4.43,4.48,266634468.0,1192374258.0,35462123213.0,0.00751885233713967
5930,2025-09-05,4.48,4.5,4.41,4.47,233739857.0,1042005667.0,35462123213.0,0.006591253873775772
5931,2025-09-08,4.46,4.51,4.39,4.41,353652032.0,1568300898.0,35462123213.0,0.009972669427485247
5932,2025-09-09,4.42,4.44,4.39,4.43,189102951.0,835565654.0,35462123213.0,0.005332533245800609
5933,2025-09-10,4.44,4.46,4.41,4.43,292818568.0,1297579509.0,35462123213.0,0.008257220421947441
5934,2025-09-11,4.43,4.47,4.38,4.46,265255712.0,1174747465.0,35462123213.0,0.0074799726572141725
5935,2025-09-12,4.46,4.49,4.37,4.38,458020466.0,2023580782.0,35462123213.0,0.012915765456257144
5936,2025-09-15,4.39,4.41,4.3,4.33,563272583.0,2449864175.0,35462123213.0,0.015883780551343606
5937,2025-09-16,4.22,4.28,4.1,4.13,987805250.0,4115485527.0,35462123213.0,0.02785522017581514
5938,2025-09-17,4.13,4.14,4.08,4.09,412626029.0,1697920758.0,35462123213.0,0.01163568313497755
5939,2025-09-18,4.11,4.11,4.01,4.03,505778734.0,2052839091.0,35462123213.0,0.014262505687042095
5940,2025-09-19,4.03,4.11,4.02,4.05,611994649.0,2479801171.0,35462123213.0,0.017257699019432936
5941,2025-09-22,4.05,4.06,4.02,4.04,234090036.0,945563952.0,35462123213.0,0.006601128606822541
5942,2025-09-23,4.04,4.12,4.01,4.09,490478609.0,2000393915.0,35462123213.0,0.013831055914333867
5943,2025-09-24,4.08,4.13,4.06,4.08,323678289.0,1324004952.0,35462123213.0,0.009127436816342214
5944,2025-09-25,4.08,4.08,4.01,4.06,262098091.0,1060477741.0,35462123213.0,0.007390930583195253
5945,2025-09-26,4.05,4.07,4.01,4.05,199470274.0,806769358.0,35462123213.0,0.005624882435885185
5946,2025-09-29,4.05,4.08,3.99,4.01,527354679.0,2121867354.0,35462123213.0,0.014870927942822045
5947,2025-09-30,4.01,4.02,3.96,3.98,484729770.0,1925831870.0,35462123213.0,0.013668943821793043
5948,2025-10-09,3.98,3.99,3.94,3.95,450932029.0,1785969822.0,35462123213.0,0.01271587790419423
5949,2025-10-10,3.95,4.04,3.94,3.95,881389106.0,3500089854.0,35462123213.0,0.024854380565597186
5950,2025-10-13,3.93,3.97,3.87,3.96,510466502.0,2003680611.0,35462123213.0,0.014394696531110944
5951,2025-10-14,3.94,4.04,3.93,4.02,605887376.0,2426478458.0,35462123213.0,0.017085479410265225
5952,2025-10-15,4.02,4.05,3.99,4.03,396400400.0,1592314635.0,35462123213.0,0.011178134981344947
5953,2025-10-16,4.02,4.07,4.0,4.06,520669101.0,2101623637.0,35462123213.0,0.01468240065245526
5954,2025-10-17,4.06,4.08,4.0,4.01,464067279.0,1876242901.0,35462123213.0,0.013086280147768432
5955,2025-10-20,4.01,4.06,3.97,4.06,406930204.0,1636516250.0,35462123213.0,0.011475065989585873
5956,2025-10-21,4.04,4.07,4.01,4.02,548845099.0,2214774504.0,35462123213.0,0.01547693847047488
5957,2025-10-22,4.02,4.07,4.01,4.05,618126917.0,2496771189.0,35462123213.0,0.017430623465134257
5958,2025-10-23,4.05,4.17,4.04,4.16,910259191.0,3741812901.0,35462123213.0,0.02566849101314694
5959,2025-10-24,4.15,4.22,4.11,4.12,714507851.0,2968122935.0,35462123213.0,0.02014847917335276
5960,2025-10-27,4.11,4.13,4.06,4.09,541975888.0,2218625248.0,35462123213.0,0.01528323289456391
5961,2025-10-28,4.09,4.11,4.01,4.03,591988455.0,2391873241.0,35462123213.0,0.01669354233090544
5962,2025-10-29,4.02,4.03,3.96,3.97,520625421.0,2073356761.0,35462123213.0,0.014681168915716383
5963,2025-10-30,3.97,3.99,3.95,3.95,431604468.0,1714054480.0,35462123213.0,0.012170858056287471
5964,2025-10-31,3.95,3.95,3.9,3.91,467807084.0,1833505830.0,35462123213.0,0.013191739287299848
5965,2025-11-03,3.91,3.98,3.9,3.97,429264482.0,1694065090.0,35462123213.0,0.012104872554349387
5966,2025-11-04,3.97,4.06,3.96,4.05,599789905.0,2416668686.0,35462123213.0,0.016913536208687133
5967,2025-11-05,4.06,4.07,4.02,4.03,328871729.0,1329680868.0,35462123213.0,0.00927388715629524
5968,2025-11-06,4.02,4.04,4.0,4.03,252598641.0,1016861672.0,35462123213.0,0.007123054631635826
5969,2025-11-07,4.03,4.06,4.01,4.03,247473228.0,997110986.0,35462123213.0,0.006978522591937732
5970,2025-11-10,4.02,4.05,4.01,4.04,319370063.0,1288754662.0,35462123213.0,0.009005948715527633
5971,2025-11-11,4.04,4.07,4.03,4.04,282727444.0,1144201628.0,35462123213.0,0.007972659795405465
5972,2025-11-12,4.04,4.09,4.04,4.05,434255953.0,1766606273.0,35462123213.0,0.012245627550039273
5973,2025-11-13,4.06,4.07,4.01,4.04,381245626.0,1538264713.0,35462123213.0,0.010750783976190118
5974,2025-11-14,4.04,4.09,4.04,4.06,407069285.0,1657607132.0,35462123213.0,0.011478987948774966
5975,2025-11-17,4.06,4.12,4.02,4.1,522149155.0,2130063058.0,35462123213.0,0.014724136844930543
5976,2025-11-18,4.1,4.11,4.05,4.06,320148085.0,1304808312.0,35462123213.0,0.00902788823661403
5977,2025-11-19,4.05,4.11,4.05,4.09,313065317.0,1279655086.0,35462123213.0,0.008828160545255618
5978,2025-11-20,4.08,4.26,4.08,4.2,859043281.0,3597044512.0,35462123213.0,0.02422424838581252
5979,2025-11-21,4.19,4.24,4.11,4.11,559153254.0,2324312299.0,35462123213.0,0.01576761917614174
5980,2025-11-24,4.12,4.13,4.05,4.06,450933420.0,1841582095.0,35462123213.0,0.012715917129143951
5981,2025-11-25,4.06,4.14,4.05,4.13,411367082.0,1687297612.0,35462123213.0,0.011600181961163499
5982,2025-11-26,4.13,4.16,4.08,4.1,326420993.0,1340568901.0,35462123213.0,0.00920477860390316
5983,2025-11-27,4.1,4.15,4.08,4.13,313263183.0,1289277857.0,35462123213.0,0.008833740188606682
5984,2025-11-28,4.13,4.13,4.08,4.09,324626010.0,1328354243.0,35462123213.0,0.009154161696697164
5985,2025-12-01,4.1,4.17,4.08,4.15,502292129.0,2075574612.0,35462123213.0,0.014164186559925594
5986,2025-12-02,4.14,4.16,4.09,4.12,334821047.0,1379252007.0,35462123213.0,0.009441652576438472
5987,2025-12-03,4.11,4.14,4.06,4.06,384233694.0,1570832358.0,35462123213.0,0.010835044808009252
5988,2025-12-04,4.06,4.07,4.02,4.03,336245441.0,1356346031.0,35462123213.0,0.009481819206942927
5989,2025-12-05,4.03,4.04,3.98,4.01,355183189.0,1420864213.0,35462123213.0,0.010015846678627352
5990,2025-12-08,4.0,4.03,3.99,4.0,318196658.0,1274835149.0,35462123213.0,0.008972859749225416
5991,2025-12-09,4.0,4.01,3.96,3.97,292993819.0,1166605721.0,35462123213.0,0.008262162342625664
5992,2025-12-10,3.97,3.98,3.9,3.93,450789783.0,1771462063.0,35462123213.0,0.01271186669484995
5993,2025-12-11,3.93,3.95,3.91,3.91,281236457.0,1105047667.0,35462123213.0,0.007930615302157148
5994,2025-12-12,3.91,3.93,3.89,3.9,311900828.0,1220498236.0,35462123213.0,0.008795323002139387
5995,2025-12-15,3.9,3.93,3.9,3.91,272600999.0,1067064234.0,35462123213.0,0.007687103148411251
5996,2025-12-16,3.91,3.92,3.87,3.89,337252417.0,1311868369.0,35462123213.0,0.009510215025037395
5997,2025-12-17,3.88,3.92,3.87,3.91,236187658.0,919598474.0,35462123213.0,0.006660279661805934
5998,2025-12-18,3.9,3.94,3.89,3.93,280196144.0,1098601754.0,35462123213.0,0.00790127941062715
5999,2025-12-19,3.92,3.93,3.9,3.91,289362950.0,1132254227.0,35462123213.0,0.00815977510037873
6000,2025-12-22,3.9,3.91,3.87,3.88,356791757.0,1386479385.0,35462123213.0,0.010061206850389722
6001,2025-12-23,3.89,3.89,3.82,3.83,440663652.0,1697976212.0,35462123213.0,0.012426318902373501
6002,2025-12-24,3.83,3.83,3.78,3.82,289777532.0,1103592845.0,35462123213.0,0.008171465940137812
6003,2025-12-25,3.82,3.87,3.81,3.86,226741657.0,873488417.0,35462123213.0,0.006393910924004662
6004,2025-12-26,3.86,3.88,3.85,3.86,146563099.0,566065976.0,35462123213.0,0.004132947655719375
6005,2025-12-29,3.86,3.88,3.84,3.86,246165306.0,949424203.0,35462123213.0,0.006941640367144139
6006,2025-12-30,3.86,3.87,3.82,3.83,223200053.0,855606102.0,35462123213.0,0.0062940408745232
6007,2025-12-31,3.83,3.85,3.81,3.83,232459873.0,890101516.0,35462123213.0,0.006555159475470519
6008,2026-01-05,3.83,3.86,3.82,3.85,221269562.0,850244880.0,35462123213.0,0.006239602763516572
6009,2026-01-06,3.85,3.88,3.84,3.87,314677021.0,1214673730.0,35462123213.0,0.00887360914939924
6010,2026-01-07,3.86,3.88,3.84,3.85,241096798.0,928924269.0,35462123213.0,0.006798712997297825
6011,2026-01-08,3.84,3.85,3.81,3.83,242427888.0,927268771.0,35462123213.0,0.006836248538867204
6012,2026-01-09,3.82,3.83,3.81,3.82,210137144.0,803001626.0,35462123213.0,0.005925678582126357
6013,2026-01-12,3.82,3.85,3.81,3.84,296852454.0,1135829809.0,35462123213.0,0.008370972381348485
6014,2026-01-13,3.84,3.89,3.83,3.87,388861720.0,1504071979.0,35462123213.0,0.010965550981376316
6015,2026-01-14,3.86,3.87,3.81,3.81,427554304.0,1640135530.0,35462123213.0,0.012056647071917668
6016,2026-01-15,3.81,3.83,3.78,3.79,293927761.0,1117440910.0,35462123213.0,0.008288498667565666
6017,2026-01-16,3.8,3.81,3.75,3.76,340709228.0,1284590206.0,35462123213.0,0.009607693988133796
6018,2026-01-19,3.75,3.76,3.74,3.75,191564098.0,718209135.0,35462123213.0,0.005401935379034915
6019,2026-01-20,3.75,3.8,3.74,3.8,307329741.0,1159652185.0,35462123213.0,0.008666422457393541
6020,2026-01-21,3.79,3.81,3.76,3.76,276701975.0,1044805625.0,35462123213.0,0.007802746985509437
6021,2026-01-22,3.76,3.8,3.76,3.77,234587159.0,886870170.0,35462123213.0,0.006615147028590862
6022,2026-01-23,3.78,3.79,3.75,3.76,244765920.0,922204141.0,35462123213.0,0.006902178939761612
6023,2026-01-26,3.76,3.79,3.75,3.76,324312881.0,1221058806.0,35462123213.0,0.00914533174034855
6024,2026-01-27,3.76,3.77,3.73,3.74,285133861.0,1070279282.0,35462123213.0,0.008040518591833025
6025,2026-01-28,3.73,3.77,3.73,3.73,368385933.0,1379580924.0,35462123213.0,0.010388152192335569
6026,2026-01-29,3.74,3.81,3.7,3.81,570445100.0,2145550973.0,35462123213.0,0.01608603908383245
6027,2026-01-30,3.8,3.82,3.75,3.75,345647879.0,1308649708.0,35462123213.0,0.009746959507300158
6028,2026-02-02,3.75,3.81,3.75,3.75,361765160.0,1368095091.0,35462123213.0,0.010201452344719763
6029,2026-02-03,3.76,3.77,3.72,3.73,280925392.0,1048317549.0,35462123213.0,0.007921843548753338
6030,2026-02-04,3.73,3.8,3.73,3.79,371454407.0,1401073801.0,35462123213.0,0.010474680401082955
6031,2026-02-05,3.79,3.86,3.79,3.84,502433849.0,1923400263.0,35462123213.0,0.01416818293654266
6032,2026-02-06,3.84,3.89,3.81,3.88,484244279.0,1869581886.0,35462123213.0,0.01365525341196947
6033,2026-02-09,3.87,3.94,3.86,3.93,402783228.0,1576946734.0,35462123213.0,0.011358124993834108
6034,2026-02-10,3.93,3.98,3.92,3.97,391742355.0,1550937241.0,35462123213.0,0.011046782299160018
6035,2026-02-11,3.97,4.02,3.95,4.0,342484705.0,1365763350.0,35462123213.0,0.009657760843672472
6036,2026-02-12,4.0,4.01,3.92,3.94,350204672.0,1383557735.0,35462123213.0,0.009875456974093956
6037,2026-02-13,3.93,3.97,3.92,3.93,226611377.0,893357529.0,35462123213.0,0.006390237145104919
6038,2026-02-24,3.95,3.95,3.89,3.9,229877433.0,899003945.0,35462123213.0,0.006482336988658638
6039,2026-02-25,3.9,3.94,3.88,3.89,279289988.0,1091765947.0,35462123213.0,0.00787572662591211
6040,2026-02-26,3.9,3.93,3.86,3.88,245538502.0,955478069.0,35462123213.0,0.006923965057737672
6041,2026-02-27,3.88,3.91,3.88,3.88,195452234.0,760640942.0,35462123213.0,0.005511577319441198
6042,2026-03-02,3.87,3.96,3.85,3.95,409141315.0,1603318330.0,35462123213.0,0.011537417332361351
6043,2026-03-03,3.94,3.97,3.91,3.92,350578388.0,1380067811.0,35462123213.0,0.009885995429384838
6044,2026-03-04,3.91,3.92,3.81,3.84,390409868.0,1501200949.0,35462123213.0,0.011009207363446313
6045,2026-03-05,3.84,3.89,3.83,3.88,232534131.0,898957947.0,35462123213.0,0.006557253484324811
6046,2026-03-06,3.87,3.88,3.84,3.88,223049551.0,860633342.0,35462123213.0,0.006289796853399704
6047,2026-03-09,3.86,3.9,3.84,3.88,313339907.0,1215623964.0,35462123213.0,0.008835903736444446
6048,2026-03-10,3.88,3.95,3.87,3.94,347527135.0,1363452279.0,35462123213.0,0.00979995283735861
6049,2026-03-11,3.93,3.98,3.91,3.97,284964579.0,1127076055.0,35462123213.0,0.008035744991589655
6050,2026-03-12,3.97,4.01,3.96,3.99,341529079.0,1362434338.0,35462123213.0,0.009630813049422812
6051,2026-03-13,3.99,4.02,3.95,3.96,339090133.0,1350436516.0,35462123213.0,0.009562036964433465
6052,2026-03-16,3.96,3.97,3.91,3.93,241961018.0,951834389.0,35462123213.0,0.00682308322450642
6053,2026-03-17,3.93,3.96,3.92,3.92,225563899.0,888805665.0,35462123213.0,0.006360699207015075
6054,2026-03-18,3.92,3.92,3.88,3.91,282698099.0,1101887548.0,35462123213.0,0.007971832292781787
6055,2026-03-19,3.9,3.92,3.86,3.86,203002828.0,788626873.0,35462123213.0,0.005724497283501106
6056,2026-03-20,3.86,3.89,3.83,3.83,201834050.0,778946621.0,35462123213.0,0.0056915387944399785
6057,2026-03-23,3.81,3.82,3.71,3.72,356050382.0,1336837744.0,35462123213.0,0.01004030074176371
6058,2026-03-24,3.74,3.81,3.74,3.81,270288102.0,1021681371.0,35462123213.0,0.007621881531924618
6059,2026-03-25,3.81,3.88,3.78,3.88,229783547.0,882047827.0,35462123213.0,0.006479689487846684
6060,2026-03-26,3.87,3.89,3.83,3.84,158081162.0,609744598.0,35462123213.0,0.004457746679478269
6061,2026-03-27,3.83,3.86,3.82,3.83,153241258.0,588113365.0,35462123213.0,0.004321265736954621
6062,2026-03-30,3.81,3.86,3.8,3.85,158911481.0,609571824.0,35462123213.0,0.004481160928958278
6063,2026-03-31,3.84,3.87,3.79,3.79,295933760.0,1131742211.0,35462123213.0,0.008345066036303042
6064,2026-04-01,3.81,3.82,3.76,3.78,269083583.0,1018300027.0,35462123213.0,0.007587915178788762
6065,2026-04-02,3.78,3.78,3.74,3.76,196618704.0,739283633.0,35462123213.0,0.0055444707249768365
6066,2026-04-03,3.76,3.76,3.72,3.73,194566533.0,726716642.0,35462123213.0,0.005486601347340483
6067,2026-04-07,3.73,3.73,3.68,3.69,260703145.0,965166091.0,35462123213.0,0.007351594359821898
6068,2026-04-08,3.71,3.75,3.7,3.75,200909889.0,748571692.0,35462123213.0,0.005665478284908467
6069,2026-04-09,3.74,3.74,3.7,3.7,136805881.0,508038914.0,35462123213.0,0.0038578028782509156
6070,2026-04-10,3.71,3.73,3.7,3.72,124958801.0,464290366.0,35462123213.0,0.0035237258708241013
6071,2026-04-13,3.7,3.71,3.69,3.7,97812006.0,361968308.0,35462123213.0,0.0027582106523205375
6072,2026-04-14,3.7,3.73,3.7,3.72,129684636.0,481560223.0,35462123213.0,0.0036569901700769887
6073,2026-04-15,3.73,3.74,3.72,3.73,150492360.0,561281745.0,35462123213.0,0.004243749284161058
6074,2026-04-16,3.73,3.74,3.71,3.72,132206889.0,491770602.0,35462123213.0,0.0037281154375870674
6075,2026-04-17,3.71,3.72,3.7,3.71,138984967.0,515648544.0,35462123213.0,0.003919251144811593
6076,2026-04-20,3.71,3.72,3.7,3.71,125456018.0,465899705.0,35462123213.0,0.003537746943307932
6077,2026-04-21,3.71,3.75,3.71,3.74,184562489.0,689568946.0,35462123213.0,0.005204496298527934
6078,2026-04-22,3.73,3.77,3.72,3.74,254974245.0,953958265.0,35462123213.0,0.007190044529159197
6079,2026-04-23,3.74,3.75,3.73,3.74,141333934.0,528536834.0,35462123213.0,0.003985489902877237
6080,2026-04-24,3.73,3.75,3.72,3.75,170512867.0,637650189.0,35462123213.0,0.004808309586423522
6081,2026-04-27,3.74,3.77,3.74,3.74,149583396.0,561508889.0,35462123213.0,0.004218117316369948
6082,2026-04-28,3.74,3.75,3.72,3.73,111342227.0,414985007.0,35462123213.0,0.0031397507230808796
6083,2026-04-29,3.72,3.74,3.72,3.74,139617581.0,520871871.0,35462123213.0,0.003937090290995826
6084,2026-04-30,3.72,3.73,3.7,3.7,206632270.0,766285150.0,35462123213.0,0.005826844285630676
6085,2026-05-06,3.7,3.71,3.68,3.69,190192846.0,702454235.0,35462123213.0,0.005363267305164557
6086,2026-05-07,3.69,3.7,3.69,3.69,123025375.0,454408252.0,35462123213.0,0.0034692049954555553
6087,2026-05-08,3.69,3.71,3.69,3.69,117537892.0,434321925.0,35462123213.0,0.0033144629071987426
6088,2026-05-11,3.69,3.7,3.68,3.69,176100135.0,649153382.0,35462123213.0,0.004965865521990058
6089,2026-05-12,3.69,3.7,3.68,3.68,117535310.0,433091889.0,35462123213.0,0.0033143900971195355
6090,2026-05-13,3.68,3.69,3.65,3.65,170687654.0,625557054.0,35462123213.0,0.004813238422718804
6091,2026-05-14,3.65,3.66,3.63,3.64,224035735.0,816692468.0,35462123213.0,0.006317606355782756
6092,2026-05-15,3.64,3.65,3.61,3.61,184342297.0,668416148.0,35462123213.0,0.005198287082044266
6093,2026-05-18,3.61,3.61,3.54,3.57,243343654.0,868093571.0,35462123213.0,0.006862072316944436
6094,2026-05-19,3.56,3.58,3.55,3.58,152245801.0,542981818.0,35462123213.0,0.004293194744306468
6095,2026-05-20,3.58,3.58,3.55,3.56,122472736.0,436853549.0,35462123213.0,0.0034536210723869723
6096,2026-05-21,3.56,3.58,3.52,3.53,162529342.0,577936649.0,35462123213.0,0.00458318135729726
6097,2026-05-22,3.53,3.54,3.5,3.52,147799295.0,520010232.0,35462123213.0,0.004167807271782827
6098,2026-05-25,3.52,3.55,3.51,3.52,120460848.0,425123810.0,35462123213.0,0.003396887639142838
6099,2026-05-26,3.51,3.54,3.51,3.52,119861429.0,421956266.0,35462123213.0,0.0033799845621217683
6100,2026-05-27,3.52,3.55,3.49,3.49,215493666.0,758341329.0,35462123213.0,0.006076727687895533
6101,2026-05-28,3.49,3.51,3.47,3.48,132132974.0,460928711.0,35462123213.0,0.0037260311010244756
6102,2026-05-29,3.48,3.55,3.46,3.55,262175637.0,920738767.0,35462123213.0,0.007393117310694174
6103,2026-06-01,3.54,3.59,3.53,3.59,218597798.0,776661150.0,35462123213.0,0.0061642614201922515
6104,2026-06-02,3.58,3.64,3.57,3.59,202676045.0,730732215.0,35462123213.0,0.0057152822966251874
6105,2026-06-03,3.59,3.6,3.53,3.54,259355514.0,921115281.0,35462123213.0,0.007313592376920153
6106,2026-06-04,3.53,3.55,3.48,3.5,192730356.0,676441182.0,35462123213.0,0.005434822806361106
6107,2026-06-05,3.5,3.59,3.5,3.57,231081986.0,822020504.0,35462123213.0,0.006516304300563934
6108,2026-06-08,3.56,3.59,3.53,3.55,223160872.0,794473590.0,35462123213.0,0.006292936005540465
6109,2026-06-09,3.54,3.59,3.53,3.54,229025012.0,813799222.0,35462123213.0,0.006458299482644685
6110,2026-06-10,3.55,3.6,3.53,3.6,242527977.0,867665141.0,35462123213.0,0.006839070958703682
6111,2026-06-11,3.59,3.6,3.56,3.57,204035855.0,729807145.0,35462123213.0,0.005753627716380018
6112,2026-06-12,3.56,3.63,3.55,3.63,253345549.0,912227152.0,35462123213.0,0.007144116765888582
6113,2026-06-15,3.63,3.65,3.59,3.63,299900442.0,1084757141.0,35462123213.0,0.00845692290330941
6114,2026-06-16,3.62,3.64,3.58,3.59,187445731.0,676265785.0,35462123213.0,0.005285801131368372
6115,2026-06-17,3.6,3.61,3.54,3.56,211850879.0,754494202.0,35462123213.0,0.005974004368760919
6116,2026-06-18,3.55,3.56,3.47,3.48,301141869.0,1054238116.0,35462123213.0,0.008491930028871055
6117,2026-06-22,3.48,3.51,3.43,3.49,293315359.0,1017847887.0,35462123213.0,0.008271229481614175
6118,2026-06-23,3.49,3.55,3.48,3.49,324033941.0,1136495954.0,35462123213.0,0.009137465883069656
6119,2026-06-24,3.48,3.49,3.4,3.41,391019025.0,1340375242.0,35462123213.0,0.011026385043314524
6120,2026-06-25,3.4,3.43,3.35,3.36,271058091.0,918171370.0,35462123213.0,0.007643594529631358
6121,2026-06-26,3.36,3.37,3.29,3.29,292544300.0,969810167.0,35462123213.0,0.008249486310869188
6122,2026-06-29,3.29,3.3,3.22,3.29,238133623.0,776731978.0,35462123213.0,0.006715154125703985
6123,2026-06-30,3.28,3.29,3.2,3.22,258994662.0,837027767.0,35462123213.0,0.007303416674866653
6124,2026-07-01,3.22,3.27,3.2,3.25,215097708.0,697138616.0,35462123213.0,0.006065562028196543
6125,2026-07-02,3.21,3.3,3.2,3.27,286706147.0,932782627.0,35462123213.0,0.008084855643806935
6126,2026-07-03,3.27,3.32,3.25,3.28,257520295.0,847228539.0,35462123213.0,0.007261840850679693
6127,2026-07-06,3.28,3.35,3.26,3.34,265804592.0,881252811.0,35462123213.0,0.007495450579861477
6128,2026-07-07,3.33,3.34,3.28,3.31,188605014.0,623071887.0,35462123213.0,0.005318491869963939
6129,2026-07-08,3.3,3.33,3.27,3.33,187758793.0,621392235.0,35462123213.0,0.005294629198377209
6130,2026-07-09,3.31,3.32,3.28,3.31,192598326.0,635803672.0,35462123213.0,0.005431099679034325
6131,2026-07-10,3.3,3.35,3.29,3.34,194741636.0,646964260.0,35462123213.0,0.005491539094551733
6132,2026-07-13,3.33,3.37,3.32,3.37,200946525.0,674666189.0,35462123213.0,0.0056665113871787395
6133,2026-07-14,3.35,3.41,3.34,3.4,238359307.0,805898655.0,35462123213.0,0.006721518211651249
6134,2026-07-15,3.39,3.49,3.38,3.47,328314359.0,1133067483.0,35462123213.0,0.009258169823279047
6135,2026-07-16,3.46,3.5,3.44,3.45,265690163.0,921591997.0,35462123213.0,0.007492223784914297
6136,2026-07-17,3.45,3.49,3.43,3.46,332145947.0,1149065943.0,35462123213.0,0.009366217160912666
6137,2026-07-20,3.45,3.55,3.44,3.53,418392067.0,1471816480.0,35462123213.0,0.011798280223859307
6138,2026-07-21,3.54,3.59,3.5,3.5,500079027.0,1768932649.0,35462123213.0,0.014101779072739696
6139,2026-07-22,3.5,3.54,3.45,3.54,296248054.0,1038078043.0,35462123213.0,0.008353928844604513
6140,2026-07-23,3.52,3.55,3.51,3.53,294064591.0,1036492395.0,35462123213.0,0.008292357150578038
6141,2026-07-24,3.52,3.54,3.5,3.5,220792263.0,777273159.0,35462123213.0,0.006226143360729741
6142,2026-07-27,3.5,3.55,3.48,3.53,322017679.0,1131299898.0,35462123213.0,0.009080609106957028
6143,2026-07-28,3.54,3.57,3.52,3.55,228345308.0,810295850.0,35462123213.0,0.0064391324407866045
