index,date,open,high,low,close,volume,amount,outstanding_share,turnover
0,2002-04-09,10.51,10.88,10.51,10.66,414108831.0,4418821513.0,600000000.0,0.690181385
1,2002-04-10,10.66,10.7,10.39,10.6,67945475.0,716684277.0,600000000.0,0.11324245833333334
2,2002-04-11,10.6,10.68,10.49,10.52,22788255.0,240963540.0,600000000.0,0.037980425
3,2002-04-12,10.5,10.64,10.48,10.57,21256463.0,224059896.0,600000000.0,0.03542743833333333
4,2002-04-15,10.57,10.6,10.35,10.39,18531104.0,193306921.0,600000000.0,0.030885173333333335
5,2002-04-16,10.35,10.39,10.14,10.16,24925491.0,254942372.0,600000000.0,0.041542485
6,2002-04-17,10.15,10.26,10.09,10.22,11459339.0,116550894.0,600000000.0,0.019098898333333333
7,2002-04-18,10.2,10.2,10.1,10.12,8533279.0,86436774.0,600000000.0,0.014222131666666667
8,2002-04-19,10.1,10.15,9.99,10.14,15722249.0,157784095.0,600000000.0,0.026203748333333332
9,2002-04-22,10.1,10.1,9.99,10.01,6593827.0,66105563.0,600000000.0,0.010989711666666667
10,2002-04-23,10.0,10.09,9.91,10.0,7376544.0,73759692.0,600000000.0,0.01229424
11,2002-04-24,10.0,10.0,9.7,9.77,17241356.0,169554787.0,600000000.0,0.028735593333333333
12,2002-04-25,9.75,9.85,9.74,9.81,9960272.0,97420590.0,600000000.0,0.016600453333333334
13,2002-04-26,9.82,9.89,9.8,9.84,8169213.0,80382992.0,600000000.0,0.013615355
14,2002-04-29,9.84,9.88,9.71,9.85,9036087.0,88537531.0,600000000.0,0.015060145
15,2002-04-30,9.89,10.15,9.8,10.02,18262505.0,182699162.0,600000000.0,0.03043750833333333
16,2002-05-08,10.0,10.03,9.88,9.9,4228358.0,41990478.0,600000000.0,0.007047263333333333
17,2002-05-09,9.89,10.08,9.88,9.94,4470394.0,44552493.0,600000000.0,0.007450656666666666
18,2002-05-10,9.91,9.93,9.8,9.81,4638480.0,45667174.0,600000000.0,0.0077308
19,2002-05-13,9.8,9.8,9.58,9.62,12725497.0,122595409.0,600000000.0,0.021209161666666667
20,2002-05-14,9.6,9.64,9.46,9.48,8239948.0,78664998.0,600000000.0,0.013733246666666667
21,2002-05-15,9.46,9.55,9.28,9.29,9708385.0,91212164.0,600000000.0,0.016180641666666665
22,2002-05-16,9.28,9.28,9.07,9.15,19517141.0,178313622.0,600000000.0,0.032528568333333334
23,2002-05-17,9.18,9.3,9.05,9.25,10010112.0,91833344.0,600000000.0,0.01668352
24,2002-05-20,9.13,9.18,8.93,8.98,11297072.0,101667315.0,600000000.0,0.01882845333333333
25,2002-05-21,9.18,9.25,9.03,9.18,12608352.0,115523918.0,600000000.0,0.02101392
26,2002-05-22,9.19,9.2,8.91,8.94,7338358.0,66043321.0,600000000.0,0.012230596666666666
27,2002-05-23,8.95,9.13,8.94,8.98,7188925.0,64749341.0,600000000.0,0.011981541666666666
28,2002-05-24,8.98,9.04,8.76,8.87,10526000.0,92941498.0,600000000.0,0.017543333333333334
29,2002-05-27,8.89,8.95,8.78,8.91,5439444.0,48160843.0,600000000.0,0.00906574
30,2002-05-28,8.91,8.99,8.9,8.92,5607677.0,50176390.0,600000000.0,0.009346128333333334
31,2002-05-29,8.92,8.94,8.62,8.67,7480150.0,65398179.0,600000000.0,0.012466916666666666
32,2002-05-30,8.66,8.78,8.52,8.75,13179829.0,113645564.0,600000000.0,0.021966381666666666
33,2002-05-31,8.73,8.86,8.66,8.7,4669199.0,40944136.0,600000000.0,0.007781998333333333
34,2002-06-04,8.63,9.0,8.54,8.86,21315760.0,188202674.0,600000000.0,0.03552626666666667
35,2002-06-05,9.22,9.22,8.72,8.74,9149476.0,80995385.0,600000000.0,0.015249126666666666
36,2002-06-06,8.74,9.08,8.68,9.0,12530992.0,112008796.0,600000000.0,0.020884986666666668
37,2002-06-07,9.01,9.06,8.9,8.98,11760656.0,105772506.0,600000000.0,0.019601093333333333
38,2002-06-10,8.98,9.06,8.93,8.99,4910142.0,44206174.0,600000000.0,0.00818357
39,2002-06-11,8.99,9.01,8.92,8.94,2848153.0,25522714.0,600000000.0,0.004746921666666667
40,2002-06-12,9.0,9.0,8.8,8.87,3036753.0,26911353.0,600000000.0,0.005061255
41,2002-06-13,8.87,8.87,8.75,8.76,2861462.0,25179530.0,600000000.0,0.004769103333333333
42,2002-06-14,8.75,8.75,8.67,8.68,2939500.0,25580232.0,600000000.0,0.004899166666666666
43,2002-06-17,8.65,8.66,8.58,8.66,3036771.0,26183428.0,600000000.0,0.005061285
44,2002-06-18,8.66,8.85,8.65,8.81,5317574.0,46624766.0,600000000.0,0.008862623333333333
45,2002-06-19,8.81,8.82,8.65,8.68,2774519.0,24170101.0,600000000.0,0.0046241983333333335
46,2002-06-20,8.68,8.83,8.67,8.73,4108300.0,36035751.0,600000000.0,0.006847166666666666
47,2002-06-21,8.75,9.09,8.72,8.97,14947363.0,133912680.0,600000000.0,0.024912271666666666
48,2002-06-24,9.87,9.87,9.51,9.87,95065027.0,934303729.0,600000000.0,0.15844171166666668
49,2002-06-25,9.99,10.85,9.81,10.45,149514953.0,1563269915.0,600000000.0,0.24919158833333332
50,2002-06-26,10.35,10.6,10.15,10.23,41963672.0,436232331.0,600000000.0,0.06993945333333333
51,2002-06-27,10.23,10.6,10.18,10.5,41442717.0,431029640.0,600000000.0,0.069071195
52,2002-06-28,10.51,11.55,10.51,11.55,156015369.0,1785125038.0,600000000.0,0.260025615
53,2002-07-01,11.7,11.84,11.4,11.58,90583632.0,1050421243.0,600000000.0,0.15097272
54,2002-07-02,11.55,11.56,11.18,11.44,37955268.0,431511885.0,600000000.0,0.06325878
55,2002-07-03,11.4,11.69,11.31,11.47,25683720.0,295008712.0,600000000.0,0.0428062
56,2002-07-04,11.5,11.58,10.94,11.11,41951694.0,469443695.0,600000000.0,0.06991949
57,2002-07-05,11.0,11.34,10.92,11.3,33747227.0,375133047.0,600000000.0,0.05624537833333333
58,2002-07-08,11.19,11.7,11.19,11.34,41931594.0,482217366.0,600000000.0,0.06988599
59,2002-07-09,11.35,11.73,11.35,11.65,53912874.0,625233348.0,600000000.0,0.08985479
60,2002-07-10,11.65,11.92,11.29,11.31,103668559.0,1203566183.0,653655400.0,0.1585981833853128
61,2002-07-11,11.22,11.4,11.15,11.19,31305363.0,352569995.0,653655400.0,0.04789276276154071
62,2002-07-12,11.19,11.25,10.98,11.03,32493660.0,359020954.0,653655400.0,0.04971068853710992
63,2002-07-15,11.0,11.05,10.75,10.84,23448328.0,254515311.0,653655400.0,0.0358726142245593
64,2002-07-16,10.87,11.05,10.79,10.86,18594602.0,203553086.0,653655400.0,0.028447102249901095
65,2002-07-17,10.88,11.04,10.79,11.03,8479998.0,92305411.0,653655400.0,0.01297319352062264
66,2002-07-18,11.09,11.22,10.98,11.1,20092068.0,223753099.0,653655400.0,0.030738012720464024
67,2002-07-19,11.15,11.19,11.0,11.14,9684195.0,107533034.0,653655400.0,0.014815444039779982
68,2002-07-22,11.16,11.16,10.66,10.69,21510542.0,233006983.0,653655400.0,0.03290807664099463
69,2002-07-23,10.65,11.04,10.61,10.79,18666749.0,202301214.0,653655400.0,0.028557476921325823
70,2002-07-24,10.75,10.93,10.69,10.78,8015858.0,86608486.0,653655400.0,0.012263125187981313
71,2002-07-25,10.75,10.85,10.59,10.66,10470632.0,111641666.0,653655400.0,0.01601858104438516
72,2002-07-26,10.68,10.74,10.6,10.62,7678834.0,81922996.0,653655400.0,0.011747526295965734
73,2002-07-29,10.6,10.7,10.5,10.69,8736892.0,92498906.0,653655400.0,0.01336620488410254
74,2002-07-30,10.75,11.15,10.69,10.95,33096969.0,361697367.0,653655400.0,0.050633665689903275
75,2002-07-31,10.89,11.05,10.65,10.7,14637918.0,159111273.0,653655400.0,0.022393937233594337
76,2002-08-01,10.69,10.81,10.59,10.73,6501091.0,69443717.0,653655400.0,0.009945746642649935
77,2002-08-02,10.76,10.8,10.65,10.73,3755525.0,40261575.0,653655400.0,0.005745420293322751
78,2002-08-05,10.73,10.73,10.51,10.52,5849596.0,61924219.0,653655400.0,0.008949051748061746
79,2002-08-06,10.5,10.83,10.36,10.56,13136811.0,139434080.0,653655400.0,0.020097456549735535
80,2002-08-07,10.56,10.69,10.52,10.6,8028176.0,85042728.0,653655400.0,0.012281969979900725
81,2002-08-08,10.65,10.85,10.62,10.65,14410144.0,154749354.0,653655400.0,0.02204547533761673
82,2002-08-09,10.6,10.66,10.53,10.53,10941629.0,115834566.0,653655400.0,0.01673913961393113
83,2002-08-12,10.32,10.44,10.24,10.34,60520478.0,624023407.0,787446405.0,0.07685663127765502
84,2002-08-13,10.34,10.51,10.28,10.34,15877898.0,164963341.0,787446405.0,0.020163782448152773
85,2002-08-14,10.36,10.5,10.36,10.46,8680932.0,90676674.0,787446405.0,0.011024155986844591
86,2002-08-15,10.46,10.52,10.39,10.44,6382901.0,66765253.0,787446405.0,0.008105822770249361
87,2002-08-16,10.42,10.55,10.29,10.44,12814339.0,133810306.0,787446405.0,0.01627328402115189
88,2002-08-19,10.46,10.68,10.36,10.56,11227906.0,118801544.0,787446405.0,0.01425862881423657
89,2002-08-20,10.57,11.04,10.57,10.92,38149219.0,414593204.0,787446405.0,0.048446749845787916
90,2002-08-21,10.93,11.02,10.86,10.87,16215953.0,177359948.0,787446405.0,0.02059308785592843
91,2002-08-22,10.88,11.02,10.84,10.89,21519626.0,235240919.0,787446405.0,0.0273283690970689
92,2002-08-23,10.89,11.05,10.87,10.92,13680119.0,149877585.0,787446405.0,0.017372762023086512
93,2002-08-26,10.92,10.96,10.73,10.76,10506530.0,113568984.0,787446405.0,0.013342533451530584
94,2002-08-27,10.73,10.95,10.71,10.8,11481583.0,124134413.0,787446405.0,0.014580780262753248
95,2002-08-28,10.8,10.95,10.75,10.84,8661100.0,93863555.0,787446405.0,0.010998970780747928
96,2002-08-29,10.84,10.95,10.77,10.79,7463258.0,80791865.0,787446405.0,0.009477798047728721
97,2002-08-30,10.84,10.86,10.78,10.81,5432107.0,58690029.0,787446405.0,0.006898383135040155
98,2002-09-02,10.71,10.86,10.71,10.79,3848818.0,41425559.0,787446405.0,0.004887720580805751
99,2002-09-03,10.8,10.94,10.8,10.94,8212924.0,89472421.0,787446405.0,0.010429819664996755
100,2002-09-04,10.95,10.98,10.83,10.84,6324375.0,68694146.0,787446405.0,0.008031498981825943
101,2002-09-05,10.81,10.81,10.58,10.62,15040376.0,160328874.0,787446405.0,0.01910019006309388
102,2002-09-06,10.6,10.62,10.4,10.42,10876882.0,114196799.0,787446405.0,0.01381285371415214
103,2002-09-09,10.36,10.42,10.31,10.37,7814809.0,81058055.0,787446405.0,0.00992424239970973
104,2002-09-10,10.37,10.48,10.36,10.38,3131134.0,32544129.0,787446405.0,0.003976313791158904
105,2002-09-11,10.4,10.47,10.1,10.33,13656652.0,140278842.0,787446405.0,0.017342960629809466
106,2002-09-12,10.33,10.42,10.25,10.31,2574361.0,26584099.0,787446405.0,0.0032692523372431933
107,2002-09-13,10.33,10.41,10.3,10.36,2438676.0,25296299.0,787446405.0,0.0030969421976089918
108,2002-09-16,10.36,10.36,10.01,10.07,15388084.0,155332440.0,787446405.0,0.01954175408293343
109,2002-09-17,10.07,10.21,10.0,10.09,7992153.0,80666135.0,787446405.0,0.010149456457293751
110,2002-09-18,10.11,10.15,10.07,10.09,3693015.0,37294675.0,787446405.0,0.004689862035753405
111,2002-09-19,10.08,10.39,10.01,10.27,8901655.0,90528682.0,787446405.0,0.011304458238018116
112,2002-09-20,10.28,10.3,10.11,10.14,4568128.0,46543060.0,787446405.0,0.005801192272888718
113,2002-09-23,10.1,10.21,10.09,10.16,1949610.0,19768948.0,787446405.0,0.002475863738307371
114,2002-09-24,10.16,10.32,10.12,10.22,4383120.0,44868218.0,787446405.0,0.005566245489431119
115,2002-09-25,10.29,10.35,10.15,10.28,3752865.0,38558175.0,787446405.0,0.0047658672084483
116,2002-09-26,10.27,10.38,10.19,10.2,4846309.0,49808173.0,787446405.0,0.006154462029704739
117,2002-09-27,10.2,10.31,10.0,10.08,9888852.0,100214416.0,787446405.0,0.012558127051199122
118,2002-10-08,10.04,10.15,9.91,10.0,4181785.0,41816802.0,787446405.0,0.0053105645964565676
119,2002-10-09,10.0,10.0,9.68,9.7,6354635.0,62173515.0,787446405.0,0.008069926993952052
120,2002-10-10,9.69,9.79,9.53,9.57,3331764.0,32145904.0,787446405.0,0.004231099385106724
121,2002-10-11,9.6,9.67,9.45,9.51,5922334.0,56559037.0,787446405.0,0.007520935980398565
122,2002-10-14,9.52,9.68,9.3,9.6,4730786.0,44748167.0,787446405.0,0.006007756172307371
123,2002-10-15,9.59,9.66,9.48,9.49,4499647.0,42934248.0,787446405.0,0.005714226354236769
124,2002-10-16,9.5,9.8,9.5,9.69,7171308.0,69588292.0,787446405.0,0.009107042656445933
125,2002-10-17,9.69,9.7,9.52,9.64,4520709.0,43356854.0,787446405.0,0.005740973571401345
126,2002-10-18,9.59,9.75,9.52,9.67,3151790.0,30387261.0,787446405.0,0.004002545417678299
127,2002-10-21,9.67,9.8,9.6,9.74,2054972.0,19916136.0,787446405.0,0.002609665860370523
128,2002-10-22,9.74,9.94,9.74,9.86,5563446.0,54825679.0,787446405.0,0.007065174168901057
129,2002-10-23,9.86,9.9,9.76,9.8,4266450.0,41987363.0,787446405.0,0.005418083024964728
130,2002-10-24,9.81,9.87,9.73,9.75,1655538.0,16191534.0,787446405.0,0.0021024135604505046
131,2002-10-25,9.77,9.84,9.61,9.67,3825371.0,37072630.0,787446405.0,0.004857944586082655
132,2002-10-28,9.6,9.75,9.48,9.53,6602902.0,63211326.0,787446405.0,0.008385208133625296
133,2002-10-29,9.53,9.65,9.46,9.62,2786952.0,26683803.0,787446405.0,0.003539227536380714
134,2002-10-30,9.55,9.67,9.54,9.64,1668658.0,16039366.0,787446405.0,0.0021190750118415995
135,2002-10-31,9.64,9.74,9.55,9.57,2799611.0,26998650.0,787446405.0,0.003555303551103265
136,2002-11-01,9.59,9.71,9.54,9.63,3491723.0,33607151.0,787446405.0,0.004434235749669846
137,2002-11-04,9.69,9.85,9.63,9.83,5712877.0,55699607.0,787446405.0,0.007254940734664983
138,2002-11-05,9.85,10.05,9.85,9.92,15260779.0,151801553.0,787446405.0,0.019380085937404208
139,2002-11-06,9.93,9.95,9.87,9.9,3178330.0,31444919.0,787446405.0,0.004036249298769737
140,2002-11-07,9.93,10.03,9.9,10.0,10757768.0,107368166.0,787446405.0,0.013661587546393078
141,2002-11-08,10.07,10.14,9.74,9.84,12899282.0,127805876.0,787446405.0,0.016381155489559953
142,2002-11-11,9.81,9.9,9.67,9.68,3603751.0,35103348.0,787446405.0,0.004576503209764479
143,2002-11-12,9.7,9.99,9.67,9.74,14242964.0,140218634.0,787446405.0,0.018087534477981393
144,2002-11-13,9.74,9.78,9.56,9.68,6844582.0,66100399.0,787446405.0,0.008692124259555163
145,2002-11-14,9.7,9.73,9.45,9.47,5732236.0,54767525.0,787446405.0,0.007279525264960731
146,2002-11-15,9.42,9.65,9.38,9.4,9145746.0,86543527.0,787446405.0,0.011614436159626635
147,2002-11-18,9.4,9.49,9.14,9.17,9283700.0,85533091.0,787446405.0,0.011789627765206446
148,2002-11-19,9.15,9.28,9.09,9.24,4085609.0,37519814.0,787446405.0,0.005188428030222577
149,2002-11-20,9.18,9.21,9.08,9.11,5239305.0,47950014.0,787446405.0,0.006653538535108304
150,2002-11-21,9.1,9.12,8.81,8.85,10999904.0,98338620.0,787446405.0,0.013969082759353
151,2002-11-22,8.88,8.98,8.75,8.87,5557863.0,49304710.0,787446405.0,0.007058084162565959
152,2002-11-25,8.87,9.05,8.83,8.9,3725609.0,33342373.0,787446405.0,0.004731254059125459
153,2002-11-26,8.88,8.99,8.77,8.8,3262317.0,28855812.0,787446405.0,0.004142906716298997
154,2002-11-27,8.8,8.96,8.71,8.92,5267855.0,46534366.0,787446405.0,0.0066897949708717005
155,2002-11-28,9.0,9.13,8.9,9.11,5129366.0,46298354.0,787446405.0,0.006513923953973731
156,2002-11-29,9.1,9.3,8.98,9.21,12475317.0,114495353.0,787446405.0,0.015842750593292758
157,2002-12-02,9.2,9.2,8.92,8.93,4452673.0,40130934.0,787446405.0,0.005654572770574779
158,2002-12-03,8.9,9.05,8.9,9.01,3083379.0,27727714.0,787446405.0,0.0039156683939651745
159,2002-12-04,9.08,9.1,8.97,9.0,4404350.0,39805225.0,787446405.0,0.005593206054448874
160,2002-12-05,8.9,8.91,8.78,8.83,6716868.0,59325807.0,787446405.0,0.00852993671359767
161,2002-12-06,8.8,8.92,8.78,8.82,5380583.0,47524234.0,787446405.0,0.006832951380354578
162,2002-12-09,8.82,8.93,8.78,8.88,7045001.0,62434741.0,787446405.0,0.008946641898758812
163,2002-12-10,8.73,8.91,8.67,8.69,54652106.0,479613330.0,1070200000.0,0.05106718931040927
164,2002-12-11,8.69,8.7,8.59,8.65,14292761.0,123255460.0,1070200000.0,0.013355224257148197
165,2002-12-12,8.65,8.72,8.58,8.6,11304106.0,97708347.0,1070200000.0,0.010562610726966922
166,2002-12-13,8.55,8.72,8.41,8.69,11817546.0,101232866.0,1070200000.0,0.011042371519342179
167,2002-12-16,8.68,8.75,8.62,8.68,5393960.0,46891055.0,1070200000.0,0.0050401420295271915
168,2002-12-17,8.7,8.77,8.65,8.69,10292321.0,89497885.0,1070200000.0,0.00961719398243319
169,2002-12-18,8.73,8.78,8.65,8.67,6878266.0,59978940.0,1070200000.0,0.006427084657073444
170,2002-12-19,8.67,8.69,8.59,8.61,5677347.0,48963888.0,1070200000.0,0.005304940198093814
171,2002-12-20,8.61,8.79,8.61,8.75,7691380.0,67023489.0,1070200000.0,0.007186862268734816
172,2002-12-23,8.75,8.88,8.75,8.79,6571463.0,57991744.0,1070200000.0,0.006140406466081106
173,2002-12-24,8.78,8.82,8.73,8.78,3847537.0,33726783.0,1070200000.0,0.0035951569800037374
174,2002-12-25,8.77,8.81,8.65,8.7,5628131.0,49050435.0,1070200000.0,0.005258952532236965
175,2002-12-26,8.71,8.73,8.46,8.47,14957581.0,127788909.0,1070200000.0,0.013976435245748459
176,2002-12-27,8.46,8.5,8.39,8.41,16625917.0,139992541.0,1070200000.0,0.015535336385722295
177,2002-12-30,8.42,8.42,8.2,8.22,14208902.0,117364986.0,1070200000.0,0.013276866006353952
178,2002-12-31,8.22,8.3,8.08,8.14,9203901.0,75033216.0,1070200000.0,0.008600169127265932
179,2003-01-02,8.12,8.16,8.04,8.06,11179501.0,90339884.0,1070200000.0,0.0104461792188376
180,2003-01-03,8.06,8.12,8.02,8.12,3789854.0,30610396.0,1070200000.0,0.0035412577088394692
181,2003-01-06,8.1,8.2,8.05,8.16,4395743.0,35737079.0,1070200000.0,0.00410740328910484
182,2003-01-07,8.15,8.24,8.07,8.08,2687450.0,21852593.0,1070200000.0,0.0025111661371706225
183,2003-01-08,8.08,8.55,8.05,8.42,11491032.0,95917021.0,1070200000.0,0.01073727527564941
184,2003-01-09,8.45,8.87,8.32,8.74,36446899.0,315687849.0,1070200000.0,0.03405615679312278
185,2003-01-10,8.77,8.86,8.61,8.61,25721025.0,225220395.0,1070200000.0,0.024033848813305923
186,2003-01-13,8.58,8.68,8.46,8.53,6781680.0,57982545.0,1070200000.0,0.006336834236591291
187,2003-01-14,8.53,9.38,8.53,9.38,93150048.0,863691099.0,1070200000.0,0.08703985049523454
188,2003-01-15,9.5,9.65,9.0,9.2,68972883.0,645243069.0,1070200000.0,0.06444859185199028
189,2003-01-16,9.16,9.48,9.09,9.3,31059935.0,288585386.0,1070200000.0,0.02902255185946552
190,2003-01-17,9.4,9.51,9.22,9.3,21797449.0,203633549.0,1070200000.0,0.020367640627920014
191,2003-01-20,9.3,9.73,9.18,9.53,31257733.0,297191761.0,1070200000.0,0.029207375256961314
192,2003-01-21,9.48,9.75,9.37,9.44,32353358.0,308540386.0,1070200000.0,0.030231132498598393
193,2003-01-22,9.3,9.43,9.3,9.35,11294890.0,105783975.0,1070200000.0,0.010553999252476173
194,2003-01-23,9.36,9.49,9.28,9.3,6693992.0,62808823.0,1070200000.0,0.006254898149878527
195,2003-01-24,9.3,9.68,9.25,9.54,17446934.0,165959046.0,1070200000.0,0.016302498598392823
196,2003-01-27,9.6,10.02,9.58,9.78,34925535.0,343291763.0,1070200000.0,0.032634586993085406
197,2003-01-28,9.78,9.88,9.7,9.79,11691809.0,114497790.0,1070200000.0,0.010924882264997196
198,2003-01-29,9.81,9.98,9.77,9.84,22611900.0,223520545.0,1070200000.0,0.021128667538777797
199,2003-02-10,9.84,9.84,9.54,9.55,10632107.0,102361575.0,1070200000.0,0.00993469164642123
200,2003-02-11,9.5,9.58,9.42,9.56,6317898.0,60106089.0,1070200000.0,0.005903474116987479
201,2003-02-12,9.51,9.66,9.45,9.63,7852699.0,75313242.0,1070200000.0,0.007337599514109512
202,2003-02-13,9.66,9.69,9.43,9.45,10529108.0,100591339.0,1070200000.0,0.009838448888058307
203,2003-02-14,9.48,9.6,9.47,9.5,6866079.0,65326909.0,1070200000.0,0.006415697065968977
204,2003-02-17,9.48,9.54,9.33,9.39,7164908.0,67610129.0,1070200000.0,0.006694924313212483
205,2003-02-18,9.38,9.43,9.25,9.34,6231278.0,58150972.0,1070200000.0,0.00582253597458419
206,2003-02-19,9.35,9.53,9.3,9.5,5784007.0,54586439.0,1070200000.0,0.005404603812371519
207,2003-02-20,9.47,9.54,9.45,9.48,6062294.0,57565921.0,1070200000.0,0.005664636516538965
208,2003-02-21,9.45,9.49,9.19,9.27,14941926.0,138887229.0,1070200000.0,0.01396180713885255
209,2003-02-24,9.27,9.33,9.19,9.21,6423219.0,59304760.0,1070200000.0,0.006001886563259204
210,2003-02-25,9.21,9.4,9.2,9.38,6691688.0,62496991.0,1070200000.0,0.00625274528125584
211,2003-02-26,9.45,9.45,9.33,9.37,4752416.0,44550048.0,1070200000.0,0.004440680246682863
212,2003-02-27,9.38,9.58,9.38,9.54,13747531.0,130348430.0,1070200000.0,0.012845758736684731
213,2003-02-28,9.54,9.54,9.38,9.42,6277508.0,59246943.0,1070200000.0,0.0058657335077555595
214,2003-03-03,9.4,9.5,9.39,9.45,3434161.0,32362004.0,1070200000.0,0.003208896467949916
215,2003-03-04,9.5,9.63,9.47,9.55,12856981.0,123083733.0,1070200000.0,0.012013624556157728
216,2003-03-05,9.6,9.6,9.43,9.52,7256945.0,68957277.0,1070200000.0,0.006780924126331527
217,2003-03-06,9.53,9.58,9.39,9.39,9944805.0,93963920.0,1070200000.0,0.009292473369463651
218,2003-03-07,9.39,9.43,9.36,9.39,4214869.0,39592338.0,1070200000.0,0.003938393758176042
219,2003-03-10,9.39,9.42,9.17,9.18,14118438.0,130696693.0,1070200000.0,0.013192336011960381
220,2003-03-11,9.16,9.25,9.1,9.14,10995878.0,100539831.0,1070200000.0,0.010274601009157168
221,2003-03-12,9.14,9.19,9.09,9.18,6442505.0,58842449.0,1070200000.0,0.006019907493926369
222,2003-03-13,9.16,9.24,9.14,9.17,5179805.0,47482538.0,1070200000.0,0.004840034572977014
223,2003-03-14,9.17,9.3,9.16,9.24,5790768.0,53527698.0,1070200000.0,0.0054109213231171745
224,2003-03-17,9.24,9.27,9.19,9.23,7679546.0,70730552.0,1070200000.0,0.007175804522519156
225,2003-03-18,9.25,9.45,9.23,9.32,13374123.0,125394737.0,1070200000.0,0.012496844515043917
226,2003-03-19,9.32,9.65,9.3,9.53,26570724.0,253289429.0,1070200000.0,0.024827811623995513
227,2003-03-20,9.53,9.69,9.5,9.55,13417648.0,128569140.0,1070200000.0,0.012537514483274155
228,2003-03-21,9.55,9.76,9.5,9.6,18691056.0,180913326.0,1070200000.0,0.017465012147262194
229,2003-03-24,9.6,9.73,9.49,9.55,13262649.0,127286262.0,1070200000.0,0.012392682676135303
230,2003-03-25,9.52,9.58,9.47,9.53,9118176.0,86706121.0,1070200000.0,0.00852006727714446
231,2003-03-26,9.5,9.76,9.5,9.7,29750253.0,288180590.0,1070200000.0,0.027798778732947112
232,2003-03-27,9.69,10.44,9.65,10.09,68594934.0,685473786.0,1070200000.0,0.06409543449822463
233,2003-03-28,10.1,10.31,10.04,10.11,45687773.0,465088473.0,1070200000.0,0.042690873668473184
234,2003-03-31,10.1,10.35,10.09,10.28,26838315.0,275042185.0,1070200000.0,0.025077849934591664
235,2003-04-01,10.28,10.75,10.28,10.45,92416960.0,978103705.0,1070200000.0,0.08635484956082976
236,2003-04-02,10.48,10.59,10.43,10.5,15305012.0,160793608.0,1070200000.0,0.014301076434311343
237,2003-04-03,10.49,10.57,10.28,10.29,47572054.0,493074941.0,1070200000.0,0.04445155484956083
238,2003-04-04,10.28,10.53,10.23,10.39,30731524.0,319893609.0,1070200000.0,0.028715683049897217
239,2003-04-07,10.41,10.93,10.41,10.8,67546838.0,728663932.0,1070200000.0,0.06311608858157354
240,2003-04-08,10.77,11.04,10.66,10.88,56735177.0,614063851.0,1070200000.0,0.05301362081853859
241,2003-04-09,10.9,11.68,10.9,11.6,105539626.0,1178370500.0,1070200000.0,0.09861673145206504
242,2003-04-10,11.51,12.03,11.51,11.71,248014191.0,2919604507.0,1500000000.0,0.165342794
243,2003-04-11,11.8,12.06,11.65,11.84,114380764.0,1360049896.0,1500000000.0,0.07625384266666667
244,2003-04-14,11.9,12.45,11.68,12.28,142564660.0,1716814635.0,1500000000.0,0.09504310666666667
245,2003-04-15,12.25,12.66,12.18,12.58,103415947.0,1280627040.0,1500000000.0,0.06894396466666666
246,2003-04-16,12.6,13.66,12.4,12.64,157762761.0,2046998553.0,1500000000.0,0.105175174
247,2003-04-17,12.7,12.94,12.13,12.47,97310641.0,1218955195.0,1500000000.0,0.06487376066666667
248,2003-04-18,11.96,12.44,11.61,12.0,64902830.0,788313792.0,1500000000.0,0.043268553333333334
249,2003-04-21,11.85,12.0,11.44,11.66,92644303.0,1080592053.0,1500000000.0,0.061762868666666665
250,2003-04-22,11.68,11.95,11.66,11.8,47302022.0,558628054.0,1500000000.0,0.031534681333333335
251,2003-04-23,11.8,11.86,11.45,11.48,52122610.0,604876349.0,1500000000.0,0.03474840666666667
252,2003-04-24,11.4,11.45,10.93,11.18,101029367.0,1131225091.0,1500000000.0,0.06735291133333333
253,2003-04-25,11.18,11.45,11.08,11.22,29059366.0,328640752.0,1500000000.0,0.019372910666666666
254,2003-04-28,11.5,12.34,11.35,12.33,127345428.0,1526831610.0,1500000000.0,0.084896952
255,2003-04-29,12.19,12.56,12.02,12.28,90055835.0,1108096208.0,1500000000.0,0.060037223333333334
256,2003-04-30,12.35,12.68,12.26,12.36,87777472.0,1091157403.0,1500000000.0,0.05851831466666667
257,2003-05-12,12.4,12.9,12.12,12.75,67522272.0,850047742.0,1500000000.0,0.045014848
258,2003-05-13,12.78,13.0,12.01,12.1,70819431.0,880083246.0,1500000000.0,0.047212954
259,2003-05-14,12.06,12.41,12.01,12.34,43893439.0,538283862.0,1500000000.0,0.029262292666666665
260,2003-05-15,12.36,12.65,12.21,12.39,42366014.0,526628110.0,1500000000.0,0.028244009333333334
261,2003-05-16,12.45,12.74,12.34,12.5,32835422.0,412738197.0,1500000000.0,0.021890281333333334
262,2003-05-19,12.51,12.58,12.18,12.35,26012750.0,320535367.0,1500000000.0,0.017341833333333334
263,2003-05-20,12.3,12.3,12.0,12.05,25792159.0,312855650.0,1500000000.0,0.017194772666666667
264,2003-05-21,12.06,12.3,12.01,12.05,14440171.0,175376604.0,1500000000.0,0.009626780666666666
265,2003-05-22,12.05,12.43,11.92,12.38,27537224.0,336757322.0,1500000000.0,0.018358149333333334
266,2003-05-23,12.42,12.7,12.37,12.49,45767527.0,574363833.0,1500000000.0,0.030511684666666667
267,2003-05-27,12.6,12.8,12.41,12.5,35437875.0,446310824.0,1500000000.0,0.02362525
268,2003-05-28,12.52,12.7,12.15,12.22,38693119.0,481223303.0,1500000000.0,0.025795412666666667
269,2003-05-29,12.2,12.3,11.9,12.19,41507598.0,499776255.0,1500000000.0,0.027671732
270,2003-05-30,12.22,12.29,12.0,12.16,18019909.0,218992918.0,1500000000.0,0.012013272666666667
271,2003-06-02,12.16,12.23,11.88,12.2,22558938.0,271353667.0,1500000000.0,0.015039292
272,2003-06-03,12.25,12.4,12.08,12.13,27378672.0,335651014.0,1500000000.0,0.018252448
273,2003-06-04,12.1,12.35,11.98,12.33,26752705.0,325692847.0,1500000000.0,0.017835136666666668
274,2003-06-05,12.38,12.54,12.15,12.16,38873070.0,479885944.0,1500000000.0,0.02591538
275,2003-06-06,12.1,12.25,11.96,11.99,27587242.0,332243691.0,1500000000.0,0.018391494666666668
276,2003-06-09,11.96,12.05,11.63,11.66,26387665.0,312089605.0,1500000000.0,0.017591776666666666
277,2003-06-10,11.66,11.88,11.65,11.75,12424791.0,146011906.0,1500000000.0,0.008283194
278,2003-06-11,11.87,12.18,11.78,12.16,17487420.0,209661440.0,1500000000.0,0.01165828
279,2003-06-12,12.18,12.2,11.94,12.0,12421936.0,149337251.0,1500000000.0,0.008281290666666666
280,2003-06-13,12.0,12.17,11.92,12.04,11564176.0,139006841.0,1500000000.0,0.007709450666666667
281,2003-06-16,12.02,12.04,11.71,11.8,14470861.0,170670963.0,1500000000.0,0.009647240666666666
282,2003-06-17,11.78,11.87,11.6,11.72,14267948.0,166958333.0,1500000000.0,0.009511965333333334
283,2003-06-18,11.72,11.89,11.7,11.71,13364207.0,157372918.0,1500000000.0,0.008909471333333334
284,2003-06-19,11.78,11.87,11.59,11.74,16331588.0,190838060.0,1500000000.0,0.010887725333333334
285,2003-06-20,11.74,11.79,11.51,11.53,12915798.0,150105980.0,1500000000.0,0.008610532
286,2003-06-23,11.49,11.5,11.34,11.37,17352864.0,198111695.0,1500000000.0,0.011568576
287,2003-06-24,11.36,11.46,11.24,11.32,17171017.0,194293736.0,1500000000.0,0.011447344666666666
288,2003-06-25,11.38,11.42,11.24,11.29,8461015.0,95479294.0,1500000000.0,0.005640676666666667
289,2003-06-26,11.26,11.57,11.22,11.48,22010804.0,251045796.0,1500000000.0,0.014673869333333334
290,2003-06-27,11.5,11.56,11.28,11.35,20792592.0,237787221.0,1500000000.0,0.013861728
291,2003-06-30,11.3,11.65,11.23,11.32,20773228.0,237891887.0,1500000000.0,0.013848818666666667
292,2003-07-01,11.32,11.65,11.32,11.38,22344722.0,256771001.0,1500000000.0,0.014896481333333333
293,2003-07-02,11.44,11.89,11.38,11.88,44330211.0,518657360.0,1500000000.0,0.029553474
294,2003-07-03,11.9,12.01,11.79,11.94,43223600.0,515612372.0,1500000000.0,0.028815733333333333
295,2003-07-04,11.91,11.96,11.7,11.79,14600943.0,172593212.0,1500000000.0,0.009733962
296,2003-07-07,11.78,11.91,11.62,11.75,11078537.0,130090022.0,1500000000.0,0.007385691333333333
297,2003-07-08,11.73,11.94,11.72,11.8,10953506.0,129674375.0,1500000000.0,0.007302337333333333
298,2003-07-09,11.81,11.89,11.71,11.75,6915301.0,81540717.0,1500000000.0,0.004610200666666666
299,2003-07-10,11.73,12.1,11.66,12.06,38659577.0,463326528.0,1500000000.0,0.025773051333333335
300,2003-07-11,12.07,12.14,11.94,12.01,18769994.0,225924162.0,1500000000.0,0.012513329333333333
301,2003-07-14,12.01,12.05,11.87,11.89,10638983.0,126775872.0,1500000000.0,0.007092655333333333
302,2003-07-15,11.89,12.12,11.89,12.04,12097550.0,145276974.0,1500000000.0,0.008065033333333334
303,2003-07-16,12.01,12.18,12.0,12.1,16051963.0,194042390.0,1500000000.0,0.010701308666666666
304,2003-07-17,12.13,12.35,12.03,12.26,32837153.0,400492013.0,1500000000.0,0.021891435333333334
305,2003-07-18,12.24,12.38,11.92,11.96,27383746.0,332442304.0,1500000000.0,0.018255830666666667
306,2003-07-21,11.92,12.01,11.83,11.97,17540765.0,209187834.0,1500000000.0,0.011693843333333334
307,2003-07-22,12.05,12.15,11.55,11.66,33059263.0,387648051.0,1500000000.0,0.022039508666666666
308,2003-07-23,11.65,11.72,11.47,11.59,13386951.0,155298215.0,1500000000.0,0.008924634
309,2003-07-24,11.59,11.66,11.39,11.48,9593647.0,110802036.0,1500000000.0,0.006395764666666666
310,2003-07-25,11.48,11.65,11.29,11.38,15503219.0,176945723.0,1500000000.0,0.010335479333333333
311,2003-07-28,11.35,11.45,11.24,11.41,14003659.0,158941731.0,1500000000.0,0.009335772666666667
312,2003-07-29,11.4,11.59,11.4,11.53,10382655.0,119252679.0,1500000000.0,0.00692177
313,2003-07-30,11.53,11.59,11.28,11.42,14898773.0,169808695.0,1500000000.0,0.009932515333333333
314,2003-07-31,11.4,11.44,11.23,11.33,12503979.0,141330134.0,1500000000.0,0.008335986
315,2003-08-01,11.33,11.56,11.28,11.44,6885822.0,78452821.0,1500000000.0,0.004590548
316,2003-08-04,11.5,11.59,11.43,11.55,6983772.0,80480387.0,1500000000.0,0.004655848
317,2003-08-05,11.55,11.58,11.45,11.48,4390058.0,50512606.0,1500000000.0,0.0029267053333333335
318,2003-08-06,11.48,11.48,11.33,11.34,7062040.0,80324995.0,1500000000.0,0.004708026666666667
319,2003-08-07,11.28,11.64,11.28,11.47,13275648.0,153004419.0,1500000000.0,0.008850432
320,2003-08-08,11.45,11.47,11.24,11.32,9191192.0,104263201.0,1500000000.0,0.006127461333333333
321,2003-08-11,11.32,11.45,11.26,11.4,3971298.0,45109989.0,1500000000.0,0.002647532
322,2003-08-12,11.39,11.49,11.32,11.42,3340211.0,38122924.0,1500000000.0,0.0022268073333333335
323,2003-08-13,11.42,11.42,11.21,11.23,8965120.0,101069269.0,1500000000.0,0.005976746666666667
324,2003-08-14,11.23,11.34,10.99,11.0,12617562.0,140100318.0,1500000000.0,0.008411708
325,2003-08-15,11.0,11.09,10.78,10.93,19436915.0,211930903.0,1500000000.0,0.012957943333333333
326,2003-08-18,10.9,10.95,10.77,10.89,4572110.0,49610289.0,1500000000.0,0.0030480733333333333
327,2003-08-19,10.9,11.06,10.87,10.92,10138692.0,110971875.0,1500000000.0,0.006759128
328,2003-08-20,10.95,10.98,10.82,10.96,8382452.0,91203953.0,1500000000.0,0.0055883013333333335
329,2003-08-21,10.96,10.99,10.79,10.85,5917431.0,64329506.0,1500000000.0,0.003944954
330,2003-08-22,10.83,11.0,10.68,10.7,5999288.0,64820685.0,1500000000.0,0.0039995253333333335
331,2003-08-25,10.6,10.68,10.45,10.51,10812966.0,114404677.0,1500000000.0,0.007208644
332,2003-08-26,10.0,10.49,10.0,10.29,8954892.0,92757771.0,1500000000.0,0.005969928
333,2003-08-27,10.29,10.42,10.1,10.11,10265510.0,104949379.0,1500000000.0,0.006843673333333333
334,2003-08-28,10.15,10.2,9.94,9.95,16032685.0,160640486.0,1500000000.0,0.010688456666666667
335,2003-08-29,9.94,10.17,9.92,10.16,10362307.0,104401603.0,1500000000.0,0.006908204666666667
336,2003-09-01,10.16,10.4,10.1,10.4,18689963.0,191202517.0,1500000000.0,0.012459975333333333
337,2003-09-02,10.39,10.45,10.18,10.25,10727727.0,110420617.0,1500000000.0,0.007151818
338,2003-09-03,10.23,10.32,10.12,10.13,7530665.0,76825965.0,1500000000.0,0.0050204433333333335
339,2003-09-04,10.12,10.28,10.08,10.15,6835118.0,69454308.0,1500000000.0,0.004556745333333333
340,2003-09-05,10.16,10.18,9.9,10.01,11819505.0,118251102.0,1500000000.0,0.00787967
341,2003-09-08,10.0,10.07,9.94,10.0,9456579.0,94615654.0,1500000000.0,0.006304386
342,2003-09-09,10.01,10.15,9.88,10.0,11095534.0,111110311.0,1500000000.0,0.007397022666666667
343,2003-09-10,10.0,10.17,9.97,10.16,10750757.0,108290330.0,1500000000.0,0.007167171333333333
344,2003-09-11,10.19,10.34,10.15,10.26,10714361.0,109707147.0,1500000000.0,0.007142907333333334
345,2003-09-12,10.2,10.23,9.95,9.98,12179901.0,122146559.0,1500000000.0,0.008119934
346,2003-09-15,9.95,10.01,9.54,9.6,27877304.0,270394079.0,1500000000.0,0.018584869333333334
347,2003-09-16,9.58,9.6,9.31,9.48,23415723.0,220738901.0,1500000000.0,0.015610482
348,2003-09-17,9.48,9.48,9.31,9.36,9323889.0,87354741.0,1500000000.0,0.006215926
349,2003-09-18,9.3,9.53,9.28,9.46,6344465.0,59763692.0,1500000000.0,0.004229643333333333
350,2003-09-19,9.45,9.55,9.42,9.51,3837260.0,36420411.0,1500000000.0,0.0025581733333333335
351,2003-09-22,9.53,9.55,9.19,9.2,10427502.0,96637071.0,1500000000.0,0.006951668
352,2003-09-23,9.18,9.41,9.13,9.36,14531572.0,134883597.0,1500000000.0,0.009687714666666666
353,2003-09-24,9.36,9.56,9.35,9.39,7440106.0,70300315.0,1500000000.0,0.004960070666666667
354,2003-09-25,9.42,9.47,9.29,9.37,6829057.0,63841628.0,1500000000.0,0.004552704666666667
355,2003-09-26,9.37,9.46,9.33,9.44,4887864.0,45952851.0,1500000000.0,0.003258576
356,2003-09-29,9.43,9.5,9.32,9.33,8725453.0,82007478.0,1500000000.0,0.005816968666666667
357,2003-09-30,9.35,9.49,9.21,9.38,6033183.0,56548555.0,1500000000.0,0.004022122
358,2003-10-08,9.35,9.48,9.27,9.4,2151301.0,20233294.0,1500000000.0,0.0014342006666666666
359,2003-10-09,9.4,9.48,9.35,9.37,1973742.0,18608558.0,1500000000.0,0.001315828
360,2003-10-10,9.33,9.67,9.18,9.5,14357324.0,134811330.0,1500000000.0,0.009571549333333334
361,2003-10-13,9.56,9.68,9.48,9.6,8214196.0,78612241.0,1500000000.0,0.005476130666666666
362,2003-10-14,9.65,9.67,9.44,9.48,8287692.0,78865132.0,1500000000.0,0.005525128
363,2003-10-16,9.2,9.35,9.08,9.29,11242973.0,103898767.0,1500000000.0,0.007495315333333333
364,2003-10-17,9.29,9.36,9.18,9.3,10380772.0,96401559.0,1500000000.0,0.006920514666666666
365,2003-10-20,9.25,9.32,9.22,9.24,4035504.0,37401523.0,1500000000.0,0.002690336
366,2003-10-21,9.23,9.28,8.99,9.05,13036201.0,118218728.0,1500000000.0,0.008690800666666667
367,2003-10-22,9.09,9.5,9.03,9.43,20386161.0,190680171.0,1500000000.0,0.013590774
368,2003-10-23,9.43,9.64,9.34,9.44,16088282.0,152997350.0,1500000000.0,0.010725521333333333
369,2003-10-24,9.44,9.48,9.31,9.44,4245929.0,39992539.0,1500000000.0,0.0028306193333333335
370,2003-10-27,9.48,9.5,9.26,9.36,6020366.0,56352810.0,1500000000.0,0.004013577333333333
371,2003-10-28,9.31,9.68,9.25,9.67,14782980.0,141494425.0,1500000000.0,0.00985532
372,2003-10-29,9.68,9.97,9.66,9.96,37248405.0,366749244.0,1500000000.0,0.02483227
373,2003-10-30,9.96,9.96,9.74,9.8,11611028.0,114124085.0,1500000000.0,0.007740685333333333
374,2003-10-31,9.75,9.87,9.61,9.75,10394670.0,101277191.0,1500000000.0,0.00692978
375,2003-11-03,9.7,9.92,9.63,9.86,6768277.0,66567525.0,1500000000.0,0.004512184666666667
376,2003-11-04,9.86,10.45,9.86,10.19,30913072.0,314396375.0,1500000000.0,0.020608714666666667
377,2003-11-05,10.19,10.28,10.1,10.15,11414254.0,116255591.0,1500000000.0,0.007609502666666667
378,2003-11-06,10.15,10.19,9.93,9.96,15875477.0,158860163.0,1500000000.0,0.010583651333333333
379,2003-11-07,9.95,9.96,9.61,9.62,14506546.0,141194283.0,1500000000.0,0.009671030666666667
380,2003-11-10,9.65,9.85,9.58,9.7,14441242.0,140063607.0,1500000000.0,0.009627494666666667
381,2003-11-11,9.78,9.83,9.52,9.64,6803268.0,65633648.0,1500000000.0,0.004535512
382,2003-11-12,9.6,9.6,9.25,9.29,12384495.0,115804864.0,1500000000.0,0.00825633
383,2003-11-13,9.25,9.36,9.11,9.2,7429029.0,68419111.0,1500000000.0,0.004952686
384,2003-11-14,9.25,9.37,9.2,9.31,5590807.0,51888986.0,1500000000.0,0.0037272046666666668
385,2003-11-17,9.32,9.36,9.12,9.18,3948020.0,36346679.0,1500000000.0,0.0026320133333333335
386,2003-11-18,9.18,9.23,9.0,9.09,8351315.0,75734640.0,1500000000.0,0.0055675433333333335
387,2003-11-19,9.06,9.3,9.01,9.25,5931311.0,54614469.0,1500000000.0,0.0039542073333333335
388,2003-11-20,9.25,9.51,9.19,9.43,13874275.0,130333302.0,1500000000.0,0.009249516666666667
389,2003-11-21,9.45,9.74,9.3,9.35,13408285.0,127888191.0,1500000000.0,0.008938856666666667
390,2003-11-24,9.33,9.72,9.33,9.7,12968927.0,124467109.0,1500000000.0,0.008645951333333334
391,2003-11-25,9.65,10.01,9.65,9.79,27027780.0,266477410.0,1500000000.0,0.01801852
392,2003-11-26,9.79,9.81,9.65,9.8,8282269.0,80523820.0,1500000000.0,0.0055215126666666664
393,2003-11-27,9.8,9.85,9.51,9.55,10136969.0,97937650.0,1500000000.0,0.006757979333333333
394,2003-11-28,9.55,9.7,9.54,9.55,4778051.0,45919273.0,1500000000.0,0.0031853673333333333
395,2003-12-01,9.6,9.95,9.58,9.9,17465298.0,171219108.0,1500000000.0,0.011643532
396,2003-12-02,9.95,9.99,9.75,9.78,15228884.0,149745234.0,1500000000.0,0.010152589333333333
397,2003-12-03,9.8,9.96,9.59,9.78,23407244.0,228920497.0,1500000000.0,0.015604829333333334
398,2003-12-04,9.83,10.22,9.83,10.19,55499428.0,561494207.0,1500000000.0,0.036999618666666664
399,2003-12-05,10.2,10.32,10.1,10.2,30582213.0,312418509.0,1500000000.0,0.020388142
400,2003-12-08,10.22,10.44,10.12,10.21,30707480.0,316265134.0,1500000000.0,0.020471653333333333
401,2003-12-09,10.19,10.21,9.85,10.01,23834044.0,238488010.0,1500000000.0,0.015889362666666667
402,2003-12-10,11.0,11.0,10.33,10.56,94886854.0,997981823.0,1500000000.0,0.06325790266666667
403,2003-12-11,10.66,11.06,10.66,10.98,82181543.0,896469648.0,1500000000.0,0.05478769533333333
404,2003-12-12,10.99,11.12,10.9,11.01,55123050.0,608379544.0,1500000000.0,0.0367487
405,2003-12-15,11.11,11.15,10.9,10.92,23182075.0,254681880.0,1500000000.0,0.015454716666666667
406,2003-12-16,10.9,10.9,10.62,10.79,30674840.0,329263545.0,1500000000.0,0.020449893333333333
407,2003-12-17,10.78,10.97,10.61,10.63,21393594.0,231201733.0,1500000000.0,0.014262396
408,2003-12-18,10.59,10.82,10.56,10.79,12406813.0,132727792.0,1500000000.0,0.008271208666666667
409,2003-12-19,10.79,11.05,10.7,11.0,31621698.0,344034634.0,1500000000.0,0.021081132
410,2003-12-22,11.0,11.34,10.81,11.33,59457499.0,658641511.0,1500000000.0,0.039638332666666665
411,2003-12-23,11.31,11.39,11.1,11.16,37447801.0,421801489.0,1500000000.0,0.024965200666666666
412,2003-12-24,11.2,11.48,11.15,11.26,37433155.0,423707353.0,1500000000.0,0.024955436666666667
413,2003-12-25,11.2,11.27,11.05,11.11,32422390.0,360810660.0,1500000000.0,0.021614926666666666
414,2003-12-26,11.1,11.24,11.0,11.08,22837349.0,253586919.0,1500000000.0,0.015224899333333333
415,2003-12-29,11.03,11.13,10.9,10.95,21832173.0,239487458.0,1500000000.0,0.014554782
416,2003-12-30,10.9,11.04,10.86,10.91,18508290.0,202716704.0,1500000000.0,0.01233886
417,2003-12-31,10.95,11.04,10.7,10.81,20529655.0,223206600.0,1500000000.0,0.013686436666666666
418,2004-01-02,10.75,11.07,10.73,10.88,22078799.0,241734611.0,1500000000.0,0.014719199333333334
419,2004-01-05,10.9,11.44,10.9,11.38,36348459.0,409980165.0,1500000000.0,0.024232306
420,2004-01-06,11.43,12.03,11.43,11.79,73529786.0,870015611.0,1500000000.0,0.04901985733333333
421,2004-01-07,11.83,12.17,11.79,11.93,40316410.0,481932196.0,1500000000.0,0.026877606666666668
422,2004-01-08,11.88,12.08,11.73,12.05,29517977.0,351723839.0,1500000000.0,0.019678651333333335
423,2004-01-09,12.05,12.19,11.6,11.65,32296533.0,383204060.0,1500000000.0,0.021531022
424,2004-01-12,11.65,12.09,11.65,12.03,36614321.0,433681750.0,1500000000.0,0.024409547333333333
425,2004-01-13,12.1,12.2,11.72,11.9,40648994.0,487751349.0,1500000000.0,0.027099329333333335
426,2004-01-14,11.89,11.89,11.51,11.62,26050645.0,303011753.0,1500000000.0,0.01736709666666667
427,2004-01-15,11.62,11.77,11.45,11.59,20780179.0,241240935.0,1500000000.0,0.013853452666666667
428,2004-01-16,11.58,11.73,11.46,11.65,15916589.0,184770791.0,1500000000.0,0.010611059333333334
429,2004-01-29,11.61,11.86,11.51,11.86,15855516.0,185924866.0,1500000000.0,0.010570344
430,2004-01-30,11.86,11.94,11.43,11.48,20234664.0,235518871.0,1500000000.0,0.013489776
431,2004-02-02,12.06,12.25,11.62,11.97,70626302.0,846730497.0,1500000000.0,0.04708420133333333
432,2004-02-03,11.98,12.24,11.85,12.1,28744857.0,348429624.0,1500000000.0,0.019163238
433,2004-02-04,12.15,12.51,12.15,12.34,41271598.0,511763880.0,1500000000.0,0.027514398666666665
434,2004-02-05,12.35,12.54,12.19,12.29,31199738.0,386471971.0,1500000000.0,0.020799825333333334
435,2004-02-06,12.25,12.52,12.06,12.24,44461352.0,545361901.0,1500000000.0,0.029640901333333334
436,2004-02-09,12.22,12.51,12.18,12.43,34309614.0,426322163.0,1500000000.0,0.022873076
437,2004-02-10,12.48,12.55,12.14,12.19,23605176.0,291055863.0,1500000000.0,0.015736784
438,2004-02-11,12.2,12.26,11.92,11.98,19639203.0,235969646.0,1500000000.0,0.013092802
439,2004-02-12,11.99,12.1,11.7,11.75,32316924.0,384867167.0,1500000000.0,0.021544616
440,2004-02-13,11.75,12.0,11.7,11.76,27075120.0,320581828.0,1500000000.0,0.01805008
441,2004-02-16,11.8,12.3,11.8,12.29,40475701.0,488828100.0,1500000000.0,0.026983800666666665
442,2004-02-17,12.35,12.57,12.24,12.28,71967517.0,896111408.0,1500000000.0,0.047978344666666665
443,2004-02-18,12.48,12.66,12.02,12.15,46803969.0,575853467.0,1500000000.0,0.031202646
444,2004-02-19,12.17,12.32,11.9,11.97,29034814.0,351653911.0,1500000000.0,0.019356542666666667
445,2004-02-20,12.0,12.25,11.88,12.14,27291556.0,330011384.0,1500000000.0,0.018194370666666668
446,2004-02-23,12.16,12.2,11.59,11.66,57826709.0,682226758.0,1500000000.0,0.03855113933333333
447,2004-02-24,11.73,11.75,11.3,11.5,34031957.0,391039880.0,1500000000.0,0.022687971333333334
448,2004-02-25,11.5,11.58,11.08,11.16,51423929.0,580015196.0,1500000000.0,0.03428261933333333
449,2004-02-26,11.2,11.28,11.12,11.27,27962112.0,313380448.0,1500000000.0,0.018641408
450,2004-02-27,11.28,11.35,11.08,11.15,27496015.0,306915422.0,1500000000.0,0.018330676666666667
451,2004-03-01,11.15,11.21,10.84,11.06,30649509.0,336637789.0,1500000000.0,0.020433006
452,2004-03-02,11.15,11.28,11.05,11.15,23144782.0,258578461.0,1500000000.0,0.015429854666666666
453,2004-03-03,11.19,11.25,11.02,11.03,18910230.0,210069329.0,1500000000.0,0.01260682
454,2004-03-04,11.0,11.11,10.88,11.1,18744857.0,206028581.0,1500000000.0,0.012496571333333333
455,2004-03-05,11.1,11.17,10.91,10.98,12879852.0,141906266.0,1500000000.0,0.008586568
456,2004-03-08,10.95,10.99,10.65,10.66,18642975.0,200993848.0,1500000000.0,0.01242865
457,2004-03-09,10.66,10.82,10.58,10.69,13634538.0,145914569.0,1500000000.0,0.009089692
458,2004-03-10,10.75,11.06,10.72,11.04,14847694.0,162040417.0,1500000000.0,0.009898462666666667
459,2004-03-11,11.08,11.15,10.96,11.01,20283419.0,223753440.0,1500000000.0,0.013522279333333333
460,2004-03-12,11.05,11.11,10.84,10.88,11629112.0,126995621.0,1500000000.0,0.007752741333333334
461,2004-03-15,10.88,11.27,10.88,11.26,34476041.0,383549955.0,1500000000.0,0.022984027333333334
462,2004-03-16,11.35,11.36,11.1,11.2,20451548.0,229061011.0,1500000000.0,0.013634365333333334
463,2004-03-17,11.22,11.35,11.15,11.29,21203226.0,238473670.0,1500000000.0,0.014135484
464,2004-03-18,11.35,11.43,11.06,11.15,24624689.0,277258425.0,1500000000.0,0.016416459333333334
465,2004-03-22,11.3,11.47,11.17,11.32,30113347.0,341609882.0,1500000000.0,0.020075564666666667
466,2004-03-23,11.32,11.35,11.03,11.14,26015367.0,289881295.0,1500000000.0,0.017343578
467,2004-03-24,11.12,11.13,10.93,11.07,20699610.0,227819849.0,1500000000.0,0.01379974
468,2004-03-25,11.2,11.35,11.05,11.12,23856995.0,266633398.0,1500000000.0,0.015904663333333333
469,2004-03-26,11.13,11.23,11.01,11.16,10081072.0,112090883.0,1500000000.0,0.006720714666666666
470,2004-03-29,11.16,11.23,11.08,11.11,9654286.0,107648326.0,1500000000.0,0.006436190666666667
471,2004-03-30,11.1,11.1,10.86,10.98,13131931.0,143747692.0,1500000000.0,0.008754620666666667
472,2004-03-31,10.98,11.04,10.88,10.95,11092989.0,121552091.0,1500000000.0,0.007395326
473,2004-04-01,10.96,11.2,10.96,11.16,12038551.0,133858299.0,1500000000.0,0.008025700666666667
474,2004-04-02,11.16,11.27,11.16,11.24,21539058.0,241609087.0,1500000000.0,0.014359372
475,2004-04-05,11.26,11.31,11.08,11.15,19472441.0,218313400.0,1500000000.0,0.012981627333333334
476,2004-04-06,11.15,11.15,10.93,11.13,15850474.0,174742480.0,1500000000.0,0.010566982666666667
477,2004-04-07,11.13,11.19,10.95,10.99,18341951.0,201886996.0,1500000000.0,0.012227967333333332
478,2004-04-08,10.98,11.01,10.75,10.86,35421494.0,383657843.0,1500000000.0,0.023614329333333333
479,2004-04-09,10.96,10.98,10.6,10.68,35665380.0,383114154.0,1500000000.0,0.02377692
480,2004-04-12,10.58,10.69,10.47,10.59,22960270.0,242515740.0,1500000000.0,0.015306846666666667
481,2004-04-13,10.58,10.7,10.48,10.51,13468521.0,142457005.0,1500000000.0,0.008979014
482,2004-04-14,10.5,10.51,10.27,10.35,17254133.0,178311756.0,1500000000.0,0.011502755333333333
483,2004-04-15,10.34,10.47,10.23,10.31,12092157.0,124794427.0,1500000000.0,0.008061438
484,2004-04-16,10.33,10.53,10.29,10.44,13909120.0,144232427.0,1500000000.0,0.009272746666666666
485,2004-04-19,10.46,10.5,10.3,10.31,8076198.0,84014578.0,1500000000.0,0.005384132
486,2004-04-20,10.3,10.65,10.29,10.53,22227169.0,233967683.0,1500000000.0,0.014818112666666666
487,2004-04-21,10.58,10.72,10.39,10.4,21330954.0,225825142.0,1500000000.0,0.014220636
488,2004-04-22,10.41,10.56,10.35,10.49,17755397.0,185565990.0,1500000000.0,0.011836931333333333
489,2004-04-23,10.48,10.48,10.28,10.34,10402651.0,107716350.0,1500000000.0,0.006935100666666667
490,2004-04-26,10.34,10.44,10.3,10.39,7726802.0,80090396.0,1500000000.0,0.005151201333333333
491,2004-04-27,10.4,10.57,10.38,10.51,16278010.0,170725843.0,1500000000.0,0.010852006666666667
492,2004-04-28,10.58,10.78,10.33,10.7,34304202.0,363635929.0,1500000000.0,0.022869468
493,2004-04-29,10.65,10.99,10.6,10.83,47615360.0,516868300.0,1500000000.0,0.03174357333333333
494,2004-04-30,10.82,11.07,10.77,10.92,50779555.0,555009438.0,1500000000.0,0.03385303666666667
495,2004-05-10,10.92,10.95,10.57,10.6,12623825.0,135110148.0,1500000000.0,0.008415883333333334
496,2004-05-11,8.75,9.0,8.71,8.94,8466520.0,75193420.0,1500000000.0,0.005644346666666667
497,2004-05-12,8.9,9.14,8.86,9.09,15620800.0,141168906.0,1800000000.0,0.008678222222222223
498,2004-05-13,9.1,9.13,9.01,9.09,12256712.0,111234175.0,1800000000.0,0.0068092844444444444
499,2004-05-14,9.09,9.09,8.88,8.94,16299586.0,146069442.0,1800000000.0,0.009055325555555556
500,2004-05-17,8.93,8.99,8.64,8.67,15456926.0,135993758.0,1800000000.0,0.008587181111111111
501,2004-05-18,8.65,8.76,8.46,8.71,15287359.0,131812382.0,1800000000.0,0.008492977222222222
502,2004-05-19,8.75,8.96,8.62,8.77,11578104.0,102220556.0,1800000000.0,0.00643228
503,2004-05-20,8.77,9.05,8.77,8.89,14696785.0,131170274.0,1800000000.0,0.008164880555555556
504,2004-05-21,8.9,9.01,8.83,8.95,8197236.0,73125343.0,1800000000.0,0.00455402
505,2004-05-24,9.0,9.07,8.9,8.99,9982433.0,89721948.0,1800000000.0,0.005545796111111111
506,2004-05-25,8.99,8.99,8.82,8.88,7161041.0,63650176.0,1800000000.0,0.003978356111111111
507,2004-05-26,8.88,8.93,8.75,8.88,8625692.0,76074823.0,1800000000.0,0.004792051111111111
508,2004-05-27,8.9,9.11,8.84,9.06,25086573.0,226985230.0,1800000000.0,0.013936985
509,2004-05-28,9.09,9.11,8.96,9.01,10531495.0,95003627.0,1800000000.0,0.005850830555555555
510,2004-05-31,9.03,9.16,9.0,9.08,12412382.0,112930250.0,1800000000.0,0.006895767777777778
511,2004-06-01,9.08,9.29,9.06,9.27,24317540.0,223760971.0,1800000000.0,0.013509744444444444
512,2004-06-02,9.3,9.36,9.2,9.22,21111313.0,195994530.0,1800000000.0,0.011728507222222222
513,2004-06-03,9.21,9.23,8.99,9.0,13364463.0,121291730.0,1800000000.0,0.007424701666666667
514,2004-06-04,8.98,9.06,8.96,8.97,7970930.0,71806806.0,1800000000.0,0.004428294444444444
515,2004-06-07,8.97,9.0,8.76,8.82,11964970.0,105899795.0,1800000000.0,0.006647205555555555
516,2004-06-08,8.81,8.94,8.64,8.69,19908228.0,174711414.0,1800000000.0,0.011060126666666666
517,2004-06-09,8.69,8.82,8.6,8.73,20170391.0,175796227.0,1800000000.0,0.011205772777777777
518,2004-06-10,8.71,8.8,8.53,8.64,24055966.0,208787169.0,1800000000.0,0.013364425555555556
519,2004-06-11,8.65,8.83,8.52,8.57,18494926.0,160129879.0,1800000000.0,0.010274958888888889
520,2004-06-14,8.55,8.61,8.47,8.5,16258368.0,138571749.0,1800000000.0,0.009032426666666666
521,2004-06-15,8.45,8.95,8.44,8.77,22062738.0,191644214.0,1800000000.0,0.012257076666666667
522,2004-06-16,8.75,8.88,8.58,8.71,16553211.0,144967945.0,1800000000.0,0.009196228333333334
523,2004-06-17,8.75,8.75,8.5,8.54,7984385.0,68453319.0,1800000000.0,0.004435769444444445
524,2004-06-18,8.5,8.6,8.23,8.31,19223850.0,161330599.0,1800000000.0,0.010679916666666667
525,2004-06-21,8.29,8.34,8.23,8.3,10131820.0,83910338.0,1800000000.0,0.005628788888888889
526,2004-06-22,8.3,8.52,8.26,8.42,11526517.0,96748162.0,1800000000.0,0.006403620555555555
527,2004-06-23,8.43,8.44,8.34,8.35,10279010.0,86229569.0,1800000000.0,0.005710561111111111
528,2004-06-24,8.4,8.45,8.33,8.36,6026181.0,50536926.0,1800000000.0,0.0033478783333333335
529,2004-06-28,8.22,8.31,8.2,8.27,9274300.0,76611278.0,1800000000.0,0.005152388888888889
530,2004-06-29,8.25,8.54,8.24,8.47,7717058.0,64720836.0,1800000000.0,0.004287254444444445
531,2004-06-30,8.49,8.57,8.35,8.48,9980885.0,84912848.0,1800000000.0,0.005544936111111111
532,2004-07-01,8.48,8.73,8.45,8.67,14224125.0,122946406.0,1800000000.0,0.007902291666666667
533,2004-07-02,8.67,8.81,8.61,8.73,9504954.0,82819917.0,1800000000.0,0.00528053
534,2004-07-05,8.73,8.78,8.59,8.7,7702847.0,66692937.0,1800000000.0,0.004279359444444445
535,2004-07-06,8.7,8.93,8.69,8.79,17330546.0,153078128.0,1800000000.0,0.009628081111111112
536,2004-07-07,8.79,8.79,8.7,8.71,4972365.0,43391615.0,1800000000.0,0.002762425
537,2004-07-08,8.7,8.86,8.66,8.84,9172396.0,80504137.0,1800000000.0,0.005095775555555556
538,2004-07-09,8.83,8.96,8.82,8.88,12662727.0,112422230.0,1800000000.0,0.007034848333333333
539,2004-07-12,8.82,8.84,8.65,8.75,9826599.0,85679157.0,1800000000.0,0.0054592216666666665
540,2004-07-13,8.7,8.87,8.7,8.84,5843020.0,51404680.0,1800000000.0,0.003246122222222222
541,2004-07-14,8.88,8.96,8.81,8.95,12276893.0,109246791.0,1800000000.0,0.006820496111111111
542,2004-07-15,8.95,9.15,8.9,9.12,21741216.0,197035247.0,1800000000.0,0.012078453333333333
543,2004-07-16,9.13,9.26,9.09,9.2,28462174.0,261963524.0,1800000000.0,0.01581231888888889
544,2004-07-19,9.21,9.28,9.15,9.22,15732900.0,145075843.0,1800000000.0,0.0087405
545,2004-07-20,9.2,9.3,9.12,9.17,15425447.0,141851409.0,1800000000.0,0.008569692777777778
546,2004-07-21,9.16,9.25,9.12,9.2,6696422.0,61452130.0,1800000000.0,0.0037202344444444446
547,2004-07-22,9.2,9.23,8.8,8.86,18390974.0,165137814.0,1800000000.0,0.010217207777777777
548,2004-07-23,8.86,8.97,8.78,8.96,15247988.0,135066099.0,1800000000.0,0.008471104444444445
549,2004-07-26,8.93,9.02,8.77,8.84,6607540.0,58567453.0,1800000000.0,0.0036708555555555558
550,2004-07-27,8.84,8.9,8.65,8.69,11101927.0,97205731.0,1800000000.0,0.006167737222222222
551,2004-07-28,8.65,8.8,8.61,8.75,8887066.0,77240886.0,1800000000.0,0.004937258888888889
552,2004-07-29,8.75,9.0,8.75,8.94,11779386.0,104773569.0,1800000000.0,0.006544103333333333
553,2004-07-30,8.98,9.02,8.9,8.95,8058528.0,72166570.0,1800000000.0,0.00447696
554,2004-08-02,8.91,9.04,8.81,8.98,8550863.0,76894899.0,1800000000.0,0.004750479444444444
555,2004-08-03,8.88,9.01,8.78,8.81,7834010.0,69524791.0,1800000000.0,0.004352227777777778
556,2004-08-04,8.76,9.3,8.65,9.08,23104297.0,207106087.0,1800000000.0,0.012835720555555555
557,2004-08-05,9.0,9.14,8.91,8.91,7026371.0,63325195.0,1800000000.0,0.0039035394444444445
558,2004-08-06,8.91,9.15,8.87,8.94,3805688.0,34006789.0,1800000000.0,0.0021142711111111112
559,2004-08-09,8.94,9.25,8.9,9.16,15105620.0,138197275.0,1800000000.0,0.008392011111111111
560,2004-08-10,9.19,9.32,9.14,9.27,23237630.0,214856374.0,1800000000.0,0.012909794444444445
561,2004-08-11,9.29,9.29,9.08,9.12,11337390.0,103867500.0,1800000000.0,0.00629855
562,2004-08-12,9.08,9.19,8.97,9.16,11841552.0,107266934.0,1800000000.0,0.00657864
563,2004-08-13,9.12,9.35,9.04,9.28,24959822.0,231740275.0,1800000000.0,0.013866567777777778
564,2004-08-16,9.28,9.32,9.2,9.21,11877912.0,110067520.0,1800000000.0,0.00659884
565,2004-08-17,9.2,9.35,9.14,9.29,13452359.0,124531705.0,1800000000.0,0.007473532777777778
566,2004-08-18,9.3,9.55,9.28,9.39,29226381.0,276153835.0,1800000000.0,0.016236878333333333
567,2004-08-19,9.39,9.46,9.28,9.38,14294900.0,133696690.0,1800000000.0,0.007941611111111111
568,2004-08-20,9.36,9.51,9.32,9.42,16065242.0,151659594.0,1800000000.0,0.008925134444444444
569,2004-08-23,9.41,9.45,9.14,9.25,18514189.0,172125838.0,1800000000.0,0.010285660555555555
570,2004-08-24,9.2,9.4,9.13,9.26,11557679.0,106900874.0,1800000000.0,0.006420932777777778
571,2004-08-25,9.23,9.29,9.1,9.18,10121783.0,92878417.0,1800000000.0,0.005623212777777778
572,2004-08-26,9.16,9.27,9.08,9.2,5130271.0,47058463.0,1800000000.0,0.0028501505555555556
573,2004-08-27,9.24,9.26,9.1,9.18,6706755.0,61404672.0,1800000000.0,0.003725975
574,2004-08-30,9.1,9.24,8.98,9.12,7779155.0,70418986.0,1800000000.0,0.004321752777777778
575,2004-08-31,9.25,9.38,9.13,9.23,14277496.0,131866798.0,1800000000.0,0.007931942222222222
576,2004-09-01,9.2,9.2,8.96,9.01,11990510.0,108341361.0,1800000000.0,0.006661394444444444
577,2004-09-02,8.99,8.99,8.8,8.96,18915474.0,168015167.0,1800000000.0,0.010508596666666667
578,2004-09-03,8.95,9.0,8.86,8.92,3606746.0,32168966.0,1800000000.0,0.0020037477777777777
579,2004-09-06,8.91,8.91,8.84,8.86,5957721.0,52817208.0,1800000000.0,0.003309845
580,2004-09-07,8.85,9.02,8.82,9.0,5491021.0,49248140.0,1800000000.0,0.003050567222222222
581,2004-09-08,9.01,9.06,8.79,8.93,7716589.0,68701340.0,1800000000.0,0.004286993888888889
582,2004-09-09,8.9,8.97,8.75,8.78,8054913.0,71103160.0,1800000000.0,0.004474951666666667
583,2004-09-10,8.78,8.91,8.64,8.85,6953659.0,60875602.0,1800000000.0,0.003863143888888889
584,2004-09-13,8.85,8.85,8.63,8.73,6216001.0,54131588.0,1800000000.0,0.003453333888888889
585,2004-09-14,8.73,9.06,8.73,8.94,13872760.0,124016780.0,1800000000.0,0.007707088888888889
586,2004-09-15,8.96,9.41,8.92,9.27,48837638.0,451978878.0,1800000000.0,0.027132021111111113
587,2004-09-16,9.4,9.51,9.3,9.37,29349855.0,275886789.0,1800000000.0,0.016305475
588,2004-09-17,9.4,9.67,9.28,9.62,49030289.0,465068653.0,1800000000.0,0.027239049444444444
589,2004-09-20,9.68,9.88,9.64,9.83,74642641.0,727530368.0,1800000000.0,0.04146813388888889
590,2004-09-21,9.85,9.85,9.55,9.61,44949680.0,433955465.0,1800000000.0,0.024972044444444445
591,2004-09-22,9.5,9.64,9.27,9.33,63822110.0,601963076.0,1800000000.0,0.03545672777777778
592,2004-09-23,9.35,9.83,9.28,9.82,39028676.0,371861959.0,1800000000.0,0.021682597777777778
593,2004-09-24,9.95,10.02,9.47,9.49,79002719.0,772417077.0,1800000000.0,0.04389039944444444
594,2004-09-27,9.59,9.66,9.33,9.4,34341711.0,323641578.0,1800000000.0,0.019078728333333333
595,2004-09-28,9.42,9.5,9.28,9.4,13922347.0,130452758.0,1800000000.0,0.007734637222222222
596,2004-09-29,9.4,9.53,9.38,9.4,12460036.0,117912042.0,1800000000.0,0.006922242222222222
597,2004-09-30,9.4,9.46,9.3,9.36,10394081.0,97265896.0,1800000000.0,0.005774489444444445
598,2004-10-08,9.3,9.33,9.04,9.29,19993160.0,183109673.0,1800000000.0,0.011107311111111112
599,2004-10-11,9.29,9.35,9.05,9.09,27285747.0,249595319.0,1800000000.0,0.015158748333333333
600,2004-10-12,9.05,9.08,8.84,8.87,24706540.0,220964878.0,1800000000.0,0.013725855555555555
601,2004-10-13,8.88,9.02,8.87,8.9,15083092.0,134850559.0,1800000000.0,0.008379495555555555
602,2004-10-14,8.9,8.95,8.77,8.79,20330540.0,179815725.0,1800000000.0,0.011294744444444444
603,2004-10-15,8.77,8.93,8.73,8.88,12529634.0,110747787.0,1800000000.0,0.006960907777777778
604,2004-10-18,8.98,8.99,8.72,8.85,8619185.0,75955655.0,1800000000.0,0.004788436111111111
605,2004-10-19,8.88,9.08,8.8,8.86,10811856.0,96866928.0,1800000000.0,0.006006586666666667
606,2004-10-20,8.86,8.89,8.58,8.65,22072735.0,191203492.0,1800000000.0,0.012262630555555555
607,2004-10-21,8.61,8.63,8.25,8.25,49111694.0,412644447.0,1800000000.0,0.027284274444444444
608,2004-10-22,8.24,8.5,8.23,8.41,20753051.0,173406909.0,1800000000.0,0.011529472777777779
609,2004-10-25,8.5,8.65,8.39,8.39,16890284.0,144072418.0,1800000000.0,0.00938349111111111
610,2004-10-26,8.39,8.74,8.36,8.71,19876605.0,170920019.0,1800000000.0,0.011042558333333334
611,2004-10-27,8.72,8.91,8.66,8.89,16618145.0,146436099.0,1800000000.0,0.009232302777777777
612,2004-10-28,8.89,8.91,8.7,8.75,9541784.0,84191347.0,1800000000.0,0.005300991111111111
613,2004-10-29,8.9,9.38,8.83,8.85,31302854.0,280306205.0,1800000000.0,0.017390474444444446
614,2004-11-01,8.9,9.02,8.81,8.85,17017542.0,151608603.0,1800000000.0,0.00945419
615,2004-11-02,8.86,8.9,8.64,8.78,9365862.0,81700336.0,1800000000.0,0.005203256666666667
616,2004-11-03,8.85,9.02,8.8,8.96,25950783.0,232279939.0,1800000000.0,0.014417101666666666
617,2004-11-04,8.89,9.13,8.78,8.83,22655620.0,204151088.0,1800000000.0,0.012586455555555556
618,2004-11-05,8.84,8.99,8.84,8.97,8057498.0,71768187.0,1800000000.0,0.004476387777777778
619,2004-11-08,8.9,8.98,8.78,8.95,6187129.0,55002490.0,1800000000.0,0.003437293888888889
620,2004-11-09,8.95,9.02,8.88,8.95,6075536.0,54410105.0,1800000000.0,0.0033752977777777777
621,2004-11-10,8.95,9.23,8.85,9.1,32071202.0,290993875.0,1800000000.0,0.017817334444444444
622,2004-11-11,9.12,9.27,8.97,9.0,15479354.0,141518709.0,1800000000.0,0.008599641111111112
623,2004-11-12,9.01,9.15,9.0,9.04,7610889.0,69086832.0,1800000000.0,0.004228271666666667
624,2004-11-15,9.07,9.15,8.75,8.88,23028408.0,204798389.0,1800000000.0,0.01279356
625,2004-11-16,8.95,8.99,8.87,8.98,9431756.0,84060882.0,1800000000.0,0.005239864444444444
626,2004-11-17,9.0,9.01,8.86,8.89,6268225.0,55860652.0,1800000000.0,0.003482347222222222
627,2004-11-18,8.89,8.91,8.81,8.87,4246651.0,37594640.0,1800000000.0,0.0023592505555555554
628,2004-11-19,8.9,9.06,8.88,9.0,7639187.0,68676175.0,1800000000.0,0.004243992777777778
629,2004-11-22,9.0,9.06,8.9,8.96,8715400.0,78253656.0,1800000000.0,0.004841888888888889
630,2004-11-23,8.98,8.98,8.83,8.85,6696285.0,59442080.0,1800000000.0,0.0037201583333333335
631,2004-11-24,8.84,8.94,8.81,8.83,6266642.0,55516708.0,1800000000.0,0.0034814677777777778
632,2004-11-25,8.9,8.91,8.79,8.81,4354960.0,38468417.0,1800000000.0,0.002419422222222222
633,2004-11-26,8.81,8.87,8.75,8.79,3481364.0,30617329.0,1800000000.0,0.0019340911111111112
634,2004-11-29,8.77,8.9,8.76,8.78,5879994.0,52025296.0,1800000000.0,0.0032666633333333335
635,2004-11-30,8.78,8.86,8.68,8.69,6481400.0,56751639.0,1800000000.0,0.003600777777777778
636,2004-12-01,8.69,8.75,8.65,8.7,3873704.0,33709667.0,1800000000.0,0.0021520577777777777
637,2004-12-02,8.7,8.71,8.53,8.57,9231056.0,79268900.0,1800000000.0,0.005128364444444445
638,2004-12-03,8.58,8.68,8.52,8.57,2479429.0,21325922.0,1800000000.0,0.0013774605555555556
639,2004-12-06,8.6,8.65,8.48,8.58,5160158.0,44110873.0,1800000000.0,0.0028667544444444444
640,2004-12-07,8.6,8.68,8.56,8.6,4103348.0,35345673.0,1800000000.0,0.0022796377777777777
641,2004-12-08,8.79,8.79,8.61,8.67,4383984.0,38053923.0,1800000000.0,0.0024355466666666666
642,2004-12-09,8.68,8.9,8.55,8.69,15426097.0,135047186.0,1800000000.0,0.008570053888888889
643,2004-12-10,8.66,8.77,8.62,8.69,8818546.0,76759491.0,1800000000.0,0.0048991922222222225
644,2004-12-13,8.62,8.7,8.55,8.65,3961594.0,34154871.0,1800000000.0,0.0022008855555555556
645,2004-12-14,8.64,8.72,8.58,8.64,6536150.0,56606903.0,1800000000.0,0.0036311944444444443
646,2004-12-15,8.62,8.8,8.55,8.65,5282202.0,45546163.0,1800000000.0,0.002934556666666667
647,2004-12-16,8.65,8.86,8.58,8.73,11540141.0,100974975.0,1800000000.0,0.006411189444444444
648,2004-12-17,8.73,8.74,8.59,8.64,5490682.0,47482508.0,1800000000.0,0.003050378888888889
649,2004-12-20,8.6,8.65,8.46,8.52,15209654.0,130214352.0,1800000000.0,0.008449807777777778
650,2004-12-21,8.51,8.57,8.45,8.48,7117964.0,60569555.0,1800000000.0,0.003954424444444445
651,2004-12-22,8.55,8.66,8.48,8.65,7492150.0,64199315.0,1800000000.0,0.004162305555555555
652,2004-12-23,8.68,8.7,8.55,8.56,5264214.0,45438701.0,1800000000.0,0.0029245633333333334
653,2004-12-24,8.58,8.59,8.48,8.52,5465678.0,46654093.0,1800000000.0,0.003036487777777778
654,2004-12-27,8.5,8.54,8.26,8.3,14018041.0,117054068.0,1800000000.0,0.007787800555555556
655,2004-12-28,8.29,8.38,8.24,8.35,9561153.0,79489042.0,1800000000.0,0.005311751666666666
656,2004-12-29,8.35,8.41,8.26,8.29,4526110.0,37685491.0,1800000000.0,0.0025145055555555558
657,2004-12-30,8.29,8.36,8.25,8.3,16055290.0,133221139.0,1800000000.0,0.008919605555555555
658,2004-12-31,8.5,8.5,8.25,8.35,10648960.0,89186912.0,1800000000.0,0.005916088888888889
659,2005-01-04,8.29,8.31,8.11,8.17,13427957.0,110294619.0,1800000000.0,0.007459976111111111
660,2005-01-05,8.2,8.22,8.08,8.17,15455058.0,125361606.0,1800000000.0,0.008586143333333334
661,2005-01-06,8.19,8.19,7.98,8.01,16996202.0,136195820.0,1800000000.0,0.009442334444444445
662,2005-01-07,8.01,8.11,7.98,8.01,4669189.0,37457528.0,1800000000.0,0.002593993888888889
663,2005-01-10,8.08,8.34,8.0,8.3,10362551.0,85261509.0,1800000000.0,0.005756972777777778
664,2005-01-11,8.29,8.32,8.23,8.28,6421913.0,53176721.0,1800000000.0,0.0035677294444444443
665,2005-01-12,8.29,8.34,8.23,8.32,2839033.0,23483276.0,1800000000.0,0.0015772405555555555
666,2005-01-13,8.32,8.32,8.19,8.26,5237281.0,43148409.0,1800000000.0,0.0029096005555555556
667,2005-01-14,8.26,8.45,8.2,8.24,7629562.0,63618072.0,1800000000.0,0.004238645555555556
668,2005-01-17,8.12,8.24,7.99,8.02,10010342.0,80976207.0,1800000000.0,0.005561301111111111
669,2005-01-18,8.02,8.11,7.93,8.08,11761700.0,94262486.0,1800000000.0,0.006534277777777778
670,2005-01-19,8.09,8.1,7.99,8.07,3500446.0,28134189.0,1800000000.0,0.0019446922222222222
671,2005-01-20,8.05,8.15,8.01,8.08,6780985.0,54764705.0,1800000000.0,0.003767213888888889
672,2005-01-21,8.05,8.7,8.01,8.5,31670671.0,266858103.0,1800000000.0,0.017594817222222222
673,2005-01-24,8.55,8.65,8.42,8.6,25678464.0,219187517.0,1800000000.0,0.014265813333333334
674,2005-01-25,8.58,8.58,8.47,8.51,10660982.0,90779537.0,1800000000.0,0.005922767777777778
675,2005-01-26,8.53,8.75,8.51,8.55,19499464.0,168237038.0,1800000000.0,0.010833035555555556
676,2005-01-27,8.54,8.57,8.38,8.4,6018024.0,50801681.0,1800000000.0,0.003343346666666667
677,2005-01-28,8.39,8.46,8.33,8.44,3963048.0,33275246.0,1800000000.0,0.0022016933333333334
678,2005-01-31,8.4,8.53,8.36,8.48,5297014.0,44794027.0,1800000000.0,0.0029427855555555554
679,2005-02-01,8.47,8.65,8.44,8.6,9302024.0,79813584.0,1800000000.0,0.005167791111111111
680,2005-02-02,8.6,8.9,8.6,8.85,34682967.0,305186117.0,1800000000.0,0.019268315
681,2005-02-03,8.82,8.88,8.7,8.71,17287486.0,152063130.0,1800000000.0,0.00960415888888889
682,2005-02-04,8.71,9.24,8.68,9.08,41177684.0,371410153.0,1800000000.0,0.022876491111111112
683,2005-02-16,9.1,9.22,9.03,9.06,15101748.0,137965011.0,1800000000.0,0.00838986
684,2005-02-17,9.1,9.1,8.88,8.96,10609472.0,94916555.0,1800000000.0,0.005894151111111111
685,2005-02-18,8.95,9.0,8.75,8.81,8756215.0,77443105.0,1800000000.0,0.004864563888888889
686,2005-02-21,8.8,9.03,8.8,9.02,13457174.0,120812038.0,1800000000.0,0.007476207777777777
687,2005-02-22,9.03,9.15,8.95,9.09,10616408.0,96146464.0,1800000000.0,0.005898004444444444
688,2005-02-23,9.08,9.08,8.86,8.9,18707957.0,167217271.0,1800000000.0,0.010393309444444445
689,2005-02-24,8.9,8.98,8.78,8.89,11898113.0,105541026.0,1800000000.0,0.006610062777777778
690,2005-02-25,8.88,9.04,8.86,8.97,15822510.0,142221924.0,1800000000.0,0.008790283333333333
691,2005-02-28,8.97,8.97,8.68,8.72,17343698.0,151750683.0,1800000000.0,0.009635387777777778
692,2005-03-01,8.7,8.76,8.64,8.74,6314711.0,54886377.0,1800000000.0,0.003508172777777778
693,2005-03-02,8.73,8.82,8.58,8.6,11656766.0,100966922.0,1800000000.0,0.006475981111111111
694,2005-03-03,8.6,8.69,8.55,8.66,9285209.0,79960208.0,1800000000.0,0.005158449444444445
695,2005-03-04,8.66,8.7,8.58,8.65,4072672.0,35217800.0,1800000000.0,0.0022625955555555556
696,2005-03-07,8.65,8.78,8.63,8.77,6234158.0,54240907.0,1800000000.0,0.003463421111111111
697,2005-03-08,8.8,8.85,8.69,8.81,12644640.0,110900402.0,1800000000.0,0.0070248
698,2005-03-09,8.82,8.82,8.53,8.57,20168249.0,173899205.0,1800000000.0,0.011204582777777777
699,2005-03-10,8.56,8.61,8.42,8.45,17127141.0,145347216.0,1800000000.0,0.009515078333333333
700,2005-03-11,8.45,8.53,8.43,8.46,8142855.0,69003441.0,1800000000.0,0.004523808333333333
701,2005-03-14,8.47,8.58,8.38,8.51,16737743.0,141729656.0,1800000000.0,0.009298746111111112
702,2005-03-15,8.48,8.54,8.31,8.34,13019073.0,109098884.0,1800000000.0,0.007232818333333333
703,2005-03-16,8.36,8.44,8.28,8.33,9043293.0,75440616.0,1800000000.0,0.005024051666666667
704,2005-03-17,8.3,8.45,8.29,8.35,10716145.0,89695034.0,1800000000.0,0.005953413888888889
705,2005-03-18,8.34,8.53,8.33,8.45,11144207.0,94319558.0,1800000000.0,0.006191226111111111
706,2005-03-21,8.47,8.62,8.46,8.51,8351207.0,71409758.0,1800000000.0,0.0046395594444444445
707,2005-03-22,8.52,8.53,8.35,8.44,10192381.0,86175133.0,1800000000.0,0.005662433888888889
708,2005-03-23,8.43,8.65,8.38,8.56,10987842.0,93675651.0,1800000000.0,0.006104356666666666
709,2005-03-24,8.56,8.68,8.5,8.59,11180675.0,96177133.0,1800000000.0,0.006211486111111111
710,2005-03-25,8.58,8.59,8.48,8.55,5490536.0,46800304.0,1800000000.0,0.003050297777777778
711,2005-03-28,8.55,8.63,8.47,8.62,7111180.0,60913618.0,1800000000.0,0.0039506555555555555
712,2005-03-29,8.66,8.69,8.6,8.66,8859928.0,76648998.0,1800000000.0,0.004922182222222222
713,2005-03-30,8.66,8.71,8.53,8.55,14031431.0,120875215.0,1800000000.0,0.007795239444444445
714,2005-03-31,8.6,8.66,8.4,8.65,14975465.0,127901978.0,1800000000.0,0.008319702777777778
715,2005-04-01,8.62,9.15,8.62,8.89,40674102.0,361109400.0,1800000000.0,0.022596723333333332
716,2005-04-04,8.85,8.86,8.72,8.79,11763041.0,103533907.0,1800000000.0,0.006535022777777778
717,2005-04-05,8.72,8.81,8.69,8.79,9743907.0,85224951.0,1800000000.0,0.005413281666666667
718,2005-04-06,8.79,9.08,8.74,8.99,18208769.0,162303285.0,1800000000.0,0.010115982777777777
719,2005-04-07,8.99,9.51,8.93,9.15,50166162.0,464353359.0,1800000000.0,0.02787009
720,2005-04-08,9.12,9.26,9.0,9.25,19443107.0,177997137.0,1800000000.0,0.010801726111111111
721,2005-04-11,9.31,9.39,9.1,9.14,31694819.0,294185345.0,1800000000.0,0.017608232777777778
722,2005-04-12,9.14,9.22,9.0,9.01,14744610.0,133641585.0,1800000000.0,0.00819145
723,2005-04-13,9.19,9.35,9.07,9.12,21543262.0,198191866.0,1800000000.0,0.011968478888888889
724,2005-04-14,9.15,9.17,8.94,8.96,15116277.0,136557682.0,1800000000.0,0.008397931666666667
725,2005-04-15,8.95,8.96,8.84,8.91,13293191.0,118340004.0,1800000000.0,0.007385106111111111
726,2005-04-18,8.9,8.97,8.85,8.92,6732922.0,60034936.0,1800000000.0,0.003740512222222222
727,2005-04-19,8.94,9.14,8.94,9.06,15483757.0,139834325.0,1800000000.0,0.008602087222222223
728,2005-04-20,9.05,9.05,8.88,8.94,11328666.0,101383536.0,1800000000.0,0.0062937033333333335
729,2005-04-21,8.92,9.1,8.9,8.99,15485909.0,139602951.0,1800000000.0,0.008603282777777778
730,2005-04-22,8.98,9.18,8.96,9.12,14582436.0,132959397.0,1800000000.0,0.008101353333333334
731,2005-04-25,9.1,9.18,9.05,9.17,12541981.0,114329997.0,1800000000.0,0.006967767222222222
732,2005-04-26,9.17,9.19,8.95,9.05,13450743.0,121806776.0,1800000000.0,0.007472635
733,2005-04-27,9.12,9.2,9.04,9.11,12129975.0,110493582.0,1800000000.0,0.006738875
734,2005-04-28,9.11,9.28,8.92,9.21,20037314.0,183521875.0,1800000000.0,0.011131841111111112
735,2005-04-29,9.2,9.47,9.15,9.3,26176163.0,244137743.0,1800000000.0,0.014542312777777778
736,2005-05-09,9.35,9.42,9.11,9.15,14739294.0,135480794.0,1800000000.0,0.008188496666666666
737,2005-05-10,9.15,9.27,9.12,9.24,14602941.0,134168239.0,1800000000.0,0.008112745
738,2005-05-11,9.24,9.37,9.1,9.11,13504770.0,124510286.0,1800000000.0,0.00750265
739,2005-05-12,9.05,9.05,8.59,8.6,34236594.0,301571576.0,1800000000.0,0.01902033
740,2005-05-13,8.58,8.85,8.55,8.76,16840804.0,147173471.0,1800000000.0,0.009356002222222222
741,2005-05-16,8.72,8.78,8.65,8.7,6751521.0,58760546.0,1800000000.0,0.003750845
742,2005-05-18,8.77,8.88,8.7,8.78,7299243.0,64062398.0,1800000000.0,0.004055135
743,2005-05-19,8.82,8.9,8.68,8.8,7401951.0,65122779.0,1800000000.0,0.004112195
744,2005-05-20,8.8,8.89,8.72,8.78,7221620.0,63624082.0,1800000000.0,0.004012011111111111
745,2005-05-23,8.78,8.78,8.42,8.47,17351459.0,148046210.0,1800000000.0,0.009639699444444445
746,2005-05-24,8.45,8.6,8.35,8.53,11642458.0,98439949.0,1800000000.0,0.006468032222222222
747,2005-05-25,8.53,8.76,8.49,8.63,16400145.0,141704786.0,1800000000.0,0.009111191666666667
748,2005-05-26,8.6,8.69,8.45,8.55,7088712.0,60745146.0,1800000000.0,0.003938173333333334
749,2005-05-27,8.5,8.65,8.39,8.47,9798851.0,82681289.0,1800000000.0,0.0054438061111111114
750,2005-05-30,8.48,8.49,8.31,8.4,9800749.0,82169481.0,1800000000.0,0.005444860555555556
751,2005-05-31,8.4,8.55,8.4,8.5,9556371.0,81219716.0,1800000000.0,0.005309095
752,2005-06-01,8.49,8.55,8.27,8.33,10730002.0,89820704.0,1800000000.0,0.005961112222222223
753,2005-06-02,8.34,8.37,7.93,8.02,34453314.0,278056680.0,1800000000.0,0.01914073
754,2005-06-03,8.02,8.28,8.01,8.17,17359248.0,141286378.0,1800000000.0,0.009644026666666666
755,2005-06-06,8.17,8.4,8.13,8.38,14849113.0,123086445.0,1800000000.0,0.008249507222222223
756,2005-06-07,8.38,8.58,8.3,8.36,17085253.0,144082501.0,1800000000.0,0.009491807222222223
757,2005-06-08,9.0,9.0,8.6,8.93,58497576.0,517774685.0,1800000000.0,0.032498653333333336
758,2005-06-09,8.93,9.05,8.73,8.82,41973689.0,372663829.0,1800000000.0,0.02331871611111111
759,2005-06-10,8.85,9.15,8.78,8.9,43513306.0,390061213.0,1800063779.0,0.024173202365181307
760,2005-06-13,9.0,9.02,8.68,8.88,15953065.0,141173041.0,1800063779.0,0.008862499865900585
761,2005-06-14,8.98,9.04,8.73,8.73,19545336.0,173235264.0,1800063779.0,0.010858135266106034
762,2005-06-15,8.71,8.78,8.57,8.58,17620861.0,152351886.0,1800063779.0,0.009789020370038789
763,2005-06-16,8.6,8.95,8.6,8.85,24238555.0,214055848.0,1800063779.0,0.013465386772831675
764,2005-06-17,8.88,9.01,8.8,8.9,29060331.0,259514437.0,1800063779.0,0.016144056304573863
765,2005-06-20,5.9,6.24,5.88,6.19,50869043.0,310744991.0,1800063779.0,0.0282595781290925
766,2005-06-21,6.18,6.19,5.99,6.02,30281840.0,184553910.0,2700095669.0,0.011215098912111917
767,2005-06-22,6.01,6.23,6.0,6.2,39466295.0,242260541.0,2700095669.0,0.014616628385844058
768,2005-06-23,6.21,6.24,6.11,6.12,26928466.0,166301107.0,2700095669.0,0.009973152547581084
769,2005-06-24,6.11,6.15,6.0,6.14,30930909.0,187482809.0,2700095669.0,0.01145548632039971
770,2005-06-27,6.19,6.3,6.19,6.25,41992857.0,262748445.0,2700095669.0,0.01555235893384191
771,2005-06-28,6.2,6.22,6.13,6.17,17308312.0,106963544.0,2700095669.0,0.006410258791463585
772,2005-06-29,6.16,6.19,6.05,6.07,23779441.0,145431217.0,2700095669.0,0.008806888316222842
773,2005-06-30,6.06,6.15,5.95,6.06,23237589.0,139566832.0,2700103851.0,0.008606183421942758
774,2005-07-01,5.97,6.02,5.88,5.92,18192552.0,107632575.0,2700103851.0,0.006737723066933991
775,2005-07-04,5.9,6.01,5.86,6.0,8391485.0,49718272.0,2700103851.0,0.003107837869603483
776,2005-07-05,6.0,6.02,5.89,5.99,13815357.0,82366737.0,2700103851.0,0.00511660208731727
777,2005-07-06,6.0,6.06,5.94,5.96,11463599.0,68621958.0,2700103851.0,0.0042456141069368075
778,2005-07-07,5.96,5.98,5.9,5.93,9017976.0,53576358.0,2700103851.0,0.0033398626488607606
779,2005-07-08,5.94,5.95,5.86,5.9,10720330.0,63245805.0,2700103851.0,0.003970339880086338
780,2005-07-11,6.01,6.1,5.92,5.95,16239517.0,97497659.0,2700103851.0,0.006014404591877307
781,2005-07-12,5.95,6.48,5.9,6.3,94501533.0,591826621.0,2700103851.0,0.034999221591051316
782,2005-07-13,6.25,6.32,6.2,6.23,29756129.0,186221476.0,2700103851.0,0.01102036463855997
783,2005-07-14,6.22,6.35,6.2,6.29,34848315.0,219452418.0,2700103851.0,0.012906286914517645
784,2005-07-15,6.29,6.37,6.25,6.28,23403546.0,147564339.0,2700103851.0,0.008667646613419093
785,2005-07-18,6.26,6.32,6.23,6.3,17111016.0,107514807.0,2700103851.0,0.006337169584667208
786,2005-07-19,6.29,6.39,6.25,6.3,32332928.0,204303327.0,2700103851.0,0.011974697931720405
787,2005-07-20,6.28,6.35,6.26,6.33,24662765.0,155551529.0,2700103851.0,0.009134006083086765
788,2005-07-21,6.32,6.34,6.27,6.32,13482549.0,85038391.0,2700103851.0,0.004993344605988638
789,2005-07-22,6.36,6.64,6.34,6.57,104903307.0,681365968.0,2700103851.0,0.03885158230530593
790,2005-07-25,6.55,6.68,6.5,6.56,51752688.0,342040164.0,2700103851.0,0.019166924998397034
791,2005-07-26,6.56,6.76,6.55,6.67,65971626.0,442247839.0,2700103851.0,0.024432995781094494
792,2005-07-27,6.67,6.73,6.58,6.71,53649781.0,357252216.0,2700103851.0,0.019869525011095582
793,2005-07-28,6.71,6.81,6.66,6.71,65601242.0,442866653.0,2700103851.0,0.024295821798003873
794,2005-07-29,6.7,6.77,6.67,6.72,37767115.0,254011038.0,2700103851.0,0.013987282372866035
795,2005-08-01,6.72,6.84,6.6,6.66,44281693.0,297046364.0,2700103851.0,0.016399996238515048
796,2005-08-02,6.67,6.79,6.63,6.78,35233115.0,236712439.0,2700103851.0,0.013048799951509716
797,2005-08-03,6.8,6.86,6.74,6.75,57775135.0,393180403.0,2700103851.0,0.02139737513377592
798,2005-08-04,6.72,6.75,6.65,6.66,27223665.0,182401293.0,2700103851.0,0.01008245108421202
799,2005-08-05,6.66,6.85,6.66,6.84,56509461.0,385057295.0,2700103851.0,0.020928625015319828
800,2005-08-08,6.85,6.94,6.82,6.85,54900990.0,377807076.0,2700103851.0,0.02033291792820009
801,2005-08-09,6.85,6.86,6.73,6.82,48043381.0,325642719.0,2700103851.0,0.017793160430554122
802,2005-08-10,6.82,6.92,6.79,6.87,44713034.0,306348061.0,2700103851.0,0.016559746019931883
803,2005-08-11,6.87,7.1,6.84,7.09,92321582.0,645549206.0,2700103851.0,0.03419186338547984
804,2005-08-12,7.1,7.11,6.8,6.88,81278144.0,565854743.0,2700103851.0,0.030101858478479685
805,2005-08-15,6.9,7.02,6.83,7.0,61426374.0,424384125.0,2700103851.0,0.02274963386213844
806,2005-08-16,7.0,7.04,6.8,6.84,57638564.0,396894530.0,2700103851.0,0.021346795227395868
807,2005-08-17,6.82,6.93,6.72,6.89,39267690.0,267683380.0,2700103851.0,0.014543029515496958
808,2005-08-18,6.89,6.91,6.58,6.63,70591430.0,477500715.0,2700103851.0,0.026143968489899392
809,2005-08-19,6.65,6.75,6.58,6.68,37749846.0,251623676.0,2700103851.0,0.013980886692939279
810,2005-08-22,6.68,6.77,6.65,6.72,28007033.0,187946621.0,2700103851.0,0.010372576221328459
811,2005-08-23,6.75,6.76,6.61,6.65,28856546.0,192718123.0,2700103851.0,0.010687198564348849
812,2005-08-24,6.63,6.83,6.62,6.72,40158341.0,271710076.0,2700103851.0,0.014872887568797441
813,2005-08-25,6.7,6.8,6.69,6.73,19102740.0,128940511.0,2700103851.0,0.007074816767853274
814,2005-08-26,6.75,6.87,6.75,6.83,28391849.0,193617487.0,2700103851.0,0.010515095184018535
815,2005-08-29,6.84,6.92,6.7,6.79,35508110.0,242464229.0,2700103851.0,0.013150646034169891
816,2005-08-30,6.77,6.82,6.71,6.78,16924135.0,114457546.0,2700103851.0,0.006267957061626367
817,2005-08-31,6.78,6.81,6.64,6.75,28541449.0,191801245.0,2700103851.0,0.010570500460354331
818,2005-09-01,6.75,6.9,6.7,6.87,35363650.0,241523059.0,2700103851.0,0.013097144388317826
819,2005-09-02,6.89,6.92,6.81,6.84,27925460.0,191342248.0,2700103851.0,0.010342365161124316
820,2005-09-05,6.84,6.88,6.72,6.79,32693018.0,222042478.0,2700103851.0,0.012108059468857815
821,2005-09-06,6.79,6.8,6.69,6.7,25426106.0,171438195.0,2700103851.0,0.009416714098083038
822,2005-09-07,6.7,6.8,6.67,6.78,30603425.0,205475775.0,2700103851.0,0.011334165902050705
823,2005-09-08,6.8,6.94,6.69,6.87,48294857.0,330007903.0,2700103851.0,0.017886296107504793
824,2005-09-09,6.87,6.91,6.79,6.83,20569283.0,140963686.0,2700103851.0,0.007617959950830054
825,2005-09-12,6.86,6.88,6.77,6.8,18748281.0,127737742.0,2700103851.0,0.006943540706057087
826,2005-09-13,6.8,6.82,6.72,6.82,20732305.0,140493774.0,2700103851.0,0.007678336147078811
827,2005-09-14,6.83,6.94,6.82,6.9,42167454.0,290609735.0,2700103851.0,0.015616974874645294
828,2005-09-15,6.9,6.91,6.81,6.83,20805785.0,142482155.0,2700103851.0,0.007705549915161393
829,2005-09-16,6.83,6.87,6.8,6.85,20688675.0,141458393.0,2700103851.0,0.007662177509334621
830,2005-09-19,6.86,6.86,6.79,6.8,25494332.0,174076067.0,2700103851.0,0.009441982015083611
831,2005-09-21,6.79,6.79,6.46,6.47,69859362.0,459402870.0,2700103851.0,0.025872842622007727
832,2005-09-22,6.46,6.52,6.28,6.37,58864345.0,374140395.0,2700103851.0,0.021800770728947788
833,2005-09-23,6.38,6.41,6.3,6.34,17833917.0,113333015.0,2700103851.0,0.006604900397958804
834,2005-09-26,6.33,6.4,6.3,6.34,14631090.0,92809793.0,2700103851.0,0.005418713800427078
835,2005-09-27,6.33,6.34,6.15,6.2,35034737.0,217723106.0,2700103851.0,0.012975329444097001
836,2005-09-28,6.2,6.27,6.19,6.2,19673152.0,122436629.0,2700103851.0,0.007286072345963259
837,2005-09-29,6.25,6.36,6.25,6.3,20270853.0,128013636.0,2700103851.0,0.007507434572374898
838,2005-09-30,6.31,6.34,6.24,6.29,17382420.0,109301138.0,2733615373.9999995,0.006358765818091278
839,2005-10-10,6.28,6.41,6.21,6.35,17356962.0,110200382.0,2733615373.9999995,0.006349452876613798
840,2005-10-11,6.32,6.46,6.3,6.45,15570799.0,99918630.0,2733615373.9999995,0.005696046030504949
841,2005-10-12,6.45,6.53,6.42,6.48,20488901.0,132926992.0,2733615373.9999995,0.007495165996970283
842,2005-10-13,6.48,6.51,6.38,6.4,13136649.0,84602896.0,2733615373.9999995,0.004805595229287002
843,2005-10-14,6.4,6.42,6.27,6.3,13628572.0,86388374.0,2733615373.9999995,0.004985548489968363
844,2005-10-17,6.29,6.33,6.22,6.3,11364205.0,71308755.0,2733615373.9999995,0.004157207011669375
845,2005-10-18,6.3,6.38,6.23,6.27,17054645.0,107062116.0,2733615373.9999995,0.0062388605076670175
846,2005-10-19,6.22,6.33,6.22,6.25,15422760.0,96736990.0,2733615373.9999995,0.005641891008767791
847,2005-10-20,6.25,6.47,6.23,6.42,25334804.0,160698836.0,2733615373.9999995,0.009267874420434103
848,2005-10-21,6.42,6.53,6.39,6.45,24648141.0,159591200.0,2733615373.9999995,0.009016682169128013
849,2005-10-24,6.45,6.46,6.35,6.39,11596619.0,74119602.0,2733615373.9999995,0.004242227750947673
850,2005-10-25,6.4,6.42,6.28,6.34,13568735.0,85956976.0,2733615373.9999995,0.004963659163266032
851,2005-10-26,6.32,6.32,6.18,6.21,20522015.0,128414213.0,2733615373.9999995,0.007507279625066962
852,2005-10-27,6.2,6.33,6.19,6.29,14762341.0,92529242.0,2733615373.9999995,0.0054002992302456965
853,2005-10-28,6.29,6.3,6.1,6.19,29319528.0,180976884.0,2733615373.9999995,0.010725549862963276
854,2005-10-31,6.25,6.33,6.2,6.28,14428454.0,90596117.0,2733615373.9999995,0.005278158052969746
855,2005-11-01,6.28,6.31,6.15,6.26,15626819.0,97334242.0,2733615373.9999995,0.005716539037872708
856,2005-11-02,6.28,6.36,6.26,6.29,12344873.0,77832682.0,2733615373.9999995,0.004515950970065038
857,2005-11-03,6.3,6.31,6.13,6.22,18434691.0,114800274.0,2733615373.9999995,0.006743703293205141
858,2005-11-04,6.22,6.31,6.2,6.26,14618591.0,91453642.0,2733615373.9999995,0.0053477131929533855
859,2005-11-07,6.21,6.22,5.99,6.05,50467222.0,305744223.0,2733615373.9999995,0.018461712821783393
860,2005-11-08,6.01,6.14,6.01,6.11,14630890.0,89024488.0,2733615373.9999995,0.005352212362850137
861,2005-11-09,6.11,6.13,6.06,6.1,14934573.0,91148264.0,2733615373.9999995,0.005463304436332162
862,2005-11-10,6.1,6.12,6.07,6.07,13414678.0,81700385.0,2733615373.9999995,0.004907302661372874
863,2005-11-11,6.06,6.13,6.04,6.11,8657062.0,52615687.0,2733615373.9999995,0.003166891027296367
864,2005-11-14,6.11,6.14,6.04,6.07,4714903.0,28673466.0,2733615373.9999995,0.0017247865390443919
865,2005-11-15,6.08,6.11,5.97,6.0,16832159.0,101303006.0,2733615373.9999995,0.006157471588759071
866,2005-11-16,5.99,6.11,5.95,6.09,10968898.0,66061911.0,2733615373.9999995,0.004012597421103032
867,2005-11-17,6.1,6.13,6.05,6.09,9056408.0,55300496.0,2733615373.9999995,0.0033129781483296566
868,2005-11-18,6.09,6.35,6.08,6.27,21363659.0,132954205.0,2733615373.9999995,0.007815166392168529
869,2005-11-21,6.27,6.28,6.18,6.19,10715209.0,66521124.0,2733615373.9999995,0.003919793948305473
870,2005-11-22,6.19,6.2,6.08,6.1,14467382.0,88522535.0,2733615373.9999995,0.0052923985347764595
871,2005-11-23,6.1,6.24,6.09,6.2,8915549.0,54918615.0,2733615373.9999995,0.003261449684837777
872,2005-11-24,6.18,6.35,6.15,6.34,30703739.0,193304997.0,2733615373.9999995,0.011231916271773208
873,2005-11-25,6.33,6.41,6.28,6.4,21029634.0,133440965.0,2733615373.9999995,0.007692974732296777
874,2005-11-28,6.37,6.48,6.34,6.36,29638404.0,190390736.0,2733615373.9999995,0.01084219977759022
875,2005-11-29,6.35,6.38,6.28,6.3,19106742.0,121091836.0,2733615373.9999995,0.006989550242410951
876,2005-11-30,6.3,6.44,6.26,6.42,28322056.0,180118730.0,2733615373.9999995,0.010360658733989109
877,2005-12-01,6.45,6.49,6.4,6.47,38109178.0,245922969.0,2733615373.9999995,0.01394094369034669
878,2005-12-02,6.46,6.51,6.41,6.47,31710634.0,205240446.0,2733615373.9999995,0.01160025448408237
879,2005-12-05,6.48,6.53,6.41,6.43,22718825.0,147159208.0,2733615373.9999995,0.008310907677826078
880,2005-12-06,6.41,6.63,6.39,6.53,33255087.0,217842779.0,2733615373.9999995,0.0121652399661987
881,2005-12-07,6.54,6.66,6.54,6.62,32465870.0,214860292.0,2733615373.9999995,0.011876531829894517
882,2005-12-08,6.6,6.67,6.54,6.58,20814486.0,137195180.0,2733615373.9999995,0.007614270170548142
883,2005-12-09,6.58,6.7,6.52,6.69,33103522.0,220144935.0,2733615373.9999995,0.012109795077557245
884,2005-12-12,6.65,6.7,6.61,6.65,25081043.0,166969214.0,2733615373.9999995,0.009175044608890908
885,2005-12-13,6.65,6.66,6.58,6.59,15466630.0,102156653.0,2733615373.9999995,0.005657939352809626
886,2005-12-14,6.59,6.7,6.58,6.67,50377570.0,335398961.0,2733615373.9999995,0.018428916693676748
887,2005-12-15,6.67,6.73,6.6,6.65,39224144.0,262403985.0,2800465743.0,0.0140062930953696
888,2005-12-16,6.65,6.66,6.56,6.58,31697302.0,209448411.0,2800465743.0,0.01131858230340081
889,2006-01-04,7.23,7.24,7.16,7.24,173999644.0,1257908751.0,2802071360.0,0.062096792567052965
890,2006-01-05,7.49,7.51,7.31,7.47,156382625.0,1159882558.0,2802071360.0,0.055809651114666826
891,2006-01-06,7.45,7.67,7.4,7.58,96432343.0,726911348.0,2802071360.0,0.03441466351520755
892,2006-01-09,7.58,7.62,7.39,7.5,82935154.0,623005507.0,2802071360.0,0.02959780224869077
893,2006-01-10,7.5,7.81,7.47,7.78,127189944.0,968767216.0,2802071360.0,0.045391400738630724
894,2006-01-11,7.79,7.88,7.6,7.68,125179635.0,966885111.0,2802071360.0,0.04467396397784816
895,2006-02-27,6.8,6.88,6.61,6.66,419564731.0,2828163762.0,4705433834.0,0.08916600377384033
896,2006-02-28,6.65,6.75,6.43,6.69,151608652.0,995166630.0,4705433834.0,0.032219909438429055
897,2006-03-01,6.69,6.74,6.6,6.62,99153587.0,659820154.0,4705433834.0,0.021072145629494787
898,2006-03-02,6.6,6.64,6.33,6.37,154567393.0,998672953.0,4705433834.0,0.032848701831304936
899,2006-03-03,6.37,6.42,6.17,6.28,111663693.0,699957884.0,4705433834.0,0.023730796551245267
900,2006-03-06,6.28,6.35,6.24,6.31,78698886.0,495015065.0,4705433834.0,0.01672510734958089
901,2006-03-07,6.31,6.32,6.09,6.12,89667530.0,553539756.0,4705433834.0,0.0190561663734575
902,2006-03-08,6.12,6.19,6.06,6.15,76954116.0,471800437.0,4705433834.0,0.016354308383629477
903,2006-03-09,6.15,6.17,6.08,6.09,45438885.0,277956328.0,4705433834.0,0.009656683443654602
904,2006-03-10,6.09,6.18,6.09,6.17,51579877.0,316343057.0,4705433834.0,0.010961768631682772
905,2006-03-13,6.19,6.31,6.14,6.28,54871164.0,342023195.0,4705433834.0,0.011661233785398926
906,2006-03-14,6.29,6.29,6.14,6.18,46677588.0,289374152.0,4705433834.0,0.009919932921534733
907,2006-03-15,6.18,6.3,6.15,6.27,48523580.0,302872306.0,4705433834.0,0.0103122436127746
908,2006-03-16,6.31,6.39,6.21,6.28,67031546.0,423432316.0,4705433834.0,0.014245561273362493
909,2006-03-17,6.28,6.31,6.15,6.16,67345544.0,417898498.0,4705433834.0,0.014312292208506274
910,2006-03-20,6.16,6.3,6.11,6.28,62200735.0,386446364.0,4705433834.0,0.013218916086027361
911,2006-03-21,6.28,6.51,6.26,6.39,111094058.0,712292124.0,4705433834.0,0.023609737575581005
912,2006-03-22,6.38,6.5,6.37,6.44,53229104.0,342088055.0,4705433834.0,0.011312262774875946
913,2006-03-23,6.44,6.45,6.3,6.37,58243984.0,371348040.0,4705433834.0,0.012378026353095671
914,2006-03-24,6.37,6.41,6.22,6.25,66475957.0,417718479.0,4705433834.0,0.014127487357205074
915,2006-03-27,6.25,6.44,6.24,6.41,51442565.0,326009335.0,4705433834.0,0.010932587050378233
916,2006-03-28,6.41,6.54,6.4,6.46,70514469.0,456773517.0,4705433834.0,0.014985752958735579
917,2006-03-29,6.46,6.62,6.37,6.5,130590777.0,850605259.0,4705433834.0,0.027753185276220803
918,2006-03-30,6.5,6.63,6.46,6.48,76932398.0,503498432.0,4705433834.0,0.016349692868723485
919,2006-03-31,6.47,6.52,6.41,6.43,58447448.0,377311458.0,4705699281.0,0.01242056589463563
920,2006-04-03,6.45,6.69,6.45,6.69,105408019.0,697422618.0,4705699281.0,0.022400075462875715
921,2006-04-04,6.71,6.95,6.7,6.91,145116859.0,987862125.0,4705699281.0,0.030838532242366636
922,2006-04-05,6.92,7.03,6.87,6.9,93716686.0,651727309.0,4705699281.0,0.0199155705462089
923,2006-04-06,6.91,7.05,6.79,6.81,85951289.0,591889303.0,4705699281.0,0.01826535948589869
924,2006-04-07,6.81,6.89,6.6,6.65,110128234.0,739419922.0,4705699281.0,0.023403160173167046
925,2006-04-10,6.67,6.79,6.65,6.79,87298425.0,586070467.0,4705699281.0,0.018551637022892878
926,2006-04-11,6.8,6.9,6.7,6.75,82547921.0,560200451.0,4705699281.0,0.01754211564969742
927,2006-04-12,6.73,6.83,6.63,6.71,74866956.0,503921397.0,4705699281.0,0.015909847087400397
928,2006-04-13,6.7,6.72,6.5,6.51,82092785.0,540528589.0,4705699281.0,0.017445395487013484
929,2006-04-14,6.51,6.7,6.47,6.67,80429384.0,527513960.0,4705699281.0,0.017091909022904687
930,2006-04-18,6.76,6.79,6.55,6.62,83045054.0,549775319.0,4705699281.0,0.017647760522077442
931,2006-04-19,6.62,6.65,6.5,6.56,78042632.0,512499492.0,4705699281.0,0.016584704491234573
932,2006-04-20,6.58,6.65,6.45,6.51,105345370.0,687025987.0,4705699281.0,0.02238676203244616
933,2006-04-21,6.51,6.8,6.46,6.68,129039303.0,857051228.0,4705699281.0,0.027421918676575115
934,2006-04-24,6.7,6.8,6.51,6.53,110446585.0,728983508.0,4705699281.0,0.02347081239252696
935,2006-04-25,6.51,6.51,6.38,6.4,86413637.0,555238399.0,4705699281.0,0.018363612258205413
936,2006-04-26,6.4,6.75,6.37,6.63,126788350.0,838653492.0,4705699281.0,0.0269435725550776
937,2006-04-27,6.66,6.76,6.52,6.54,80240366.0,529485001.0,4705699281.0,0.01705174113526189
938,2006-04-28,6.74,7.19,6.67,7.19,336005591.0,2329866931.0,4705699281.0,0.07140396590081209
939,2006-05-08,7.28,7.67,7.28,7.53,223790146.0,1672734509.0,4705699281.0,0.047557256134829494
940,2006-05-09,7.53,7.73,7.42,7.65,170293265.0,1279978581.0,4705699281.0,0.03618872665484295
941,2006-05-10,7.65,7.69,7.43,7.52,130858171.0,986435719.0,4705699281.0,0.027808443163455095
942,2006-05-11,7.5,7.66,7.29,7.31,180831395.0,1354969766.0,4705699281.0,0.03842816640029149
943,2006-05-12,7.3,7.43,7.2,7.38,142798628.0,1046038530.0,4705699281.0,0.030345888989670864
944,2006-05-15,7.39,7.48,7.18,7.41,190590183.0,1398208214.0,4705699281.0,0.04050198952779193
945,2006-05-17,7.41,7.52,7.18,7.34,152290056.0,1116519102.0,4705699281.0,0.03236289590686235
946,2006-05-18,7.27,7.27,7.08,7.15,117103132.0,837680051.0,4705699281.0,0.02488538366079241
947,2006-05-19,7.15,7.48,7.15,7.38,130184141.0,954697319.0,4705699281.0,0.02766520621613857
948,2006-05-22,7.36,7.37,7.15,7.22,113270973.0,819526480.0,4705699281.0,0.02407101819220564
949,2006-05-23,7.18,7.18,6.97,7.02,124629348.0,879728416.0,4705699281.0,0.02648476678125408
950,2006-05-24,7.05,7.35,7.05,7.18,118077110.0,852509854.0,4705699281.0,0.02509236203782823
951,2006-05-25,7.17,7.39,7.1,7.33,77644800.0,564292671.0,4705699281.0,0.016500161902292202
952,2006-05-26,7.36,7.5,7.33,7.39,95821139.0,712560891.0,4705699281.0,0.020362784206566897
953,2006-05-29,7.42,7.48,7.29,7.44,78129192.0,578277942.0,4705699281.0,0.016603099206840284
954,2006-05-30,7.44,7.45,7.3,7.31,79550264.0,585424479.0,4705699281.0,0.016905088755075508
955,2006-05-31,7.33,7.34,7.16,7.23,64389269.0,465631274.0,4705699281.0,0.013683251979144053
956,2006-06-01,7.23,7.44,7.12,7.31,87316258.0,639345174.0,4705699281.0,0.018555426682821213
957,2006-06-02,7.31,7.36,7.16,7.17,99453769.0,716221600.0,4705699281.0,0.02113474811311471
958,2006-06-05,7.16,7.2,6.98,7.19,77121364.0,545863527.0,4705699281.0,0.016388927424960967
959,2006-06-06,7.18,7.3,7.06,7.2,64873637.0,467093332.0,4705699281.0,0.013786184183493727
960,2006-06-07,7.18,7.18,6.82,6.85,96765143.0,676066526.0,4705699281.0,0.02056339286080274
961,2006-06-08,6.8,6.92,6.69,6.91,76667352.0,520986856.0,4705699281.0,0.016292446121569323
962,2006-06-09,6.89,6.97,6.76,6.78,47399768.0,325613083.0,4705699281.0,0.010072842561653698
963,2006-06-12,6.75,7.16,6.68,7.0,93939943.0,656941330.0,4705699281.0,0.019963014504411125
964,2006-06-13,7.01,7.12,6.9,6.99,50116574.0,351534748.0,4705699281.0,0.010650186296934346
965,2006-06-14,6.92,7.0,6.83,6.96,38134469.0,263307684.0,4705699281.0,0.00810388992640773
966,2006-06-15,6.96,7.11,6.93,7.02,37872867.0,266326862.0,4705699281.0,0.008048297338701105
967,2006-06-16,7.02,7.19,7.0,7.16,67692427.0,481705114.0,4705699281.0,0.014385200361892824
968,2006-06-19,7.01,7.23,6.93,7.18,60203510.0,428834486.0,4705699281.0,0.012793743587288105
969,2006-06-20,7.17,7.24,7.01,7.18,56395828.0,405011597.0,4705699281.0,0.011984579683556706
970,2006-06-21,7.18,7.23,7.1,7.17,41821498.0,299642944.0,4705699281.0,0.008887414070180996
971,2006-06-22,7.17,7.48,7.15,7.34,88899743.0,655077717.0,4705699281.0,0.018891930336251337
972,2006-06-23,7.35,7.4,7.28,7.34,40809231.0,299811553.0,4705699281.0,0.008672298964103736
973,2006-06-26,7.35,7.62,7.35,7.6,97278283.0,733439711.0,4705699281.0,0.020672439353015257
974,2006-06-27,7.6,7.7,7.5,7.54,44375884.0,335328130.0,4705699281.0,0.009430242212708875
975,2006-06-28,7.52,7.58,7.43,7.49,29587041.0,222246951.0,4705699281.0,0.006287490813419023
976,2006-06-29,7.5,7.73,7.5,7.71,70709242.0,541074487.0,4705699281.0,0.015026298489897064
977,2006-06-30,7.71,7.88,7.62,7.71,80251504.0,622563795.0,4706199384.0,0.017052295802178874
978,2006-07-03,7.75,7.99,7.75,7.96,79327501.0,626501059.0,4706199384.0,0.01685595839175351
979,2006-07-04,8.0,8.02,7.79,7.9,70971988.0,560500625.0,4706199384.0,0.01508053148816612
980,2006-07-05,7.9,7.9,7.52,7.56,92662295.0,707930977.0,4706199384.0,0.019689411229585934
981,2006-07-06,7.56,7.71,7.54,7.61,54708666.0,416851223.0,4706199384.0,0.011624808372122297
982,2006-07-07,7.61,7.68,7.44,7.45,51004296.0,384592822.0,4706199384.0,0.010837682775065359
983,2006-07-10,7.45,7.64,7.45,7.63,35076817.0,264646613.0,4706199384.0,0.007453321488939279
984,2006-07-11,7.65,7.72,7.58,7.67,28214898.0,216100184.0,4706199384.0,0.005995261929599539
985,2006-07-12,7.68,7.72,7.6,7.61,30262689.0,231604308.0,4706199384.0,0.006430388203034111
986,2006-07-13,7.6,7.6,7.29,7.29,67884809.0,502857319.0,4706199384.0,0.014424550143538925
987,2006-07-14,7.27,7.52,7.22,7.4,42317745.0,311971635.0,4706199384.0,0.008991915035276797
988,2006-07-17,7.38,7.51,7.32,7.48,33581745.0,248848285.0,4706199384.0,0.007135640090849156
989,2006-07-18,7.47,7.5,7.37,7.38,22320498.0,165603499.0,4706199384.0,0.004742786307754954
990,2006-07-19,7.36,7.42,7.27,7.29,26051731.0,191211854.0,4706199384.0,0.005535619907768872
991,2006-07-20,7.29,7.48,7.28,7.42,24686366.0,182958389.0,4706199384.0,0.005245499390427016
992,2006-07-21,7.4,7.65,7.4,7.64,44022091.0,334033446.0,4706199384.0,0.009354064162616022
993,2006-07-24,7.51,7.81,7.47,7.67,39420435.0,302618285.0,4706199384.0,0.008376278135180684
994,2006-07-25,7.68,7.75,7.63,7.65,32483363.0,249746246.0,4706199384.0,0.006902249639153835
995,2006-07-26,7.67,7.77,7.65,7.7,27109199.0,208555825.0,4706199384.0,0.005760316720146849
996,2006-07-27,7.68,7.78,7.49,7.51,30302563.0,231360376.0,4706199384.0,0.006438860857239022
997,2006-07-28,7.5,7.55,7.36,7.44,29959391.0,222557920.0,4706199384.0,0.0063659417197356885
998,2006-07-31,7.41,7.49,7.35,7.36,27176487.0,201222213.0,4706199384.0,0.00577461445692119
999,2006-08-01,7.36,7.42,7.28,7.3,20531257.0,150621427.0,4706199384.0,0.004362598208185053
1000,2006-08-02,7.3,7.37,7.24,7.32,22858590.0,167008506.0,4706199384.0,0.00485712315498446
1001,2006-08-03,7.33,7.52,7.33,7.49,34934593.0,259920681.0,4706199384.0,0.0074231009248714825
1002,2006-08-04,7.49,7.6,7.39,7.4,31214607.0,234754660.0,4706199384.0,0.006632657151357105
1003,2006-08-07,7.38,7.49,7.35,7.37,18627401.0,138153560.0,4706199384.0,0.003958056061825365
1004,2006-08-08,7.37,7.6,7.37,7.54,27574739.0,206437245.0,4706199384.0,0.005859237305956011
1005,2006-08-09,7.59,7.68,7.52,7.56,22933614.0,174240222.0,4706199384.0,0.004873064681018198
1006,2006-08-10,7.55,7.73,7.53,7.72,49086877.0,376929954.0,4706199384.0,0.0104302586853596
1007,2006-08-11,7.71,7.73,7.62,7.66,17885804.0,137169248.0,4706199384.0,0.0038004773152637
1008,2006-08-14,7.69,7.88,7.62,7.72,50934667.0,395530598.0,4706199384.0,0.01082288760930236
1009,2006-08-15,7.71,7.86,7.64,7.84,38881342.0,303080411.0,4706199384.0,0.008261728589780462
1010,2006-08-16,7.85,8.03,7.8,7.95,58067854.0,462427675.0,4706199384.0,0.012338587735448991
1011,2006-08-17,7.93,7.95,7.85,7.9,23237950.0,183506082.0,4706199384.0,0.004937731724457682
1012,2006-08-18,7.9,8.0,7.8,7.86,24177965.0,191109704.0,4706199384.0,0.005137471455671756
1013,2006-08-22,7.92,8.16,7.92,8.08,77762136.0,629595279.0,4706199384.0,0.016523340737405526
1014,2006-08-23,8.11,8.42,8.1,8.29,99326322.0,827087097.0,4706199384.0,0.021105421571743593
1015,2006-08-24,8.36,8.52,8.3,8.51,99144528.0,834770834.0,4706199384.0,0.02106679294911913
1016,2006-08-25,8.55,8.58,8.33,8.37,51815035.0,437242269.0,4706199384.0,0.011009953206861411
1017,2006-08-28,8.37,8.51,8.28,8.42,59151968.0,498327162.0,4706199384.0,0.012568946441390295
1018,2006-08-29,8.43,8.48,8.33,8.43,46793107.0,392750241.0,4706199384.0,0.009942865395606878
1019,2006-08-30,8.41,8.51,8.38,8.46,30347674.0,257023724.0,4706199384.0,0.00644844629897644
1020,2006-08-31,8.46,8.68,8.46,8.56,48794419.0,419381474.0,4706199384.0,0.01036811554688691
1021,2006-09-01,8.54,8.66,8.33,8.34,39382008.0,335351311.0,4706199384.0,0.008368112947762012
1022,2006-09-04,8.41,8.55,8.35,8.49,32158571.0,272048835.0,4706199384.0,0.006833235988541364
1023,2006-09-05,8.58,8.86,8.52,8.8,70741815.0,618963443.0,4706199384.0,0.015031623020585564
1024,2006-09-06,8.8,8.83,8.65,8.8,24967846.0,217897186.0,4706199384.0,0.00530530986104944
1025,2006-09-07,8.79,8.86,8.73,8.75,37534244.0,330176178.0,4706199384.0,0.007975489548447061
1026,2006-09-08,8.76,8.89,8.71,8.89,34287523.0,302866475.0,4706199384.0,0.007285607812658708
1027,2006-09-11,8.9,9.02,8.88,9.02,47461691.0,425806196.0,4706199384.0,0.0100849299248474
1028,2006-09-12,9.0,9.05,8.9,8.97,35520650.0,319171114.0,4706199384.0,0.007547629647983482
1029,2006-09-13,9.01,9.33,9.0,9.19,55063981.0,506640868.0,4706199384.0,0.011700307723298959
1030,2006-09-14,9.29,9.47,9.19,9.34,53259389.0,496466882.0,4706199384.0,0.011316857755978151
1031,2006-09-15,9.34,9.5,9.28,9.34,44102473.0,414630456.0,4706199384.0,0.009371144186950155
1032,2006-09-18,9.39,9.45,9.1,9.19,56337438.0,520533999.0,4706199384.0,0.011970899106301018
1033,2006-09-19,9.2,9.51,9.2,9.49,42516906.0,400007859.0,4706199384.0,0.009034233896793184
1034,2006-09-20,9.5,9.55,9.38,9.54,37709178.0,356814901.0,4706199384.0,0.008012660519272212
1035,2006-09-21,9.44,9.67,9.42,9.63,57441793.0,548718228.0,4708219304.0,0.012200322306821755
1036,2006-09-22,9.71,10.09,9.43,9.46,138237752.0,1350070342.0,4708219304.0,0.029360941594746073
1037,2006-09-25,9.45,9.53,9.24,9.37,95753603.0,897706523.0,4708219304.0,0.020337540971944495
1038,2006-09-26,9.36,9.42,9.03,9.12,63222818.0,579369536.0,4708219304.0,0.013428180362432837
1039,2006-09-27,9.12,9.48,9.12,9.47,59864417.0,554765356.0,4708219304.0,0.012714874379182062
1040,2006-09-28,9.56,9.81,9.41,9.8,71612337.0,690284825.0,4708219304.0,0.015210068260660613
1041,2006-09-29,9.8,10.0,9.75,9.94,75513162.0,746400932.0,4708932851.0,0.016036151796890424
1042,2006-10-09,10.35,10.48,10.07,10.39,95894349.0,982375508.0,4708932851.0,0.020364348363904924
1043,2006-10-10,10.27,10.42,10.15,10.25,64011100.0,657541506.0,4708932851.0,0.013593546993647712
1044,2006-10-11,10.25,10.29,10.06,10.19,47426200.0,481909235.0,4708932851.0,0.010071538817957122
1045,2006-10-12,10.22,10.42,10.06,10.09,49880028.0,510564166.0,4708932851.0,0.010592639474442146
1046,2006-10-13,10.09,10.31,10.02,10.23,33785588.0,343773192.0,4708932851.0,0.007174786532117402
1047,2006-10-16,10.23,10.29,9.99,10.01,47085872.0,475139694.0,4708932851.0,0.009999265967447536
1048,2006-10-17,10.0,10.03,9.76,9.84,59006811.0,584312938.0,4708932851.0,0.012530824470658819
1049,2006-10-18,9.8,10.15,9.8,10.15,48276253.0,481495793.0,4708932851.0,0.010252058062316166
1050,2006-10-19,10.15,10.22,10.01,10.07,21235514.0,214448950.0,4708932851.0,0.004509623448015483
1051,2006-10-20,10.11,10.71,10.1,10.5,69333710.0,721852588.0,4708932851.0,0.014723868909125797
1052,2006-10-23,10.5,10.66,10.27,10.28,44464223.0,465449170.0,4708932851.0,0.009442526450670766
1053,2006-10-24,10.3,10.64,10.29,10.57,53393040.0,561506137.0,4708932851.0,0.011338670923850895
1054,2006-10-25,10.58,10.91,10.54,10.59,77617987.0,833656258.0,4708932851.0,0.016483137359564783
1055,2006-10-26,10.6,10.78,10.51,10.71,39529196.0,421678324.0,4708932851.0,0.008394512568087584
1056,2006-10-27,10.71,10.82,10.39,10.42,51580569.0,546968742.0,4708932851.0,0.010953770340778215
1057,2006-10-30,10.35,10.42,10.1,10.27,40283426.0,410730827.0,4708932851.0,0.008554682615923334
1058,2006-10-31,10.22,10.49,10.22,10.41,26436398.0,274098867.0,4708932851.0,0.005614095345272529
1059,2006-11-01,10.48,10.69,10.44,10.63,30534153.0,323462995.0,4708932851.0,0.006484304186566537
1060,2006-11-02,10.61,10.61,10.25,10.35,32916505.0,342052417.0,4708932851.0,0.006990226032424687
1061,2006-11-03,10.4,10.78,10.4,10.69,47208911.0,503015264.0,4708932851.0,0.010025394817421235
1062,2006-11-06,10.5,11.02,10.46,11.0,61394827.0,667879139.0,4708932851.0,0.013037949136811762
1063,2006-11-07,11.15,11.54,11.15,11.42,62751302.0,712100982.0,4708932851.0,0.013326013342210643
1064,2006-11-08,11.27,11.4,11.18,11.26,47994252.0,541893167.0,4708932851.0,0.010192171670022397
1065,2006-11-09,11.26,11.8,11.17,11.75,73770172.0,846202607.0,4708932851.0,0.015666006361575956
1066,2006-11-10,11.77,12.6,11.75,12.26,121193989.0,1482790410.0,4708932851.0,0.025737039120076424
1067,2006-11-13,12.18,12.68,12.06,12.26,71897006.0,889313617.0,4708932851.0,0.015268216446265906
1068,2006-11-14,12.33,12.68,12.0,12.32,64212729.0,792590622.0,4708932851.0,0.013636365399936344
1069,2006-11-15,12.4,12.48,11.95,12.43,95113042.0,1163876396.0,4708932851.0,0.02019842818098406
1070,2006-11-16,12.6,13.05,12.48,12.53,96771813.0,1236321570.0,4708932851.0,0.02055068867237071
1071,2006-11-17,12.45,12.76,12.3,12.67,66968396.0,839141866.0,4708932851.0,0.014221565292819675
1072,2006-11-20,12.9,13.5,12.88,13.5,80452193.0,1055028918.0,4708932851.0,0.017085015978283696
1073,2006-11-21,13.45,13.6,13.19,13.46,85408813.0,1143914481.0,4708932851.0,0.018137615400878437
1074,2006-11-22,13.4,13.75,13.1,13.44,104206670.0,1391375394.0,4708932851.0,0.022129572303811983
1075,2006-11-23,13.52,13.65,13.3,13.47,65916661.0,889200468.0,4708932851.0,0.013998216386967969
1076,2006-11-24,13.2,13.35,12.95,13.04,90364243.0,1182294184.0,4708932851.0,0.019189962112288357
1077,2006-11-27,12.81,12.91,12.38,12.6,129782892.0,1635446507.0,4708932851.0,0.0275609986607558
1078,2006-11-28,12.53,12.75,12.42,12.58,101581033.0,1278029440.0,4708932851.0,0.021571985886022566
1079,2006-11-29,12.26,12.87,12.18,12.72,92701404.0,1170796750.0,4708932851.0,0.019686287091631328
1080,2006-11-30,12.8,13.13,12.6,13.1,97378288.0,1251591948.0,4708932851.0,0.02067948112263281
1081,2006-12-01,13.11,13.15,12.83,13.02,72945073.0,947219014.0,4708932851.0,0.015490786407053822
1082,2006-12-04,13.0,13.86,12.85,13.82,130680880.0,1763206158.0,4708932851.0,0.02775169749389149
1083,2006-12-05,13.83,14.14,13.61,13.74,93534920.0,1299663145.0,4708932851.0,0.019863294499970773
1084,2006-12-06,13.7,13.98,13.11,13.51,74915597.0,1015564054.0,4708932851.0,0.01590925149507935
1085,2006-12-07,13.52,14.09,13.36,13.37,83674961.0,1147503730.0,4708932851.0,0.017769410532628552
1086,2006-12-08,13.2,13.48,12.88,12.98,77349436.0,1020399487.0,4708932851.0,0.016426107240746467
1087,2006-12-11,12.96,13.67,12.91,13.64,62625138.0,839185973.0,4708932851.0,0.013299220859923874
1088,2006-12-12,13.71,14.12,13.51,13.76,82583536.0,1140122467.0,4708932851.0,0.01753763296549501
1089,2006-12-13,13.85,14.15,13.6,13.69,90401555.0,1256180858.0,4708932851.0,0.019197885775925242
1090,2006-12-14,13.69,13.8,13.35,13.65,69710563.0,943705722.0,4708932851.0,0.014803898294110544
1091,2006-12-15,13.65,14.05,13.5,13.95,75677493.0,1045539252.0,4708932851.0,0.016071049512614934
1092,2006-12-18,14.0,14.81,13.88,14.78,112100147.0,1602103158.0,4708932851.0,0.023805849551707697
1093,2006-12-19,14.78,15.18,14.44,14.57,102819567.0,1521314445.0,4708932851.0,0.021835003864657997
1094,2006-12-20,14.35,14.82,14.21,14.74,48310678.0,702222472.0,4708932851.0,0.010259368635876944
1095,2006-12-21,14.64,15.19,14.64,14.78,79460771.0,1184666985.0,4708932851.0,0.01687447528225541
1096,2006-12-22,14.7,15.3,14.68,15.04,69602309.0,1046719034.0,4708932851.0,0.014780909221336442
1097,2006-12-25,15.05,16.16,15.05,15.54,101789824.0,1583809071.0,4708932851.0,0.02161632523139158
1098,2006-12-26,15.4,15.79,15.3,15.51,59878204.0,933975416.0,4708932851.0,0.012715875527357355
1099,2006-12-27,15.5,16.0,15.36,15.91,32931119.0,517272074.0,4708932851.0,0.006993329495664113
1100,2006-12-28,15.89,16.5,15.5,15.57,75290617.0,1202553173.0,4708932851.0,0.01598889161989454
1101,2006-12-29,15.8,16.5,15.8,16.36,91953572.0,1492239733.0,4709629695.0,0.019524586422924702
1102,2007-01-04,16.99,17.8,15.5,15.96,153445798.0,2581634899.0,4709629695.0,0.03258128726402979
1103,2007-01-05,15.76,15.76,15.0,15.24,112798040.0,1734505519.0,4709629695.0,0.0239505114637256
1104,2007-01-08,15.36,16.2,15.36,16.0,96109663.0,1520354778.0,4709629695.0,0.020407053043264796
1105,2007-01-09,15.85,16.5,15.8,16.43,93174423.0,1515083821.0,4709629695.0,0.01978381083738262
1106,2007-01-10,16.59,16.88,16.15,16.74,74649131.0,1232329859.0,4709629695.0,0.0158503185673497
1107,2007-01-11,16.71,16.9,16.18,16.23,74513596.0,1234051634.0,4709629695.0,0.01582154029628013
1108,2007-01-12,16.02,16.39,15.55,15.89,65362344.0,1050398700.0,4709629695.0,0.013878446551624268
1109,2007-01-15,15.88,16.8,15.72,16.7,69527151.0,1133435406.0,4709629695.0,0.01476276384825198
1110,2007-01-16,16.86,17.42,16.7,17.09,86720395.0,1482036095.0,4709629695.0,0.018413421142657375
1111,2007-01-17,17.1,17.48,16.2,16.46,74385794.0,1256510466.0,4709629695.0,0.015794403980205072
1112,2007-01-18,16.43,16.83,15.36,15.7,98331202.0,1568227508.0,4709629695.0,0.020878754460121093
1113,2007-01-19,16.1,16.87,16.05,16.48,82926044.0,1360767690.0,4709629695.0,0.01760776310885733
1114,2007-01-22,16.81,17.63,16.81,17.53,108517050.0,1881975275.0,4709629695.0,0.02304152492396751
1115,2007-01-23,17.61,19.08,17.56,18.81,129861605.0,2360196775.0,4709629695.0,0.027573633896921485
1116,2007-01-24,18.9,19.71,18.0,18.14,123108907.0,2326871959.0,4709629695.0,0.026139827326700258
1117,2007-01-25,18.21,18.61,17.85,18.05,90520617.0,1648457942.0,4709629695.0,0.01922032577128126
1118,2007-01-26,17.92,19.51,17.6,19.24,98526885.0,1818189605.0,4709629695.0,0.020920304011290212
1119,2007-01-29,19.3,19.96,18.8,19.0,121707998.0,2338352289.0,4709629695.0,0.02584237103167832
1120,2007-01-30,19.12,19.19,18.35,18.45,86833711.0,1626008754.0,4709629695.0,0.018437481633043762
1121,2007-01-31,18.32,18.32,16.81,17.17,94337166.0,1667077750.0,4709629695.0,0.02003069712681519
1122,2007-02-01,16.89,17.49,16.68,16.91,85932371.0,1461163828.0,4709629695.0,0.018246099282759002
1123,2007-02-02,17.04,17.13,16.08,16.15,88961313.0,1462628436.0,4709629695.0,0.01888923732038767
1124,2007-02-05,16.15,16.35,15.62,15.63,68993926.0,1095441109.0,4709629695.0,0.01464954369411415
1125,2007-02-06,15.55,16.5,14.99,16.46,168379944.0,2610855702.0,4709629695.0,0.03575226820460244
1126,2007-02-07,16.49,17.3,16.33,16.72,134058333.0,2256637684.0,4709629695.0,0.02846472900880586
1127,2007-02-08,16.89,16.9,16.23,16.56,61210606.0,1008214230.0,4709629695.0,0.012996904207773389
1128,2007-02-09,16.51,16.65,15.97,16.05,60260428.0,976949721.0,4709629695.0,0.012795152040079872
1129,2007-02-12,16.03,17.1,16.03,16.91,69267641.0,1152901802.0,4709629695.0,0.014707661851533318
1130,2007-02-13,17.0,17.38,16.81,17.03,55088716.0,942097973.0,4709629695.0,0.011697037679732058
1131,2007-02-14,17.04,18.02,16.88,18.0,79725636.0,1403028098.0,4709629695.0,0.01692821753791834
1132,2007-02-15,18.18,18.36,17.74,18.11,74378366.0,1339787566.0,4709629695.0,0.015792826786140773
1133,2007-02-16,18.21,18.34,17.7,17.85,70319834.0,1259355648.0,4709629695.0,0.014931074957900697
1134,2007-02-26,17.3,17.31,16.83,16.85,143192622.0,2432572526.0,4709629695.0,0.03040422098408737
1135,2007-02-27,16.96,17.05,15.26,15.34,135729030.0,2189223929.0,4709629695.0,0.02881946963772913
1136,2007-02-28,15.36,16.13,15.32,16.09,127540287.0,1996435442.0,4709629695.0,0.027080746313325597
1137,2007-03-01,16.08,16.09,15.33,15.58,72443588.0,1132740823.0,4709629695.0,0.015382013595869345
1138,2007-03-02,15.47,16.0,15.38,15.64,53823764.0,845667296.0,4709629695.0,0.011428449259427391
1139,2007-03-05,15.58,15.88,14.95,15.17,73137058.0,1117712899.0,4709629695.0,0.01552925871807847
1140,2007-03-06,15.17,16.35,15.17,15.94,90564693.0,1429258979.0,4709629695.0,0.01922968446885504
1141,2007-03-07,16.08,16.3,15.9,16.13,62857326.0,1012782382.0,4709629695.0,0.013346553778258356
1142,2007-03-08,16.16,16.3,15.86,16.2,48027924.0,774139421.0,4709629695.0,0.010197813227436769
1143,2007-03-09,16.26,16.6,16.01,16.3,81069707.0,1327515996.0,4709629695.0,0.01721360536818171
1144,2007-03-12,16.36,16.48,15.94,16.07,66569790.0,1074235623.0,4709629695.0,0.014134824670116659
1145,2007-03-13,16.06,16.15,15.78,15.98,51591466.0,820451398.0,4709629695.0,0.010954463374216517
1146,2007-03-14,15.7,15.7,15.37,15.54,93101701.0,1441722725.0,4709629695.0,0.019768369708311005
1147,2007-03-15,15.56,15.97,15.45,15.8,68468401.0,1072538539.0,4709629695.0,0.014537958488050513
1148,2007-03-16,15.85,15.9,15.33,15.52,69606502.0,1087564519.0,4709629695.0,0.014779612518983831
1149,2007-03-19,15.18,16.9,15.18,16.36,138834006.0,2251571490.0,4709629695.0,0.029478752044432233
1150,2007-03-20,16.41,16.52,16.15,16.3,68033462.0,1110686188.0,4709629695.0,0.014445607490590616
1151,2007-03-21,16.4,16.67,16.28,16.43,78973692.0,1302145471.0,4709629695.0,0.016768556577567612
1152,2007-03-22,16.6,16.95,16.53,16.62,96741567.0,1617620389.0,4709629695.0,0.020541225800131617
1153,2007-03-23,16.62,16.85,16.1,16.47,68717235.0,1133856615.0,4709629695.0,0.014590793639880853
1154,2007-03-26,16.5,16.67,16.16,16.56,87553561.0,1433730046.0,4709629695.0,0.018590328044888887
1155,2007-03-27,16.68,16.78,16.37,16.46,66320336.0,1093622561.0,4709629695.0,0.01408185787311671
1156,2007-03-28,16.46,17.32,16.37,17.2,159739136.0,2691374327.0,4709629695.0,0.03391755750342491
1157,2007-03-29,17.18,18.34,17.08,17.51,183262676.0,3252992125.0,4709629695.0,0.0389123323633197
1158,2007-03-30,17.39,17.8,17.21,17.38,67660722.0,1183681162.0,4709791648.0,0.014365969252319673
1159,2007-04-02,17.42,17.72,17.25,17.63,74176895.0,1298931984.0,4709791648.0,0.015749506675417163
1160,2007-04-03,17.74,18.0,17.5,17.75,74834397.0,1326163321.0,4709791648.0,0.015889109878518347
1161,2007-04-04,17.75,18.03,17.65,17.74,78833885.0,1404875539.0,4709791648.0,0.016738295638508042
1162,2007-04-05,17.75,17.8,17.23,17.55,92702914.0,1618218906.0,4709791648.0,0.01968301804589722
1163,2007-04-06,17.33,17.54,17.06,17.24,102995435.0,1773144435.0,4709791648.0,0.021868363336993202
1164,2007-04-09,17.22,17.7,17.06,17.42,84569988.0,1470879957.0,4709791648.0,0.017956205777364356
1165,2007-04-10,17.45,18.12,17.45,18.0,152667963.0,2732733206.0,4709791648.0,0.032415014168371975
1166,2007-04-11,18.6,19.47,18.6,19.13,206828419.0,3949695025.0,4709791648.0,0.04391455810743329
1167,2007-04-12,19.2,19.6,18.93,19.15,94202131.0,1817433319.0,4709791648.0,0.02000133722263546
1168,2007-04-13,19.15,19.16,18.65,18.81,92632965.0,1758503113.0,4709791648.0,0.019668166221182275
1169,2007-04-16,18.9,20.48,18.8,20.21,129084213.0,2526042820.0,4709791648.0,0.027407627056032353
1170,2007-04-17,20.47,20.48,19.0,19.96,103835533.0,2057699826.0,4709791648.0,0.022046735983340893
1171,2007-04-18,19.95,20.25,19.4,19.52,85303984.0,1680431404.0,4709791648.0,0.0181120504632565
1172,2007-04-19,19.65,19.94,18.36,19.01,139926334.0,2676674293.0,4709791648.0,0.02970966540726262
1173,2007-04-20,19.01,19.79,19.0,19.45,93871041.0,1825316862.0,4709791648.0,0.01993103899614372
1174,2007-04-23,19.66,20.06,19.48,19.94,99646042.0,1975050244.0,4709791648.0,0.021157208099070457
1175,2007-04-24,20.14,20.26,19.51,19.55,77354955.0,1535097218.0,4709791648.0,0.01642428387099641
1176,2007-04-25,19.5,20.78,19.3,20.0,112273793.0,2250033191.0,4709791648.0,0.02383837787127521
1177,2007-04-26,20.22,20.6,19.6,20.04,80169294.0,1609080056.0,4709791648.0,0.017021834508123872
1178,2007-04-27,19.9,20.12,19.49,19.5,80922469.0,1596249541.0,4709791648.0,0.017181751348674522
1179,2007-04-30,19.5,19.85,19.1,19.47,103574913.0,2009046790.0,4709791648.0,0.021991400202168773
1180,2007-05-08,20.1,20.59,19.82,20.18,123442744.0,2486766501.0,4709791648.0,0.026209809950387002
1181,2007-05-09,20.15,22.0,19.95,21.73,196451573.0,4117359791.0,4709791648.0,0.04171130862729833
1182,2007-05-10,21.73,22.31,20.99,21.49,112354022.0,2440166242.0,4709791648.0,0.023855412382777236
1183,2007-05-11,21.29,21.96,20.86,21.65,134248283.0,2847414281.0,4709791648.0,0.028504081079044796
1184,2007-05-14,21.1,22.6,20.9,22.16,125127781.0,2763517020.0,4709791648.0,0.026567583101714313
1185,2007-05-15,22.2,22.29,20.75,20.8,105174673.0,2252716494.0,4709791648.0,0.02233106703237332
1186,2007-05-16,20.95,21.27,20.59,21.09,86610566.0,1810854219.0,4709791648.0,0.01838946867995295
1187,2007-05-17,21.08,21.36,20.88,21.22,86254051.0,1823208576.0,4709791648.0,0.0183137721254883
1188,2007-05-18,21.09,21.09,20.6,20.76,93895011.0,1954557961.0,4709791648.0,0.01993612839325329
1189,2007-05-21,20.01,20.66,20.0,20.46,146459164.0,2977203234.0,4709791648.0,0.031096739504855482
1190,2007-05-22,20.52,21.0,20.45,20.66,80432253.0,1665599958.0,4709791648.0,0.017077666914237136
1191,2007-05-23,20.7,21.4,20.4,21.21,97119007.0,2033018008.0,4709791648.0,0.020620658886522363
1192,2007-05-24,21.26,22.08,21.0,21.34,108436349.0,2334664046.0,4709791648.0,0.023023597879546793
1193,2007-05-25,21.15,21.6,20.89,21.12,85273835.0,1818350273.0,4709791648.0,0.01810564911851489
1194,2007-05-28,21.31,21.98,21.28,21.31,90491444.0,1950866892.0,4709791648.0,0.01921347073568041
1195,2007-05-29,21.35,21.75,21.09,21.4,91959283.0,1962388053.0,4709791648.0,0.01952512762195123
1196,2007-05-30,20.3,21.29,19.68,20.07,154780369.0,3172465861.0,4709791648.0,0.032863527851752644
1197,2007-05-31,20.2,22.08,19.99,21.72,183342271.0,3867520629.0,4709791648.0,0.03892789420480114
1198,2007-06-01,21.85,23.42,21.75,22.07,156234672.0,3528048441.0,4709791648.0,0.033172310725538064
1199,2007-06-04,22.6,22.8,20.7,20.94,119076749.0,2562203896.0,4709791648.0,0.02528280609834739
1200,2007-06-05,20.8,21.51,19.78,21.49,144984609.0,2984967656.0,4709791648.0,0.030783656653170063
1201,2007-06-06,21.49,22.0,20.9,21.42,92002532.0,1976305170.0,4709791648.0,0.019534310406081046
1202,2007-06-07,21.69,22.1,21.1,21.68,113170490.0,2440412118.0,4709791648.0,0.02402876782204528
1203,2007-06-08,21.6,21.6,20.99,21.24,102072580.0,2163543434.0,4709791648.0,0.021672419425038652
1204,2007-06-11,21.26,21.85,20.97,21.79,113217760.0,2421027836.0,4709791648.0,0.02403880435944074
1205,2007-06-12,21.6,21.79,21.1,21.63,98067542.0,2098829796.0,4709791648.0,0.02082205526897227
1206,2007-06-13,21.78,23.0,21.78,22.64,145122146.0,3266824791.0,4709791648.0,0.030812859006539222
1207,2007-06-14,22.58,22.64,22.03,22.2,74720813.0,1669516930.0,4709791648.0,0.015864993312757262
1208,2007-06-18,23.28,24.38,23.16,23.98,130105096.0,3094620130.0,4709791648.0,0.0276243846275554
1209,2007-06-19,23.69,24.92,23.5,24.11,92123408.0,2244413749.0,4709791648.0,0.01955997523566036
1210,2007-06-20,24.1,24.1,23.0,23.02,74293984.0,1751083859.0,4709791648.0,0.015774367435457307
1211,2007-06-21,23.21,24.19,23.2,23.81,74453496.0,1768914053.0,4709791648.0,0.015808235600319277
1212,2007-06-22,23.87,24.9,23.7,24.17,94682270.0,2303274591.0,4709791648.0,0.0201032820719801
1213,2007-06-25,24.62,25.95,24.62,24.96,114513143.0,2888035916.0,4709791648.0,0.024313844763945703
1214,2007-06-26,24.5,25.06,24.0,24.5,73768533.0,1798994044.0,4709791648.0,0.015662801778360113
1215,2007-06-27,24.7,25.6,24.18,25.32,77164856.0,1922992838.0,4709791648.0,0.0163839213636484
1216,2007-06-28,25.32,25.86,24.7,24.74,65365794.0,1659602032.0,4709791648.0,0.013878701837640187
1217,2007-06-29,24.2,24.97,24.01,24.58,48200226.0,1183166953.0,4710148201.0,0.010233271638834364
1218,2007-07-02,24.48,24.67,23.18,23.88,58961073.0,1404615259.0,4710148201.0,0.012517880644919436
1219,2007-07-03,23.95,24.55,23.95,24.42,37841899.0,916511956.0,4710148201.0,0.008034120665665228
1220,2007-07-04,24.4,24.56,23.75,23.93,39214608.0,951314435.0,4710148201.0,0.008325557143122258
1221,2007-07-05,23.8,24.25,23.6,23.67,52685188.0,1262635370.0,4710148201.0,0.011185462909386702
1222,2007-07-06,23.5,24.3,23.21,24.25,37422958.0,892672412.0,4710148201.0,0.007945176330556823
1223,2007-07-09,24.4,25.9,24.22,25.87,59963775.0,1512486446.0,4710148201.0,0.01273076184466324
1224,2007-07-10,26.78,28.08,26.48,27.8,113065177.0,3098114639.0,4710148201.0,0.02400459012648379
1225,2007-07-11,27.4,27.9,27.2,27.48,52132231.0,1436711466.0,4710148201.0,0.011068065966360025
1226,2007-07-12,27.82,27.98,27.4,27.69,27826213.0,769263238.0,4710148201.0,0.005907714961939475
1227,2007-07-13,27.7,27.75,27.0,27.35,20721139.0,565198420.0,4710148201.0,0.004399254145676509
1228,2007-07-16,27.36,27.48,26.13,26.32,31544623.0,839311744.0,4710148201.0,0.0066971614594425796
1229,2007-07-17,26.38,27.95,26.38,27.89,52667889.0,1426527711.0,4710148201.0,0.011181790201169935
1230,2007-07-18,27.6,28.28,27.45,27.56,62500179.0,1745634768.0,4710148201.0,0.013269259550417276
1231,2007-07-19,27.59,27.8,27.15,27.35,25258292.0,693387454.0,4710148201.0,0.005362525959297305
1232,2007-07-20,27.36,29.15,27.36,28.98,65124426.0,1862742459.0,4710148201.0,0.013826406987825477
1233,2007-07-23,29.4,30.0,28.87,29.39,80303795.0,2361617984.0,4710148201.0,0.017049101551189175
1234,2007-07-24,29.5,30.14,28.9,29.48,46782254.0,1381107706.0,4710148201.0,0.00993222548497896
1235,2007-07-25,29.33,29.93,29.0,29.76,50745370.0,1498902702.0,4710148201.0,0.010773624912529584
1236,2007-07-26,30.0,30.37,29.4,29.66,55662997.0,1658130936.0,4710148201.0,0.011817674226934584
1237,2007-07-27,29.3,29.37,28.7,29.02,75130606.0,2182091728.0,4710148201.0,0.015950794496030762
1238,2007-07-30,28.8,29.85,28.75,29.39,49367153.0,1448529066.0,4710148201.0,0.010481019045116028
1239,2007-07-31,29.2,29.94,28.91,29.81,46549324.0,1366951745.0,4710148201.0,0.00988277268857851
1240,2007-08-01,30.0,30.67,28.9,29.15,61537893.0,1831942002.0,4710148201.0,0.013064958972402405
1241,2007-08-02,29.55,30.2,29.25,30.0,52048210.0,1550335323.0,4710148201.0,0.011050227674141924
1242,2007-08-03,30.44,33.0,30.42,33.0,89066611.0,2867454660.0,4710148201.0,0.01890951350131414
1243,2007-08-06,33.72,34.18,33.0,33.62,86933268.0,2908955678.0,4710148201.0,0.018456588686857754
1244,2007-08-07,33.61,33.65,32.8,33.11,70935429.0,2350488450.0,4710148201.0,0.015060126767336084
1245,2007-08-08,32.75,35.25,32.7,34.22,81220397.0,2784930769.0,4710148201.0,0.017243703071329327
1246,2007-08-09,34.59,36.98,34.1,36.1,80729798.0,2884143639.0,4710148201.0,0.017139545202178662
1247,2007-08-10,36.1,37.3,35.11,36.34,84212683.0,3049823142.0,4710148201.0,0.01787898796520267
1248,2007-08-13,36.34,37.8,35.67,36.27,79188294.0,2911131789.0,4710148201.0,0.016812272272704227
1249,2007-08-14,36.0,36.5,35.35,36.19,46403401.0,1663867762.0,4710148201.0,0.009851792134724808
1250,2007-08-15,36.0,37.5,35.78,36.26,53411988.0,1954223978.0,4710148201.0,0.01133976803291672
1251,2007-08-16,36.15,36.38,34.6,35.01,81307464.0,2882497702.0,4710148201.0,0.01726218805232876
1252,2007-08-17,34.66,35.35,32.79,33.09,118922479.0,4011672842.0,4710148201.0,0.025248139533009143
1253,2007-08-20,34.61,36.01,34.52,35.98,65813470.0,2315373885.0,4710148201.0,0.013972696227695617
1254,2007-08-21,35.98,37.2,35.51,36.41,66754553.0,2444491940.0,4710148201.0,0.014172495248838986
1255,2007-08-22,35.66,37.2,35.3,36.42,70754711.0,2598106838.0,4710148201.0,0.015021758972462532
1256,2007-08-23,36.45,37.81,36.03,37.55,72440868.0,2681273251.0,4710148201.0,0.015379742825208823
1257,2007-08-24,37.65,39.5,37.25,39.04,65624830.0,2529954764.0,4710148201.0,0.013932646532452493
1258,2007-08-27,38.88,39.58,37.6,38.25,80470531.0,3100040612.0,4710148201.0,0.017084500861971923
1259,2007-08-28,37.9,38.36,37.0,37.65,55614393.0,2091222577.0,4710148201.0,0.011807355231029174
1260,2007-08-29,37.01,38.0,36.88,37.0,49999537.0,1864346356.0,4710148201.0,0.010615278939500188
1261,2007-08-30,37.3,37.97,37.0,37.39,39494632.0,1475294971.0,4710148201.0,0.008385008351035535
1262,2007-08-31,37.43,38.46,37.28,38.03,44221833.0,1667250083.0,4710148201.0,0.009388628788922474
1263,2007-09-03,38.5,39.15,38.03,38.24,47456593.0,1839524158.0,4710148201.0,0.010075392742403436
1264,2007-09-04,38.29,38.29,37.0,37.52,61142511.0,2291711257.0,4710148201.0,0.01298101639074095
1265,2007-09-05,37.4,38.0,36.06,36.7,59361696.0,2182424617.0,4710148201.0,0.012602935930422967
1266,2007-09-06,37.0,37.75,36.38,36.97,61849755.0,2287383834.0,4710148201.0,0.013131169627925683
1267,2007-09-07,36.77,36.97,35.8,35.98,66419221.0,2406086457.0,4710148201.0,0.01410130173524024
1268,2007-09-10,35.47,36.98,35.4,36.35,48536928.0,1747329759.0,4710148201.0,0.010304756013769428
1269,2007-09-11,36.6,36.7,34.4,34.84,54642911.0,1938230263.0,4710148201.0,0.01160110227283271
1270,2007-09-12,34.8,35.3,34.2,34.6,51731186.0,1787936173.0,4710148201.0,0.010982921087072606
1271,2007-09-13,34.55,35.49,34.55,35.19,41111930.0,1440366331.0,4710148201.0,0.008728372918557345
1272,2007-09-14,35.38,35.6,34.6,34.92,42507131.0,1487250668.0,4710148201.0,0.009024584617311067
1273,2007-09-17,35.5,36.45,35.15,35.38,58922667.0,2108654445.0,4710148201.0,0.012509726761355465
1274,2007-09-18,35.45,35.69,34.0,34.69,56617865.0,1953784737.0,4710148201.0,0.01202039990758244
1275,2007-09-19,35.1,36.0,34.69,35.3,44463468.0,1569995218.0,4710148201.0,0.009439929722500042
1276,2007-09-20,35.5,36.4,35.3,35.48,40097639.0,1439397987.0,4710148201.0,0.008513031286677342
1277,2007-09-21,35.68,36.3,34.9,35.98,45044684.0,1607756322.0,4710148201.0,0.00956332626443403
1278,2007-09-24,35.99,37.88,35.99,37.86,63683741.0,2366061371.0,4710148201.0,0.013520538692705988
1279,2007-09-25,37.96,38.34,36.88,36.98,35946729.0,1343786412.0,4710148201.0,0.007631761776066459
1280,2007-09-26,36.91,38.2,36.81,37.27,41307678.0,1556448961.0,4710148201.0,0.008769931695828608
1281,2007-09-27,37.27,37.95,37.0,37.76,36336818.0,1365818193.0,4710148201.0,0.007714580613893512
1282,2007-09-28,38.19,38.3,37.4,38.27,64910142.0,2468178511.0,4710797819.0,0.013779012493000392
1283,2007-10-08,39.6,41.26,38.82,40.91,87014421.0,3497164587.0,4710797819.0,0.018471270545521154
1284,2007-10-09,40.6,41.15,39.63,40.26,25676121.0,1038700371.0,4710797819.0,0.005450482484398042
1285,2007-10-10,40.6,42.25,40.02,40.47,43911526.0,1821960500.0,4710797819.0,0.00932146266666173
1286,2007-10-11,41.0,43.28,40.77,42.75,82254298.0,3469241385.0,4710797819.0,0.017460799881549745
1287,2007-10-12,42.77,43.2,39.8,41.91,51454362.0,2136031032.0,4710797819.0,0.010922642825482722
1288,2007-10-15,41.81,42.8,40.34,41.12,41995589.0,1727183761.0,4710797819.0,0.008914750879483669
1289,2007-10-16,42.1,43.3,41.65,42.08,38577438.0,1637068838.0,4710797819.0,0.008189151706831084
1290,2007-10-17,41.8,42.0,40.58,40.8,28503559.0,1171038513.0,4710797819.0,0.006050686124765738
1291,2007-10-18,40.83,41.01,39.0,39.85,40858878.0,1626946832.0,4710797819.0,0.008673451837649329
1292,2007-10-19,40.0,41.44,40.0,40.49,37589944.0,1533288212.0,4710797819.0,0.007979528191252225
1293,2007-10-23,40.6,42.19,40.01,41.71,51484018.0,2129732246.0,4710797819.0,0.01092893814978647
1294,2007-10-24,42.1,43.68,42.05,42.96,59785840.0,2578512043.0,4710797819.0,0.012691234541815092
1295,2007-10-25,42.85,43.01,41.23,41.8,52415082.0,2215443563.0,4710797819.0,0.011126582802725035
1296,2007-10-26,41.5,43.61,41.31,43.47,46539217.0,2001571077.0,4710797819.0,0.00987926435991245
1297,2007-10-29,43.44,46.09,43.4,44.53,37818549.0,1708714955.0,4710797819.0,0.00802805606461541
1298,2007-10-30,44.54,45.1,44.18,44.84,19471073.0,868287419.0,4710797819.0,0.004133285644624266
1299,2007-10-31,45.45,46.33,43.98,45.47,39969951.0,1793910409.0,4710797819.0,0.008484751954072348
1300,2007-11-01,45.55,46.25,44.6,45.17,24507075.0,1112133622.0,4710797819.0,0.00520231942478107
1301,2007-11-02,44.3,44.7,43.08,43.25,32969160.0,1442397432.0,4710797819.0,0.00699863616880901
1302,2007-11-05,42.78,43.28,41.93,42.07,26626287.0,1132059240.0,4710797819.0,0.005652182076804175
1303,2007-11-06,41.8,42.8,41.6,42.15,19551813.0,825049875.0,4710797819.0,0.004150424991949756
1304,2007-11-07,42.45,43.4,42.35,43.34,21246978.0,909400086.0,4710797819.0,0.00451027168143469
1305,2007-11-08,42.8,42.99,40.88,41.05,28325426.0,1182451225.0,4710797819.0,0.006012872360124526
1306,2007-11-09,40.01,41.95,40.01,40.66,21609288.0,887758424.0,4710797819.0,0.004587182220566448
1307,2007-11-12,39.98,41.46,39.51,40.98,33871426.0,1374694568.0,4710797819.0,0.00719016763219742
1308,2007-11-13,41.35,42.38,39.4,40.04,29061498.0,1190036347.0,4710797819.0,0.006169124449108522
1309,2007-11-14,41.0,41.65,39.81,41.61,26494858.0,1081870945.0,4710797819.0,0.0056242825563726445
1310,2007-11-15,41.47,42.47,41.29,41.46,17402635.0,728993798.0,4710797819.0,0.0036942012093599467
1311,2007-11-16,40.7,41.3,39.88,40.47,18718298.0,757211431.0,4710797819.0,0.003973487871736658
1312,2007-11-19,40.47,40.66,39.0,39.17,23594205.0,934304921.0,4710797819.0,0.0050085369626431
1313,2007-11-20,39.0,39.64,37.95,39.23,36597807.0,1414414163.0,4710797819.0,0.007768919067676931
1314,2007-11-21,39.5,40.0,38.69,38.72,13410918.0,527453769.0,4710797819.0,0.0028468464398768967
1315,2007-11-22,38.08,38.46,37.1,37.3,24577397.0,927388520.0,4710797819.0,0.005217247257114772
1316,2007-11-23,36.81,38.4,36.8,38.3,22897793.0,864713709.0,4710797819.0,0.004860703829751858
1317,2007-11-26,39.0,39.5,38.04,38.28,19926648.0,772763982.0,4710797819.0,0.00422999431638312
1318,2007-11-27,37.96,38.4,37.44,37.57,14575465.0,551273902.0,4710797819.0,0.0030940544595679663
1319,2007-11-28,37.76,38.6,37.35,37.72,26039896.0,991278431.0,4710797819.0,0.005527704011191825
1320,2007-11-29,38.53,40.35,38.18,40.15,37320500.0,1463643875.0,4710797819.0,0.007922331085718794
1321,2007-11-30,39.9,39.92,38.8,39.25,20171085.0,793940133.0,4710797819.0,0.004281882979278844
1322,2007-12-03,39.05,40.5,38.7,39.73,23101378.0,921909203.0,4710797819.0,0.004903920500859856
1323,2007-12-04,39.8,41.05,39.75,40.18,18601447.0,752826169.0,4710797819.0,0.0039486829438901035
1324,2007-12-05,40.01,41.42,40.01,41.33,21075090.0,858927082.0,4710797819.0,0.004473783594574599
1325,2007-12-06,41.55,41.8,40.9,41.22,11277493.0,465826854.0,4710797819.0,0.002393966676836487
1326,2007-12-07,41.48,41.59,40.88,41.33,11451889.0,471862659.0,4710797819.0,0.002430987157591702
1327,2007-12-10,40.0,41.03,40.0,40.82,37885840.0,1539356662.0,4710797819.0,0.008042340481520038
1328,2007-12-11,40.89,41.43,38.8,39.98,59925030.0,2380362119.0,4710797819.0,0.012720781553881415
1329,2007-12-12,39.5,39.5,37.9,38.28,88844262.0,3402568193.0,4710797819.0,0.018859706022972496
1330,2007-12-13,38.0,38.64,37.01,37.41,35064542.0,1327542154.0,4710797819.0,0.007443440229715365
1331,2007-12-14,37.0,38.66,36.87,38.59,25530814.0,966651890.0,4710797819.0,0.005419636966168851
1332,2007-12-17,38.02,38.15,35.88,36.31,47990402.0,1761871040.0,4710797819.0,0.010187319397669951
1333,2007-12-18,36.0,36.85,35.6,36.23,26052906.0,945720704.0,4710797819.0,0.005530465751453215
1334,2007-12-19,36.81,37.47,36.7,36.91,17159845.0,634865542.0,4710797819.0,0.0036426621687709495
1335,2007-12-20,37.3,38.05,36.91,37.81,17494344.0,658154615.0,4710797819.0,0.0037136690370026685
1336,2007-12-21,37.51,38.35,37.39,37.91,30906133.0,1170283069.0,4710797819.0,0.006560700371250639
1337,2007-12-24,38.31,39.19,38.0,38.79,29757207.0,1148036676.0,4710797819.0,0.0063168083503776454
1338,2007-12-25,39.0,39.35,38.02,38.13,24754341.0,956882070.0,4710797819.0,0.005254808622895815
1339,2007-12-26,38.13,38.76,37.67,38.1,33102779.0,1263405881.0,4710797819.0,0.00702700057864657
1340,2007-12-27,38.21,39.72,37.8,39.69,48095011.0,1873433569.0,4710797819.0,0.010209525614964627
1341,2007-12-28,39.74,40.06,39.38,39.63,54722573.0,2177562032.0,4711435255.0,0.011614841346259782
1342,2008-01-02,39.62,39.99,38.6,38.8,34141268.0,1334724365.0,4711435255.0,0.007246468677197178
1343,2008-01-03,38.69,38.69,36.9,37.92,61678528.0,2318140138.0,4711435255.0,0.013091239646038604
1344,2008-01-04,37.92,38.66,37.5,38.39,40287848.0,1538653641.0,4711435255.0,0.008551077499631268
1345,2008-01-07,38.06,39.6,38.0,39.07,50707352.0,1981091766.0,4711435255.0,0.010762612506706303
1346,2008-01-08,39.97,41.22,39.8,40.31,72967497.0,2961878478.0,4711435255.0,0.015487318205755541
1347,2008-01-09,40.2,41.16,40.19,40.81,31476204.0,1285749953.0,4711435255.0,0.006680810049675617
1348,2008-01-10,41.0,41.31,40.6,41.1,32402890.0,1329188234.0,4711435255.0,0.006877498733663485
1349,2008-01-11,41.15,42.97,41.12,42.94,44894677.0,1909986799.0,4711435255.0,0.009528874869362923
1350,2008-01-14,43.0,43.63,42.5,43.14,33007057.0,1427757606.0,4711435255.0,0.007005732905906186
1351,2008-01-15,43.15,43.4,41.57,41.81,36736453.0,1562871914.0,4711435255.0,0.007797295518603068
1352,2008-01-16,41.2,41.2,39.2,39.47,56416867.0,2257189497.0,4711435255.0,0.011974454480750367
1353,2008-01-17,38.8,40.0,38.29,39.15,43848089.0,1711220186.0,4711435255.0,0.00930673704015487
1354,2008-01-18,39.0,40.1,38.95,39.7,26261417.0,1039691857.0,4711435255.0,0.00557397386966745
1355,2008-01-21,39.75,40.18,36.95,37.04,45126495.0,1715788395.0,4711435255.0,0.009578078134918571
1356,2008-01-22,36.05,37.03,34.2,35.13,70452660.0,2519543493.0,4711435255.0,0.014953545190975992
1357,2008-01-23,36.15,37.0,34.78,36.73,49980010.0,1808495498.0,4711435255.0,0.010608234496475109
1358,2008-01-24,37.4,37.58,35.8,36.7,37022515.0,1360408205.0,4711435255.0,0.007858012048602375
1359,2008-01-25,36.7,38.88,35.59,37.88,44432253.0,1654963529.0,4711435255.0,0.009430725584702957
1360,2008-01-28,37.4,37.4,35.41,35.57,27874336.0,1008615577.0,4711435255.0,0.005916315197246619
1361,2008-01-29,36.08,36.58,34.4,35.0,24429203.0,863664021.0,4711435255.0,0.0051850872776134545
1362,2008-01-30,35.59,35.65,31.52,32.97,80825557.0,2702069500.0,4711435255.0,0.017155187883400088
1363,2008-01-31,32.5,33.02,31.88,32.52,40491286.0,1309401462.0,4711435255.0,0.008594257123034582
1364,2008-02-01,32.52,33.6,31.91,33.16,37830523.0,1248801740.0,4711435255.0,0.008029511380815951
1365,2008-02-04,34.25,36.36,34.25,36.28,66781458.0,2397470188.0,4711435255.0,0.0141743342284346
1366,2008-02-05,35.8,36.64,35.6,36.05,24425687.0,883959413.0,4711435255.0,0.005184341008205152
1367,2008-02-13,34.9,35.33,34.3,34.59,31896316.0,1110022550.0,4711435255.0,0.006769978631490289
1368,2008-02-14,35.01,35.85,34.55,34.83,21766632.0,762145800.0,4711435255.0,0.004619957788213307
1369,2008-02-15,34.53,34.75,33.38,33.52,27055768.0,914458332.0,4711435255.0,0.005742574509813571
1370,2008-02-18,34.18,35.02,33.85,34.5,36752524.0,1269379417.0,4711435255.0,0.007800706581077702
1371,2008-02-19,34.74,35.0,34.0,34.92,23755852.0,819573915.0,4711435255.0,0.0050421688326904536
1372,2008-02-20,34.52,34.92,32.8,32.94,80579988.0,2686938090.0,4711435255.0,0.01710306597431954
1373,2008-02-21,32.7,32.85,31.89,32.2,40193896.0,1298648004.0,4711435255.0,0.008531136230163477
1374,2008-02-22,32.0,32.0,29.98,30.35,52391442.0,1600480266.0,4711435255.0,0.011120059846816254
1375,2008-02-25,30.29,30.29,29.0,29.78,37725443.0,1114852500.0,4711435255.0,0.008007208198385823
1376,2008-02-26,31.0,31.24,29.7,30.36,49994078.0,1526516843.0,4711435255.0,0.010611220423106504
1377,2008-02-27,30.8,32.32,30.7,31.84,62152052.0,1975540363.0,7243831580.000001,0.008579996830903679
1378,2008-02-28,32.0,32.7,31.4,31.77,30843782.0,989636219.0,7243831580.000001,0.004257937482306843
1379,2008-02-29,31.81,32.51,31.78,31.97,22903770.0,737434245.0,7243831580.000001,0.0031618308276570944
1380,2008-03-03,31.6,33.35,31.4,33.17,51411308.0,1675421982.0,7243831580.000001,0.007097253357179791
1381,2008-03-04,33.49,33.62,31.55,31.63,46460075.0,1495456488.0,7243831580.000001,0.006413743125706409
1382,2008-03-05,31.62,32.4,31.01,32.31,28997093.0,917625345.0,7243831580.000001,0.0040030048572719575
1383,2008-03-06,32.4,34.18,31.62,33.35,46239137.0,1548001657.0,7243831580.000001,0.0063832429687715065
1384,2008-03-07,32.8,34.13,32.55,33.16,29032972.0,972658890.0,7243831580.000001,0.004007957898988037
1385,2008-03-10,32.5,32.7,30.9,31.0,51170712.0,1615494256.0,7243831580.000001,0.0070640394430594965
1386,2008-03-11,30.51,31.3,30.4,31.29,20568426.0,634993132.0,7243831580.000001,0.0028394401185125287
1387,2008-03-12,32.35,32.75,29.5,29.67,37968575.0,1158955561.0,7243831580.000001,0.0052415043862739825
1388,2008-03-13,29.68,30.85,29.1,30.27,36991037.0,1105612989.0,7243831580.000001,0.005106556742999262
1389,2008-03-14,30.15,30.18,28.7,29.32,39434932.0,1152963032.0,7243831580.000001,0.005443932753610486
1390,2008-03-17,29.0,29.94,28.0,28.67,23811947.0,685745108.0,7243831580.000001,0.0032872032897264016
1391,2008-03-18,28.51,29.78,27.52,28.21,44849005.0,1281226344.0,7243831580.000001,0.006191337347464944
1392,2008-03-19,28.99,30.1,28.52,29.29,36572350.0,1082967880.0,7243831580.000001,0.005048757635527467
1393,2008-03-20,29.0,31.15,27.79,30.64,67829709.0,2004752426.0,7243831580.000001,0.009363788797530269
1394,2008-03-21,30.4,31.35,29.78,30.36,37482775.0,1145050263.0,7243831580.000001,0.005174440430598746
1395,2008-03-24,30.95,30.95,28.45,28.6,32019604.0,937474053.0,7243831580.000001,0.004420257932059761
1396,2008-03-25,28.7,30.01,27.98,29.72,45980720.0,1332996709.0,7243831580.000001,0.006347568892539049
1397,2008-03-26,30.01,31.55,30.01,30.69,61088368.0,1889331769.0,7243831580.000001,0.008433156862545386
1398,2008-03-27,30.0,31.45,29.9,30.6,50924824.0,1574676247.0,7243831580.000001,0.007030094976338474
1399,2008-03-28,30.28,33.2,30.28,32.72,80528401.0,2582997554.0,7243831580.000001,0.011116824033062347
1400,2008-03-31,31.48,32.8,31.4,32.17,57190721.0,1837927775.0,7245936101.000001,0.007892799522770728
1401,2008-04-01,31.97,33.4,30.88,31.69,60576245.0,1953426276.0,7245936101.000001,0.008360030250838117
1402,2008-04-02,32.55,33.6,31.5,32.22,93796027.0,3081665773.0,7245936101.000001,0.012944638993856894
1403,2008-04-03,31.9,33.2,30.9,33.0,60308654.0,1936673774.0,7245936101.000001,0.008323100446839007
1404,2008-04-07,32.56,33.84,32.2,33.62,54665057.0,1812776567.0,7245936101.000001,0.007544236691854867
1405,2008-04-08,33.67,33.72,32.81,33.44,36136258.0,1201613770.0,7245936101.000001,0.004987106910177263
1406,2008-04-09,33.0,33.28,31.31,31.5,37089575.0,1201357222.0,7245936101.000001,0.005118672657751056
1407,2008-04-10,31.29,32.3,31.2,32.13,22980531.0,730473757.0,7245936101.000001,0.0031715061628584456
1408,2008-04-11,33.47,33.74,32.35,32.78,37181124.0,1226200238.0,7245936101.000001,0.00513130718815871
1409,2008-04-14,32.1,32.4,29.94,30.01,64025793.0,1980639313.0,7245936101.000001,0.00883609682828474
1410,2008-04-15,30.01,30.3,28.85,29.89,43749374.0,1287353033.0,7245936101.000001,0.0060377808181281386
1411,2008-04-16,29.98,30.8,29.5,29.78,33003451.0,992180086.0,7245936101.000001,0.004554753249265508
1412,2008-04-17,29.78,30.75,28.95,29.37,26418177.0,785923087.0,7245936101.000001,0.0036459301644067863
1413,2008-04-18,29.3,30.16,28.34,29.35,29970625.0,876403879.0,7245936101.000001,0.00413619780553458
1414,2008-04-21,32.28,32.28,29.39,30.13,55218031.0,1691716583.0,7245936101.000001,0.007620551745188512
1415,2008-04-22,29.8,31.16,28.9,31.11,49919788.0,1490932051.0,7245936101.000001,0.0068893497408996805
1416,2008-04-23,30.49,32.66,30.4,32.42,69929007.0,2240665792.0,7245936101.000001,0.009650789908338992
1417,2008-04-24,34.51,35.66,33.68,35.62,201340626.0,7021674373.0,7245936101.000001,0.027786696321019624
1418,2008-04-25,35.0,35.58,34.3,34.37,93847050.0,3272338941.0,7245936101.000001,0.012951680596113497
1419,2008-04-28,33.86,34.94,33.4,33.64,47181871.0,1600585250.0,7245936101.000001,0.006511494214458847
1420,2008-04-29,33.65,34.4,33.15,33.48,39718382.0,1341227972.0,7245936101.000001,0.005481470088387686
1421,2008-04-30,33.85,35.25,33.8,35.01,78551255.0,2731377944.0,7245936101.000001,0.010840732502341452
1422,2008-05-05,35.3,35.47,34.31,34.95,57280526.0,1990754294.0,7245936101.000001,0.007905193366540287
1423,2008-05-06,34.6,34.75,33.85,33.99,39450705.0,1353353584.0,7245936101.000001,0.005444528415666744
1424,2008-05-07,33.95,34.66,32.44,32.63,50066225.0,1670052684.0,7245936101.000001,0.00690955927600444
1425,2008-05-08,32.5,33.0,32.0,32.98,28944983.0,942934799.0,7245936101.000001,0.0039946506009079135
1426,2008-05-09,33.3,33.47,30.8,31.26,90295417.0,2848453947.0,7245936101.000001,0.012461525431826326
1427,2008-05-12,30.51,32.19,30.48,31.71,40721027.0,1268867951.0,7245936101.000001,0.005619843513991264
1428,2008-05-13,30.91,31.77,30.56,31.03,33859448.0,1053215629.0,7245936101.000001,0.004672888019993319
1429,2008-05-14,31.0,32.6,30.92,32.55,40368531.0,1294466155.0,7245936101.000001,0.005571196107350271
1430,2008-05-15,32.71,33.05,31.88,31.96,29343734.0,956035932.0,7245936101.000001,0.004049681585785764
1431,2008-05-16,32.01,32.67,31.81,32.09,25664442.0,825455131.0,7245936101.000001,0.003541908408005156
1432,2008-05-19,31.92,31.95,30.85,31.5,23838076.0,746554257.0,7245936101.000001,0.003289854570579244
1433,2008-05-20,31.5,31.86,30.0,30.12,29682429.0,920056682.0,7245936101.000001,0.004096424338589402
1434,2008-05-21,30.08,30.66,29.35,30.37,38699335.0,1153874271.0,7245936101.000001,0.005340833049115512
1435,2008-05-22,29.8,30.28,29.37,29.71,27211637.0,809904172.0,7245936101.000001,0.0037554343042363516
1436,2008-05-23,29.61,30.16,29.3,29.8,22869241.0,680282347.0,7245936101.000001,0.003156147208756623
1437,2008-05-26,29.6,29.77,29.0,29.27,16415345.0,480275470.0,7245936101.000001,0.002265455390606404
1438,2008-05-27,29.3,29.73,29.01,29.47,16109124.0,474498196.0,7245936101.000001,0.0022231943223701357
1439,2008-05-28,29.5,30.99,29.35,30.52,32789252.0,989274927.0,7245936101.000001,0.0045251919894069735
1440,2008-05-29,30.25,30.65,29.63,29.66,22278540.0,673944536.0,7245936101.000001,0.003074625512765062
1441,2008-06-03,29.96,30.66,29.37,29.69,30034049.0,888696754.0,7245936101.000001,0.004144950849877775
1442,2008-06-04,29.69,29.82,28.15,28.77,44775714.0,1280231547.0,7245936101.000001,0.0061794243526134005
1443,2008-06-05,28.73,28.73,28.2,28.35,23602449.0,670534553.0,7245936101.000001,0.0032573360668668692
1444,2008-06-06,28.44,28.69,28.01,28.12,23387881.0,661209350.0,7245936101.000001,0.0032277238819111687
1445,2008-06-10,26.74,26.79,25.31,25.31,49072961.0,1270697342.0,7245936101.000001,0.0067724805071393765
1446,2008-06-11,24.99,25.26,23.62,24.1,61054152.0,1477627321.0,7245936101.000001,0.008425985428104176
1447,2008-06-12,23.98,24.09,23.2,23.4,45575612.0,1077529239.0,7245936101.000001,0.006289816990479695
1448,2008-06-13,23.61,24.01,23.28,23.32,29146639.0,688302489.0,7245936101.000001,0.004022480821487995
1449,2008-06-16,23.56,24.48,23.2,24.22,39442569.0,949117279.0,7245936101.000001,0.005443405579378017
1450,2008-06-17,24.2,24.65,23.48,23.89,19926874.0,479832814.0,7245936101.000001,0.00275007586628454
1451,2008-06-18,23.83,25.26,23.5,24.88,36055994.0,888036685.0,7245936101.000001,0.004976029804489163
1452,2008-06-19,24.9,24.9,23.29,23.55,29781842.0,714239953.0,7245936101.000001,0.0041101441670027775
1453,2008-06-20,23.6,25.35,22.99,24.65,58679811.0,1439919968.0,7245936101.000001,0.008098306441303242
1454,2008-06-23,24.0,24.2,23.5,23.76,30858240.0,735952739.0,7245936101.000001,0.0042586961256450085
1455,2008-06-24,23.75,24.28,23.36,24.12,33527809.0,800680725.0,7245936101.000001,0.004627119054413532
1456,2008-06-25,24.0,24.99,23.88,24.71,31610765.0,775194559.0,7245936101.000001,0.004362550891890621
1457,2008-06-26,24.85,25.12,24.1,24.63,26565282.0,655029714.0,7245936101.000001,0.0036662318891183382
1458,2008-06-30,23.09,23.6,23.0,23.42,41156575.0,958471140.0,7245940801.0,0.005679949109482105
1459,2008-07-01,23.55,23.57,21.08,21.08,65970329.0,1440794713.0,7245940801.0,0.009104453212051573
1460,2008-07-02,21.08,21.23,20.11,20.77,61682716.0,1272988725.0,7245940801.0,0.008512727014204597
1461,2008-07-03,20.48,21.68,20.02,21.15,41488946.0,864955716.0,7245940801.0,0.005725819067452798
1462,2008-07-04,21.2,21.78,21.1,21.29,26224906.0,561071433.0,7245940801.0,0.0036192547966139533
1463,2008-07-07,21.63,23.1,21.35,22.67,44490625.0,998727324.0,7245940801.0,0.00614007569505121
1464,2008-07-08,22.92,23.5,21.97,22.7,44225319.0,1002437115.0,7245940801.0,0.006103461263980592
1465,2008-07-09,23.2,24.45,23.2,23.96,67645835.0,1615544602.0,7245940801.0,0.009335686953261379
1466,2008-07-10,23.61,24.68,23.35,24.0,42977357.0,1038923879.0,7245940801.0,0.005931232145047164
1467,2008-07-11,23.95,24.2,23.35,24.05,39623779.0,940648561.0,7245940801.0,0.005468410533319785
1468,2008-07-14,23.7,24.84,23.5,24.36,33612189.0,816928762.0,7245940801.0,0.004638761193765375
1469,2008-07-15,24.38,24.5,22.9,22.94,49613226.0,1159984475.0,7245940801.0,0.006847037170542846
1470,2008-07-16,22.59,22.7,21.55,22.0,32904359.0,727533117.0,7245940801.0,0.004541074776026176
1471,2008-07-17,22.68,22.88,21.75,21.96,28350526.0,629704965.0,7245940801.0,0.003912608007518829
1472,2008-07-18,22.31,22.8,21.8,22.73,33067035.0,738574440.0,7245940801.0,0.004563525414869036
1473,2008-07-21,22.22,23.8,22.22,23.68,38883267.0,902998818.0,7245940801.0,0.005366213728193002
1474,2008-07-22,23.6,24.09,23.41,23.86,25433328.0,602739369.0,7245940801.0,0.003510010459440959
1475,2008-07-23,24.1,24.6,23.97,24.07,42294650.0,1030114935.0,7245940801.0,0.005837012909926477
1476,2008-07-24,24.31,25.45,24.31,25.41,56883749.0,1420585519.0,7245940801.0,0.00785042971813261
1477,2008-07-25,24.89,25.45,24.71,25.0,48628354.0,1216462264.0,7245940801.0,0.006711116656278627
1478,2008-07-28,25.14,25.8,24.58,24.74,37288695.0,943406844.0,7245940801.0,0.0051461495510498586
1479,2008-07-29,24.3,24.7,24.06,24.37,24031585.0,584144925.0,7245940801.0,0.003316558285527732
1480,2008-07-30,24.89,24.97,24.1,24.2,27303027.0,665831573.0,7245940801.0,0.0037680444472071805
1481,2008-07-31,24.33,24.6,23.59,23.64,25178049.0,600720059.0,7245940801.0,0.0034747798376333987
1482,2008-08-01,23.5,24.99,23.4,24.48,26473328.0,641786353.0,7245940801.0,0.0036535390954817713
1483,2008-08-04,24.4,24.84,24.0,24.26,23068030.0,564660014.0,7245940801.0,0.0031835796942774387
1484,2008-08-05,24.55,24.7,23.6,23.71,24999611.0,603925006.0,7245940801.0,0.0034501539119046964
1485,2008-08-06,24.03,24.64,23.85,24.16,25408021.0,615284058.0,7245940801.0,0.003506517883294531
1486,2008-08-07,24.13,24.55,23.51,24.13,22273579.0,535348687.0,7245940801.0,0.0030739388592473816
1487,2008-08-08,24.1,24.27,23.0,23.39,25962175.0,614263138.0,7245940801.0,0.003582995736925839
1488,2008-08-11,23.35,24.2,22.42,22.71,30961206.0,721818792.0,7245940801.0,0.004272903526306356
1489,2008-08-12,22.7,22.82,22.01,22.29,22643421.0,507630094.0,7245940801.0,0.0031249801263729645
1490,2008-08-13,22.11,22.25,21.37,21.81,25989334.0,564559936.0,7245940801.0,0.0035867439044510625
1491,2008-08-14,21.64,21.81,20.93,21.61,22456760.0,480663462.0,7245940801.0,0.0030992193583614124
1492,2008-08-15,21.72,22.28,21.44,21.99,20357414.0,448102844.0,7245940801.0,0.0028094921776328215
1493,2008-08-18,22.0,22.12,21.12,21.21,17924462.0,388963512.0,7245940801.0,0.0024737245986782386
1494,2008-08-19,21.14,22.19,21.06,21.89,19074017.0,414374026.0,7245940801.0,0.0026323727344512156
1495,2008-08-20,21.73,23.95,21.41,23.92,54160668.0,1256756448.0,7245940801.0,0.00747462192798006
1496,2008-08-21,23.49,24.0,22.89,23.13,33054146.0,772407706.0,7245940801.0,0.004561746625840257
1497,2008-08-22,22.89,23.28,22.47,22.95,21664989.0,495031939.0,7245940801.0,0.0029899483855857683
1498,2008-08-25,23.03,23.58,22.8,23.09,15037855.0,349383881.0,7245940801.0,0.0020753488626245264
1499,2008-08-26,22.8,23.4,22.52,22.88,19388678.0,444748757.0,7245940801.0,0.002675798565360098
1500,2008-08-27,22.88,23.4,22.71,22.92,24587773.0,566816599.0,7245940801.0,0.0033933168480491426
1501,2008-08-28,22.94,23.52,22.78,22.9,19551158.0,451661089.0,7245940801.0,0.0026982221545753973
1502,2008-08-29,23.08,23.5,22.8,23.08,35497920.0,820911327.0,7245940801.0,0.004899007730659487
1503,2008-09-01,22.87,23.08,21.48,21.56,35338666.0,774888568.0,7245940801.0,0.004877029356232522
1504,2008-09-02,21.33,21.42,20.65,20.88,46391027.0,969905321.0,7245940801.0,0.006402346951771626
1505,2008-09-03,20.88,21.05,19.95,20.26,53103735.0,1074770101.0,7245940801.0,0.007328756397329556
1506,2008-09-04,20.17,20.61,19.89,20.46,22280230.0,449297820.0,7245940801.0,0.0030748567524765237
1507,2008-09-05,19.98,20.25,19.72,20.0,28326136.0,566564473.0,7245940801.0,0.003909241984987064
1508,2008-09-08,20.09,20.35,19.88,20.09,27778529.0,558077001.0,7245940801.0,0.0038336676717212943
1509,2008-09-09,20.2,20.25,19.9,20.18,16919688.0,339845035.0,7245940801.0,0.0023350574431500936
1510,2008-09-10,19.99,20.35,19.38,19.8,27383375.0,542599974.0,7245940801.0,0.0037791331384077645
1511,2008-09-11,19.69,19.69,17.94,18.04,46155553.0,863843889.0,7245940801.0,0.006369849584422516
1512,2008-09-12,18.19,18.28,17.7,17.85,37011109.0,662727985.0,7245940801.0,0.005107840378007527
1513,2008-09-16,16.9,16.9,16.07,16.07,81484766.0,1312260858.0,7245940801.0,0.01124557434815841
1514,2008-09-17,15.2,15.5,14.46,14.47,150530608.0,2233786791.0,7245940801.0,0.02077447389291747
1515,2008-09-18,13.81,15.36,13.7,14.92,122870912.0,1758244541.0,7245940801.0,0.01695720616197179
1516,2008-09-19,16.41,16.41,16.29,16.41,34958357.0,573264747.0,7245940801.0,0.004824543556190172
1517,2008-09-22,18.05,18.05,17.3,18.05,171054743.0,3070803806.0,7245940801.0,0.02360697495298237
1518,2008-09-23,17.2,18.01,17.01,17.13,94924172.0,1655795957.0,7245940801.0,0.013100323975445628
1519,2008-09-24,16.7,16.96,16.1,16.83,44942824.0,740220816.0,7245940801.0,0.006202482912059883
1520,2008-09-25,16.87,18.11,16.7,17.6,65450751.0,1144154309.0,7245940801.0,0.009032747133535407
1521,2008-09-26,17.6,17.8,17.03,17.62,53503560.0,937605223.0,7245946023.0,0.0073839302459843895
1522,2008-10-06,17.1,17.1,15.86,15.86,61283400.0,999045443.0,7245946023.0,0.008457611995103873
1523,2008-10-07,15.0,16.01,14.83,15.59,52647948.0,809934554.0,7245946023.0,0.007265848770179281
1524,2008-10-08,14.9,15.02,14.1,14.29,84996854.0,1229509301.0,7245946023.0,0.011730263202376053
1525,2008-10-09,14.66,14.7,13.97,14.39,52329473.0,751277266.0,7245946023.0,0.007221896607274796
1526,2008-10-10,13.68,14.3,13.45,13.84,52944385.0,731331156.0,7245946023.0,0.007306759508274631
1527,2008-10-13,13.81,15.22,13.7,15.22,79562831.0,1171756596.0,7245946023.0,0.010980323445337926
1528,2008-10-14,15.99,16.18,14.9,14.93,94038109.0,1476264325.0,7245946023.0,0.012978030570681219
1529,2008-10-15,14.91,15.27,14.66,15.2,48543042.0,732137591.0,7245946023.0,0.006699338063782869
1530,2008-10-16,14.0,14.88,13.95,14.33,46806424.0,673378463.0,7245946023.0,0.006459670531829464
1531,2008-10-17,14.6,14.79,13.9,14.18,34834419.0,495382587.0,7245946023.0,0.004807435618403585
1532,2008-10-20,14.15,14.89,13.9,14.87,51557491.0,738736226.0,7245946023.0,0.007115356757605811
1533,2008-10-21,14.87,15.2,14.6,14.63,54859241.0,819377798.0,7245946023.0,0.0075710253465684696
1534,2008-10-22,14.35,14.75,14.1,14.12,39634049.0,569747948.0,7245946023.0,0.005469823936611458
1535,2008-10-23,13.8,13.8,12.8,13.49,76445136.0,1017095872.0,7245946023.0,0.010550055956440844
1536,2008-10-24,13.48,13.48,12.14,12.14,118994184.0,1495600640.0,7245946023.0,0.016422173670945107
1537,2008-10-27,11.88,11.96,10.93,11.15,70521976.0,809072000.0,7245946023.0,0.009732611280314529
1538,2008-10-28,10.93,12.09,10.68,11.8,107721280.0,1232232448.0,7245946023.0,0.01486642043124146
1539,2008-10-29,11.84,12.32,11.6,11.72,86715984.0,1030374912.0,7245946023.0,0.01196751724685046
1540,2008-10-30,11.83,12.4,11.32,12.17,71595592.0,863939520.0,7245946023.0,0.009880779096717265
1541,2008-10-31,12.13,12.13,11.58,11.69,40943500.0,483224000.0,7245946023.0,0.005650538917904937
1542,2008-11-03,11.42,12.07,11.29,11.75,31526642.0,373995776.0,7245946023.0,0.004350935253992852
1543,2008-11-04,11.75,11.81,11.11,11.6,41048236.0,472870752.0,7245946023.0,0.0056649933452036704
1544,2008-11-05,11.76,12.76,11.76,12.71,126190032.0,1586328064.0,7245946023.0,0.017415259732745596
1545,2008-11-06,12.18,12.36,11.98,12.07,92118776.0,1118742016.0,7245946023.0,0.012713146869656166
1546,2008-11-07,11.69,12.9,11.6,12.52,96217016.0,1192467840.0,7245946023.0,0.013278737613361876
1547,2008-11-10,12.85,13.77,12.77,13.71,144773872.0,1943127040.0,7245946023.0,0.019979982122480682
1548,2008-11-11,13.49,13.77,13.28,13.42,90262232.0,1220376704.0,7245946023.0,0.012456928565778801
1549,2008-11-12,13.22,13.98,13.16,13.58,71483376.0,970208704.0,7245946023.0,0.009865292368049427
1550,2008-11-13,13.26,14.37,13.02,14.02,125604304.0,1719379584.0,7245946023.0,0.01733442446318372
1551,2008-11-14,14.11,14.48,13.86,14.25,106021224.0,1503303552.0,7245946023.0,0.014631798755258269
1552,2008-11-17,14.2,14.59,14.0,14.45,101718544.0,1450716800.0,7245946023.0,0.014037993614239762
1553,2008-11-18,14.33,14.47,13.01,13.01,128372528.0,1749239296.0,7245946023.0,0.01771646208687194
1554,2008-11-19,12.98,13.97,12.87,13.84,97462016.0,1309192320.0,7245946023.0,0.013450557827871912
1555,2008-11-20,13.4,13.75,13.08,13.34,84011312.0,1124241536.0,7245946023.0,0.011594250320569908
1556,2008-11-21,12.78,13.8,12.44,13.21,97761872.0,1279175936.0,7245946023.0,0.013491940416018195
1557,2008-11-24,13.2,13.2,12.48,12.54,65209960.0,827844288.0,7245946023.0,0.008999509490273772
1558,2008-11-25,12.9,13.0,12.12,12.35,60544760.0,757961408.0,7245946023.0,0.00835567361498685
1559,2008-11-26,12.38,12.45,12.07,12.26,50918264.0,623838016.0,7245946023.0,0.007027138187115364
1560,2008-11-27,13.01,13.27,12.28,12.33,131266984.0,1679336448.0,7245946023.0,0.018115920762221224
1561,2008-11-28,12.15,12.25,11.5,11.68,84330432.0,996000384.0,7245946023.0,0.011638291498766247
1562,2008-12-01,11.68,11.96,11.39,11.88,54648500.0,642206208.0,7245946023.0,0.007541941359559587
1563,2008-12-02,11.5,11.99,11.45,11.73,74413960.0,869603072.0,7245946023.0,0.010269737003808205
1564,2008-12-03,11.95,12.51,11.89,12.49,134816384.0,1649688192.0,7245946023.0,0.018605767083009914
1565,2008-12-04,12.85,13.41,12.67,12.85,164456304.0,2147668992.0,7245946023.0,0.02269631922153224
1566,2008-12-05,12.7,13.1,12.65,13.06,78144544.0,1011788992.0,7245946023.0,0.010784588203107568
1567,2008-12-08,13.3,14.18,13.28,14.14,165646704.0,2277154048.0,7245946023.0,0.02286060418808063
1568,2008-12-09,14.19,14.2,13.4,13.48,131185672.0,1811476352.0,7245946023.0,0.01810469903910296
1569,2008-12-10,13.48,14.47,13.48,14.4,174990784.0,2457850624.0,7245946023.0,0.02415016389089102
1570,2008-12-11,14.17,14.41,13.78,14.01,114742176.0,1613404544.0,7245946023.0,0.01583536168166126
1571,2008-12-12,13.75,13.86,12.93,13.16,122461024.0,1626433664.0,7245946023.0,0.01690062603437641
1572,2008-12-15,13.45,13.47,12.84,13.11,64688212.0,853164928.0,7245946023.0,0.008927503985631056
1573,2008-12-16,12.88,13.06,12.43,12.97,71263712.0,907689600.0,7245946023.0,0.009834976933832453
1574,2008-12-17,13.0,13.22,12.65,12.91,75069384.0,973944256.0,7245946023.0,0.010360190893185735
1575,2008-12-18,12.93,13.75,12.72,13.66,98875024.0,1320526464.0,7245946023.0,0.013645564524791105
1576,2008-12-19,13.54,14.2,13.45,13.74,105263824.0,1454918144.0,7245946023.0,0.014527271341226219
1577,2008-12-22,13.8,13.82,13.26,13.41,58416228.0,787982272.0,7245946023.0,0.00806191873560414
1578,2008-12-23,13.36,13.36,12.67,12.83,78737472.0,1019040512.0,7245946023.0,0.010866417131741309
1579,2008-12-24,12.6,12.95,12.58,12.69,51105380.0,651972224.0,7245946023.0,0.007052961730294689
1580,2008-12-25,12.72,12.88,12.26,12.37,45127496.0,566430720.0,7245946023.0,0.00622796469318938
1581,2008-12-26,12.38,12.51,12.28,12.36,39850672.0,493574912.0,7245946023.0,0.005499719687878773
1582,2008-12-29,12.24,12.38,12.03,12.27,35348308.0,430778272.0,7245946023.0,0.0048783565165677195
1583,2008-12-30,12.28,12.55,12.05,12.16,48572364.0,598640960.0,7245946023.0,0.00670338474035304
1584,2008-12-31,12.22,12.4,12.06,12.16,35542744.0,433450816.0,7245951420.0,0.004905186626271916
1585,2009-01-05,12.42,12.62,12.24,12.59,62110712.0,770104704.0,7245951420.0,0.00857178145420136
1586,2009-01-06,12.65,13.2,12.58,13.1,86854664.0,1125511552.0,7245951420.0,0.011986647296622367
1587,2009-01-07,13.04,13.42,12.85,12.87,70129344.0,922657536.0,7245951420.0,0.009678417634215935
1588,2009-01-08,12.6,12.6,12.18,12.24,83826288.0,1033089600.0,7245951420.0,0.01156870687383107
1589,2009-01-09,12.24,12.51,12.2,12.45,56470064.0,698409920.0,7245951420.0,0.007793326331740712
1590,2009-01-12,12.42,12.65,12.26,12.33,67497424.0,839299840.0,7245951420.0,0.009315191351365697
1591,2009-01-13,11.99,12.14,11.78,12.02,68632944.0,822954560.0,7245951420.0,0.009471902310932137
1592,2009-01-14,12.0,12.88,11.99,12.77,82343424.0,1030325696.0,7245951420.0,0.011364059628210977
1593,2009-01-15,12.56,13.05,12.36,12.54,96844272.0,1227342592.0,7245951420.0,0.013365294132761382
1594,2009-01-16,12.68,13.5,12.68,13.18,154883408.0,2044224128.0,7245951420.0,0.021375165112547775
1595,2009-01-19,13.36,14.09,13.36,13.46,134459488.0,1845402752.0,7245951420.0,0.01855649868544109
1596,2009-01-20,13.42,13.6,13.27,13.57,52390632.0,705534528.0,7245951420.0,0.007230331665679315
1597,2009-01-21,13.22,14.07,13.22,13.66,100769136.0,1385590656.0,7245951420.0,0.01390695716256955
1598,2009-01-22,13.81,13.95,13.56,13.76,47505292.0,652348480.0,7245951420.0,0.0065561151664469755
1599,2009-01-23,13.66,13.81,13.39,13.51,47979392.0,650250496.0,7245951420.0,0.006621544807431237
1600,2009-02-02,13.64,13.75,13.4,13.5,38806104.0,526548128.0,7245951420.0,0.00535555674481737
1601,2009-02-03,13.51,14.09,13.48,13.91,58522068.0,810861504.0,7245951420.0,0.008076519508324278
1602,2009-02-04,14.0,14.55,13.99,14.5,100235792.0,1436089344.0,7245951420.0,0.013833351369612135
1603,2009-02-05,14.5,15.0,14.35,14.49,104183872.0,1534919552.0,7245951420.0,0.014378218395507819
1604,2009-02-06,14.54,15.0,14.5,14.99,76556064.0,1136065280.0,7245951420.0,0.010565357061143532
1605,2009-02-09,15.29,15.4,14.74,15.04,120127544.0,1811621120.0,7245951420.0,0.016578574301288927
1606,2009-02-10,14.96,14.99,14.41,14.86,114105456.0,1679551872.0,7245951420.0,0.015747477368541343
1607,2009-02-11,14.48,15.22,14.26,14.93,212153136.0,3109573888.0,7245951420.0,0.02927885155487283
1608,2009-02-12,14.9,14.97,14.1,14.36,157720496.0,2270899456.0,7245951420.0,0.021766706241593874
1609,2009-02-13,14.39,14.92,14.2,14.81,172923696.0,2523234304.0,7245951420.0,0.023864871012342505
1610,2009-02-16,14.96,15.98,14.96,15.93,240941280.0,3709939456.0,7245951420.0,0.03325184865785368
1611,2009-02-17,15.78,16.19,15.41,15.44,215700960.0,3400945152.0,7245951420.0,0.02976848001004125
1612,2009-02-18,15.02,15.37,14.48,14.58,184727808.0,2754307328.0,7245951420.0,0.025493934100927217
1613,2009-02-19,14.7,14.85,14.0,14.35,128687608.0,1851941504.0,7245951420.0,0.017759932483786926
1614,2009-02-20,14.25,14.45,13.92,14.4,119493600.0,1696323712.0,7245951420.0,0.01649108489330722
1615,2009-02-23,14.19,14.95,13.85,14.76,182474224.0,2648117504.0,7245951420.0,0.025182921251216447
1616,2009-02-24,14.45,14.74,13.79,13.8,170298464.0,2420121088.0,7245951420.0,0.023502567727675987
1617,2009-02-25,14.0,15.18,13.45,14.92,324430528.0,4659765760.0,7245951420.0,0.04477404128111033
1618,2009-02-26,14.69,15.45,14.01,14.27,384334368.0,5751822336.0,7245951420.0,0.053041256520044405
1619,2009-03-02,14.55,14.9,13.5,14.62,229556656.0,3290426368.0,12045192859.0,0.019057947737920897
1620,2009-03-03,14.06,14.45,13.88,14.05,142871136.0,2014528512.0,12045192859.0,0.0118612576546044
1621,2009-03-04,14.08,15.4,14.0,15.19,266750048.0,3946482688.0,12045192859.0,0.022145768118663877
1622,2009-03-05,15.27,16.13,15.12,15.69,349635616.0,5437825024.0,12045192859.0,0.029026983635115244
1623,2009-03-06,15.2,15.9,15.18,15.78,208773360.0,3244153344.0,12045192859.0,0.017332504547156957
1624,2009-03-09,15.87,16.27,14.98,15.0,206538464.0,3217566720.0,12045192859.0,0.01714696198041174
1625,2009-03-10,14.8,14.98,14.37,14.9,136408736.0,1999665920.0,12045192859.0,0.01132474486683518
1626,2009-03-11,15.39,15.39,14.49,14.59,194670160.0,2899833600.0,12045192859.0,0.016161647412274115
1627,2009-03-12,14.45,14.55,13.99,14.33,145848320.0,2071778432.0,12045192859.0,0.012108425469586747
1628,2009-03-13,14.45,14.6,14.15,14.23,117668168.0,1691439232.0,12045192859.0,0.009768890326407683
1629,2009-03-16,14.14,14.66,14.0,14.52,108107680.0,1553801600.0,12045192859.0,0.008975172192384072
1630,2009-03-17,14.5,15.09,14.4,14.98,164295680.0,2426548480.0,12045192859.0,0.013639937684952927
1631,2009-03-18,15.18,15.24,14.76,14.86,158179936.0,2367256064.0,12045192859.0,0.013132204511097567
1632,2009-03-19,14.89,15.13,14.78,15.06,125378584.0,1877050496.0,12045192859.0,0.010409014240591331
1633,2009-03-20,15.08,15.2,14.6,14.83,132791800.0,1973806848.0,12045192859.0,0.01102446441119287
1634,2009-03-23,14.81,15.36,14.65,15.26,194466704.0,2930297856.0,12045192859.0,0.016144756358524987
1635,2009-03-24,15.65,15.75,15.17,15.21,198270320.0,3061907968.0,12045192859.0,0.016460535113130646
1636,2009-03-25,15.0,15.51,14.95,14.99,145014048.0,2200272640.0,12045192859.0,0.01203916364789855
1637,2009-03-26,15.04,16.1,15.03,16.03,283195360.0,4395524608.0,12045192859.0,0.023511068964611918
1638,2009-03-27,16.05,16.21,15.78,15.93,205936240.0,3288379392.0,12045192859.0,0.017096964939513386
1639,2009-03-30,16.04,16.25,15.81,16.0,146150000.0,2345077504.0,12045192859.0,0.012133471145777359
1640,2009-03-31,15.62,16.17,15.41,15.93,143812752.0,2271122944.0,12045193033.0,0.01193943107478633
1641,2009-04-01,16.18,16.3,15.95,16.19,181564928.0,2929299968.0,12045193033.0,0.015073642033180358
1642,2009-04-02,16.3,16.9,16.27,16.51,203994800.0,3388514816.0,12045193033.0,0.016935785042308502
1643,2009-04-03,16.72,17.31,16.68,16.87,204502928.0,3464503296.0,12045193033.0,0.01697797016948811
1644,2009-04-07,16.79,16.98,16.38,16.63,135059120.0,2245970688.0,12045193033.0,0.01121269867821802
1645,2009-04-08,16.49,16.55,15.65,15.69,179724912.0,2879554560.0,12045193033.0,0.014920882671420116
1646,2009-04-09,15.65,15.9,15.45,15.88,128299704.0,2009762304.0,12045193033.0,0.010651527430776709
1647,2009-04-10,16.1,16.19,15.8,16.14,207494416.0,3318884352.0,12045193033.0,0.017226325508568542
1648,2009-04-13,16.22,16.49,15.94,16.37,204890032.0,3319472384.0,12045193033.0,0.01701010780306023
1649,2009-04-14,16.27,16.48,16.15,16.34,152228896.0,2482411520.0,12045193033.0,0.012638144991362215
1650,2009-04-15,16.34,16.34,15.81,16.12,160175600.0,2570000896.0,12045193033.0,0.013297885684452691
1651,2009-04-16,16.12,16.45,15.81,16.27,205494800.0,3323903488.0,12045193033.0,0.017060316047821697
1652,2009-04-17,16.13,16.34,15.88,15.95,130217888.0,2089978112.0,12045193033.0,0.010810776352296254
1653,2009-04-20,15.96,16.37,15.96,16.35,140961312.0,2285198592.0,12045193033.0,0.01170270261454597
1654,2009-04-21,16.07,16.22,15.85,16.02,129850608.0,2081633024.0,12045193033.0,0.010780284520492997
1655,2009-04-22,16.14,16.38,15.45,15.54,179408192.0,2867153152.0,12045193033.0,0.014894588364709357
1656,2009-04-23,15.41,15.66,15.38,15.59,81016984.0,1256659712.0,12045193033.0,0.006726084320777526
1657,2009-04-24,15.65,15.69,15.18,15.27,125722624.0,1937913728.0,12045193033.0,0.010437576521651415
1658,2009-04-27,15.41,15.5,15.13,15.21,113754456.0,1740522112.0,12045193033.0,0.0094439711915242
1659,2009-04-28,15.03,15.38,14.98,15.19,86287408.0,1308578304.0,12045193033.0,0.00716363845424477
1660,2009-04-29,15.17,16.3,15.03,15.92,204949280.0,3223489792.0,12045193033.0,0.01701502661173666
1661,2009-04-30,15.69,15.82,15.42,15.5,164075600.0,2552589312.0,12045194773.0,0.01362166433105631
1662,2009-05-04,15.58,16.02,15.44,15.89,139460448.0,2203011328.0,12045194773.0,0.011578098206648235
1663,2009-05-05,16.1,16.36,16.01,16.16,149863792.0,2422951424.0,12045194773.0,0.01244179067456247
1664,2009-05-06,16.2,16.36,16.07,16.16,141527488.0,2293033728.0,12045194773.0,0.01174970522828257
1665,2009-05-07,16.27,16.56,16.12,16.3,202388160.0,3303367168.0,12045194773.0,0.016802398285303343
1666,2009-05-08,16.27,17.4,16.2,17.29,359710688.0,6072055808.0,12045194773.0,0.029863418133039433
1667,2009-05-11,17.38,18.0,16.9,16.96,337228256.0,5932316672.0,12045194773.0,0.027996911827106077
1668,2009-05-12,16.85,17.6,16.74,17.55,156973824.0,2685100032.0,12045194773.0,0.013032070212087056
1669,2009-05-13,17.57,17.83,17.25,17.75,143014144.0,2515341056.0,12045194773.0,0.011873128388141507
1670,2009-05-14,17.4,17.5,17.06,17.23,103206664.0,1782637184.0,12045194773.0,0.008568285191314938
1671,2009-05-15,17.38,17.45,16.99,17.17,73690352.0,1266718976.0,12045194773.0,0.006117821537031612
1672,2009-05-18,17.0,17.07,16.61,17.03,97326400.0,1636029952.0,12045194773.0,0.008080101802767253
1673,2009-05-19,17.25,17.42,16.98,17.12,109664720.0,1884090368.0,12045194773.0,0.009104437252091582
1674,2009-05-20,17.14,17.14,16.71,16.73,87943016.0,1481256064.0,12045194773.0,0.0073010870855429715
1675,2009-05-21,16.65,16.86,16.42,16.46,96467904.0,1600761216.0,12045194773.0,0.008008828899657013
1676,2009-05-22,16.35,16.72,16.34,16.65,63793808.0,1053829248.0,12045194773.0,0.005296203938768803
1677,2009-05-25,16.25,16.69,16.2,16.6,79359048.0,1308220416.0,12045194773.0,0.006588440410933653
1678,2009-05-26,16.6,16.7,16.28,16.29,76237168.0,1249250432.0,12045194773.0,0.006329259878046141
1679,2009-05-27,16.38,17.11,16.35,16.86,133110104.0,2232421632.0,12045196340.0,0.011050887029376559
1680,2009-06-01,17.19,18.0,17.19,17.8,225721792.0,3989386240.0,12045196340.0,0.018739569337729866
1681,2009-06-02,18.03,18.46,17.8,17.81,181002992.0,3289426176.0,12045196340.0,0.01502698560412175
1682,2009-06-03,17.84,19.26,17.84,19.08,212630528.0,3974314752.0,12045196340.0,0.01765272412321674
1683,2009-06-04,18.89,19.76,18.84,19.47,183788448.0,3550326784.0,12045196340.0,0.015258235964960617
1684,2009-06-05,19.49,19.63,19.15,19.2,75697496.0,1463845632.0,12045196340.0,0.0062844551357475005
1685,2009-06-08,19.22,20.4,19.02,19.81,124814072.0,2467443712.0,12045196340.0,0.010362145080650467
1686,2009-06-09,19.8,19.97,19.17,19.68,84403816.0,1649468160.0,12045196340.0,0.007007259459915122
1687,2009-06-10,19.68,20.1,19.65,19.79,65998560.0,1311204608.0,12045196340.0,0.0054792431884925176
1688,2009-06-11,19.8,20.5,19.74,20.21,90765960.0,1836137088.0,12045196340.0,0.007535448774594238
1689,2009-06-12,20.1,20.44,19.3,19.66,82107696.0,1630627840.0,12045196340.0,0.0068166340906652256
1690,2009-06-15,19.64,21.19,19.64,21.15,144366784.0,2959534336.0,12045196340.0,0.011985423892226899
1691,2009-06-16,20.88,21.58,20.78,21.15,104119288.0,2203268864.0,12045196340.0,0.008644050712086607
1692,2009-06-17,21.03,21.76,20.68,21.5,70165200.0,1482545536.0,12045196340.0,0.005825160339395514
1693,2009-06-18,21.54,22.56,21.54,22.23,122419016.0,2708861952.0,12045196340.0,0.010163305980614675
1694,2009-06-22,22.65,22.92,22.1,22.22,90931928.0,2047166848.0,12045196340.0,0.007549227545426628
1695,2009-06-23,21.91,23.1,21.5,22.5,110058064.0,2446821376.0,12045196340.0,0.009137091741254256
1696,2009-06-24,22.22,22.4,21.41,21.76,140997776.0,3062749696.0,12045196340.0,0.011705726666469598
1697,2009-06-25,21.7,22.06,21.48,21.75,81187560.0,1764698752.0,12045203828.0,0.006740239613984222
1698,2009-06-26,21.82,22.16,21.66,21.89,59553516.0,1304091392.0,12045203828.0,0.004944168388546758
1699,2009-06-29,22.19,22.88,22.03,22.75,83068400.0,1867983104.0,12045203828.0,0.006896388071648994
1700,2009-06-30,22.89,22.9,22.15,22.41,67251024.0,1509170432.0,12045203828.0,0.005583220089947323
1701,2009-07-01,22.4,23.15,22.08,23.03,91389512.0,2082276352.0,12045203828.0,0.007587211748759126
1702,2009-07-02,23.15,23.48,22.85,22.98,95558280.0,2210448896.0,12045203828.0,0.007933305352448038
1703,2009-07-03,17.49,18.67,17.35,18.59,139088016.0,2526165504.0,12045203828.0,0.011547169976209058
1704,2009-07-06,18.57,19.23,18.31,18.82,134485584.0,2533042432.0,15658764975.999998,0.008588517945452559
1705,2009-07-07,18.83,19.11,18.48,18.64,119415320.0,2244090880.0,15658764975.999998,0.0076261007929441715
1706,2009-07-08,18.49,18.49,17.6,18.28,164079312.0,2970014720.0,15658764975.999998,0.010478432510576818
1707,2009-07-09,18.2,18.33,17.78,18.27,134455936.0,2424594432.0,15658764975.999998,0.00858662456496914
1708,2009-07-10,18.3,18.44,17.97,18.35,108071536.0,1967624704.0,15658764975.999998,0.006901664094559178
1709,2009-07-13,18.25,18.26,17.81,17.86,115658160.0,2077085952.0,15658764975.999998,0.007386161052756579
1710,2009-07-14,17.89,18.26,17.89,18.17,119085552.0,2156268544.0,15658764975.999998,0.007605041149957931
1711,2009-07-15,18.23,18.46,18.1,18.23,116874568.0,2127623168.0,15658764975.999998,0.007463843296654126
1712,2009-07-16,18.37,19.0,18.14,18.63,194247088.0,3614415360.0,15658764975.999998,0.012405006927284508
1713,2009-07-17,18.64,18.71,18.3,18.44,105035664.0,1941365760.0,15658764975.999998,0.006707787246375235
1714,2009-07-20,18.49,18.62,18.2,18.49,114923952.0,2114221184.0,15658764975.999998,0.007339273063753276
1715,2009-07-21,18.53,19.06,18.39,18.57,147676624.0,2774113280.0,15658764975.999998,0.009430924100741162
1716,2009-07-22,18.65,19.12,18.44,19.05,174572992.0,3278744064.0,15658764975.999998,0.011148579869968414
1717,2009-07-23,19.03,19.77,18.8,19.41,164837184.0,3186165504.0,15658764975.999998,0.010526831729874226
1718,2009-07-24,19.56,19.8,19.04,19.5,120579872.0,2336039936.0,15658764975.999998,0.007700471409131648
1719,2009-07-27,19.5,19.92,19.38,19.69,98508104.0,1939662848.0,15658764975.999998,0.006290924230038716
1720,2009-07-28,19.69,19.72,18.8,19.4,109166784.0,2117296512.0,15658764975.999998,0.006971608818915069
1721,2009-07-29,19.37,19.91,17.9,18.56,164395975.0,3148252908.0,15658764975.999998,0.010498655242093981
1722,2009-07-30,18.68,19.6,18.68,19.33,182580176.0,3505127168.0,15658764975.999998,0.01165993462957254
1723,2009-07-31,19.5,19.85,19.35,19.64,117063240.0,2293988352.0,15658789851.0,0.007475880391390789
1724,2009-08-03,19.75,19.79,19.0,19.51,118095240.0,2292391424.0,15658789851.0,0.007541785867472908
1725,2009-08-04,19.56,19.56,18.81,19.05,122220192.0,2329286400.0,15658789851.0,0.007805213120744116
1726,2009-08-05,19.0,19.05,18.58,18.64,131881064.0,2466828800.0,15658789851.0,0.008422174718155364
1727,2009-08-06,18.5,18.64,17.75,18.27,141681920.0,2569032704.0,15658789851.0,0.009048075959136263
1728,2009-08-07,18.27,18.56,17.87,17.98,105667256.0,1929504896.0,15658789851.0,0.006748111252878963
1729,2009-08-10,18.15,18.28,17.51,17.84,84816928.0,1518304512.0,15658790981.999998,0.005416569395268017
1730,2009-08-11,17.9,18.0,17.52,17.85,65906580.0,1173091072.0,15658790981.999998,0.004208918816003135
1731,2009-08-12,17.87,18.18,17.38,17.41,117123168.0,2069670016.0,15658790981.999998,0.0074797069668172175
1732,2009-08-13,17.46,17.88,16.79,17.68,123483808.0,2138912768.0,15658790981.999998,0.00788590946401586
1733,2009-08-14,17.35,17.65,17.11,17.26,112413904.0,1952775680.0,15658790981.999998,0.007178964463426415
1734,2009-08-17,17.1,17.1,15.98,16.16,138011216.0,2273010944.0,15658790981.999998,0.008813657207548517
1735,2009-08-18,15.91,16.25,15.51,16.02,93973560.0,1498320256.0,15658790981.999998,0.006001329228292525
1736,2009-08-19,16.04,16.5,15.48,15.67,97392624.0,1558164352.0,15658790981.999998,0.006219677120152776
1737,2009-08-20,15.7,16.19,15.68,16.14,97986992.0,1561030528.0,15658790981.999998,0.006257634584473184
1738,2009-08-21,16.05,16.54,15.88,16.24,104184912.0,1687574272.0,15658790981.999998,0.00665344547479828
1739,2009-08-24,16.33,16.4,15.75,16.03,118430256.0,1894217216.0,15658790981.999998,0.007563180077959866
1740,2009-08-25,15.99,15.99,14.58,15.05,160647120.0,2433471744.0,15658790981.999998,0.010259228837313566
1741,2009-08-26,15.0,15.35,14.81,15.2,116152760.0,1760154240.0,15658790981.999998,0.0074177348770744335
1742,2009-08-27,15.2,15.44,14.86,15.05,94235520.0,1421672576.0,15658793242.0,0.006018057620637176
1743,2009-08-28,15.04,15.19,14.36,14.54,118867856.0,1739121792.0,15658793242.0,0.007591124945769943
1744,2009-08-31,14.0,14.0,13.57,13.63,136848224.0,1885178368.0,15658793242.0,0.008739385078087998
1745,2009-09-01,13.66,14.2,13.65,13.95,116309912.0,1623423872.0,15658793242.0,0.007427769828905696
1746,2009-09-02,13.8,14.65,13.71,14.47,125599912.0,1804015744.0,15658793242.0,0.008021046708958136
1747,2009-09-03,14.55,15.25,14.4,15.2,133105184.0,1988710272.0,15658793242.0,0.008500347500788593
1748,2009-09-04,15.29,15.56,15.12,15.23,86176688.0,1318824960.0,15658793242.0,0.005503405445628912
1749,2009-09-07,15.4,15.55,15.07,15.21,78419344.0,1204985984.0,15658793242.0,0.0050080068615800935
1750,2009-09-08,15.14,15.42,14.89,15.4,74444600.0,1130631296.0,15658793242.0,0.004754172230866729
1751,2009-09-09,15.49,15.52,15.0,15.29,76185464.0,1162575616.0,15658793242.0,0.004865347081514265
1752,2009-09-10,15.27,15.34,14.99,15.13,61707568.0,934873280.0,15658793242.0,0.003940761401363167
1753,2009-09-11,15.11,16.0,15.0,15.82,125674520.0,1966417408.0,15658793242.0,0.008025811316220455
1754,2009-09-14,15.85,15.95,15.71,15.9,81270544.0,1288111104.0,15658793242.0,0.005190089858394466
1755,2009-09-15,15.95,16.19,15.8,16.02,79346960.0,1269623168.0,15658793242.0,0.005067246164741205
1756,2009-09-16,15.9,16.1,15.52,15.68,72001288.0,1137016320.0,15658793242.0,0.00459813772921391
1757,2009-09-17,15.8,16.05,15.75,15.87,72214136.0,1148669952.0,15658793242.0,0.004611730602988442
1758,2009-09-18,15.9,15.94,15.16,15.27,88216688.0,1373714944.0,15658801384.999998,0.005633680754422572
1759,2009-09-21,15.15,15.31,14.81,15.22,71365392.0,1072444224.0,15658801384.999998,0.00455752584411492
1760,2009-09-22,15.18,15.4,14.75,14.81,73896960.0,1110864512.0,15658801384.999998,0.0047191964559169875
1761,2009-09-23,14.84,15.05,14.45,14.6,69770312.0,1026109824.0,15658801384.999998,0.0044556610869868314
1762,2009-09-24,14.61,15.27,14.36,14.98,103874376.0,1535307264.0,15658801384.999998,0.006633609651598504
1763,2009-09-25,14.82,15.04,14.65,14.8,66158296.0,982446784.0,15658801384.999998,0.0042249910688167275
1764,2009-09-28,14.82,14.95,14.4,14.46,42579620.0,625353280.0,15658801384.999998,0.002719213236894888
1765,2009-09-29,14.55,14.84,14.4,14.58,82212984.0,1199973504.0,15658809751.0,0.005250270314750438
1766,2009-09-30,14.73,14.97,14.61,14.78,50487832.0,747045952.0,15658810429.0,0.003224244410450037
1767,2009-10-09,15.1,15.55,15.03,15.51,86281600.0,1324277120.0,15658810429.0,0.00551009927549842
1768,2009-10-12,15.7,16.01,15.56,15.59,90278624.0,1428746112.0,15658810429.0,0.005765356468765
1769,2009-10-13,15.56,16.0,15.51,15.99,96875888.0,1540481664.0,15658810429.0,0.006186669698777793
1770,2009-10-14,16.01,16.13,15.8,15.85,164340656.0,2627065088.0,15658810429.0,0.010495091995982168
1771,2009-10-15,16.04,16.2,15.78,15.8,98744616.0,1580411136.0,15658810429.0,0.006306010054066796
1772,2009-10-16,15.85,16.07,15.67,15.98,77339752.0,1229679232.0,15658810429.0,0.004939056664021385
1773,2009-10-20,16.52,16.85,16.45,16.73,167108928.0,2782738944.0,15658810429.0,0.010671878860639089
1774,2009-10-21,16.73,17.19,16.6,16.9,127206264.0,2161300992.0,15658810429.0,0.008123622453747505
1775,2009-10-22,16.88,17.26,16.81,16.95,83418552.0,1422127872.0,15658810429.0,0.005327259843794358
1776,2009-10-23,16.96,17.85,16.96,17.71,137864944.0,2420767232.0,15658810429.0,0.00880430506679327
1777,2009-10-26,17.73,18.1,17.73,18.0,97238192.0,1743680512.0,15658810429.0,0.006209807088533085
1778,2009-10-27,17.8,18.08,17.58,17.7,96532200.0,1720813184.0,15658810429.0,0.006164721160505468
1779,2009-10-28,17.63,17.82,17.0,17.51,92177472.0,1607841920.0,15658810429.0,0.005886620341816516
1780,2009-10-29,17.11,17.51,17.0,17.06,81222864.0,1395416960.0,15658810429.0,0.005187039230615875
1781,2009-10-30,17.4,18.1,17.25,17.77,119065152.0,2117013248.0,15658835981.0,0.007603703886066012
1782,2009-11-02,17.15,19.0,17.1,18.69,193315488.0,3522458624.0,15658835981.0,0.012345457110257984
1783,2009-11-03,18.7,19.1,18.69,18.81,107689472.0,2035113856.0,15658835981.0,0.006877233539623727
1784,2009-11-04,18.8,19.1,18.5,18.91,96773560.0,1823913472.0,15658835981.0,0.006180124762621077
1785,2009-11-05,18.87,19.0,18.59,18.82,64842684.0,1216933888.0,15658835981.0,0.004140964505834171
1786,2009-11-06,18.92,19.25,18.72,18.83,69266816.0,1314684032.0,15658835981.0,0.004423497128652886
1787,2009-11-09,18.83,18.87,18.3,18.66,67045848.0,1245005056.0,15658835981.0,0.004281662320325188
1788,2009-11-10,18.79,18.96,18.58,18.68,67640856.0,1269969152.0,15658890016.0,0.00431964564096725
1789,2009-11-11,18.61,18.61,18.17,18.29,84883008.0,1557549184.0,15658890016.0,0.0054207551054556175
1790,2009-11-12,18.35,18.55,18.0,18.1,91189896.0,1663950592.0,15658890016.0,0.0058235223509982914
1791,2009-11-13,18.11,18.38,17.91,18.36,86648688.0,1570106112.0,15658890016.0,0.005533514055687458
1792,2009-11-16,18.42,18.88,18.42,18.85,94915184.0,1776761984.0,15658890016.0,0.006061424781898155
1793,2009-11-17,18.99,19.38,18.9,18.99,102361768.0,1960165632.0,15658890016.0,0.006536974708642082
1794,2009-11-18,19.1,19.15,18.73,18.82,60906272.0,1149114880.0,15658890016.0,0.0038895650929131604
1795,2009-11-19,18.82,18.93,18.24,18.49,127925856.0,2363664640.0,15658890016.0,0.008169535380176209
1796,2009-11-20,18.49,18.55,18.2,18.4,75792376.0,1389541632.0,15658890016.0,0.004840213828857382
1797,2009-11-23,18.41,18.57,18.3,18.53,71300192.0,1314565120.0,15658890016.0,0.004553336279081507
1798,2009-11-24,18.61,18.68,17.87,17.89,129552952.0,2370358528.0,15658890016.0,0.008273444150104184
1799,2009-11-25,17.95,18.17,17.4,18.06,155182512.0,2747003392.0,15658890016.0,0.009910185960910194
1800,2009-11-26,17.94,17.94,17.02,17.22,161415536.0,2819122944.0,15658890016.0,0.01030823614158272
1801,2009-11-27,17.0,17.44,16.7,16.91,110547296.0,1872011008.0,15658890016.0,0.007059714697979522
1802,2009-11-30,17.1,17.3,16.91,17.29,86391752.0,1481611776.0,15658890016.0,0.0055171057406831715
1803,2009-12-01,17.24,17.48,16.86,17.39,122268528.0,2094568192.0,15658890016.0,0.007808250002079841
1804,2009-12-02,17.42,17.72,17.3,17.41,106841552.0,1872278656.0,15658890016.0,0.0068230603759801
1805,2009-12-03,17.41,17.41,17.12,17.24,70698048.0,1218466688.0,15658890016.0,0.004514882467899186
1806,2009-12-04,17.17,18.1,16.96,18.04,235445248.0,4167711488.0,15658890016.0,0.015035883626452824
1807,2009-12-07,18.05,18.3,17.9,18.1,124567968.0,2259393280.0,15658890016.0,0.007955095659572196
1808,2009-12-08,18.15,18.22,17.75,17.82,76144624.0,1364974336.0,15658890016.0,0.004862708909903362
1809,2009-12-09,17.52,17.69,17.3,17.37,66018512.0,1152946560.0,15658890016.0,0.004216040340825139
1810,2009-12-10,17.53,17.7,17.28,17.49,46929832.0,822146816.0,15658890016.0,0.0029970088526101056
1811,2009-12-11,17.58,17.89,17.48,17.62,49658792.0,880561152.0,15658890016.0,0.0031712842959660263
1812,2009-12-14,17.5,18.22,17.21,18.03,127302520.0,2265384960.0,15658890016.0,0.008129728216362996
1813,2009-12-15,17.9,18.27,17.76,17.94,78864544.0,1423022464.0,15658890016.0,0.005036407045417491
1814,2009-12-16,17.88,18.32,17.8,17.9,80020768.0,1446426880.0,15658890016.0,0.005110245229274621
1815,2009-12-17,18.06,18.2,17.39,17.5,73405224.0,1298305408.0,15658890016.0,0.004687766752623956
1816,2009-12-18,17.3,17.53,16.96,17.18,69406552.0,1194001024.0,15658890016.0,0.004432405612982881
1817,2009-12-21,17.11,17.3,16.58,16.82,81248360.0,1367736704.0,15658890016.0,0.005188641079730539
1818,2009-12-22,16.9,16.96,16.08,16.33,81580952.0,1338994688.0,15658890016.0,0.005209880899389542
1819,2009-12-23,16.32,16.42,16.0,16.29,58004324.0,940796800.0,15658890016.0,0.0037042423786572435
1820,2009-12-24,16.4,16.8,16.1,16.69,71117336.0,1171756800.0,15658890016.0,0.004541658823028545
1821,2009-12-25,16.55,16.68,16.33,16.4,55008064.0,903887616.0,15658890016.0,0.003512896759846557
1822,2009-12-28,16.45,17.04,16.4,16.79,80164192.0,1348994816.0,15658890016.0,0.005119404499175199
1823,2009-12-29,16.8,17.24,16.7,17.17,71441720.0,1215131776.0,15658890016.0,0.004562374467602877
1824,2009-12-30,17.21,18.15,17.16,18.02,227276752.0,4059747328.0,15658890016.0,0.01451423132596067
1825,2009-12-31,18.05,18.24,17.85,18.05,101541368.0,1831678976.0,15658890016.0,0.006484582744769691
1826,2010-01-04,17.93,18.11,17.66,17.71,74613560.0,1332370048.0,15658890016.0,0.004764932886287666
1827,2010-01-05,17.71,18.0,17.34,17.73,91401376.0,1615350016.0,15658890016.0,0.005837027778252964
1828,2010-01-06,17.69,17.69,17.31,17.36,77427706.0,1348702948.0,15658890016.0,0.004944648434268689
1829,2010-01-07,17.33,17.43,16.78,16.91,101943200.0,1742282240.0,15658890016.0,0.0065102443337833075
1830,2010-01-08,16.88,16.98,16.68,16.91,80359864.0,1351767296.0,15658890016.0,0.005131900404044577
1831,2010-01-11,17.88,17.91,16.8,16.94,146569248.0,2530625280.0,15658890016.0,0.00936013011460186
1832,2010-01-12,16.88,17.17,16.45,17.07,112189832.0,1879278148.0,15658890016.0,0.007164609489265603
1833,2010-01-13,16.52,16.7,15.97,16.15,205223280.0,3344313088.0,15658890016.0,0.013105863812205474
1834,2010-01-14,16.2,16.35,15.95,16.33,124717568.0,2011436032.0,15658890016.0,0.007964649338016015
1835,2010-01-15,16.27,16.46,16.03,16.31,87302200.0,1417365888.0,15658890016.0,0.005575248303730088
1836,2010-01-18,16.1,16.29,15.99,16.18,96022632.0,1546142336.0,15658890016.0,0.006132148057869085
1837,2010-01-19,16.22,16.4,16.16,16.25,98444272.0,1601316608.0,15658890016.0,0.006286797589063544
1838,2010-01-20,16.29,16.31,15.82,15.86,107880624.0,1725434240.0,15658890016.0,0.006889417058921119
1839,2010-01-21,15.88,16.3,15.8,16.15,91285816.0,1469683712.0,15658890016.0,0.005829647944824035
1840,2010-01-22,16.0,16.85,15.95,16.67,194447104.0,3191885824.0,15658890016.0,0.012417681189491535
1841,2010-01-25,16.39,16.79,16.15,16.23,95604864.0,1565828480.0,15658890016.0,0.006105468772199849
1842,2010-01-26,16.23,16.36,15.9,16.09,97364888.0,1565571456.0,15658890016.0,0.0062178665218616475
1843,2010-01-27,16.11,16.17,15.4,15.44,141106544.0,2206603776.0,15658890016.0,0.009011273714536574
1844,2010-01-28,15.43,15.43,14.98,15.13,111465664.0,1690862720.0,15658890016.0,0.007118363044002876
1845,2010-01-29,15.0,15.5,14.94,15.17,92338064.0,1411179136.0,15658890016.0,0.005896846066716764
1846,2010-02-01,15.19,15.42,14.86,15.29,87195688.0,1313666432.0,15658890016.0,0.005568446289034846
1847,2010-02-02,15.4,15.88,15.31,15.63,112323808.0,1758471936.0,15658890016.0,0.007173165395837722
1848,2010-02-03,15.66,16.09,15.39,15.99,98754880.0,1563011968.0,15658890016.0,0.006306633477794011
1849,2010-02-04,15.8,16.05,15.76,15.85,50717780.0,805695744.0,15658890016.0,0.0032389128442806225
1850,2010-02-05,15.6,15.74,15.29,15.48,55600840.0,861379136.0,15658890016.0,0.0035507523166193747
1851,2010-02-08,15.48,15.6,15.08,15.13,53513964.0,815924736.0,15658890016.0,0.0034174813122335172
1852,2010-02-09,15.15,15.39,15.11,15.31,42953660.0,655032960.0,15658890016.0,0.00274308459642482
1853,2010-02-10,15.42,15.6,15.35,15.53,42895904.0,664539392.0,15658890016.0,0.0027393962123860413
1854,2010-02-11,15.58,15.71,15.49,15.56,38843244.0,605445056.0,15658890016.0,0.0024805873187889182
1855,2010-02-12,15.66,15.81,15.61,15.78,39007664.0,614206848.0,15658890016.0,0.0024910874244689503
1856,2010-02-22,15.7,15.95,15.53,15.73,37512236.0,592096512.0,15658890016.0,0.0023955871688012757
1857,2010-02-23,15.69,15.69,15.21,15.46,47983120.0,738670656.0,15658890016.0,0.003064273390449235
1858,2010-02-24,15.27,15.56,15.2,15.55,40697392.0,625196032.0,15658890016.0,0.002598995967045944
1859,2010-02-25,15.55,16.05,15.53,15.86,70446384.0,1118873344.0,15658890016.0,0.004498810830653962
1860,2010-02-26,15.8,16.03,15.71,15.9,49214520.0,783666880.0,15658890016.0,0.0031429124254473595
1861,2010-03-01,15.95,16.35,15.9,16.3,81300928.0,1318204800.0,15658890016.0,0.0051919981503751565
1862,2010-03-02,16.4,16.55,16.3,16.46,109780840.0,1805331456.0,15658890016.0,0.007010767678157757
1863,2010-03-03,16.46,16.5,16.25,16.49,70933392.0,1161657600.0,15658890016.0,0.004529911885677811
1864,2010-03-04,16.5,16.56,16.01,16.12,85453648.0,1390873728.0,15658890016.0,0.005457197024353887
1865,2010-03-15,15.31,15.38,14.8,14.89,65556180.0,985495936.0,15658890016.0,0.004186515131852625
1866,2010-03-16,14.89,15.4,14.8,15.37,65194812.0,986746176.0,15658890016.0,0.0041634376340459
1867,2010-03-17,15.32,15.74,15.2,15.65,60533988.0,937367104.0,15658890016.0,0.003865790483115173
1868,2010-03-18,15.65,15.77,15.47,15.53,54236416.0,847490048.0,15658890016.0,0.0034636181711846822
1869,2010-03-19,15.49,15.62,15.36,15.53,47502336.0,736175232.0,17666130885.0,0.002688893018466958
1870,2010-03-22,15.53,15.97,15.51,15.67,65221448.0,1027260480.0,17666130885.0,0.003691892040456826
1871,2010-03-23,15.71,15.86,15.5,15.57,48147796.0,754545792.0,17666130885.0,0.0027254295982195764
1872,2010-03-24,15.61,15.81,15.55,15.57,47651404.0,748012352.0,17666130885.0,0.002697331085691206
1873,2010-03-25,15.53,15.54,15.29,15.43,38945884.0,598626560.0,17666130885.0,0.0022045508579962045
1874,2010-03-26,15.38,15.98,15.34,15.74,79833016.0,1257764480.0,17666130885.0,0.004518987010776921
1875,2010-03-29,15.87,16.4,15.85,16.3,157301344.0,2553505280.0,17666130885.0,0.00890411969796747
1876,2010-03-30,16.35,16.52,16.2,16.44,89502240.0,1468470784.0,17666130885.0,0.005066318175871479
1877,2010-03-31,16.43,16.5,16.21,16.28,55696880.0,907779840.0,17666130885.0,0.003152749199163425
1878,2010-04-01,16.3,16.48,16.23,16.38,63595884.0,1040503168.0,17666130885.0,0.0035998761932641483
1879,2010-04-02,16.45,16.5,16.22,16.29,60084944.0,979992000.0,17666130885.0,0.003401137713239579
1880,2010-04-06,16.41,16.68,16.29,16.38,77952072.0,1283652864.0,17666130885.0,0.004412515253477927
1881,2010-04-07,16.36,16.4,16.1,16.26,63770204.0,1035449536.0,17666130885.0,0.0036097436623288097
1882,2010-04-08,16.24,16.24,15.75,15.92,83147264.0,1327936384.0,17666130885.0,0.0047065916437084064
1883,2010-04-09,15.9,16.09,15.88,16.04,55262932.0,884348352.0,17666130885.0,0.0031281853598697598
1884,2010-04-12,16.13,16.22,15.6,15.88,83130064.0,1318452608.0,17666130885.0,0.004705618029275684
1885,2010-04-13,15.87,16.25,15.71,16.14,109355840.0,1754697600.0,17666130885.0,0.006190140937586516
1886,2010-04-14,16.19,16.25,16.03,16.14,66983044.0,1080422272.0,17666130885.0,0.0037916080457025326
1887,2010-04-15,16.21,16.24,15.88,16.09,79473912.0,1275626496.0,17666130885.0,0.004498659752797366
1888,2010-04-16,16.04,16.06,15.67,15.69,78519280.0,1238083840.0,17666130885.0,0.00444462234040558
1889,2010-04-19,15.38,15.38,14.28,14.69,221615184.0,3294024448.0,17666130885.0,0.012544636142607183
1890,2010-04-20,14.68,14.82,14.25,14.48,135767712.0,1961918848.0,17666130885.0,0.007685197901215482
1891,2010-04-21,14.52,14.68,14.25,14.66,123792936.0,1788933248.0,17666130885.0,0.0070073598348074275
1892,2010-04-22,14.5,14.5,14.01,14.18,170907392.0,2420550400.0,17666130885.0,0.009674296715706689
1893,2010-04-23,14.19,14.38,13.99,14.17,105750912.0,1494785792.0,17666130885.0,0.00598608222074202
1894,2010-04-26,14.21,14.25,14.01,14.05,63838712.0,902685760.0,17666130885.0,0.0036136215912565394
1895,2010-04-27,14.01,14.03,13.58,13.8,93759160.0,1296433664.0,17666130885.0,0.005307283219531066
1896,2010-04-28,13.68,13.94,13.51,13.82,68268064.0,939065472.0,17666130885.0,0.0038643472328151497
1897,2010-04-29,13.97,14.27,13.92,14.03,89171472.0,1259234944.0,17666130885.0,0.005047594891064343
1898,2010-04-30,14.15,14.28,13.95,14.27,80537848.0,1140398592.0,17666130885.0,0.004558884371698121
1899,2010-05-04,13.97,14.23,13.74,13.9,79600120.0,1111677952.0,17666130885.0,0.004505803818513937
1900,2010-05-05,13.75,14.0,13.47,13.95,85118656.0,1166086144.0,17666130885.0,0.004818183254391755
1901,2010-05-06,13.85,13.87,13.29,13.31,91012952.0,1227756928.0,17666130885.0,0.005151832769295143
1902,2010-05-07,13.04,13.58,12.91,13.36,100374488.0,1335649920.0,17666130885.0,0.005681747104298101
1903,2010-05-10,13.38,13.68,13.33,13.59,63727076.0,861222528.0,17666130885.0,0.003607302380744249
1904,2010-05-11,13.91,13.98,13.15,13.33,96994528.0,1317667200.0,17666130885.0,0.005490422811389694
1905,2010-05-12,13.27,13.76,13.1,13.65,89101568.0,1201910656.0,17666130885.0,0.00504363794087219
1906,2010-05-13,13.65,14.09,13.6,14.05,128406536.0,1787683456.0,17666130885.0,0.007268514924738146
1907,2010-05-14,13.93,14.01,13.74,13.88,60199512.0,835493696.0,17666130885.0,0.003407622891049355
1908,2010-05-17,13.7,13.7,13.15,13.34,76639432.0,1023923392.0,17666130885.0,0.0043382126227239255
1909,2010-05-18,13.36,13.82,13.31,13.77,78612352.0,1066581312.0,17666130885.0,0.004449890726596414
1910,2010-05-19,13.66,13.98,13.4,13.64,66338992.0,908592768.0,17666130885.0,0.0037551511664802206
1911,2010-05-20,13.51,13.81,13.46,13.55,44921924.0,610337536.0,17666130885.0,0.0025428275320965956
1912,2010-05-21,13.15,13.74,13.11,13.67,55981036.0,756056192.0,17666130885.0,0.0031688339888578834
1913,2010-05-24,13.73,14.21,13.73,14.02,116472112.0,1635243648.0,17666130885.0,0.00659296100307365
1914,2010-05-25,13.99,13.99,13.6,13.69,69601784.0,959218112.0,17666130885.0,0.003939843107304138
1915,2010-05-26,13.73,13.84,13.55,13.64,49238528.0,673396096.0,17666130885.0,0.0027871710178377297
1916,2010-05-27,13.64,13.83,13.36,13.75,66663632.0,908028416.0,17666130885.0,0.003773527572842954
1917,2010-05-28,13.9,13.93,13.5,13.62,65286960.0,892922176.0,17666130885.0,0.003695600379335693
1918,2010-05-31,13.48,13.61,13.21,13.23,66974932.0,895684160.0,17666130885.0,0.003791148861965425
1919,2010-06-01,13.2,13.38,13.07,13.13,64383004.0,847555584.0,17666130885.0,0.0036444315067690612
1920,2010-06-02,13.17,13.22,13.03,13.14,42962332.0,564098496.0,17666130885.0,0.002431903866198487
1921,2010-06-03,13.24,13.38,13.13,13.15,58481436.0,774042112.0,17666130885.0,0.003310370356740397
1922,2010-06-04,13.14,13.21,13.05,13.18,32270828.0,423753152.0,17666130885.0,0.0018267060405060505
1923,2010-06-07,13.0,13.05,12.7,12.8,73455104.0,945623296.0,17666130885.0,0.0041579621750889115
1924,2010-06-08,12.79,12.89,12.38,12.52,70867128.0,893128704.0,17666130885.0,0.004011468524790113
1925,2010-06-09,12.6,13.15,12.31,13.03,136874768.0,1751165440.0,17666130885.0,0.007747863348856876
1926,2010-06-10,12.78,12.81,12.6,12.68,64701696.0,822240896.0,17666130885.0,0.003662471223675642
1927,2010-06-11,12.78,13.01,12.68,12.73,61691188.0,792495680.0,17666130885.0,0.0034920599423601518
1928,2010-06-17,13.0,13.02,12.73,12.84,53263672.0,686034176.0,17666130885.0,0.0030150162673834397
1929,2010-06-18,12.84,13.07,12.74,12.86,61891740.0,800668800.0,17666130885.0,0.003503412286645696
1930,2010-06-21,12.95,13.43,12.88,13.36,117355256.0,1552574336.0,17666130885.0,0.006642951802176688
1931,2010-06-22,13.36,13.43,13.25,13.32,59317044.0,790164864.0,17666130885.0,0.003357670357257743
1932,2010-06-24,13.16,13.5,13.07,13.29,52124716.0,691918144.0,17666130885.0,0.0029505451046022858
1933,2010-06-25,13.2,13.51,13.17,13.39,58539744.0,783830400.0,17666130885.0,0.0033136709096673266
1934,2010-06-28,13.4,13.77,13.35,13.52,76194736.0,1034967168.0,17666130885.0,0.004313040387620789
1935,2010-06-29,13.58,13.63,12.98,13.03,98820168.0,1313718784.0,17666130885.0,0.005593764058654544
1936,2010-06-30,12.99,13.11,12.8,13.01,54486792.0,707821760.0,17666130885.0,0.0030842515746480614
1937,2010-07-01,12.82,13.03,12.74,12.81,48130608.0,619400704.0,17666130885.0,0.0027244566630527374
1938,2010-07-02,12.83,13.01,12.56,12.91,61083248.0,781190464.0,17666130885.0,0.003457647200602635
1939,2010-07-05,12.8,13.01,12.66,12.78,51274648.0,656375296.0,17666130885.0,0.0029024265886955698
1940,2010-07-06,12.78,13.15,12.78,13.13,64202276.0,831971392.0,17666130885.0,0.0036342013097227202
1941,2010-07-07,13.07,13.2,13.02,13.15,43182540.0,566175616.0,17666130885.0,0.0024443688480008676
1942,2010-07-08,13.33,13.48,13.15,13.21,56231428.0,748535040.0,17666130885.0,0.0031830075507787116
1943,2010-07-09,13.28,13.85,13.11,13.63,101463152.0,1379341568.0,17666130885.0,0.005743371463762367
1944,2010-07-12,13.64,14.0,13.55,13.91,95617848.0,1327310464.0,17666130885.0,0.0054124951650385104
1945,2010-07-13,13.71,13.85,13.53,13.74,58847672.0,806065728.0,17666130885.0,0.0033311013250765915
1946,2010-07-14,13.78,14.08,13.7,13.84,82216440.0,1144078848.0,17666130885.0,0.004653901894829078
1947,2010-07-15,13.8,14.04,13.54,13.56,66364084.0,913372864.0,17666130885.0,0.0037565715114421896
1948,2010-07-16,13.49,13.73,13.36,13.65,47994304.0,648072320.0,17666130885.0,0.0027167411083063534
1949,2010-07-19,13.54,14.02,13.48,14.01,86999136.0,1207052800.0,17666130885.0,0.004924628746743263
1950,2010-07-20,14.0,14.25,13.91,14.0,101843808.0,1432244480.0,17666130885.0,0.00576491868326832
1951,2010-07-21,14.03,14.07,13.9,13.96,53729832.0,750942400.0,17666130885.0,0.003041403482729829
1952,2010-07-22,13.9,14.2,13.9,14.14,70079584.0,988205696.0,17666130885.0,0.003966889210557324
1953,2010-07-23,14.2,14.48,14.14,14.27,109498856.0,1565726848.0,17666130885.0,0.006198236428383622
1954,2010-07-26,14.3,14.35,14.08,14.26,43956492.0,624937920.0,17666130885.0,0.0024881787804098454
1955,2010-07-27,14.21,14.21,14.02,14.11,44521384.0,628630528.0,17666130885.0,0.002520154769022023
1956,2010-07-28,14.15,14.52,14.03,14.47,94068560.0,1350679936.0,17666130885.0,0.005324796958222015
1957,2010-07-29,14.47,14.66,14.4,14.54,84379352.0,1225448576.0,17666130885.0,0.004776334589009811
1958,2010-07-30,14.46,14.61,14.33,14.52,48614636.0,703712448.0,17666130885.0,0.0027518553052993527
1959,2010-08-02,14.48,14.85,14.42,14.79,69289136.0,1019991424.0,17666130885.0,0.0039221455139807765
1960,2010-08-03,14.85,14.89,14.36,14.39,58960424.0,863539584.0,17666130885.0,0.003337483707316029
1961,2010-08-04,14.36,14.48,14.07,14.32,79560768.0,1133420416.0,17666130885.0,0.004503576279260652
1962,2010-08-05,14.32,14.36,13.97,14.03,94247856.0,1326866432.0,17666130885.0,0.0053349460962062835
1963,2010-08-06,14.0,14.24,13.85,14.18,68241880.0,960233088.0,17666130885.0,0.0038628650746578004
1964,2010-08-09,14.13,14.38,14.07,14.31,69823312.0,996109696.0,17666130885.0,0.003952382808353681
1965,2010-08-10,14.3,14.46,13.85,13.86,75997832.0,1066876416.0,17666130885.0,0.0043018945401637676
1966,2010-08-11,13.83,13.97,13.79,13.88,48789952.0,676781312.0,17666130885.0,0.002761779153432328
1967,2010-08-12,13.79,13.87,13.52,13.57,65033784.0,887318784.0,17666130885.0,0.0036812692277299404
1968,2010-08-13,13.59,13.75,13.33,13.72,79478216.0,1075675136.0,17666130885.0,0.004498903382827507
1969,2010-08-16,13.6,14.06,13.55,13.98,69050048.0,955709248.0,17666130885.0,0.0039086118205220125
1970,2010-08-17,14.0,14.05,13.81,14.01,52080920.0,726753088.0,17666130885.0,0.0029480660105502213
1971,2010-08-18,14.0,14.21,13.83,13.88,67457640.0,944919104.0,17666130885.0,0.003818472784964878
1972,2010-08-19,13.99,14.36,13.93,14.19,111300144.0,1575117184.0,17666130885.0,0.006300199218749307
1973,2010-08-20,14.17,14.39,14.04,14.09,94235056.0,1338395136.0,17666130885.0,0.005334221545930769
1974,2010-08-23,14.1,14.45,14.1,14.2,64347240.0,916453760.0,17666130885.0,0.0036424070680148818
1975,2010-08-24,14.18,14.29,13.92,14.07,57689580.0,813426048.0,17666130885.0,0.003265546959633544
1976,2010-08-25,13.99,14.02,13.6,13.65,74954160.0,1031973312.0,17666130885.0,0.0042428169749179345
1977,2010-08-26,13.68,13.74,13.5,13.58,50384680.0,684959680.0,17666130885.0,0.002852049513726899
1978,2010-08-27,13.6,13.7,13.5,13.59,33987804.0,462249984.0,17666130885.0,0.0019238963087757062
1979,2010-08-30,13.65,13.88,13.6,13.75,68381568.0,939409024.0,17666130885.0,0.0038707721823832736
1980,2010-08-31,13.66,13.74,13.5,13.54,74256928.0,1007590720.0,17666130885.0,0.004203349815722822
1981,2010-09-01,13.59,13.86,13.42,13.59,101371984.0,1376732032.0,17666130885.0,0.005738210854425015
1982,2010-09-02,13.79,13.82,13.55,13.65,80028688.0,1091209088.0,17666130885.0,0.004530063120269925
1983,2010-09-03,13.67,13.72,13.42,13.64,73780048.0,997589440.0,17666130885.0,0.004176355789520689
1984,2010-09-06,13.68,13.89,13.6,13.88,95019232.0,1311176832.0,17666130885.0,0.005378610212872313
1985,2010-09-07,13.89,14.07,13.75,13.84,65664396.0,913071104.0,17666130885.0,0.0037169653291629625
1986,2010-09-08,13.77,13.77,13.51,13.56,90697536.0,1230017536.0,17666130885.0,0.005133978491974701
1987,2010-09-09,13.58,13.58,13.18,13.23,106961792.0,1425353472.0,17666130885.0,0.006054624676805682
1988,2010-09-10,13.25,13.37,13.14,13.28,71920520.0,952020160.0,17666130885.0,0.004071096295401414
1989,2010-09-13,13.27,13.38,13.05,13.26,100727600.0,1328454656.0,17666130885.0,0.005701735182179932
1990,2010-09-14,13.33,13.49,13.29,13.36,97018368.0,1300524928.0,17666130885.0,0.00549177228627784
1991,2010-09-15,13.35,13.35,13.0,13.12,77844656.0,1023944960.0,17666130885.0,0.004406434918134594
1992,2010-09-16,13.1,13.14,12.65,12.8,108495168.0,1396786432.0,17666130885.0,0.006141422177060928
1993,2010-09-17,12.83,12.95,12.7,12.85,53994944.0,692184512.0,17666130885.0,0.003056410277467499
1994,2010-09-20,12.84,13.03,12.72,12.89,49316716.0,634513856.0,17666130885.0,0.002791596887911317
1995,2010-09-21,12.92,12.97,12.82,12.87,34440064.0,443812288.0,17666130885.0,0.0019494967078072794
1996,2010-09-27,12.9,12.94,12.79,12.84,46550876.0,597506048.0,17666130885.0,0.0026350351586903235
1997,2010-09-28,12.83,12.84,12.54,12.61,73266384.0,926550656.0,17666130885.0,0.004147279586964296
1998,2010-09-29,12.51,12.83,12.51,12.66,53191604.0,675105024.0,17666130885.0,0.0030109368229103324
1999,2010-09-30,12.51,13.01,12.51,12.95,64163784.0,825342016.0,17666130885.0,0.003632022451191072
2000,2010-10-08,13.1,13.55,12.93,13.44,111173080.0,1481540608.0,17666130885.0,0.0062930066987330596
2001,2010-10-11,13.5,14.05,13.47,13.9,180388128.0,2492974592.0,17666130885.0,0.010210958425150374
2002,2010-10-12,13.8,13.97,13.7,13.84,105910424.0,1465333632.0,17666130885.0,0.005995111475706696
2003,2010-10-13,13.97,14.55,13.97,14.49,212063904.0,3034890496.0,17666130885.0,0.012003981255457567
2004,2010-10-14,14.64,15.05,14.5,14.53,222343536.0,3300251648.0,17666130885.0,0.01258586486465964
2005,2010-10-15,14.5,15.32,14.4,15.23,316139168.0,4741765120.0,17666130885.0,0.017895212599631997
2006,2010-10-18,15.55,15.92,15.26,15.28,239567872.0,3728968960.0,17666130885.0,0.01356085684859342
2007,2010-10-19,15.25,15.5,14.95,15.49,129469968.0,1974028928.0,17666130885.0,0.007328711014471803
2008,2010-10-20,15.61,16.08,15.48,15.73,207302400.0,3273085184.0,17666130885.0,0.011734453987093281
2009,2010-10-21,15.65,15.69,14.98,15.14,172398768.0,2628376064.0,17666130885.0,0.009758716785370403
2010,2010-10-22,15.14,15.18,14.76,15.02,114190832.0,1708324096.0,17666130885.0,0.006463828030220099
2011,2010-10-25,15.03,15.29,14.66,15.17,144407136.0,2164932352.0,17666130885.0,0.008174236732425295
2012,2010-10-26,15.25,15.35,14.84,14.96,140274064.0,2117599232.0,17666130885.0,0.007940282165525232
2013,2010-10-27,14.88,15.3,14.61,14.76,116505744.0,1737296768.0,17666130885.0,0.006594864758922564
2014,2010-10-28,14.76,15.07,14.69,14.93,81284168.0,1209347712.0,17666130885.0,0.004601130181199832
2015,2010-10-29,14.95,14.95,14.41,14.57,122692224.0,1790919552.0,17666130885.0,0.006945053492396334
2016,2010-11-01,14.61,14.93,14.55,14.81,132309944.0,1949010688.0,17666130885.0,0.007489469248319791
2017,2010-11-02,14.83,14.99,14.58,14.76,114429768.0,1692509952.0,17666130885.0,0.006477353119644341
2018,2010-11-03,14.83,15.44,14.7,15.26,185961232.0,2826057472.0,17666130885.0,0.010526426709421496
2019,2010-11-04,15.22,15.59,15.14,15.36,136809584.0,2100416640.0,17666130885.0,0.0077441735765788194
2020,2010-11-05,15.57,15.75,15.23,15.44,104974808.0,1620113024.0,17666130885.0,0.005942150473317973
2021,2010-11-08,15.58,15.85,15.41,15.56,121828056.0,1902878464.0,17666130885.0,0.006896136839076747
2022,2010-11-09,15.54,15.54,15.05,15.17,109853856.0,1673300864.0,17666130885.0,0.006218331377431091
2023,2010-11-10,14.95,14.97,14.54,14.6,171312848.0,2516790016.0,17666130885.0,0.009697247751371452
2024,2010-11-11,14.65,14.95,14.52,14.76,178215904.0,2618828800.0,17666130885.0,0.010087998620644205
2025,2010-11-12,14.6,14.69,13.97,13.99,171752848.0,2456027392.0,17666130885.0,0.009722154167092259
2026,2010-11-15,14.11,14.29,13.84,14.22,102368896.0,1432968576.0,17666130885.0,0.005794641546945609
2027,2010-11-16,14.1,14.1,13.58,13.64,112829776.0,1559381504.0,17666130885.0,0.006386784788048965
2028,2010-11-17,13.5,13.89,13.45,13.63,103611760.0,1412300032.0,17666130885.0,0.005864994473010212
2029,2010-11-18,13.7,13.8,13.46,13.68,70692688.0,964387456.0,17666130885.0,0.004001594263066619
2030,2010-11-19,13.74,13.75,13.1,13.56,145135152.0,1941697408.0,17666130885.0,0.008215446435033021
2031,2010-11-22,13.37,13.56,13.18,13.25,102893264.0,1371599360.0,17666130885.0,0.0058243236546699
2032,2010-11-23,13.21,13.28,12.97,13.11,96831176.0,1265792768.0,17666130885.0,0.005481176191342364
2033,2010-11-24,13.12,13.49,13.12,13.27,88079392.0,1170023552.0,17666130885.0,0.0049857771672452995
2034,2010-11-25,13.4,13.52,13.14,13.48,94380368.0,1261055488.0,17666130885.0,0.005342447002933546
2035,2010-11-26,13.43,13.45,13.2,13.26,61801440.0,823861440.0,17666130885.0,0.003498300810873903
2036,2010-11-29,13.23,13.4,13.22,13.28,53598188.0,712049344.0,17666130885.0,0.0030339517095681248
2037,2010-11-30,13.28,13.37,12.91,13.05,83096688.0,1087226752.0,17666130885.0,0.00470372876443228
2038,2010-12-01,13.05,13.19,13.01,13.13,42470768.0,556394048.0,17666130885.0,0.0024040786449771624
2039,2010-12-02,13.37,13.43,13.17,13.21,59250712.0,788287616.0,17666130885.0,0.0033539156018768507
2040,2010-12-03,13.24,13.39,13.15,13.2,59957304.0,794595456.0,17666130885.0,0.003393912588460934
2041,2010-12-06,13.26,13.66,13.18,13.42,110310800.0,1483600512.0,17666130885.0,0.006244196916579111
2042,2010-12-07,13.4,13.52,13.23,13.45,61826008.0,824896512.0,17666130885.0,0.0034996914945589685
2043,2010-12-08,13.45,13.5,13.2,13.24,53173420.0,708736256.0,17666130885.0,0.0030099075086751797
2044,2010-12-09,13.19,13.2,12.95,13.0,90786152.0,1184751232.0,17666130885.0,0.0051389946441008725
2045,2010-12-10,13.0,13.24,12.98,13.15,50840008.0,665536768.0,17666130885.0,0.0028778235784026347
2046,2010-12-13,13.17,13.37,13.08,13.36,80536120.0,1064964864.0,17666130885.0,0.004558786557410927
2047,2010-12-14,13.4,13.46,13.23,13.28,80919712.0,1078067328.0,17666130885.0,0.0045804999706363266
2048,2010-12-15,13.3,13.42,13.25,13.26,69062552.0,919900480.0,17666130885.0,0.003909319615572405
2049,2010-12-16,13.26,13.27,13.11,13.16,45821312.0,604194368.0,17666130885.0,0.0025937378307836533
2050,2010-12-17,13.17,13.18,13.05,13.13,39108672.0,512271424.0,17666130885.0,0.0022137655525470198
2051,2010-12-20,13.16,13.23,12.78,12.97,71587024.0,928832896.0,17666130885.0,0.0040522185908168085
2052,2010-12-21,12.97,13.35,12.87,13.3,92475568.0,1216351232.0,17666130885.0,0.005234624865058561
2053,2010-12-22,13.31,13.36,13.01,13.07,58829512.0,776712256.0,17666130885.0,0.0033300733693732054
2054,2010-12-23,13.07,13.41,12.99,13.18,70770232.0,933782272.0,17666130885.0,0.004005983679204469
2055,2010-12-24,13.06,13.35,13.01,13.23,69324672.0,914915648.0,17666130885.0,0.003924157046683174
2056,2010-12-27,13.38,13.47,12.99,13.0,88593432.0,1170719232.0,17666130885.0,0.0050148746534660355
2057,2010-12-28,13.02,13.15,12.78,12.83,105895072.0,1372360448.0,17666130885.0,0.005994242468220001
2058,2010-12-29,12.85,12.87,12.7,12.77,74240248.0,947620928.0,17666130885.0,0.004202405636145042
2059,2010-12-30,12.78,12.79,12.5,12.68,87823576.0,1110812544.0,17666130885.0,0.004971296577145222
2060,2010-12-31,12.75,12.94,12.61,12.81,69375664.0,885216768.0,17666130885.0,0.003927043473843254
2061,2011-01-04,12.91,13.09,12.78,13.02,98498448.0,1276763392.0,17666130885.0,0.005575552940323412
2062,2011-01-05,12.99,13.11,12.92,12.97,72626096.0,944910528.0,17666130885.0,0.004111035770807378
2063,2011-01-06,12.98,13.11,12.82,12.9,63620992.0,823324480.0,17666130885.0,0.003601297443913962
2064,2011-01-07,12.9,13.55,12.82,13.25,184177856.0,2440982528.0,17666130885.0,0.01042547783659761
2065,2011-01-10,13.24,13.37,13.0,13.02,89439104.0,1177812992.0,17666130885.0,0.005062744331637505
2066,2011-01-11,12.96,13.27,12.95,13.19,80178640.0,1050831168.0,17666130885.0,0.0045385512267475765
2067,2011-01-12,13.17,13.31,13.07,13.27,71991088.0,950345216.0,17666130885.0,0.004075090831639109
2068,2011-01-13,13.28,13.33,13.12,13.2,59516448.0,786701568.0,17666130885.0,0.0033689577184404518
2069,2011-01-14,13.16,13.24,13.04,13.05,50536492.0,662003456.0,17666130885.0,0.0028606429064164606
2070,2011-01-17,12.99,13.07,12.62,12.71,77156600.0,991616448.0,17666130885.0,0.00436748717091824
2071,2011-01-18,12.73,12.77,12.61,12.67,53990208.0,684464704.0,17666130885.0,0.0030561421938655586
2072,2011-01-19,12.7,12.8,12.6,12.77,47144160.0,598577856.0,17666130885.0,0.0026686182903823763
2073,2011-01-20,12.76,12.76,12.5,12.52,56788716.0,714769664.0,17666130885.0,0.0032145531112428415
2074,2011-01-21,12.53,12.99,12.51,12.71,62191244.0,793177472.0,17666130885.0,0.003520365857404888
2075,2011-01-24,12.7,12.77,12.56,12.58,49438224.0,624077120.0,17666130885.0,0.0027984749078235984
2076,2011-01-25,12.63,12.75,12.55,12.63,52215792.0,660597696.0,17666130885.0,0.002955700506234532
2077,2011-01-26,12.67,12.75,12.65,12.71,23768928.0,301774560.0,17666130885.0,0.0013454518227407552
2078,2011-01-27,12.6,12.73,12.49,12.71,70707560.0,891864192.0,17666130885.0,0.004002436099917982
2079,2011-01-28,12.65,12.71,12.52,12.59,66406476.0,835307136.0,17666130885.0,0.003758971131385909
2080,2011-01-31,12.59,12.68,12.58,12.63,48455684.0,611798464.0,17666130885.0,0.0027428577494092304
2081,2011-02-01,12.65,12.74,12.61,12.7,40211020.0,509422752.0,17666130885.0,0.0022761645015402024
2082,2011-02-09,12.67,12.77,12.57,12.6,58829216.0,745910336.0,17666130885.0,0.0033300566141480845
2083,2011-02-10,12.6,12.74,12.52,12.71,46488672.0,588451392.0,17666130885.0,0.0026315140707732845
2084,2011-02-11,12.7,12.79,12.61,12.71,61000768.0,773509568.0,17666130885.0,0.0034529783797647893
2085,2011-02-14,12.72,13.29,12.72,13.26,146385344.0,1910514176.0,17666130885.0,0.008286214166130356
2086,2011-02-15,13.25,13.36,13.15,13.19,108538768.0,1438854656.0,17666130885.0,0.006143890176436899
2087,2011-02-16,13.15,13.2,12.98,13.12,79042328.0,1031728576.0,17666130885.0,0.004474229728882709
2088,2011-02-17,13.12,13.35,13.03,13.12,70754384.0,932086592.0,17666130885.0,0.004005086595394598
2089,2011-02-18,13.13,13.18,13.0,13.11,55894224.0,732500544.0,17666130885.0,0.003163919953036168
2090,2011-02-21,13.0,13.1,12.9,13.08,59996420.0,779859968.0,17666130885.0,0.003396126768818514
2091,2011-02-22,13.1,13.1,12.66,12.72,121525656.0,1556214144.0,17666130885.0,0.00687901933881772
2092,2011-02-23,12.72,12.77,12.62,12.68,54397600.0,689931008.0,17666130885.0,0.0030792028177594926
2093,2011-02-24,12.66,12.77,12.61,12.68,52932080.0,670747776.0,17666130885.0,0.0029962463396523173
2094,2011-02-25,12.71,12.87,12.66,12.75,49085788.0,626193472.0,17666130885.0,0.002778525095253193
2095,2011-02-28,12.79,12.94,12.67,12.87,69582752.0,892379264.0,17666130885.0,0.003938765791613233
2096,2011-03-01,12.91,13.34,12.87,13.1,124778376.0,1633085440.0,17666130885.0,0.007063141149143592
2097,2011-03-02,13.0,13.63,12.98,13.47,226096544.0,3029627392.0,17666130885.0,0.012798305722503992
2098,2011-03-03,13.57,14.39,13.51,14.03,399308576.0,5586884096.0,17666130885.0,0.022603057715317044
2099,2011-03-04,14.18,14.34,13.91,14.22,197261008.0,2789248256.0,17666130885.0,0.01116605606989422
2100,2011-03-07,14.32,14.58,14.1,14.23,177077408.0,2536417024.0,17666130885.0,0.010023553496388579
2101,2011-03-08,14.2,14.54,14.12,14.3,112446480.0,1611304448.0,17666130885.0,0.006365088130048687
2102,2011-03-09,14.37,14.58,14.33,14.38,109743296.0,1588328832.0,17666130885.0,0.006212073074426336
2103,2011-03-10,14.32,14.35,13.92,13.99,124087888.0,1750290816.0,17666130885.0,0.007024055737374891
2104,2011-03-11,13.92,13.99,13.58,13.66,109841296.0,1512829312.0,17666130885.0,0.006217620412473243
2105,2011-03-14,13.6,13.78,13.56,13.71,65739144.0,897940736.0,17666130885.0,0.0037211964763500054
2106,2011-03-15,13.6,13.68,13.32,13.49,107876560.0,1454391936.0,17666130885.0,0.006106405567933162
2107,2011-03-16,13.54,13.85,13.44,13.71,75560104.0,1029474176.0,17666130885.0,0.004277116732116864
2108,2011-03-17,13.57,13.6,13.4,13.51,60420560.0,815232320.0,17666130885.0,0.0034201354214635662
2109,2011-03-18,13.62,13.68,13.35,13.41,69249400.0,936462272.0,17666130885.0,0.003919896238219226
2110,2011-03-21,13.48,13.65,13.44,13.55,55499356.0,752686272.0,17666130885.0,0.0031415682563024324
2111,2011-03-22,13.6,13.87,13.42,13.85,85747912.0,1176642560.0,17666130885.0,0.004853802598779965
2112,2011-03-23,13.81,14.1,13.74,14.05,93674744.0,1310343296.0,17666130885.0,0.005302504810464049
2113,2011-03-24,14.06,14.08,13.91,14.0,56794096.0,793623552.0,17666130885.0,0.0032148576487805187
2114,2011-03-25,14.03,14.4,14.0,14.3,120271096.0,1719538816.0,17666130885.0,0.006808004354938866
2115,2011-03-28,14.35,14.62,14.18,14.23,100437624.0,1447242240.0,17666130885.0,0.005685320948532076
2116,2011-03-29,14.2,14.6,14.1,14.31,134519296.0,1934315904.0,17666130885.0,0.007614530701468875
2117,2011-03-30,14.28,14.53,14.21,14.28,85822360.0,1232672384.0,17666130885.0,0.004858016764319926
2118,2011-03-31,14.29,14.31,14.05,14.09,71417888.0,1011476928.0,17666130885.0,0.0040426445646137305
2119,2011-04-01,13.98,14.45,13.92,14.33,98685200.0,1407150720.0,17666130885.0,0.0055861241288431675
2120,2011-04-06,14.4,14.88,14.4,14.81,171762544.0,2530008576.0,17666130885.0,0.00972270301392596
2121,2011-04-07,14.8,14.92,14.7,14.8,102646536.0,1521323520.0,17666130885.0,0.005810357495265438
2122,2011-04-08,14.78,14.95,14.71,14.92,67797480.0,1007369152.0,17666130885.0,0.0038377095947797852
2123,2011-04-11,14.9,15.3,14.9,14.98,138954912.0,2099312128.0,17666130885.0,0.007865610919818564
2124,2011-04-12,14.93,15.11,14.73,14.81,70720024.0,1051558720.0,17666130885.0,0.004003141630748764
2125,2011-04-13,14.7,15.34,14.7,15.32,111569264.0,1676616832.0,17666130885.0,0.0063154328882919965
2126,2011-04-14,15.36,15.53,15.25,15.31,123436352.0,1902494336.0,17666130885.0,0.006987175222663363
2127,2011-04-15,15.19,15.44,15.05,15.18,70726480.0,1076534784.0,17666130885.0,0.004003507075793976
2128,2011-04-18,15.06,15.25,15.0,15.12,62573080.0,944076032.0,17666130885.0,0.003541979871389366
2129,2011-04-19,15.01,15.09,14.8,14.83,62974060.0,939570368.0,17666130885.0,0.0035646775408796592
2130,2011-04-20,14.87,14.96,14.51,14.66,77533288.0,1138480640.0,17666130885.0,0.004388809779838784
2131,2011-04-21,14.72,14.83,14.58,14.65,66416892.0,974818176.0,17666130885.0,0.003759560734172609
2132,2011-04-22,14.64,14.77,14.52,14.65,35329792.0,517354336.0,17666130885.0,0.0019998601974582845
2133,2011-04-25,14.59,14.89,14.51,14.64,72494088.0,1063584448.0,17666130885.0,0.004103563393247214
2134,2011-04-26,14.69,14.8,14.6,14.71,74674896.0,1098458496.0,17666130885.0,0.0042270090992819
2135,2011-04-27,14.76,14.95,14.45,14.55,76664688.0,1129952512.0,17666130885.0,0.004339642250986301
2136,2011-04-28,14.63,15.0,14.6,14.68,81865272.0,1211753344.0,17666130885.0,0.004634023858020341
2137,2011-04-29,14.75,14.79,14.1,14.46,85810792.0,1238689408.0,17666130885.0,0.004857361952008429
2138,2011-05-03,14.49,14.55,14.31,14.42,31127794.0,449474304.0,17666130885.0,0.0017620040405355573
2139,2011-05-04,14.36,14.5,14.0,14.05,69988432.0,992113984.0,17666130885.0,0.003961729506907817
2140,2011-05-05,14.02,14.22,13.93,14.1,52612080.0,739726848.0,17666130885.0,0.0029781325827644574
2141,2011-05-06,14.0,14.21,13.85,14.04,53093176.0,746452736.0,17666130885.0,0.0030053652577135877
2142,2011-05-09,14.08,14.14,13.95,14.0,27751488.0,389755936.0,17666130885.0,0.0015708865840886133
2143,2011-05-10,14.05,14.26,13.94,14.16,29700356.0,419991552.0,17666130885.0,0.0016812032127090175
2144,2011-05-11,14.18,14.2,14.0,14.03,24115192.0,339926624.0,17666130885.0,0.001365052266225186
2145,2011-05-12,13.98,14.06,13.9,13.93,27520332.0,384622464.0,17666130885.0,0.0015578018853787067
2146,2011-05-13,13.91,14.09,13.81,14.06,39527552.0,550546496.0,17666130885.0,0.0022374764603132285
2147,2011-05-16,13.98,14.2,13.85,13.88,39913980.0,560148288.0,17666130885.0,0.0022593504067090465
2148,2011-05-17,13.88,14.15,13.76,14.06,38671728.0,541013952.0,17666130885.0,0.002189032123204492
2149,2011-05-18,14.01,14.39,14.0,14.3,45618884.0,651189312.0,17666130885.0,0.002582279294598354
2150,2011-05-19,14.33,14.37,14.23,14.23,29830448.0,426866560.0,17666130885.0,0.0016885671341498158
2151,2011-05-20,14.19,14.43,14.15,14.27,44220596.0,633299264.0,17666130885.0,0.002503128516813318
2152,2011-05-23,14.2,14.23,13.79,13.91,43292356.0,605028224.0,17666130885.0,0.002450585036520859
2153,2011-05-24,13.87,13.95,13.81,13.83,32163362.0,446632768.0,17666130885.0,0.0018206228748882045
2154,2011-05-25,13.81,13.89,13.56,13.59,32806920.0,450232864.0,17666130885.0,0.0018570517909983209
2155,2011-05-26,13.71,13.74,13.58,13.59,26485988.0,361555072.0,17666130885.0,0.0014992523361461556
2156,2011-05-27,13.64,13.93,13.59,13.79,56367324.0,774696000.0,17666130885.0,0.003190700010485063
2157,2011-05-31,13.81,13.93,13.68,13.91,55729776.0,768496384.0,17666130885.0,0.003154611293371497
2158,2011-06-01,13.85,13.93,13.77,13.8,38973264.0,539979456.0,17666130885.0,0.002206100716319922
2159,2011-06-02,13.69,13.69,13.15,13.27,122061736.0,1624942208.0,17666130885.0,0.006909364410044107
2160,2011-06-03,13.28,13.41,13.18,13.38,31611268.0,420003072.0,17666130885.0,0.0017893713233405606
2161,2011-06-07,13.32,13.46,13.28,13.42,22311388.0,298550848.0,17666130885.0,0.0012629470564459707
2162,2011-06-08,13.43,13.43,13.0,13.23,67581792.0,886466816.0,17666130885.0,0.003825500469793446
2163,2011-06-09,13.18,13.2,12.95,12.96,42846692.0,559478784.0,17666130885.0,0.0024253580073031367
2164,2011-06-10,12.78,12.8,12.63,12.78,38630288.0,491407552.0,17666130885.0,0.002186686391687514
2165,2011-06-13,12.72,12.95,12.6,12.83,25278136.0,323139872.0,17666130885.0,0.0014308812815070457
2166,2011-06-14,12.85,13.08,12.83,12.9,42184392.0,546605056.0,17666130885.0,0.0023878681910942945
2167,2011-06-15,12.9,13.0,12.8,12.84,23284410.0,299419264.0,17666130885.0,0.001318025443803905
2168,2011-06-16,12.81,12.82,12.68,12.73,23380462.0,298141664.0,17666130885.0,0.0013234625143557573
2169,2011-06-17,12.74,12.89,12.7,12.73,27880334.0,356450176.0,17666130885.0,0.0015781799750885293
2170,2011-06-20,12.78,12.89,12.7,12.8,26222004.0,335005376.0,17666130885.0,0.0014843093924015156
2171,2011-06-21,12.85,13.01,12.75,12.93,35087912.0,453801024.0,17666130885.0,0.0019861684614706737
2172,2011-06-22,12.98,13.07,12.91,12.96,27237836.0,353638976.0,17666130885.0,0.001541811060798104
2173,2011-06-23,12.95,13.2,12.84,13.13,35041468.0,454936896.0,17666130885.0,0.001983539476080362
2174,2011-06-24,13.07,13.45,13.04,13.37,86811464.0,1156433152.0,17666130885.0,0.004914005481172455
2175,2011-06-27,13.45,13.45,13.21,13.27,46197664.0,614574592.0,17666130885.0,0.002615041420259465
2176,2011-06-28,13.31,13.33,13.0,13.16,53220608.0,696880320.0,17666130885.0,0.003012578608550256
2177,2011-06-29,13.16,13.17,12.8,12.92,79739904.0,1032977088.0,17666130885.0,0.004513716360366476
2178,2011-06-30,12.96,13.15,12.88,13.02,74071776.0,965357056.0,17666130885.0,0.004192869195987506
2179,2011-07-01,13.06,13.07,12.81,12.92,87298480.0,1127688448.0,17666130885.0,0.004941573260624011
2180,2011-07-04,12.99,13.4,12.96,13.39,96456032.0,1273450112.0,17666130885.0,0.005459940981298803
2181,2011-07-05,13.39,13.48,13.22,13.28,56876052.0,758447104.0,17666130885.0,0.0032194968083414603
2182,2011-07-06,13.28,13.28,13.03,13.17,52994900.0,695769024.0,17666130885.0,0.0029998022965513653
2183,2011-07-07,13.36,13.52,13.16,13.23,114718104.0,1530107264.0,17666130885.0,0.006493674520288147
2184,2011-07-08,13.29,13.5,13.23,13.41,59139176.0,790712384.0,17666130885.0,0.0033476020519135874
2185,2011-07-11,13.34,13.34,13.15,13.22,57881888.0,765076672.0,17666130885.0,0.0032764326482572644
2186,2011-07-12,13.11,13.11,12.88,12.96,68064648.0,882644544.0,17666130885.0,0.0038528327704054595
2187,2011-07-13,13.0,13.14,12.92,13.08,53137836.0,692721408.0,17666130885.0,0.0030078932589092497
2188,2011-07-14,13.08,13.12,12.89,13.0,71912104.0,933187328.0,17666130885.0,0.004070619903595263
2189,2011-07-15,12.92,13.08,12.9,13.01,41104104.0,534507776.0,17666130885.0,0.002326717959216569
2190,2011-07-18,13.01,13.09,12.96,12.98,49088208.0,638579392.0,17666130885.0,0.0027786620805396573
2191,2011-07-19,12.89,12.91,12.77,12.8,77469224.0,993779392.0,17666130885.0,0.004385183405709835
2192,2011-07-20,12.89,12.9,12.72,12.74,64859680.0,828288768.0,17666130885.0,0.0036714139854511782
2193,2011-07-21,12.76,12.8,12.6,12.63,81932424.0,1036559232.0,17666130885.0,0.004637825029903259
2194,2011-07-22,12.66,12.68,12.51,12.64,57635788.0,726367616.0,17666130885.0,0.003262502037100695
2195,2011-07-25,12.55,12.58,12.31,12.33,86236496.0,1071213056.0,17666130885.0,0.004881459135640271
2196,2011-07-26,12.35,12.47,12.27,12.35,50657724.0,626321664.0,17666130885.0,0.0028675053032134264
2197,2011-07-27,12.31,12.34,12.21,12.26,72612424.0,889699840.0,17666130885.0,0.004110261860544344
2198,2011-07-28,12.2,12.2,12.02,12.05,75489136.0,912401728.0,17666130885.0,0.004273099553683058
2199,2011-07-29,12.08,12.49,12.02,12.35,86750928.0,1063529536.0,17666130885.0,0.004910578811213194
2200,2011-08-01,12.29,12.4,12.2,12.24,40604912.0,498769408.0,17666130885.0,0.00229846095131543
2201,2011-08-02,12.15,12.22,12.05,12.19,32337060.0,391831808.0,17666130885.0,0.0018304551353379153
2202,2011-08-03,12.12,12.33,12.08,12.17,32229006.0,393209600.0,17666130885.0,0.0018243386856917879
2203,2011-08-04,12.25,12.36,12.1,12.13,48333224.0,589377536.0,17666130885.0,0.002735925841070208
2204,2011-08-05,11.93,11.93,11.74,11.77,99245368.0,1174633472.0,17666130885.0,0.005617832713119288
2205,2011-08-08,11.69,11.76,11.24,11.43,94267056.0,1084623232.0,17666130885.0,0.005336032921619555
2206,2011-08-09,11.2,11.55,11.01,11.51,101535648.0,1149224832.0,17666130885.0,0.005747475135385311
2207,2011-08-10,11.73,11.74,11.49,11.52,63088836.0,734433344.0,17666130885.0,0.0035711744926314125
2208,2011-08-11,11.35,11.74,11.3,11.67,60741780.0,704693568.0,17666130885.0,0.003438318237049561
2209,2011-08-12,11.76,11.76,11.56,11.62,54753148.0,638384000.0,17666130885.0,0.0030993287866156326
2210,2011-08-15,11.66,12.06,11.56,11.99,94709016.0,1119030656.0,17666130885.0,0.0053610502841013
2211,2011-08-16,11.98,12.18,11.88,11.95,68912448.0,829459584.0,17666130885.0,0.003900822905060233
2212,2011-08-17,11.99,12.03,11.87,11.92,36353048.0,434332832.0,17666130885.0,0.0020577821050146716
2213,2011-08-18,11.92,11.98,11.6,11.63,32681206.0,385913760.0,17666130885.0,0.0018499356883939445
2214,2011-08-19,11.48,11.59,11.45,11.5,36594768.0,421094240.0,17666130885.0,0.0020714647841238386
2215,2011-08-22,11.49,11.76,11.46,11.56,36486104.0,421945760.0,17666130885.0,0.0020653138051286435
2216,2011-08-23,11.59,11.78,11.54,11.77,34187388.0,399552768.0,17666130885.0,0.0019351938589466642
2217,2011-08-24,11.83,11.93,11.63,11.64,32098712.0,378951968.0,17666130885.0,0.001816963329941954
2218,2011-08-25,11.72,12.25,11.71,12.17,127237560.0,1533060480.0,17666130885.0,0.007202344465138949
2219,2011-08-26,12.07,12.17,12.01,12.12,40715864.0,492170080.0,17666130885.0,0.002304741443672373
2220,2011-08-29,11.96,11.96,11.68,11.77,72255192.0,850133376.0,17666130885.0,0.004090040568042582
2221,2011-08-30,11.81,12.06,11.76,11.79,58796976.0,699691520.0,17666130885.0,0.0033282316531416324
2222,2011-08-31,11.82,11.98,11.75,11.85,36813860.0,436809536.0,17666130885.0,0.0020838665941990725
2223,2011-09-01,11.86,12.1,11.86,12.02,51720968.0,620439680.0,17666130885.0,0.002927690751114912
2224,2011-09-02,11.99,12.03,11.79,11.91,31700080.0,377145824.0,17666130885.0,0.001794398570142825
2225,2011-09-05,11.8,11.86,11.64,11.7,36752728.0,431142240.0,17666130885.0,0.0020804061873676083
2226,2011-09-06,11.57,11.76,11.49,11.6,41800912.0,484724384.0,17666130885.0,0.0023661611176838057
2227,2011-09-07,11.65,11.89,11.63,11.83,39818760.0,469015200.0,17666130885.0,0.002253960431925103
2228,2011-09-08,11.9,11.93,11.79,11.81,28011338.0,332240896.0,17666130885.0,0.001585595520736458
2229,2011-09-13,11.68,11.73,11.58,11.65,32540834.0,379196416.0,17666130885.0,0.001841989862513124
2230,2011-09-14,11.7,11.74,11.47,11.61,33319946.0,386832032.0,17666130885.0,0.0018860918792519181
2231,2011-09-15,11.65,11.76,11.58,11.59,26375196.0,307732288.0,17666130885.0,0.0014929809006676562
2232,2011-09-16,11.7,11.75,11.56,11.66,35428140.0,413632576.0,17666130885.0,0.002005427234215807
2233,2011-09-19,11.57,11.6,11.4,11.43,30138762.0,345454272.0,17666130885.0,0.001706019399278327
2234,2011-09-20,11.49,11.55,11.35,11.44,20500924.0,234604576.0,17666130885.0,0.0011604648541015266
2235,2011-09-21,11.45,11.77,11.37,11.69,47294268.0,550827520.0,17666130885.0,0.0026771152273165105
2236,2011-09-22,11.6,11.64,11.3,11.33,54084040.0,619022144.0,17666130885.0,0.003061453600229001
2237,2011-09-23,11.21,11.39,11.05,11.21,56306096.0,629316288.0,17666130885.0,0.0031872341695265323
2238,2011-09-26,11.14,11.3,10.85,10.9,54069872.0,596926400.0,17666130885.0,0.0030606516136427913
2239,2011-09-27,10.99,11.15,10.89,11.05,42284832.0,465927392.0,17666130885.0,0.0023935536465374717
2240,2011-09-28,11.1,11.19,10.94,10.97,24922200.0,275447808.0,17666130885.0,0.0014107333497206795
2241,2011-09-29,10.9,11.1,10.83,11.04,43731504.0,480333248.0,17666130885.0,0.0024754432243639522
2242,2011-09-30,11.04,11.26,11.02,11.06,51005396.0,568222016.0,17666130885.0,0.002887185447228164
2243,2011-10-10,11.06,11.14,10.91,10.99,26532950.0,292021376.0,17666130885.0,0.0015019106431804295
2244,2011-10-11,11.37,11.45,11.04,11.19,72460592.0,818837120.0,17666130885.0,0.004101667335744977
2245,2011-10-12,11.11,11.68,11.09,11.57,82798744.0,952485504.0,17666130885.0,0.0046868634982379165
2246,2011-10-13,11.56,11.65,11.42,11.62,53681928.0,621393856.0,17666130885.0,0.0030386918533237164
2247,2011-10-14,11.58,11.75,11.44,11.68,47011524.0,545351872.0,17666130885.0,0.00266111036457432
2248,2011-10-17,11.69,11.98,11.67,11.88,63249728.0,750162944.0,17666130885.0,0.0035802818631726673
2249,2011-10-18,11.77,11.85,11.51,11.57,40850480.0,476284160.0,17666130885.0,0.0023123614483511737
2250,2011-10-19,11.61,11.74,11.56,11.64,27212250.0,316792192.0,17666130885.0,0.0015403627527239391
2251,2011-10-20,11.55,11.66,11.41,11.51,43347712.0,499537952.0,17666130885.0,0.0024537184900404975
2252,2011-10-21,11.55,11.75,11.45,11.65,42296760.0,492704000.0,17666130885.0,0.0023942288368254665
2253,2011-10-24,11.71,12.05,11.64,12.05,80177360.0,955623040.0,17666130885.0,0.004538478771720025
2254,2011-10-25,12.03,12.2,11.87,12.13,86241768.0,1038634752.0,17666130885.0,0.004881757559784998
2255,2011-10-26,12.08,12.18,11.99,12.03,74119112.0,896344576.0,17666130885.0,0.004195548673475143
2256,2011-10-27,12.11,12.24,11.99,12.14,44089856.0,535015392.0,17666130885.0,0.002495727915014822
2257,2011-10-28,12.3,12.55,12.25,12.34,91980728.0,1140038016.0,17666130885.0,0.005206614204251097
2258,2011-10-31,12.31,12.35,12.05,12.1,50913576.0,618593536.0,17666130885.0,0.0028819879311111534
2259,2011-11-01,12.03,12.42,12.01,12.15,53255988.0,651811584.0,17666130885.0,0.0030145813107961697
2260,2011-11-02,12.0,12.39,11.96,12.38,47261456.0,576343232.0,17666130885.0,0.0026752578879696213
2261,2011-11-03,12.45,12.45,12.18,12.19,59635944.0,731536448.0,17666130885.0,0.003375721848106301
2262,2011-11-04,12.35,12.39,12.17,12.26,37279004.0,457164448.0,17666130885.0,0.0021101962983673434
2263,2011-11-07,12.25,12.25,12.04,12.08,26839160.0,325681248.0,17666130885.0,0.001519243810357403
2264,2011-11-08,12.05,12.18,12.01,12.11,30281584.0,366721312.0,17666130885.0,0.0017141039086103205
2265,2011-11-09,12.15,12.25,12.03,12.2,27911336.0,338819584.0,17666130885.0,0.0015799348584980214
2266,2011-11-10,12.08,12.16,11.93,11.96,40678420.0,488989728.0,17666130885.0,0.0023026219076945323
2267,2011-11-11,11.95,12.05,11.8,11.88,30271360.0,360964864.0,17666130885.0,0.0017135251740777533
2268,2011-11-14,11.98,12.15,11.93,12.06,31694808.0,381405952.0,17666130885.0,0.0017941001459980976
2269,2011-11-15,12.05,12.05,11.92,11.96,23329648.0,279112576.0,17666130885.0,0.0013205861629729458
2270,2011-11-16,11.93,11.95,11.55,11.64,56229304.0,659454208.0,17666130885.0,0.003182887320717368
2271,2011-11-17,11.64,11.67,11.54,11.56,33839572.0,392361664.0,17666130885.0,0.0019155055637413273
2272,2011-11-18,11.51,11.64,11.36,11.43,35568968.0,408315712.0,17666130885.0,0.002013398872200193
2273,2011-11-21,11.44,11.48,11.3,11.42,20878720.0,237493152.0,17666130885.0,0.001181850181905295
2274,2011-11-22,11.38,11.57,11.36,11.55,28585632.0,328534176.0,17666130885.0,0.001618103714168197
2275,2011-11-23,11.57,11.59,11.36,11.49,27610352.0,316909600.0,17666130885.0,0.0015628975116132226
2276,2011-11-24,11.4,11.64,11.4,11.58,32639600.0,377008704.0,17666130885.0,0.0018475805603655811
2277,2011-11-25,11.6,11.6,11.44,11.48,20753822.0,238738592.0,17666130885.0,0.0011747802693809828
2278,2011-11-28,11.52,11.6,11.41,11.46,25095236.0,288372192.0,17666130885.0,0.0014205281373358284
2279,2011-11-29,11.53,11.59,11.45,11.56,25737216.0,296483392.0,17666130885.0,0.0014568677299822916
2280,2011-11-30,11.5,11.55,11.18,11.21,36208632.0,410497600.0,17666130885.0,0.00204960736653118
2281,2011-12-01,11.6,11.93,11.55,11.65,99629480.0,1166590336.0,17666130885.0,0.00563957556119963
2282,2011-12-02,11.58,11.79,11.54,11.74,38206200.0,446493088.0,17666130885.0,0.0021626806825279558
2283,2011-12-05,11.76,11.95,11.62,11.87,51948408.0,615599552.0,17666130885.0,0.0029405651038229585
2284,2011-12-06,11.85,11.95,11.75,11.76,34166000.0,404861216.0,17666130885.0,0.001933983180720672
2285,2011-12-07,11.78,11.98,11.75,11.89,44383860.0,527973504.0,17666130885.0,0.002512370155577504
2286,2011-12-08,11.92,12.01,11.83,11.9,40248344.0,480143968.0,17666130885.0,0.00227827724485921
2287,2011-12-09,11.8,11.98,11.8,11.9,35782724.0,426101024.0,17666130885.0,0.002025498635379322
2288,2011-12-12,11.9,12.02,11.82,11.98,32076098.0,383094912.0,17666130885.0,0.0018156832533848851
2289,2011-12-13,11.96,12.0,11.6,11.66,51058776.0,602149248.0,17666130885.0,0.00289020704829902
2290,2011-12-14,11.65,11.83,11.55,11.68,30408112.0,356305056.0,17666130885.0,0.0017212660880837802
2291,2011-12-15,11.65,11.76,11.4,11.41,43356656.0,502325984.0,17666130885.0,0.0024542247695455133
2292,2011-12-16,11.4,11.69,11.35,11.62,45706808.0,525062400.0,17666130885.0,0.0025872562757252547
2293,2011-12-19,11.48,11.69,11.27,11.65,38458276.0,440755776.0,17666130885.0,0.0021769495680944062
2294,2011-12-20,11.62,11.89,11.59,11.63,41819192.0,491358976.0,17666130885.0,0.0023671958660460247
2295,2011-12-21,11.75,11.96,11.57,11.59,39698384.0,468446048.0,17666130885.0,0.0022471464894278123
2296,2011-12-22,11.6,11.75,11.45,11.7,41291440.0,479151488.0,17666130885.0,0.002337322205342644
2297,2011-12-23,11.68,11.86,11.59,11.69,35267900.0,413821888.0,17666130885.0,0.0019963567704542116
2298,2011-12-26,11.6,11.8,11.55,11.67,26645492.0,311157312.0,17666130885.0,0.0015082811382669092
2299,2011-12-27,11.67,11.76,11.62,11.69,32255696.0,377531968.0,17666130885.0,0.0018258494862272159
2300,2011-12-28,11.67,11.76,11.43,11.55,47014188.0,544702208.0,17666130885.0,0.0026612611616004113
2301,2011-12-29,11.53,11.69,11.47,11.66,31900992.0,369450304.0,17666130885.0,0.0018057712924048677
2302,2011-12-30,11.71,11.96,11.71,11.87,42877368.0,509489824.0,17666130885.0,0.0024270944373227994
2303,2012-01-04,11.95,12.1,11.63,11.67,52260616.0,620703168.0,17666130885.0,0.002958237790730599
2304,2012-01-05,11.7,12.09,11.67,11.91,84084704.0,1006814656.0,17666130885.0,0.004759655894511392
2305,2012-01-06,11.93,12.09,11.85,11.99,54038136.0,646295104.0,17666130885.0,0.003058855181803438
2306,2012-01-09,11.98,12.5,11.9,12.38,96002008.0,1181631360.0,17666130885.0,0.005434240730182386
2307,2012-01-10,12.38,12.61,12.23,12.56,89204560.0,1114071680.0,17666130885.0,0.005049467853526547
2308,2012-01-11,12.56,12.65,12.41,12.49,38787032.0,484750528.0,17666130885.0,0.00219555896265511
2309,2012-01-12,12.47,12.75,12.42,12.62,41419320.0,522004928.0,17666130885.0,0.0023445609154389554
2310,2012-01-13,12.59,12.71,12.35,12.49,48155120.0,603520192.0,17666130885.0,0.0027258441768303475
2311,2012-01-16,12.47,12.58,12.37,12.39,33593204.0,418936960.0,17666130885.0,0.0019015597823133642
2312,2012-01-17,12.45,12.8,12.15,12.78,80951392.0,1012433216.0,17666130885.0,0.0045822932325682245
2313,2012-01-18,12.7,12.77,12.43,12.52,61443584.0,772296704.0,17666130885.0,0.0034780441965462094
2314,2012-01-19,12.52,12.83,12.5,12.7,65060332.0,826982912.0,17666130885.0,0.0036827719902857497
2315,2012-01-20,12.79,13.0,12.71,13.0,74054728.0,954640960.0,17666130885.0,0.004191904185589305
2316,2012-01-30,12.99,13.0,12.69,12.7,52378368.0,671158272.0,17666130885.0,0.002964903200421409
2317,2012-01-31,12.7,12.79,12.54,12.65,30535748.0,386591232.0,17666130885.0,0.001728490986440464
2318,2012-02-01,12.64,12.69,12.43,12.47,40128600.0,502870464.0,17666130885.0,0.002271499077031773
2319,2012-02-02,12.51,12.88,12.44,12.87,58651508.0,744135872.0,17666130885.0,0.0033199973656823727
2320,2012-02-03,12.83,13.1,12.76,12.98,65138896.0,845123328.0,17666130885.0,0.0036872191440236804
2321,2012-02-06,12.99,13.06,12.73,12.86,56054580.0,721459200.0,17666130885.0,0.003172996983034636
2322,2012-02-07,12.77,12.85,12.64,12.73,33547056.0,427096288.0,17666130885.0,0.0018989475521481738
2323,2012-02-08,12.7,13.05,12.68,12.99,43796312.0,565073280.0,17666130885.0,0.002479111712977666
2324,2012-02-09,12.98,13.06,12.85,12.99,43379992.0,562029568.0,17666130885.0,0.0024555457152665603
2325,2012-02-10,12.92,13.02,12.8,12.89,50538732.0,652053632.0,17666130885.0,0.0028607697027146755
2326,2012-02-13,12.7,12.88,12.56,12.69,57035048.0,726979008.0,17666130885.0,0.0032284968548731544
2327,2012-02-14,12.68,12.69,12.57,12.66,44728208.0,564126720.0,17666130885.0,0.002531862142942569
2328,2012-02-15,12.61,12.8,12.56,12.68,48476492.0,615152832.0,17666130885.0,0.0027440355964508637
2329,2012-02-16,12.7,12.8,12.6,12.64,48574036.0,615539008.0,17666130885.0,0.0027495571223942056
2330,2012-02-17,12.77,12.78,12.66,12.71,27399852.0,348684576.0,17666130885.0,0.0015509820559104276
2331,2012-02-20,12.94,12.95,12.68,12.69,49654692.0,635441472.0,17666130885.0,0.0028107281850923522
2332,2012-02-21,12.71,12.83,12.64,12.75,38936416.0,496018016.0,17666130885.0,0.0022040149172142852
2333,2012-02-22,12.8,12.8,12.62,12.78,65585852.0,833270400.0,17666130885.0,0.003712519307534837
2334,2012-02-23,12.78,12.78,12.67,12.71,65599268.0,833923584.0,17666130885.0,0.0037132787267923606
2335,2012-02-24,12.71,12.89,12.65,12.88,89662440.0,1143936256.0,17666130885.0,0.005075386375413464
2336,2012-02-27,12.9,13.02,12.8,12.82,88034296.0,1135169280.0,17666130885.0,0.004983224486055878
2337,2012-02-28,12.85,13.02,12.84,12.94,93061008.0,1203983360.0,17666130885.0,0.0052677639832849005
2338,2012-02-29,12.93,12.98,12.83,12.87,52017312.0,671363072.0,17666130885.0,0.002944465448524837
2339,2012-03-01,12.85,12.96,12.85,12.91,28275484.0,365423552.0,17666130885.0,0.0016005476345705223
2340,2012-03-02,12.91,13.06,12.87,13.04,60713472.0,788822656.0,17666130885.0,0.003436715848830869
2341,2012-03-05,13.02,13.07,12.84,12.87,71204160.0,922752704.0,17666130885.0,0.004030546386388329
2342,2012-03-06,12.85,12.85,12.55,12.58,77847496.0,985947648.0,17666130885.0,0.004406595677726974
2343,2012-03-07,12.51,12.59,12.4,12.41,54436608.0,680404672.0,17666130885.0,0.0030814108847241227
2344,2012-03-08,12.46,12.57,12.4,12.46,51348544.0,640558272.0,17666130885.0,0.002906609508004899
2345,2012-03-09,12.51,12.56,12.41,12.51,50386244.0,629237248.0,17666130885.0,0.002852138044713688
2346,2012-03-12,12.48,12.51,12.27,12.35,70869696.0,875848128.0,17666130885.0,0.004011613887689138
2347,2012-03-13,12.35,12.51,12.33,12.47,46724500.0,581687616.0,17666130885.0,0.002644863230333754
2348,2012-03-14,12.56,12.65,12.24,12.31,95593640.0,1191708544.0,17666130885.0,0.005411124859329944
2349,2012-03-15,12.32,12.45,12.19,12.22,57476752.0,709688384.0,17666130885.0,0.0032534997263493895
2350,2012-03-16,12.25,12.32,12.09,12.22,54969380.0,669730880.0,17666130885.0,0.0031115687049886815
2351,2012-03-19,12.22,12.22,12.04,12.13,54367340.0,659192768.0,17666130885.0,0.0030774899356237843
2352,2012-03-20,12.1,12.17,11.97,12.02,54458748.0,655607040.0,17666130885.0,0.0030826641302788014
2353,2012-03-21,12.09,12.1,11.93,12.0,44544964.0,534595712.0,17666130885.0,0.002521489526482697
2354,2012-03-22,12.0,12.2,11.94,12.05,36292536.0,437511552.0,17666130885.0,0.002054356793587177
2355,2012-03-23,12.01,12.08,11.96,12.05,31958564.0,384506336.0,17666130885.0,0.001809030183690955
2356,2012-03-26,12.07,12.16,12.01,12.09,41347180.0,500165888.0,17666130885.0,0.0023404773953705485
2357,2012-03-27,12.12,12.16,12.01,12.03,28724476.0,346579584.0,17666130885.0,0.0016259630468598784
2358,2012-03-28,12.04,12.08,11.78,11.8,42069692.0,501731392.0,17666130885.0,0.0023813755413598023
2359,2012-03-29,11.81,11.95,11.78,11.82,51308344.0,608219840.0,17666130885.0,0.0029043339672958617
2360,2012-03-30,11.82,11.93,11.78,11.9,39187876.0,465360704.0,17666130885.0,0.002218248933798726
2361,2012-04-05,11.85,11.95,11.56,11.84,57405900.0,676640960.0,17666130885.0,0.0032494891141524565
2362,2012-04-06,11.83,11.87,11.7,11.81,46468360.0,546424000.0,17666130885.0,0.002630364300054828
2363,2012-04-09,11.74,11.78,11.61,11.68,25074588.0,293312096.0,17666130885.0,0.0014193593471726392
2364,2012-04-10,11.7,11.86,11.66,11.83,29250720.0,343351776.0,17666130885.0,0.001655751346483925
2365,2012-04-11,11.75,11.89,11.7,11.77,41559168.0,489513056.0,17666130885.0,0.002352477080042872
2366,2012-04-12,11.78,12.02,11.67,12.01,64752612.0,768293184.0,17666130885.0,0.0036653533488184616
2367,2012-04-13,12.01,12.12,11.93,12.0,45910104.0,551302528.0,17666130885.0,0.002598763945476112
2368,2012-04-16,11.96,12.02,11.88,11.92,25471380.0,304097728.0,17666130885.0,0.0014418199528696632
2369,2012-04-17,11.9,11.95,11.82,11.85,22383408.0,265972784.0,17666130885.0,0.0012670237838555446
2370,2012-04-18,11.89,12.02,11.81,12.01,45899848.0,549010560.0,17666130885.0,0.0025981833995678562
2371,2012-04-19,12.0,12.0,11.91,11.96,45691192.0,546431744.0,17666130885.0,0.002586372324389127
2372,2012-04-20,11.93,12.24,11.92,12.19,92190480.0,1117374080.0,17666130885.0,0.005218487319047167
2373,2012-04-23,12.19,12.24,12.06,12.1,38660792.0,469866496.0,17666130885.0,0.0021884130855628495
2374,2012-04-24,12.1,12.55,12.08,12.3,95110504.0,1172356224.0,17666130885.0,0.005383776709180653
2375,2012-04-25,12.27,12.4,12.22,12.27,51512920.0,633930880.0,17666130885.0,0.0029159140920742704
2376,2012-04-26,12.31,12.36,12.12,12.22,36400008.0,445601888.0,17666130885.0,0.002060440298837965
2377,2012-04-27,12.29,12.37,12.13,12.2,35413880.0,432485760.0,17666130885.0,0.002004620039924492
2378,2012-05-02,12.35,12.48,12.3,12.4,71651376.0,887759040.0,17666130885.0,0.0040558612673269575
2379,2012-05-03,12.41,12.44,12.28,12.35,45998852.0,567916032.0,17666130885.0,0.0026037875695269987
2380,2012-05-04,12.35,12.47,12.22,12.41,62054760.0,766768128.0,17666130885.0,0.0035126401136702547
2381,2012-05-07,12.31,12.45,12.3,12.42,64377120.0,795713536.0,17666130885.0,0.003644098440064286
2382,2012-05-08,12.4,12.45,12.28,12.37,62407888.0,772462400.0,17666130885.0,0.0035326290972399303
2383,2012-05-09,12.29,12.29,12.07,12.12,76685776.0,933525568.0,17666130885.0,0.00434083594756521
2384,2012-05-10,12.19,12.19,12.01,12.11,51752024.0,625641728.0,17666130885.0,0.002929448691220879
2385,2012-05-11,12.07,12.16,12.01,12.02,35395384.0,427334208.0,17666130885.0,0.0020035730647763737
2386,2012-05-14,12.13,12.16,11.84,11.89,67202720.0,804800576.0,17666130885.0,0.003804042913384087
2387,2012-05-15,11.85,11.89,11.77,11.84,55255360.0,653203840.0,17666130885.0,0.0031277567430974007
2388,2012-05-16,11.82,11.84,11.65,11.67,64746524.0,758737344.0,17666130885.0,0.0036650087345936697
2389,2012-05-17,11.7,11.83,11.66,11.79,42466888.0,498658784.0,17666130885.0,0.002403859015674897
2390,2012-05-18,11.72,11.72,11.53,11.56,68483832.0,794050304.0,17666130885.0,0.0038765608862407113
2391,2012-05-21,11.58,11.67,11.53,11.64,46862804.0,544058560.0,17666130885.0,0.002652691996060687
2392,2012-05-22,11.68,11.83,11.65,11.81,41172980.0,484634944.0,17666130885.0,0.0023306167189647196
2393,2012-05-23,11.79,11.82,11.7,11.74,38223072.0,449537344.0,17666130885.0,0.002163635730359868
2394,2012-05-24,11.73,11.81,11.61,11.63,46652780.0,547128960.0,17666130885.0,0.0026408034845712626
2395,2012-05-25,11.65,11.68,11.58,11.61,30231104.0,350720896.0,17666130885.0,0.0017112464634612605
2396,2012-05-28,11.62,11.68,11.54,11.67,59127180.0,686073344.0,17666130885.0,0.003346923012452254
2397,2012-05-29,11.66,11.81,11.59,11.78,61386996.0,718537024.0,17666130885.0,0.0034748410050625526
2398,2012-05-31,11.55,11.68,11.55,11.66,74554352.0,865981376.0,17666130885.0,0.004220185647062243
2399,2012-06-01,11.7,11.73,11.61,11.67,59686816.0,696135360.0,17666130885.0,0.0033786014826075483
2400,2012-06-04,11.57,11.57,11.37,11.4,77398720.0,887681088.0,17666130885.0,0.004381192492223517
2401,2012-06-05,11.43,11.61,11.38,11.54,62811448.0,722339072.0,17666130885.0,0.0035554728088951324
2402,2012-06-06,11.55,11.71,11.55,11.68,68970152.0,803030016.0,17666130885.0,0.003904089268271036
2403,2012-06-07,11.42,11.42,11.24,11.25,48697204.0,550110912.0,17666130885.0,0.0027565291074203428
2404,2012-06-08,11.18,11.18,10.86,10.92,106658264.0,1167267840.0,17666130885.0,0.006037443325553625
2405,2012-06-11,10.93,10.99,10.85,10.95,34551784.0,377823776.0,17666130885.0,0.0019558206731807534
2406,2012-06-12,10.92,10.92,10.71,10.81,47223604.0,510228256.0,17666130885.0,0.0026731152569517487
2407,2012-06-13,10.85,10.95,10.79,10.89,38013212.0,413336544.0,17666130885.0,0.0021517565021708486
2408,2012-06-14,10.85,10.91,10.77,10.86,43619884.0,472733952.0,17666130885.0,0.002469124919539506
2409,2012-06-15,10.87,11.17,10.86,11.05,50297608.0,554896384.0,17666130885.0,0.0028471207604777123
2410,2012-06-18,11.15,11.15,11.02,11.05,26305040.0,291047328.0,17666130885.0,0.0014890096858919542
2411,2012-06-19,11.04,11.12,10.95,10.99,33400224.0,368734240.0,17666130885.0,0.0018906360548001794
2412,2012-06-20,11.04,11.12,10.97,11.03,27268924.0,301067904.0,17666130885.0,0.0015435708122797597
2413,2012-06-21,11.03,11.03,10.86,10.9,23749956.0,259603776.0,17666130885.0,0.0013443779033792663
2414,2012-06-25,10.89,11.05,10.87,10.99,54425436.0,598573056.0,17666130885.0,0.0030807784881867755
2415,2012-06-26,10.97,11.06,10.95,10.99,44724940.0,491873024.0,17666130885.0,0.0025316771562003517
2416,2012-06-27,10.96,11.0,10.87,10.89,29439688.0,321260672.0,17666130885.0,0.001666447972770128
2417,2012-06-28,10.91,10.95,10.81,10.82,33836488.0,368182336.0,17666130885.0,0.0019153309924093205
2418,2012-06-29,10.83,11.0,10.78,10.92,38125964.0,414959840.0,17666130885.0,0.002158138884410286
2419,2012-07-02,10.96,10.96,10.79,10.85,35434996.0,384038144.0,17666130885.0,0.0020058153214571298
2420,2012-07-03,10.85,10.99,10.81,10.89,31607868.0,344822240.0,17666130885.0,0.0017891788646736272
2421,2012-07-04,10.93,11.0,10.88,10.93,25727176.0,281476896.0,17666130885.0,0.001456299410859935
2422,2012-07-05,10.91,10.95,10.8,10.85,29503142.0,320276256.0,17666130885.0,0.0016700398175500102
2423,2012-07-06,10.61,10.64,10.46,10.57,121860232.0,1284039808.0,17666130885.0,0.006897958177331821
2424,2012-07-09,10.52,10.52,10.02,10.15,134789520.0,1380906496.0,17666130885.0,0.007629826863472828
2425,2012-07-10,10.14,10.2,10.07,10.16,47869636.0,485118752.0,17666130885.0,0.0027096842150448044
2426,2012-07-11,10.15,10.16,9.98,10.06,50451464.0,507063584.0,17666130885.0,0.0028558298547893953
2427,2012-07-12,10.06,10.13,9.89,10.09,81043608.0,809607616.0,17666130885.0,0.004587513164459383
2428,2012-07-13,10.07,10.23,10.0,10.17,46206288.0,468712544.0,17666130885.0,0.002615529586007593
2429,2012-07-16,10.19,10.27,10.06,10.08,45861208.0,465617632.0,17666130885.0,0.002595996163423647
2430,2012-07-17,10.08,10.18,10.07,10.17,29134030.0,295683232.0,17666130885.0,0.0016491460518237861
2431,2012-07-18,10.18,10.18,10.01,10.11,34429184.0,346515680.0,17666130885.0,0.0019488808400730923
2432,2012-07-19,10.11,10.15,10.04,10.1,44505824.0,449753600.0,17666130885.0,0.0025192739875933507
2433,2012-07-20,10.09,10.1,9.96,9.99,48634284.0,486155936.0,17666130885.0,0.0027529674899722674
2434,2012-07-23,9.94,9.94,9.59,9.69,78708704.0,763923584.0,17666130885.0,0.0044553447787953485
2435,2012-07-24,9.64,9.71,9.54,9.59,59762140.0,574182464.0,17666130885.0,0.0033828652345569894
2436,2012-07-25,9.57,9.65,9.54,9.58,29141798.0,279943232.0,17666130885.0,0.001649585763272239
2437,2012-07-26,9.59,9.67,9.57,9.59,29695836.0,285606208.0,17666130885.0,0.0016809473558929765
2438,2012-07-27,9.62,9.86,9.62,9.75,53176024.0,518372384.0,17666130885.0,0.0030100549093718546
2439,2012-07-30,9.8,9.92,9.75,9.81,41689292.0,409827968.0,17666130885.0,0.0023598428128593593
2440,2012-07-31,9.85,9.97,9.84,9.92,41597060.0,412950976.0,17666130885.0,0.002354621975280356
2441,2012-08-01,9.92,10.0,9.86,9.97,47866224.0,475037536.0,17666130885.0,0.0027094910771119874
2442,2012-08-02,9.96,10.07,9.93,10.01,41041272.0,410615264.0,17666130885.0,0.0023231613230516378
2443,2012-08-03,10.02,10.06,9.97,10.0,25274256.0,252693200.0,17666130885.0,0.0014306616522047804
2444,2012-08-06,10.0,10.07,9.98,10.01,30987052.0,310238144.0,17666130885.0,0.001754037270623335
2445,2012-08-07,10.01,10.05,9.98,10.0,24008548.0,240145152.0,17666130885.0,0.0013590156303203457
2446,2012-08-08,10.01,10.09,10.01,10.07,28736016.0,289243520.0,17666130885.0,0.0016266162742176469
2447,2012-08-09,10.1,10.1,10.0,10.08,19473828.0,195833152.0,17666130885.0,0.0011023255814624855
2448,2012-08-10,10.1,10.2,10.09,10.17,27065384.0,275363360.0,17666130885.0,0.0015320493307892755
2449,2012-08-13,10.14,10.2,10.11,10.15,38715292.0,393494016.0,17666130885.0,0.0021914980847828128
2450,2012-08-14,10.17,10.24,10.13,10.17,31553216.0,321051648.0,17666130885.0,0.0017860852614191417
2451,2012-08-15,10.17,10.19,9.93,9.94,39470372.0,394577952.0,17666130885.0,0.002234239758379329
2452,2012-08-16,9.89,9.97,9.85,9.92,19271916.0,190896624.0,17666130885.0,0.0010908962537101684
2453,2012-08-17,9.92,10.05,9.91,10.02,22324064.0,223357072.0,17666130885.0,0.001263664587640691
2454,2012-08-20,9.93,10.02,9.82,9.88,25097468.0,247692960.0,17666130885.0,0.0014206544807901212
2455,2012-08-21,9.89,9.94,9.78,9.81,36439232.0,358531808.0,17666130885.0,0.0020626605925884943
2456,2012-08-22,9.83,9.9,9.81,9.89,33324352.0,328191872.0,17666130885.0,0.0018863412830420678
2457,2012-08-23,9.9,9.97,9.85,9.94,36770364.0,365020416.0,17666130885.0,0.0020814044817940905
2458,2012-08-24,9.88,9.99,9.87,9.92,32882966.0,327024448.0,17666130885.0,0.0018613564121117401
2459,2012-08-27,9.91,9.94,9.79,9.86,29524572.0,291275744.0,17666130885.0,0.001671252873206594
2460,2012-08-28,9.84,10.07,9.81,10.01,33101508.0,329951808.0,17666130885.0,0.0018737270891673234
2461,2012-08-29,10.0,10.05,9.98,10.02,25836174.0,258866512.0,17666130885.0,0.0014624692960888816
2462,2012-08-30,9.9,10.15,9.9,10.13,40629376.0,410070208.0,17666130885.0,0.002299845748029507
2463,2012-08-31,10.13,10.19,10.07,10.08,29287124.0,297407360.0,17666130885.0,0.0016578120127518799
2464,2012-09-03,10.06,10.12,10.0,10.01,37329440.0,374981792.0,17666130885.0,0.0021130512528748312
2465,2012-09-04,10.01,10.02,9.8,9.84,43905128.0,434354560.0,17666130885.0,0.0024852712960073825
2466,2012-09-05,9.84,9.84,9.57,9.71,62754360.0,606649280.0,17666130885.0,0.003552241314666338
2467,2012-09-06,9.67,9.74,9.63,9.73,39391304.0,381180128.0,17666130885.0,0.0022297640754743
2468,2012-09-07,9.76,10.18,9.76,10.16,94580848.0,948096832.0,17666130885.0,0.00535379527162379
2469,2012-09-10,10.13,10.19,10.02,10.1,53268228.0,537083136.0,17666130885.0,0.0030152741619971306
2470,2012-09-11,10.08,10.12,10.0,10.12,34448600.0,346408416.0,17666130885.0,0.0019499798922722631
2471,2012-09-12,10.15,10.22,10.03,10.12,33366528.0,338007616.0,17666130885.0,0.0018887286761998876
2472,2012-09-13,10.11,10.2,10.01,10.12,42635812.0,431742848.0,17666130885.0,0.0024134210415140372
2473,2012-09-14,10.15,10.33,10.14,10.25,57192156.0,585483264.0,17666130885.0,0.0032373900302392106
2474,2012-09-17,10.25,10.26,10.11,10.13,47185016.0,480998592.0,17666130885.0,0.002670930964293034
2475,2012-09-18,10.1,10.1,9.96,9.99,30412408.0,305847744.0,17666130885.0,0.0017215092652699997
2476,2012-09-19,9.98,9.99,9.83,9.87,36585952.0,362159968.0,17666130885.0,0.002070965750121578
2477,2012-09-20,9.87,9.9,9.72,9.74,31522856.0,309091424.0,17666130885.0,0.001784366718734406
2478,2012-09-21,9.74,9.87,9.68,9.81,33379500.0,327072224.0,17666130885.0,0.0018894629626197293
2479,2012-09-24,9.75,9.91,9.7,9.86,33853748.0,331137632.0,17666130885.0,0.0019163080031714597
2480,2012-09-25,9.86,9.89,9.8,9.87,18479084.0,181896720.0,17666130885.0,0.001046017609644807
2481,2012-09-26,9.86,9.91,9.75,9.75,32514268.0,319732160.0,17666130885.0,0.00184048608105849
2482,2012-09-27,9.8,10.18,9.76,10.08,50505900.0,505686112.0,17666130885.0,0.002858911231257981
2483,2012-09-28,10.01,10.18,9.91,10.16,38923064.0,392264640.0,17666130885.0,0.002203259120708139
2484,2012-10-08,10.15,10.35,10.11,10.17,33008416.0,337697952.0,17666130885.0,0.0018684575708666838
2485,2012-10-09,10.28,10.37,10.2,10.29,43262376.0,446295744.0,17666130885.0,0.0024488880039224277
2486,2012-10-10,10.29,10.29,10.18,10.21,23361348.0,238821184.0,17666130885.0,0.0013223805570146494
2487,2012-10-11,10.19,10.24,10.1,10.2,24139416.0,245864848.0,17666130885.0,0.0013664234776215969
2488,2012-10-12,10.25,10.39,10.23,10.36,40072716.0,414289792.0,17666130885.0,0.0022683357358132695
2489,2012-10-15,10.37,10.38,10.23,10.31,16006440.0,164776432.0,17666130885.0,0.0009060523837503539
2490,2012-10-16,10.29,10.38,10.21,10.31,22984284.0,236742800.0,17666130885.0,0.001301036664429762
2491,2012-10-17,10.32,10.4,10.26,10.36,29565374.0,305863200.0,17666130885.0,0.0016735624904207767
2492,2012-10-18,10.43,10.54,10.36,10.49,37542684.0,393179680.0,17666130885.0,0.0021251220340429396
2493,2012-10-19,10.5,10.5,10.4,10.44,23865012.0,249625616.0,17666130885.0,0.0013508907046682961
2494,2012-10-22,10.37,10.55,10.36,10.51,28758212.0,301265376.0,17666130885.0,0.001627872689679781
2495,2012-10-23,10.51,10.6,10.43,10.45,26894888.0,283013792.0,17666130885.0,0.0015223983211194237
2496,2012-10-24,10.4,10.49,10.4,10.46,21624868.0,226046400.0,17666130885.0,0.0012240862552626785
2497,2012-10-25,10.43,10.49,10.35,10.37,19555764.0,203931728.0,17666130885.0,0.001106963608913622
2498,2012-10-26,10.37,10.43,10.19,10.28,24669424.0,253283840.0,17666130885.0,0.0013964248403110367
2499,2012-10-29,10.25,10.27,10.04,10.12,22386478.0,227127312.0,17666130885.0,0.0012671975627106874
2500,2012-10-30,10.13,10.24,10.0,10.07,30836096.0,310546560.0,17666130885.0,0.0017454923322334482
2501,2012-10-31,10.05,10.11,10.04,10.08,20997492.0,211535312.0,17666130885.0,0.0011885733291961851
2502,2012-11-01,10.08,10.4,10.08,10.3,42058916.0,432036384.0,17666130885.0,0.002380765560596604
2503,2012-11-02,10.28,10.39,10.25,10.37,28451332.0,293882464.0,17666130885.0,0.0016105015968243235
2504,2012-11-05,10.37,10.49,10.32,10.42,26262182.0,273345088.0,17666130885.0,0.001486583687789767
2505,2012-11-06,10.43,10.47,10.22,10.38,25616912.0,264401792.0,17666130885.0,0.0014500578630803006
2506,2012-11-07,10.38,10.38,10.26,10.34,16517277.0,170413968.0,17666130885.0,0.0009349685625857401
2507,2012-11-08,10.28,10.32,10.18,10.18,18380784.0,188188304.0,17666130885.0,0.0010404532899508177
2508,2012-11-09,10.17,10.25,10.16,10.21,21043504.0,214755728.0,17666130885.0,0.0011911778610146984
2509,2012-11-12,10.25,10.29,10.2,10.26,25317440.0,259350032.0,17666130885.0,0.0014331061036967972
2510,2012-11-13,10.26,10.27,10.04,10.06,19644728.0,198705312.0,17666130885.0,0.0011119994597504081
2511,2012-11-14,10.06,10.11,10.04,10.08,15939907.0,160559552.0,17666130885.0,0.0009022862506659165
2512,2012-11-15,10.05,10.09,10.01,10.02,15095665.0,151500496.0,17666130885.0,0.0008544975183455401
2513,2012-11-16,10.0,10.07,9.9,9.96,21561266.0,214485152.0,17666130885.0,0.0012204860328702358
2514,2012-11-19,9.96,9.98,9.89,9.92,17315196.0,171846496.0,17666130885.0,0.0009801351587801282
2515,2012-11-20,9.95,10.02,9.79,9.83,21542000.0,212747664.0,17666130885.0,0.0012193954714946062
2516,2012-11-21,9.83,9.94,9.81,9.93,22234440.0,219330192.0,17666130885.0,0.0012585913771803237
2517,2012-11-22,9.9,9.93,9.86,9.9,15471082.0,153066800.0,17666130885.0,0.0008757481816879452
2518,2012-11-23,9.94,10.05,9.89,10.03,28382848.0,283347360.0,17666130885.0,0.0016066250264283606
2519,2012-11-26,9.98,10.02,9.94,9.99,18615218.0,185783024.0,17666130885.0,0.0010537235414578442
2520,2012-11-27,9.97,10.05,9.96,9.97,31331198.0,313271104.0,17666130885.0,0.0017735178236793641
2521,2012-11-28,9.97,10.02,9.95,9.97,28175960.0,281582432.0,17666130885.0,0.001594914029756437
2522,2012-11-29,9.99,10.04,9.97,9.98,18213096.0,182095456.0,17666130885.0,0.001030961228497657
2523,2012-11-30,9.98,10.05,9.9,10.02,31279090.0,312092096.0,17666130885.0,0.0017705682247921373
2524,2012-12-03,10.01,10.02,9.83,9.91,35031520.0,347109888.0,17666130885.0,0.0019829763646631105
2525,2012-12-04,9.91,10.01,9.9,9.98,23933388.0,238259792.0,17666130885.0,0.0013547611616713095
2526,2012-12-05,10.0,10.45,9.97,10.41,108218768.0,1117951104.0,17666130885.0,0.006125776419549039
2527,2012-12-06,10.4,10.56,10.38,10.45,65843848.0,689223040.0,17666130885.0,0.003727123297603713
2528,2012-12-07,10.46,10.83,10.44,10.8,111933472.0,1198461184.0,17666130885.0,0.006336049060693914
2529,2012-12-10,10.85,11.08,10.75,10.97,119013336.0,1301157120.0,17666130885.0,0.006736808233491133
2530,2012-12-11,10.97,11.06,10.89,10.99,70145024.0,770027840.0,17666130885.0,0.003970593473840891
2531,2012-12-12,10.99,11.21,10.96,11.05,67726904.0,751240832.0,17666130885.0,0.003833714605698168
2532,2012-12-13,11.03,11.06,10.85,10.87,55584052.0,609383936.0,17666130885.0,0.003146362514906727
2533,2012-12-14,10.93,11.75,10.92,11.7,165003968.0,1884483328.0,17666130885.0,0.009340130505888075
2534,2012-12-17,11.75,11.94,11.63,11.71,114367592.0,1345018112.0,17666130885.0,0.00647383361668103
2535,2012-12-18,11.68,12.08,11.63,11.85,123379960.0,1469876864.0,17666130885.0,0.006983983125855801
2536,2012-12-19,11.85,12.05,11.8,11.88,95351144.0,1140126080.0,17666130885.0,0.005397398254360324
2537,2012-12-20,11.8,12.08,11.8,12.0,82884416.0,988481600.0,17666130885.0,0.0046917130038007186
2538,2012-12-21,12.02,12.06,11.87,11.9,76221360.0,913082880.0,17666130885.0,0.00431454745219386
2539,2012-12-24,11.95,12.41,11.92,12.26,109565552.0,1345537408.0,17666130885.0,0.0062020117881629745
2540,2012-12-25,12.22,12.95,12.22,12.77,132992448.0,1679327744.0,17666130885.0,0.007528102721854141
2541,2012-12-26,12.76,12.94,12.69,12.79,87817696.0,1127460736.0,17666130885.0,0.004970963736862408
2542,2012-12-27,12.85,13.02,12.59,12.61,86279792.0,1106929152.0,17666130885.0,0.004883909926947198
2543,2012-12-28,12.63,12.98,12.62,12.96,84917360.0,1091049728.0,17666130885.0,0.004806788795621447
2544,2012-12-31,12.96,13.8,12.96,13.75,153712032.0,2060790784.0,17666130885.0,0.008700944932459103
2545,2013-01-04,13.82,13.97,13.35,13.53,150033648.0,2039552896.0,17666130885.0,0.008492728202721
2546,2013-01-07,13.5,13.83,13.3,13.6,99469544.0,1349911808.0,17666130885.0,0.005630522305507079
2547,2013-01-08,13.65,13.83,13.33,13.59,103335616.0,1404489472.0,17666130885.0,0.005849363206503833
2548,2013-01-09,13.46,13.62,13.31,13.5,96559072.0,1302109184.0,17666130885.0,0.005465773611016694
2549,2013-01-10,13.5,13.7,13.37,13.54,89269432.0,1212029440.0,17666130885.0,0.005053139964891639
2550,2013-01-11,13.53,13.64,13.16,13.28,92040120.0,1237367168.0,17666130885.0,0.005209976117529483
2551,2013-01-14,13.17,13.97,13.17,13.84,157865888.0,2160111360.0,17666130885.0,0.008936075987869033
2552,2013-01-15,13.8,13.88,13.62,13.79,106719960.0,1469440896.0,17666130885.0,0.006040935657881604
2553,2013-01-16,13.75,13.82,13.34,13.52,90299888.0,1231280256.0,17666130885.0,0.005111469431978002
2554,2013-01-17,13.53,13.54,13.19,13.22,117049832.0,1558604672.0,17666130885.0,0.00662566312691507
2555,2013-01-18,13.36,13.5,13.21,13.37,110808832.0,1480397184.0,17666130885.0,0.0062723882621115315
2556,2013-01-21,13.42,13.7,13.31,13.57,114885952.0,1552341632.0,17666130885.0,0.006503175638619752
2557,2013-01-22,13.57,14.09,13.39,14.0,175753488.0,2425268480.0,17666130885.0,0.009948612355704281
2558,2013-01-23,13.9,14.11,13.75,14.0,89490096.0,1246132608.0,17666130885.0,0.005065630758797585
2559,2013-01-24,14.0,14.5,13.55,13.67,196485216.0,2756418048.0,17666130885.0,0.011122141983383137
2560,2013-01-25,13.74,13.83,13.42,13.47,90587120.0,1229494784.0,17666130885.0,0.005127728340160545
2561,2013-01-28,13.5,14.34,13.5,14.18,151705856.0,2131062272.0,17666130885.0,0.008587384356402045
2562,2013-01-29,14.19,14.8,14.04,14.6,190625568.0,2746660096.0,17666130885.0,0.010790453735506782
2563,2013-01-30,14.61,14.64,14.2,14.38,127814352.0,1836901376.0,17666130885.0,0.007234994059085394
2564,2013-01-31,14.43,14.49,14.03,14.3,116264672.0,1653013120.0,17666130885.0,0.006581218760171096
2565,2013-02-01,14.2,14.84,14.15,14.78,168931696.0,2451809536.0,17666130885.0,0.009562461474993199
2566,2013-02-04,14.77,15.01,14.46,14.57,165969008.0,2448320768.0,17666130885.0,0.009394757068222638
2567,2013-02-05,14.4,14.54,14.21,14.4,121449784.0,1743222912.0,17666130885.0,0.006874724567059608
2568,2013-02-06,14.4,14.52,14.13,14.37,93528960.0,1337984896.0,17666130885.0,0.0052942526356698615
2569,2013-02-07,14.37,14.37,13.71,14.14,162817792.0,2287383296.0,17666130885.0,0.009216380941581595
2570,2013-02-08,14.08,14.18,13.86,14.04,93929728.0,1319909376.0,17666130885.0,0.005316938304796217
2571,2013-02-18,14.13,14.27,13.87,13.95,86439408.0,1215568512.0,17666130885.0,0.004892945068882863
2572,2013-02-19,13.92,14.06,13.72,13.83,80257520.0,1115544704.0,17666130885.0,0.004543016267820434
2573,2013-02-20,13.86,13.91,13.43,13.84,110823616.0,1509286656.0,17666130885.0,0.006273225117679751
2574,2013-02-21,13.66,13.68,12.95,13.38,130621608.0,1735828992.0,17666130885.0,0.007393900161291599
2575,2013-02-22,13.35,13.38,13.0,13.07,81360032.0,1071160064.0,17666130885.0,0.004605424500114022
2576,2013-02-25,13.15,13.26,12.99,13.04,70980504.0,929263424.0,17666130885.0,0.0040178862288554815
2577,2013-02-26,12.89,13.28,12.65,12.71,225425392.0,2929255168.0,17666130885.0,0.012760314834495239
2578,2013-02-27,12.76,13.0,12.58,12.84,144114992.0,1843217536.0,17666130885.0,0.008157699778074524
2579,2013-02-28,12.9,13.32,12.78,13.3,169686192.0,2213328384.0,17666130885.0,0.009605170090983394
2580,2013-03-01,13.3,13.37,12.81,13.07,127952680.0,1676102144.0,17666130885.0,0.0072428241833440935
2581,2013-03-04,12.85,13.0,12.17,12.27,174787312.0,2202215936.0,17666130885.0,0.009893921489532767
2582,2013-03-05,12.33,13.47,12.33,13.36,217489120.0,2799557376.0,17666130885.0,0.012311078266982963
2583,2013-03-06,13.37,13.6,13.14,13.45,152953408.0,2050199168.0,17666130885.0,0.008658002649005054
2584,2013-03-07,13.37,13.37,12.99,13.11,88818960.0,1171202304.0,17666130885.0,0.005027640776476677
2585,2013-03-08,13.15,13.48,12.93,13.33,92994368.0,1230262784.0,17666130885.0,0.005263991793413004
2586,2013-03-11,13.21,13.23,12.96,13.12,48343688.0,634664576.0,17666130885.0,0.002736518160920441
2587,2013-03-12,13.12,13.3,12.75,12.9,69609904.0,906390208.0,17666130885.0,0.003940302743885168
2588,2013-03-13,12.9,13.03,12.6,12.67,65982796.0,843335616.0,17666130885.0,0.003734988517266383
2589,2013-03-14,12.64,12.88,12.55,12.67,47569824.0,603558016.0,17666130885.0,0.0026927132097946077
2590,2013-03-15,12.68,13.19,12.44,12.57,136157296.0,1735409920.0,17666130885.0,0.007707250494538607
2591,2013-03-18,12.48,12.7,12.4,12.48,65953712.0,827700032.0,17666130885.0,0.0037333422031872376
2592,2013-03-19,12.45,12.67,12.45,12.6,54739580.0,686425536.0,17666130885.0,0.0030985607633235873
2593,2013-03-20,12.63,13.17,12.61,13.14,134323328.0,1745000320.0,17666130885.0,0.00760343783675075
2594,2013-03-21,13.14,13.22,13.06,13.13,64556356.0,848701312.0,17666130885.0,0.003654244181719137
2595,2013-03-22,13.19,13.25,13.05,13.13,44108736.0,579895296.0,17666130885.0,0.0024967966266712057
2596,2013-03-25,13.2,13.28,12.94,12.98,55900140.0,730187072.0,17666130885.0,0.0031642548311166326
2597,2013-03-26,12.9,12.95,12.58,12.69,61902648.0,786734144.0,17666130885.0,0.003504029739333611
2598,2013-03-27,12.66,12.92,12.66,12.77,45729312.0,584254912.0,17666130885.0,0.0025885301256783934
2599,2013-03-28,12.4,12.4,11.7,12.13,126617152.0,1535552256.0,17666130885.0,0.007167225966128689
2600,2013-03-29,12.19,12.74,12.12,12.63,102332904.0,1272875648.0,17666130885.0,0.005792604202139647
2601,2013-04-01,12.49,12.61,12.34,12.4,41277652.0,513973440.0,17666130885.0,0.0023365417288427385
2602,2013-04-02,12.48,12.75,12.37,12.56,55765380.0,700652096.0,17666130885.0,0.0031566266752472327
2603,2013-04-03,12.6,12.98,12.58,12.79,63290888.0,808928704.0,17666130885.0,0.003582611745152368
2604,2013-04-08,12.44,12.69,12.4,12.61,51753968.0,650242816.0,17666130885.0,0.002929558732293973
2605,2013-04-09,12.69,12.78,12.51,12.59,48341348.0,611102720.0,17666130885.0,0.002736385704073198
2606,2013-04-10,12.58,12.65,12.38,12.44,30295476.0,377830464.0,17666130885.0,0.0017148902720812147
2607,2013-04-11,12.56,12.64,12.36,12.39,33431484.0,416800096.0,17666130885.0,0.0018924055424261621
2608,2013-04-12,12.39,12.46,12.26,12.28,28710372.0,354460000.0,17666130885.0,0.001625164683025046
2609,2013-04-15,12.3,12.4,12.19,12.25,33325316.0,408924576.0,17666130885.0,0.0018863958507346925
2610,2013-04-16,12.2,12.4,12.14,12.35,55597508.0,681018176.0,17666130885.0,0.0031471241983838613
2611,2013-04-17,12.33,12.35,12.1,12.16,43182872.0,525913408.0,17666130885.0,0.002444387641023639
2612,2013-04-18,12.05,12.3,12.01,12.16,57567756.0,697392896.0,17666130885.0,0.0032586510523863357
2613,2013-04-19,12.21,12.84,12.15,12.62,159685248.0,1988992512.0,17666130885.0,0.009039061752654958
2614,2013-04-22,12.53,12.64,12.52,12.59,59032936.0,742446976.0,17666130885.0,0.003341588284626818
2615,2013-04-23,12.65,12.65,12.05,12.14,85782680.0,1047585600.0,17666130885.0,0.004855770658465831
2616,2013-04-24,12.15,12.45,12.08,12.3,50028544.0,612410048.0,17666130885.0,0.0028318902608424775
2617,2013-04-25,12.24,12.35,12.08,12.22,49654384.0,605731456.0,17666130885.0,0.0028107107506013477
2618,2013-04-26,12.28,12.34,12.11,12.15,33018250.0,403023200.0,17666130885.0,0.001869014229258044
2619,2013-05-02,12.1,12.12,11.95,12.1,46973420.0,565173888.0,17666130885.0,0.0026589534689728978
2620,2013-05-03,12.16,12.55,12.12,12.35,68956536.0,855915328.0,17666130885.0,0.0039033185279154577
2621,2013-05-06,12.4,12.65,12.38,12.53,50270560.0,630075264.0,17666130885.0,0.002845589695176766
2622,2013-05-07,12.47,12.53,12.38,12.49,36789008.0,458536448.0,17666130885.0,0.002082459834554769
2623,2013-05-08,12.48,12.65,12.44,12.5,54553572.0,683945984.0,17666130885.0,0.0030880316892885964
2624,2013-05-09,12.54,12.58,12.24,12.33,44652236.0,553251648.0,17666130885.0,0.0025275617106354296
2625,2013-05-10,12.4,12.78,12.37,12.75,97604080.0,1232382720.0,17666130885.0,0.005524926801197533
2626,2013-05-13,12.74,13.21,12.59,13.19,174515136.0,2271013376.0,17666130885.0,0.009878514833611797
2627,2013-05-14,13.18,13.36,13.1,13.33,152786048.0,2025053952.0,17666130885.0,0.008648529154152703
2628,2013-05-15,13.32,13.65,13.25,13.59,109663144.0,1476330880.0,17666130885.0,0.006207536031169849
2629,2013-05-16,13.55,13.94,13.41,13.87,151766848.0,2083974656.0,17666130885.0,0.00859083683846487
2630,2013-05-17,13.87,13.93,13.62,13.86,101619272.0,1401815040.0,17666130885.0,0.005752208712904031
2631,2013-05-20,13.86,14.1,13.64,13.86,124578800.0,1728294016.0,17666130885.0,0.007051844051816556
2632,2013-05-21,13.8,13.81,13.46,13.57,106905784.0,1454002688.0,17666130885.0,0.006051454316506384
2633,2013-05-22,13.58,14.0,13.58,13.99,140450112.0,1939563904.0,17666130885.0,0.007950247448877089
2634,2013-05-23,13.9,13.95,13.51,13.52,104392720.0,1430513536.0,17666130885.0,0.005909201096695033
2635,2013-05-24,13.57,13.72,13.42,13.51,55498940.0,752285760.0,17666130885.0,0.0031415447084184784
2636,2013-05-27,13.48,13.57,13.32,13.39,49964608.0,671859968.0,17666130885.0,0.0028282711322162833
2637,2013-05-28,13.35,13.8,13.32,13.76,85149216.0,1153115648.0,17666130885.0,0.004819913118174546
2638,2013-05-29,13.79,13.89,13.58,13.61,59622732.0,819883072.0,17666130885.0,0.0033749739763687934
2639,2013-05-30,13.58,13.69,13.45,13.58,46826224.0,635522368.0,17666130885.0,0.0026506213672264434
2640,2013-05-31,13.59,13.82,13.53,13.58,45658536.0,624284288.0,17666130885.0,0.002584523815498721
2641,2013-06-03,13.58,13.89,13.57,13.77,70140472.0,965797120.0,17666130885.0,0.003970335805649161
2642,2013-06-04,13.74,13.89,13.6,13.75,78089912.0,1073577728.0,17666130885.0,0.004420317754257372
2643,2013-06-05,13.75,13.76,13.19,13.36,61817060.0,832117504.0,17666130885.0,0.0034991849886319916
2644,2013-06-06,13.34,13.39,13.01,13.18,67156040.0,881621824.0,17666130885.0,0.0038014005690980707
2645,2013-06-07,13.18,13.34,13.1,13.17,68048616.0,898343488.0,17666130885.0,0.0038519252711853775
2646,2013-06-13,12.4,12.4,11.82,12.32,81035312.0,978996608.0,17666130885.0,0.004587043565312066
2647,2013-06-14,12.25,12.3,12.12,12.21,58036664.0,708580352.0,17666130885.0,0.00328519381962
2648,2013-06-17,12.23,12.32,12.09,12.1,31388706.0,382560896.0,17666130885.0,0.0017767730922140738
2649,2013-06-18,12.14,12.31,12.13,12.2,34491028.0,422338624.0,17666130885.0,0.0019523815500136323
2650,2013-06-19,12.2,12.2,11.9,11.98,39840016.0,478168032.0,17666130885.0,0.002255163638226379
2651,2013-06-20,11.96,11.96,11.4,11.47,63295616.0,736010496.0,17666130885.0,0.0035828793759103863
2652,2013-06-21,11.3,11.77,11.18,11.71,70320816.0,813131648.0,17666130885.0,0.003980544266187236
2653,2013-06-24,11.63,11.63,10.76,10.93,118147120.0,1301685376.0,17666130885.0,0.006687775652127464
2654,2013-06-25,10.8,11.03,10.0,10.92,128040672.0,1368236672.0,17666130885.0,0.0072478050136443335
2655,2013-06-26,11.03,11.04,10.53,10.66,93892920.0,1006917440.0,17666130885.0,0.005314854769910191
2656,2013-06-27,10.74,10.98,10.69,10.92,72290048.0,783616960.0,17666130885.0,0.004092013609011592
2657,2013-06-28,10.92,11.64,10.85,11.6,116872096.0,1327338624.0,17666130885.0,0.0066156022934956305
2658,2013-07-01,11.5,11.61,11.2,11.38,48482144.0,551215424.0,17666130885.0,0.0027443555306818955
2659,2013-07-02,11.38,11.46,11.02,11.21,63906564.0,714282176.0,17666130885.0,0.003617462386982649
2660,2013-07-03,11.18,11.45,10.97,11.35,60519632.0,675330176.0,17666130885.0,0.0034257434405960477
2661,2013-07-04,11.26,11.49,11.1,11.24,53058540.0,599276032.0,17666130885.0,0.003003404669952438
2662,2013-07-05,11.25,11.35,11.13,11.27,37591500.0,423780576.0,17666130885.0,0.0021278852876561827
2663,2013-07-08,11.15,11.22,10.98,11.03,46495080.0,514504512.0,17666130885.0,0.002631876798754964
2664,2013-07-09,11.02,11.25,10.98,11.16,49418896.0,548827328.0,17666130885.0,0.002797380836907572
2665,2013-07-10,11.2,11.35,11.06,11.32,41429764.0,463874272.0,17666130885.0,0.0023451521031793827
2666,2013-07-11,11.35,12.43,11.35,12.15,160521712.0,1916691200.0,17666130885.0,0.00908641020747198
2667,2013-07-12,12.0,12.11,11.5,11.62,90111928.0,1063540480.0,17666130885.0,0.005100829864025996
2668,2013-07-15,11.74,11.91,11.55,11.65,67469648.0,789286784.0,17666130885.0,0.003819152503692095
2669,2013-07-16,11.64,11.64,11.41,11.63,61861192.0,712310016.0,17666130885.0,0.0035016831021287887
2670,2013-07-17,11.6,11.65,11.38,11.4,52624792.0,605064960.0,17666130885.0,0.0029788521517568277
2671,2013-07-18,11.36,11.5,11.11,11.18,53560320.0,599859968.0,17666130885.0,0.0030318081728624075
2672,2013-07-19,11.2,11.28,10.88,10.92,55832848.0,617765440.0,17666130885.0,0.003160445734465077
2673,2013-07-22,10.7,10.89,10.57,10.85,56804352.0,610322304.0,17666130885.0,0.0032154381946887744
2674,2013-07-23,10.92,11.29,10.81,11.06,55201376.0,613854016.0,17666130885.0,0.0031247009523104187
2675,2013-07-24,10.85,11.04,10.68,10.9,64957736.0,703058432.0,17666130885.0,0.003676964493405541
2676,2013-07-25,10.94,11.06,10.75,10.83,41472020.0,450453984.0,17666130885.0,0.0023475440247764244
2677,2013-07-26,10.8,10.8,10.65,10.74,30576488.0,328006272.0,17666130885.0,0.0017307970941142499
2678,2013-07-29,10.6,10.61,10.4,10.49,46625264.0,488458880.0,17666130885.0,0.0026392459279008674
2679,2013-07-30,10.58,10.79,10.52,10.68,49021260.0,521396800.0,17666130885.0,0.002774872456176756
2680,2013-07-31,10.8,10.95,10.57,10.6,33973040.0,363813600.0,17666130885.0,0.0019230605853172926
2681,2013-08-01,10.69,10.9,10.63,10.87,47089860.0,508365088.0,17666130885.0,0.0026655446122604677
2682,2013-08-02,10.93,11.06,10.77,10.81,36088536.0,394147520.0,17666130885.0,0.0020428092735711666
2683,2013-08-05,10.82,10.9,10.72,10.85,29081460.0,313861664.0,17666130885.0,0.0016461703012000525
2684,2013-08-06,10.78,10.88,10.68,10.76,40097632.0,431419264.0,17666130885.0,0.0022697461182089504
2685,2013-08-07,10.76,10.91,10.7,10.72,38069384.0,411065824.0,17666130885.0,0.0021549361457705515
2686,2013-08-08,10.7,10.93,10.69,10.75,42651728.0,460570976.0,17666130885.0,0.0024143219744972473
2687,2013-08-09,10.84,10.9,10.55,10.69,42253600.0,452598144.0,17666130885.0,0.0023917857438652164
2688,2013-08-12,10.8,11.06,10.69,11.05,81975024.0,896354816.0,17666130885.0,0.004640236423788954
2689,2013-08-13,11.05,11.21,11.02,11.15,65007180.0,723604800.0,17666130885.0,0.003679763295266676
2690,2013-08-14,11.18,11.34,11.11,11.15,54414112.0,610890304.0,17666130885.0,0.003080137487614906
2691,2013-08-15,11.15,11.24,11.03,11.04,39585572.0,442036384.0,17666130885.0,0.0022407607108589586
2692,2013-08-16,11.01,12.14,10.76,10.99,151349936.0,1708117888.0,17666130885.0,0.008567237330303522
2693,2013-08-19,10.86,11.25,10.79,11.12,68019216.0,749488384.0,17666130885.0,0.0038502610697713057
2694,2013-08-20,11.09,11.36,10.97,11.03,81543904.0,910438144.0,17666130885.0,0.0046158326648217856
2695,2013-08-21,11.11,11.13,10.87,10.93,39480928.0,432670080.0,17666130885.0,0.0022348372859346674
2696,2013-08-22,10.9,11.15,10.88,10.91,46575028.0,512270688.0,17666130885.0,0.0026364022944914346
2697,2013-08-23,10.9,10.99,10.35,10.56,118158968.0,1255450624.0,17666130885.0,0.006688446313976236
2698,2013-08-26,10.51,10.71,10.37,10.7,132250072.0,1391616256.0,17666130885.0,0.007486080164406073
2699,2013-08-27,10.6,10.7,10.52,10.66,103525520.0,1096806144.0,17666130885.0,0.005860112815528933
2700,2013-09-05,10.7,10.75,10.61,10.66,117901456.0,1260903552.0,17666130885.0,0.006673869720964653
2701,2013-09-06,10.63,10.96,10.61,10.89,81162152.0,872375296.0,17666130885.0,0.004594223405698491
2702,2013-09-09,11.05,11.68,11.01,11.58,226690992.0,2589324288.0,17666130885.0,0.012831954742986724
2703,2013-09-10,11.58,11.76,11.44,11.63,138818272.0,1611118464.0,17666130885.0,0.007857876345627448
2704,2013-09-11,11.61,11.84,11.53,11.62,136234352.0,1589758720.0,20628944429.0,0.006604038925447047
2705,2013-09-12,11.61,12.19,11.48,11.91,192631520.0,2285150976.0,20628944429.0,0.009337924228890753
2706,2013-09-13,11.86,12.03,11.71,11.82,114843024.0,1360865408.0,20628944429.0,0.005567081941359763
2707,2013-09-16,11.98,12.0,11.5,11.65,105856384.0,1237443712.0,20628944429.0,0.005131449375140493
2708,2013-09-17,11.75,11.75,11.18,11.19,110665608.0,1258523648.0,20628944429.0,0.005364579287170273
2709,2013-09-18,11.25,11.32,11.08,11.15,67293584.0,757308672.0,20628944429.0,0.0032620953646760147
2710,2013-09-23,11.21,11.34,11.08,11.19,79801736.0,893657024.0,20628944429.0,0.0038684352597225177
2711,2013-09-24,11.2,11.2,10.82,10.88,82797424.0,905216768.0,20628944429.0,0.004013652966343933
2712,2013-09-25,10.88,11.06,10.81,10.84,65975844.0,719786112.0,20628944429.0,0.003198217156824161
2713,2013-09-26,10.82,10.83,10.61,10.76,60827756.0,650682176.0,20628944429.0,0.0029486606166086154
2714,2013-09-27,10.73,10.81,10.7,10.8,34902840.0,375127104.0,20628944429.0,0.0016919353348460173
2715,2013-09-30,10.88,10.97,10.84,10.92,42535132.0,464022336.0,20628944429.0,0.0020619150992623966
2716,2013-10-08,10.93,10.96,10.71,10.91,49739784.0,540080448.0,20628944429.0,0.002411164767600819
2717,2013-10-09,10.9,11.1,10.82,10.96,49703416.0,544836800.0,20628944429.0,0.002409401807788446
2718,2013-10-10,10.96,10.97,10.72,10.78,50014868.0,541470720.0,20628944429.0,0.002424499623436355
2719,2013-10-11,10.89,11.02,10.81,10.94,74539536.0,814697856.0,20628944429.0,0.0036133470743763764
2720,2013-10-14,10.95,10.98,10.76,10.8,62165188.0,674276672.0,20628944429.0,0.003013493405537934
2721,2013-10-15,10.83,10.85,10.7,10.73,57593116.0,619820032.0,20628944429.0,0.002791859573727683
2722,2013-10-16,10.73,10.82,10.68,10.73,51254152.0,550416960.0,20628944429.0,0.0024845746313586136
2723,2013-10-17,10.78,10.8,10.59,10.6,45498176.0,486115168.0,20628944429.0,0.0022055503691230578
2724,2013-10-18,10.63,10.72,10.6,10.63,32417604.0,345615776.0,20628944429.0,0.0015714620838489244
2725,2013-10-21,10.63,10.8,10.55,10.76,48094672.0,513801824.0,20628944429.0,0.0023314170129029436
2726,2013-10-22,10.74,10.76,10.6,10.63,41517120.0,442237056.0,20628944429.0,0.0020125663793846655
2727,2013-10-23,10.68,10.9,10.63,10.68,64499408.0,693735296.0,20628944429.0,0.0031266460686823734
2728,2013-10-24,10.68,10.75,10.6,10.63,52902784.0,563986304.0,20628944429.0,0.002564493020090243
2729,2013-10-25,10.6,10.78,10.55,10.61,64707868.0,690208832.0,20628944429.0,0.0031367512876245
2730,2013-10-28,10.62,10.64,10.55,10.62,29512278.0,312652832.0,20628944429.0,0.0014306247273860452
2731,2013-10-29,10.64,11.06,10.64,10.85,138530880.0,1502964736.0,20628944429.0,0.006715364447114145
2732,2013-10-30,10.9,10.92,10.75,10.91,78734192.0,855045312.0,20628944429.0,0.0038166854475266375
2733,2013-10-31,10.91,10.92,10.73,10.74,69779224.0,754370304.0,20628944429.0,0.0033825881998065274
2734,2013-11-01,10.87,10.95,10.79,10.91,68540520.0,746239936.0,20628944429.0,0.003322541307719376
2735,2013-11-04,10.99,11.01,10.79,10.8,40641768.0,442218784.0,20628944429.0,0.0019701331854317344
2736,2013-11-05,10.79,10.79,10.58,10.75,64112424.0,685035392.0,20628944429.0,0.003107886795694271
2737,2013-11-06,10.67,10.72,10.61,10.62,49210076.0,524440992.0,20628944429.0,0.0023854868662509404
2738,2013-11-07,10.62,10.71,10.61,10.7,38116328.0,406577728.0,20628944429.0,0.0018477110223059391
2739,2013-11-08,10.68,10.73,10.56,10.58,43305320.0,461067456.0,20628944429.0,0.0020992504075546268
2740,2013-11-11,10.6,10.65,10.51,10.53,42903448.0,453035072.0,20628944429.0,0.0020797694301646712
2741,2013-11-12,10.58,10.69,10.53,10.68,58961248.0,625010624.0,20628944429.0,0.0028581805628945687
2742,2013-11-13,10.59,10.62,10.32,10.33,85772648.0,892881152.0,20628944429.0,0.004157878668741844
2743,2013-11-14,10.4,10.4,10.24,10.26,49775908.0,512375168.0,20628944429.0,0.002412915899372216
2744,2013-11-15,10.31,10.53,10.29,10.35,77615896.0,808827136.0,20628944429.0,0.0037624754028077276
2745,2013-11-18,10.44,11.39,10.41,11.34,273536096.0,2978025984.0,20628944429.0,0.013259820294802152
2746,2013-11-19,11.3,11.34,10.93,11.02,140792720.0,1563731712.0,20628944429.0,0.006825008447939525
2747,2013-11-20,11.11,11.17,10.87,10.95,91608000.0,1006411328.0,20628944429.0,0.004440750728438544
2748,2013-11-21,10.9,10.98,10.74,10.97,101948920.0,1107262464.0,20628944429.0,0.004942032800121418
2749,2013-11-22,10.98,11.05,10.88,10.98,99751016.0,1093041280.0,20628944429.0,0.004835488133836399
2750,2013-11-25,10.95,11.05,10.81,10.82,55419952.0,606068160.0,20628944429.0,0.002686514193236717
2751,2013-11-26,10.84,10.91,10.8,10.83,45184776.0,489637504.0,20628944429.0,0.002190358123049651
2752,2013-11-27,10.84,11.0,10.76,10.86,72902144.0,793518336.0,20628944429.0,0.0035339735511388925
2753,2013-11-28,10.89,11.07,10.84,10.93,71508496.0,784421760.0,20628944429.0,0.003466415659129604
2754,2013-11-29,10.99,11.02,10.88,10.91,48143872.0,526013152.0,20628944429.0,0.002333802011329273
2755,2013-12-02,10.9,11.25,10.88,11.14,130731776.0,1448882944.0,20628944429.0,0.006337298374618642
2756,2013-12-03,11.1,11.15,11.01,11.1,58863296.0,652339456.0,20628944429.0,0.0028534322831007515
2757,2013-12-04,11.07,11.25,11.03,11.13,83213232.0,928299392.0,20628944429.0,0.004033809499385704
2758,2013-12-05,11.13,11.15,10.99,11.04,62644772.0,691618304.0,20628944429.0,0.0030367415170276233
2759,2013-12-06,11.0,11.01,10.87,10.98,61369548.0,670861184.0,20628944429.0,0.0029749242968402784
2760,2013-12-09,10.98,11.01,10.88,10.9,50928252.0,556052416.0,20628944429.0,0.00246877644056307
2761,2013-12-10,11.1,11.18,10.99,11.09,101602576.0,1124642432.0,20628944429.0,0.004925243574613926
2762,2013-12-11,11.11,11.18,11.0,11.02,110548784.0,1225071488.0,20628944429.0,0.005358916176272763
2763,2013-12-12,11.0,11.16,10.92,10.92,79924552.0,883957376.0,20628944429.0,0.0038743888362820313
2764,2013-12-13,10.76,10.84,10.65,10.7,97408280.0,1045591552.0,20628944429.0,0.004721922652671663
2765,2013-12-16,10.71,10.82,10.61,10.62,87015744.0,932522240.0,20628944429.0,0.004218138465566565
2766,2013-12-17,10.65,10.74,10.61,10.63,57884912.0,617628992.0,20628944429.0,0.0028060045534189265
2767,2013-12-18,10.63,10.86,10.62,10.79,74702560.0,803345536.0,20628944429.0,0.0036212497569669032
2768,2013-12-19,10.84,10.88,10.68,10.7,65703816.0,707572736.0,20628944429.0,0.003185030442354293
2769,2013-12-20,10.73,10.75,10.3,10.33,103316528.0,1084806784.0,20628944429.0,0.005008328388085552
2770,2013-12-23,10.41,10.45,10.25,10.27,78142544.0,808123264.0,20628944429.0,0.0037880049688896276
2771,2013-12-24,10.35,10.36,10.1,10.17,91931960.0,942523776.0,20628944429.0,0.004456454876613212
2772,2013-12-25,10.21,10.31,10.09,10.31,94276712.0,958772160.0,20628944429.0,0.0045701180845427345
2773,2013-12-26,10.29,10.3,10.15,10.15,51417496.0,524651648.0,20628944429.0,0.002492492826134027
2774,2013-12-27,10.21,10.41,10.16,10.31,70565496.0,727168128.0,20628944429.0,0.003420703189291625
2775,2013-12-30,10.37,10.64,10.29,10.6,104179952.0,1085120256.0,20628944429.0,0.0050501833653468315
2776,2013-12-31,10.47,11.12,10.46,10.89,296546944.0,3237763072.0,20628944429.0,0.014375284446600998
2777,2014-01-02,10.84,10.86,10.67,10.73,53256488.0,571763456.0,20628944429.0,0.0025816390258501286
2778,2014-01-03,10.65,10.68,10.4,10.51,58529808.0,615117120.0,20628944429.0,0.0028372662596210826
2779,2014-01-06,10.5,10.52,10.32,10.46,65397032.0,680128064.0,20628944429.0,0.0031701589107034187
2780,2014-01-07,10.33,10.54,10.28,10.52,54256384.0,566113088.0,20628944429.0,0.0026301095621609617
2781,2014-01-08,10.52,10.69,10.46,10.63,49293748.0,522881088.0,20628944429.0,0.0023895429147941885
2782,2014-01-09,10.61,10.76,10.61,10.7,48223380.0,515210304.0,20628944429.0,0.0023376562075666835
2783,2014-01-10,10.69,10.82,10.61,10.8,62914096.0,676364224.0,20628944429.0,0.003049797153535199
2784,2014-01-13,10.82,10.98,10.73,10.88,77971600.0,848646208.0,20628944429.0,0.003779718359723155
2785,2014-01-14,10.85,10.92,10.65,10.75,44867888.0,482287744.0,20628944429.0,0.00217499679416098
2786,2014-01-15,10.72,10.75,10.53,10.59,35573396.0,377633056.0,20628944429.0,0.0017244409243737753
2787,2014-01-16,10.59,10.63,10.52,10.55,27592438.0,291872544.0,20628944429.0,0.0013375593741583199
2788,2014-01-17,10.53,10.58,10.41,10.57,51874536.0,543888512.0,20628944429.0,0.002514648104198449
2789,2014-01-20,10.51,10.6,10.42,10.47,27537862.0,289251392.0,20628944429.0,0.001334913771025894
2790,2014-01-21,10.54,10.68,10.48,10.53,25159216.0,266298800.0,20628944429.0,0.0012196075318634035
2791,2014-01-22,10.56,10.78,10.48,10.7,50123656.0,533545792.0,20628944429.0,0.002429773184590898
2792,2014-01-23,10.67,10.71,10.49,10.52,38634112.0,408076160.0,20628944429.0,0.001872810900866478
2793,2014-01-24,10.48,10.56,10.39,10.43,52264196.0,546511680.0,20628944429.0,0.0025335370978326658
2794,2014-01-27,10.4,10.43,10.28,10.33,47078704.0,486900288.0,20628944429.0,0.0022821673771061765
2795,2014-01-28,10.35,10.47,10.34,10.44,39757824.0,414104448.0,20628944429.0,0.0019272834893145953
2796,2014-01-29,10.48,10.56,10.44,10.51,28538160.0,299746176.0,20628944429.0,0.001383403794518991
2797,2014-01-30,10.49,10.49,10.32,10.36,26539270.0,275494784.0,20628944429.0,0.0012865064468684745
2798,2014-02-07,10.3,10.37,10.24,10.33,32083538.0,329823168.0,20628944429.0,0.001555268041485304
2799,2014-02-10,10.37,10.44,10.35,10.43,54295944.0,564956992.0,20628944429.0,0.0026320272560175794
2800,2014-02-11,10.4,10.74,10.33,10.57,108473384.0,1144880512.0,20628944429.0,0.005258309962166994
2801,2014-02-12,10.57,10.65,10.48,10.51,53802792.0,566714752.0,20628944429.0,0.0026081214278886942
2802,2014-02-13,10.47,10.75,10.43,10.53,97138128.0,1027621696.0,20628944429.0,0.0047088268783856925
2803,2014-02-14,10.53,10.58,10.45,10.52,42266000.0,443898432.0,20628944429.0,0.002048868770065753
2804,2014-02-17,10.6,10.64,10.47,10.51,61964768.0,652124672.0,20628944429.0,0.003003777930241086
2805,2014-02-18,10.51,10.51,10.3,10.32,71937160.0,746349568.0,20628944429.0,0.003487195394199198
2806,2014-02-19,10.32,10.59,10.28,10.51,109595304.0,1143138304.0,20628944429.0,0.005312695682379746
2807,2014-02-20,10.51,10.61,10.34,10.35,66654632.0,697343040.0,20628944429.0,0.0032311217973081292
2808,2014-02-21,10.35,10.45,10.26,10.32,51432636.0,531421696.0,20628944429.0,0.0024932267463814786
2809,2014-02-24,10.27,10.27,10.05,10.08,84429832.0,854470080.0,20628944429.0,0.004092784887301807
2810,2014-02-25,10.1,10.14,9.88,9.94,84310728.0,845056320.0,20628944429.0,0.004087011252086979
2811,2014-02-26,9.9,10.08,9.89,10.02,42355052.0,422574592.0,20628944429.0,0.002053185617217409
2812,2014-02-27,10.04,10.06,9.88,10.02,64157272.0,640432192.0,20628944429.0,0.0031100608284061414
2813,2014-02-28,10.0,10.06,9.83,9.93,62775984.0,623305280.0,20628944429.0,0.0030431020945381015
2814,2014-03-03,9.86,9.89,9.77,9.82,78309944.0,768373312.0,20628944429.0,0.00379611978060848
2815,2014-03-04,9.8,9.8,9.66,9.75,74867864.0,727027904.0,20628944429.0,0.0036292629638747477
2816,2014-03-05,9.77,9.77,9.62,9.63,57911136.0,560459200.0,20628944429.0,0.0028072757769703914
2817,2014-03-06,9.62,9.78,9.6,9.73,54930368.0,532547456.0,20628944429.0,0.0026627813259693183
2818,2014-03-07,9.73,9.84,9.65,9.68,54820328.0,533628736.0,20628944429.0,0.002657447073391406
2819,2014-03-10,9.61,9.63,9.45,9.47,70913112.0,675011712.0,20628944429.0,0.0034375540757340417
2820,2014-03-11,9.47,9.53,9.41,9.49,41346048.0,391277504.0,20628944429.0,0.002004273565344239
2821,2014-03-12,9.46,9.67,9.42,9.61,58695528.0,560385920.0,20628944429.0,0.0028452996323692797
2822,2014-03-13,9.64,9.86,9.58,9.67,70061792.0,680872320.0,20628944429.0,0.003396285846866101
2823,2014-03-14,9.64,9.64,9.5,9.56,57744624.0,551561344.0,20628944429.0,0.0027992040115645996
2824,2014-03-17,9.63,9.66,9.52,9.59,35278656.0,338292928.0,20628944429.0,0.0017101532325815739
2825,2014-03-18,9.58,9.68,9.56,9.59,44802740.0,430280096.0,20628944429.0,0.0021718387072203597
2826,2014-03-19,9.56,9.56,9.49,9.55,30535982.0,290635392.0,20628944429.0,0.0014802493702524482
2827,2014-03-20,9.55,9.63,9.45,9.46,36331308.0,346938432.0,20628944429.0,0.0017611811464732896
2828,2014-03-21,9.46,9.9,9.44,9.84,114371952.0,1111471744.0,20628944429.0,0.00554424645398806
2829,2014-03-24,9.85,9.88,9.74,9.84,79845088.0,784583232.0,20628944429.0,0.0038705367729700425
2830,2014-03-25,9.84,9.9,9.76,9.79,41901548.0,410810464.0,20628944429.0,0.0020312017487959856
2831,2014-03-26,9.82,9.85,9.77,9.8,33632720.0,329655904.0,20628944429.0,0.001630365534007615
2832,2014-03-27,9.8,9.93,9.67,9.79,72840168.0,714877696.0,20628944429.0,0.003530969228730962
2833,2014-03-28,9.79,9.92,9.77,9.86,67562392.0,665062144.0,20628944429.0,0.0032751259877854605
2834,2014-03-31,9.85,9.9,9.72,9.82,53922088.0,529273312.0,20628944429.0,0.0026139043704144537
2835,2014-04-01,9.81,9.93,9.78,9.88,40553528.0,400451168.0,20628944429.0,0.0019658557004492284
2836,2014-04-02,9.88,10.01,9.86,9.97,46973144.0,466611136.0,20628944429.0,0.002277050295116678
2837,2014-04-03,10.0,10.05,9.85,9.88,37611536.0,374082272.0,20628944429.0,0.0018232409384518005
2838,2014-04-04,9.84,9.96,9.8,9.95,28983716.0,286708992.0,20628944429.0,0.0014050023790482915
2839,2014-04-08,9.95,10.39,9.95,10.24,125647536.0,1279344640.0,20628944429.0,0.006090836903092614
2840,2014-04-09,10.23,10.29,10.16,10.18,49546200.0,505351296.0,20628944429.0,0.0024017806713536134
2841,2014-04-10,10.2,10.58,10.13,10.41,125741024.0,1303872128.0,20628944429.0,0.006095368787907262
2842,2014-04-11,10.4,10.45,10.3,10.39,83700448.0,867866624.0,20628944429.0,0.004057427576484941
2843,2014-04-14,10.39,10.48,10.22,10.31,44536084.0,459224768.0,20628944429.0,0.002158912403554277
2844,2014-04-15,10.25,10.27,10.01,10.06,55898832.0,565140288.0,20628944429.0,0.002709728177919656
2845,2014-04-16,10.05,10.17,10.02,10.11,32300028.0,326676288.0,20628944429.0,0.0015657625193169307
2846,2014-04-17,10.15,10.19,10.07,10.09,24985544.0,252693872.0,20628944429.0,0.0012111886813207721
2847,2014-04-18,10.03,10.1,9.93,10.01,44941880.0,449241248.0,20628944429.0,0.0021785835991114054
2848,2014-04-21,9.96,10.06,9.82,9.84,45225072.0,449874816.0,20628944429.0,0.0021923114949315083
2849,2014-04-22,9.84,9.98,9.82,9.94,39771332.0,393671392.0,20628944429.0,0.0019279382974191248
2850,2014-04-23,9.93,10.03,9.91,9.93,39664468.0,395213888.0,20628944429.0,0.0019227580032762132
2851,2014-04-24,9.97,10.11,9.92,9.99,41519736.0,416229408.0,20628944429.0,0.0020126931914961144
2852,2014-04-25,10.08,10.24,9.99,10.07,72827008.0,738460736.0,20628944429.0,0.0035303312901274965
2853,2014-04-28,10.14,10.17,9.98,10.06,57743208.0,580640192.0,20628944429.0,0.002799135370146476
2854,2014-04-29,10.08,10.15,9.99,10.11,55927384.0,562876288.0,20628944429.0,0.002711112252616171
2855,2014-04-30,10.12,10.14,10.02,10.03,38465224.0,386563168.0,20628944429.0,0.0018646239574879025
2856,2014-05-05,10.0,10.02,9.79,9.94,56011296.0,554555904.0,20628944429.0,0.0027151799352980845
2857,2014-05-06,9.92,10.0,9.85,9.87,24992188.0,247781584.0,20628944429.0,0.0012115107530594822
2858,2014-05-07,9.87,9.92,9.85,9.86,33178236.0,327641184.0,20628944429.0,0.0016083341595199757
2859,2014-05-08,9.86,10.04,9.83,9.89,34742436.0,344841536.0,20628944429.0,0.0016841596582692505
2860,2014-05-09,9.93,9.98,9.89,9.91,28961356.0,287586112.0,20628944429.0,0.0014039184651293338
2861,2014-05-12,9.96,10.08,9.92,10.03,46585064.0,466818880.0,20628944429.0,0.002258237892895339
2862,2014-05-13,10.03,10.04,9.96,9.99,24024604.0,240029856.0,20628944429.0,0.0011646065596175833
2863,2014-05-14,10.0,10.06,9.97,9.99,28490402.0,285183168.0,20628944429.0,0.0013810886978758074
2864,2014-05-15,9.99,10.04,9.96,9.98,26320372.0,263260416.0,20628944429.0,0.0012758952398455752
2865,2014-05-16,10.03,10.07,9.98,10.03,38020072.0,381636832.0,20628944429.0,0.0018430449570920214
2866,2014-05-19,10.0,10.02,9.79,9.86,50974452.0,503707200.0,20628944429.0,0.002471016012256087
2867,2014-05-20,9.87,9.93,9.83,9.88,25492972.0,251840080.0,20628944429.0,0.0012357865467979151
2868,2014-05-21,9.81,9.97,9.81,9.95,20692494.0,205035392.0,20628944429.0,0.0010030806021713193
2869,2014-05-22,9.95,10.1,9.93,9.96,34599000.0,346700960.0,20628944429.0,0.0016772065152961008
2870,2014-05-23,9.99,10.08,9.96,10.07,25365522.0,254501408.0,20628944429.0,0.0012296083344110113
2871,2014-05-26,10.15,10.16,10.04,10.08,36080832.0,364689568.0,20628944429.0,0.0017490391776555404
2872,2014-05-27,10.08,10.17,10.05,10.11,40848480.0,413653728.0,20628944429.0,0.001980153669063917
2873,2014-05-28,10.11,10.21,10.09,10.2,45123040.0,458678208.0,20628944429.0,0.002187365434780386
2874,2014-05-29,10.22,10.25,10.15,10.15,39560876.0,403560352.0,20628944429.0,0.0019177363212237678
2875,2014-05-30,10.15,10.24,10.13,10.15,22071496.0,224765216.0,20628944429.0,0.001069928520868575
2876,2014-06-03,10.14,10.27,10.07,10.18,36299532.0,369877120.0,20628944429.0,0.0017596407865140408
2877,2014-06-04,10.19,10.2,10.06,10.1,27462646.0,277448832.0,20628944429.0,0.0013312676319682764
2878,2014-06-05,10.12,10.18,10.03,10.16,39944412.0,403018016.0,20628944429.0,0.0019363284504197158
2879,2014-06-06,10.16,10.16,9.94,10.0,57542196.0,576728448.0,20628944429.0,0.002789391197307588
2880,2014-06-09,9.96,10.14,9.96,10.0,42459304.0,426219840.0,20628944429.0,0.0020582392931511834
2881,2014-06-10,10.06,10.16,9.99,10.15,69402568.0,699032640.0,20628944429.0,0.003364329582585643
2882,2014-06-11,10.12,10.19,10.07,10.12,37211960.0,376400128.0,20628944429.0,0.0018038712609884067
2883,2014-06-12,10.1,10.12,10.04,10.07,33885392.0,341458400.0,20628944429.0,0.0016426139551941493
2884,2014-06-13,10.06,10.27,10.05,10.22,71212184.0,725381632.0,20628944429.0,0.0034520517637291466
2885,2014-06-16,10.23,10.46,10.17,10.39,90740224.0,937827584.0,20628944429.0,0.004398684785462806
2886,2014-06-17,10.38,10.38,10.27,10.32,50260416.0,518131488.0,20628944429.0,0.0024364027046068493
2887,2014-06-18,10.32,10.37,10.24,10.25,42768144.0,441140928.0,20628944429.0,0.0020732104905899548
2888,2014-06-19,10.3,10.32,10.15,10.19,44841296.0,458547136.0,20628944429.0,0.0021737077315968955
2889,2014-06-20,10.2,10.24,10.15,10.21,45240168.0,461205792.0,20628944429.0,0.0021930432822535382
2890,2014-06-23,10.21,10.22,10.09,10.1,41342112.0,419972064.0,20628944429.0,0.0020040827654701325
2891,2014-06-24,10.1,10.19,10.09,10.18,31811464.0,323067136.0,20628944429.0,0.0015420790971388582
2892,2014-06-25,10.18,10.19,10.11,10.14,30674436.0,310961056.0,20628944429.0,0.0014869610078971434
2893,2014-06-26,10.17,10.28,10.15,10.24,37108956.0,379071520.0,20628944429.0,0.001798878082575691
2894,2014-06-27,10.21,10.26,10.16,10.18,40741152.0,415510400.0,20628944429.0,0.0019749508822529196
2895,2014-06-30,10.18,10.26,10.18,10.24,39066696.0,399105984.0,20628944429.0,0.001893780660200934
2896,2014-07-01,10.25,10.28,10.2,10.23,33859664.0,346594400.0,20628944429.0,0.0016413667755292589
2897,2014-07-02,10.23,10.28,10.22,10.26,38268456.0,392486560.0,20628944429.0,0.001855085515001074
2898,2014-07-03,10.27,10.35,10.25,10.34,55189520.0,569267392.0,20628944429.0,0.002675343868899808
2899,2014-07-04,10.33,10.37,10.31,10.34,32935544.0,340479296.0,20628944429.0,0.0015965695245995953
2900,2014-07-07,10.34,10.36,10.3,10.32,32183068.0,332206208.0,20628944429.0,0.0015600928157408437
2901,2014-07-08,10.32,10.39,10.3,10.37,36679128.0,379699456.0,20628944429.0,0.0017780419219335713
2902,2014-07-09,10.36,10.37,10.22,10.24,50446108.0,519080032.0,20628944429.0,0.0024454042315942876
2903,2014-07-10,10.25,10.32,10.25,10.26,42521272.0,436831168.0,20628944429.0,0.002061243227754492
2904,2014-07-11,9.65,9.74,9.63,9.69,48873744.0,473621408.0,20628944429.0,0.0023691829782280906
2905,2014-07-14,9.69,9.75,9.64,9.75,46443376.0,450155968.0,20628944429.0,0.0022513694852321327
2906,2014-07-15,9.75,9.79,9.71,9.78,44903196.0,437770976.0,20628944429.0,0.002176708369860915
2907,2014-07-16,9.78,9.84,9.74,9.79,45693064.0,447191936.0,20628944429.0,0.002214997677523677
2908,2014-07-17,9.79,9.79,9.71,9.74,29921280.0,291821824.0,20628944429.0,0.0014504513356455074
2909,2014-07-18,9.74,9.83,9.72,9.79,45872984.0,449290944.0,20628944429.0,0.0022237194034762215
2910,2014-07-21,9.79,9.82,9.75,9.81,30666748.0,300017760.0,20628944429.0,0.0014865883276552405
2911,2014-07-22,9.82,10.06,9.79,9.98,90924264.0,905711744.0,20628944429.0,0.004407606230795766
2912,2014-07-23,9.97,10.13,9.96,10.07,78775424.0,794073408.0,20628944429.0,0.0038186841925492883
2913,2014-07-24,10.07,10.4,10.07,10.34,141612832.0,1460972672.0,20628944429.0,0.00686476385097639
2914,2014-07-25,10.38,10.5,10.37,10.49,77555584.0,809852288.0,20628944429.0,0.0037595517437612074
2915,2014-07-28,10.58,11.03,10.58,10.97,178057216.0,1939612928.0,20628944429.0,0.008631426421881704
2916,2014-07-29,10.98,11.14,10.91,11.03,106117120.0,1168891136.0,20628944429.0,0.005144088703386172
2917,2014-07-30,11.03,11.17,10.92,10.99,88811448.0,979789760.0,20628944429.0,0.0043051862544721195
2918,2014-07-31,10.93,11.08,10.89,11.07,69896000.0,767160064.0,20628944429.0,0.003388248983876304
2919,2014-08-01,11.03,11.32,10.99,11.02,96819248.0,1076877952.0,20628944429.0,0.004693368986146101
2920,2014-08-04,11.02,11.25,11.0,11.25,81192512.0,904460992.0,20628944429.0,0.003935853929872449
2921,2014-08-05,11.24,11.25,11.11,11.18,63237688.0,705835008.0,20628944429.0,0.0030654834626972468
2922,2014-08-06,11.1,11.1,10.9,10.98,85425496.0,938016192.0,20628944429.0,0.0041410502749675135
2923,2014-08-07,10.93,11.07,10.72,10.74,75661752.0,821957632.0,20628944429.0,0.0036677471433601487
2924,2014-08-08,10.79,10.85,10.69,10.83,58870028.0,633995200.0,20628944429.0,0.0028537586206903052
2925,2014-08-11,10.86,11.12,10.84,11.08,61489280.0,676379264.0,20628944429.0,0.002980728374717946
2926,2014-08-12,10.98,11.03,10.87,10.91,56007016.0,611588224.0,20628944429.0,0.0027149724598252247
2927,2014-08-13,10.91,11.0,10.8,10.83,62901988.0,683507712.0,20628944429.0,0.0030492102112395485
2928,2014-08-14,10.83,10.93,10.67,10.74,90536120.0,972743104.0,20628944429.0,0.00438879072613745
2929,2014-08-15,10.73,10.86,10.67,10.79,57498428.0,619359104.0,20628944429.0,0.00278726951821971
2930,2014-08-18,10.8,10.88,10.76,10.8,48283316.0,521746272.0,20628944429.0,0.002340561639795961
2931,2014-08-19,10.8,10.82,10.7,10.78,42085720.0,452326976.0,20628944429.0,0.0020401295929052114
2932,2014-08-20,10.74,10.78,10.68,10.72,35076988.0,375835712.0,20628944429.0,0.0017003772597636677
2933,2014-08-21,10.72,10.72,10.51,10.6,54942372.0,581428160.0,20628944429.0,0.00266336322680488
2934,2014-08-22,10.56,10.73,10.53,10.71,40205576.0,429221792.0,20628944429.0,0.0019489885262126807
2935,2014-08-25,10.72,10.74,10.53,10.58,40054004.0,424399040.0,20628944429.0,0.0019416409859387867
2936,2014-08-26,10.58,10.64,10.53,10.6,37654564.0,398686432.0,20628944429.0,0.0018253267456121275
2937,2014-08-27,10.56,10.63,10.51,10.57,37205732.0,392871936.0,20628944429.0,0.0018035693550900495
2938,2014-08-28,10.57,10.57,10.43,10.47,53249296.0,558340416.0,20628944429.0,0.0025812903894948
2939,2014-08-29,10.53,10.57,10.45,10.56,31151612.0,327255968.0,20628944429.0,0.0015100923901955603
2940,2014-09-01,10.59,10.61,10.5,10.54,44664648.0,471342240.0,20628944429.0,0.0021651446177348176
2941,2014-09-02,10.56,10.72,10.47,10.69,85066328.0,899627584.0,20628944429.0,0.004123639398650687
2942,2014-09-03,10.68,10.84,10.66,10.78,82178688.0,885389888.0,20628944429.0,0.003983659381256264
2943,2014-09-04,10.79,10.87,10.72,10.83,58184196.0,627802368.0,20628944429.0,0.002820512518236519
2944,2014-09-05,10.86,10.95,10.85,10.93,71109744.0,775337088.0,20628944429.0,0.0034470859255422933
2945,2014-09-09,10.93,10.97,10.79,10.8,52675616.0,571253568.0,20628944429.0,0.0025534809200391784
2946,2014-09-10,10.7,10.79,10.66,10.71,47045208.0,504221920.0,20628944429.0,0.0022805436391531617
2947,2014-09-11,10.7,10.81,10.62,10.63,77092888.0,824640192.0,20628944429.0,0.0037371222878289133
2948,2014-09-12,10.61,10.7,10.58,10.69,37288832.0,396399552.0,20628944429.0,0.001807597675602813
2949,2014-09-15,10.61,10.66,10.56,10.62,58219152.0,617237568.0,20628944429.0,0.0028222070305330793
2950,2014-09-16,10.63,10.75,10.56,10.58,83101208.0,884221952.0,20628944429.0,0.0040283790712614944
2951,2014-09-17,10.65,10.66,10.52,10.58,61592008.0,651655936.0,20628944429.0,0.0029857081738711975
2952,2014-09-18,10.53,10.66,10.49,10.57,77294560.0,816814720.0,20628944429.0,0.0037468984545491308
2953,2014-09-19,10.56,10.64,10.53,10.62,59631608.0,631467584.0,20628944429.0,0.0028906766512090836
2954,2014-09-22,10.56,10.57,10.32,10.36,78671056.0,820337536.0,20628944429.0,0.0038136248934484925
2955,2014-09-23,10.35,10.43,10.31,10.39,51796848.0,537216320.0,20628944429.0,0.0025108821335125815
2956,2014-09-24,10.34,10.6,10.33,10.57,85953088.0,901598400.0,20628944429.0,0.004166625601994829
2957,2014-09-25,10.65,10.66,10.46,10.5,73618408.0,777900992.0,20628944429.0,0.0035686948623754036
2958,2014-09-26,10.47,10.51,10.4,10.45,42616236.0,444799616.0,20628944429.0,0.0020658466625219293
2959,2014-09-29,10.45,10.48,10.36,10.4,74808872.0,778930624.0,20628944429.0,0.0036264032925908854
2960,2014-09-30,10.41,10.44,10.36,10.39,53937512.0,560313600.0,20628944429.0,0.0026146520577259927
2961,2014-10-08,10.41,10.46,10.35,10.45,80876672.0,841797696.0,20628944429.0,0.003920543403389281
2962,2014-10-09,10.45,10.54,10.4,10.45,81206640.0,849495680.0,20628944429.0,0.003936538792835196
2963,2014-10-10,10.41,10.52,10.39,10.47,73045312.0,761639360.0,20628944429.0,0.0035409137026571995
2964,2014-10-13,10.41,10.47,10.35,10.42,65139328.0,676177856.0,20628944429.0,0.003157666560409541
2965,2014-10-14,10.39,10.44,10.34,10.36,54272144.0,563688128.0,20628944429.0,0.0026308735372666315
2966,2014-10-15,10.34,10.42,10.31,10.42,52451448.0,543927104.0,20628944429.0,0.002542614246721426
2967,2014-10-16,10.37,10.52,10.34,10.39,86060720.0,898740480.0,20628944429.0,0.004171843125381469
2968,2014-10-17,10.39,10.45,10.32,10.37,57961760.0,601332608.0,20628944429.0,0.0028097298046194665
2969,2014-10-20,10.42,10.43,10.35,10.39,45123720.0,468389568.0,20628944429.0,0.00218739839817327
2970,2014-10-21,10.39,10.42,10.36,10.37,51776720.0,537789440.0,20628944429.0,0.0025099064170832084
2971,2014-10-22,10.37,10.43,10.35,10.36,69087720.0,717813696.0,20628944429.0,0.0033490671438756244
2972,2014-10-23,10.36,10.44,10.35,10.39,73475824.0,764449856.0,20628944429.0,0.0035617830205945146
2973,2014-10-24,10.4,10.45,10.35,10.36,65830724.0,684756992.0,20628944429.0,0.003191182380978045
2974,2014-10-27,10.33,10.34,10.13,10.16,89750544.0,918395776.0,20628944429.0,0.0043507094756544806
2975,2014-10-28,10.19,10.29,10.16,10.28,84195336.0,860058048.0,20628944429.0,0.004081417558216837
2976,2014-10-29,10.29,10.45,10.27,10.38,94817768.0,981755264.0,20628944429.0,0.0045963460867491585
2977,2014-10-30,10.39,10.52,10.36,10.47,98486736.0,1027105408.0,20628944429.0,0.004774201430372179
2978,2014-10-31,10.51,10.92,10.5,10.8,230966256.0,2473009920.0,20628944429.0,0.011196222705186483
2979,2014-11-03,10.85,10.87,10.66,10.69,107585376.0,1153897984.0,20628944429.0,0.005215263261301793
2980,2014-11-04,10.67,10.67,10.57,10.6,81087056.0,859952832.0,20628944429.0,0.003930741889343038
2981,2014-11-05,10.58,10.62,10.5,10.51,58082464.0,612081152.0,20628944429.0,0.002815581000758728
2982,2014-11-06,10.59,10.59,10.51,10.55,50113268.0,528946976.0,20628944429.0,0.002429269620289014
2983,2014-11-07,10.55,10.79,10.51,10.57,142603808.0,1515546368.0,20628944429.0,0.006912801985133507
2984,2014-11-10,10.74,10.8,10.6,10.76,139327824.0,1489651200.0,20628944429.0,0.006753996767965214
2985,2014-11-11,10.79,11.24,10.77,11.02,373721120.0,4110827520.0,20628944429.0,0.018116347217195752
2986,2014-11-12,10.91,11.0,10.81,10.99,138587200.0,1510470528.0,20628944429.0,0.006718094591654203
2987,2014-11-13,11.02,11.16,10.91,10.97,154652992.0,1704236416.0,20628944429.0,0.007496893141201646
2988,2014-11-14,10.93,10.98,10.78,10.92,88559224.0,962463808.0,20628944429.0,0.004292959550344426
2989,2014-11-17,11.02,11.08,10.8,10.8,98593224.0,1075277824.0,20628944429.0,0.004779363497697849
2990,2014-11-18,10.81,10.84,10.57,10.63,111028744.0,1185806976.0,20628944429.0,0.005382182514579694
2991,2014-11-19,10.61,10.68,10.6,10.64,61748524.0,656843456.0,20628944429.0,0.002993295377401591
2992,2014-11-20,10.6,10.69,10.55,10.59,87099944.0,924188544.0,20628944429.0,0.004222220109214876
2993,2014-11-21,10.62,10.85,10.56,10.8,122719768.0,1314595712.0,20628944429.0,0.0059489116577134005
2994,2014-11-24,10.67,10.95,10.63,10.86,197935184.0,2134532992.0,20628944429.0,0.009595022405593586
2995,2014-11-25,10.85,11.21,10.81,11.11,221952208.0,2438717440.0,20628944429.0,0.010759261520331666
2996,2014-11-26,11.12,11.36,11.09,11.33,278657824.0,3133243136.0,20628944429.0,0.013508099018787656
2997,2014-11-27,11.4,11.56,11.24,11.4,256569648.0,2924452608.0,20628944429.0,0.012437361925281862
2998,2014-11-28,11.39,12.3,11.25,12.15,505203456.0,5995502080.0,20628944429.0,0.02449002942146614
2999,2014-12-01,12.16,12.55,11.91,12.11,365772864.0,4468664320.0,20628944429.0,0.017731050915324564
3000,2014-12-02,11.97,13.0,11.93,12.7,386134816.0,4800513024.0,20628944429.0,0.018718108303068328
3001,2014-12-03,12.76,13.13,12.39,12.65,423086048.0,5419273728.0,20628944429.0,0.020509340623615677
3002,2014-12-04,12.85,13.88,12.7,13.64,487620288.0,6530002432.0,20628944429.0,0.023637675193622965
3003,2014-12-05,13.9,14.5,13.3,13.95,639778560.0,8897229824.0,20628944429.0,0.03101363534144794
3004,2014-12-08,13.8,14.25,13.42,13.96,720427968.0,10009732096.0,20628944429.0,0.03492316199113069
3005,2014-12-09,13.7,14.6,12.7,13.04,759492416.0,10657924096.0,20628944429.0,0.036816833678232797
3006,2014-12-10,13.16,14.2,12.55,14.12,547208960.0,7346901504.0,20628944429.0,0.026526270497424877
3007,2014-12-11,14.29,14.96,13.92,14.24,595906304.0,8598092800.0,20628944429.0,0.02888690238373418
3008,2014-12-12,14.04,14.44,13.62,13.91,376947328.0,5295825408.0,20628944429.0,0.01827273951400492
3009,2014-12-15,13.71,13.71,13.31,13.62,235485568.0,3178107392.0,20628944429.0,0.01141529896551354
3010,2014-12-16,13.59,14.21,13.48,14.2,382798048.0,5336939520.0,20628944429.0,0.018556356546380805
3011,2014-12-17,14.25,15.47,13.98,15.1,843193408.0,12458079232.0,20628944429.0,0.04087428762543204
3012,2014-12-18,15.12,15.2,14.6,14.73,416116608.0,6197378560.0,20628944429.0,0.02017149299287591
3013,2014-12-19,14.75,15.16,14.46,14.92,349429344.0,5197509632.0,20628944429.0,0.016938789340513957
3014,2014-12-22,15.0,16.0,14.93,15.37,566435584.0,8786102272.0,20628944429.0,0.027458292204409138
3015,2014-12-23,15.1,15.66,14.63,15.03,434808480.0,6650627072.0,20628944429.0,0.021077592287696012
3016,2014-12-24,15.0,15.01,14.0,14.3,399070464.0,5760088576.0,20628944429.0,0.019345171313709587
3017,2014-12-25,14.51,14.97,14.34,14.76,368029472.0,5389584896.0,20628944429.0,0.017840441291927047
3018,2014-12-26,14.88,15.38,14.71,15.34,422937952.0,6383178752.0,20628944429.0,0.020502161584450115
3019,2014-12-29,15.89,16.23,15.01,15.29,529036768.0,8302399488.0,20628944429.0,0.025645362990860766
3020,2014-12-30,15.39,15.84,15.31,15.68,391195840.0,6098380288.0,20628944429.0,0.018963444365580825
3021,2014-12-31,15.64,16.62,15.46,16.59,667128960.0,10694251520.0,20628944429.0,0.03233946178371374
3022,2015-01-05,16.56,17.07,16.25,16.68,500187136.0,8302084608.0,20628944429.0,0.024246860411182312
3023,2015-01-06,16.4,17.2,16.29,16.42,426877248.0,7100974592.0,20628944429.0,0.020693121234060793
3024,2015-01-07,16.2,16.56,15.94,16.16,296169600.0,4806397440.0,20628944429.0,0.014356992478182607
3025,2015-01-08,16.25,16.34,15.53,15.57,292921120.0,4621825024.0,20628944429.0,0.014199520533305325
3026,2015-01-09,15.56,16.56,15.36,15.71,461363488.0,7356771840.0,20628944429.0,0.022364861643207445
3027,2015-01-12,15.7,15.9,15.2,15.6,287002784.0,4465050112.0,20628944429.0,0.013912625776262883
3028,2015-01-13,15.52,15.78,15.35,15.43,170251616.0,2646920704.0,20628944429.0,0.008253045452033004
3029,2015-01-14,15.57,15.9,15.5,15.71,227140864.0,3573843456.0,20628944429.0,0.011010784617786222
3030,2015-01-15,15.71,16.19,15.6,16.18,264684160.0,4216830720.0,20628944429.0,0.012830717582810935
3031,2015-01-16,16.27,16.5,16.07,16.24,312550720.0,5096707072.0,20628944429.0,0.0151510767347174
3032,2015-01-19,14.62,15.4,14.62,14.63,499040608.0,7432124928.0,20628944429.0,0.02419128180395177
3033,2015-01-20,14.75,14.98,14.34,14.64,304480896.0,4468888064.0,20628944429.0,0.014759887353807753
3034,2015-01-21,14.8,15.47,14.59,15.3,347044064.0,5208894976.0,20628944429.0,0.016823161514368537
3035,2015-01-22,15.3,15.31,14.96,15.13,215666288.0,3267085568.0,20628944429.0,0.010454547916509878
3036,2015-01-23,15.23,15.5,15.11,15.17,249422656.0,3814173184.0,20628944429.0,0.012090907358757712
3037,2015-01-26,15.19,15.24,14.87,15.03,178096448.0,2671404544.0,20628944429.0,0.008633328215748814
3038,2015-01-27,15.05,15.1,14.45,14.71,256941920.0,3785792768.0,20628944429.0,0.0124554080255698
3039,2015-01-28,14.6,14.84,14.41,14.53,174144816.0,2541837312.0,20628944429.0,0.008441770571410753
3040,2015-01-29,14.31,14.43,14.15,14.37,177530688.0,2541569536.0,20628944429.0,0.008605902672869137
3041,2015-01-30,14.43,14.62,14.2,14.34,181808720.0,2625624576.0,20628944429.0,0.008813282745791627
3042,2015-02-02,13.98,14.3,13.86,14.09,155786832.0,2200454400.0,20628944429.0,0.007551856690301427
3043,2015-02-03,14.35,14.6,14.2,14.57,174884320.0,2516020224.0,20628944429.0,0.00847761845507466
3044,2015-02-04,14.6,14.72,14.28,14.3,129621464.0,1886445056.0,20628944429.0,0.006283475358912656
3045,2015-02-05,15.0,15.05,14.3,14.32,337061696.0,4973382144.0,20628944429.0,0.01633926045804658
3046,2015-02-06,14.28,14.58,14.15,14.25,163835584.0,2356073472.0,20628944429.0,0.007942024593836285
3047,2015-02-09,14.25,14.54,14.0,14.41,171924704.0,2454553600.0,20628944429.0,0.008334149359494598
3048,2015-02-10,14.47,14.75,14.33,14.66,153525984.0,2238448128.0,20628944429.0,0.007442260777249196
3049,2015-02-11,14.69,14.79,14.56,14.64,93584112.0,1372191488.0,20628944429.0,0.004536543899378595
3050,2015-02-12,14.69,14.7,14.38,14.57,80748088.0,1173109248.0,20628944429.0,0.003914310219697185
3051,2015-02-13,14.62,14.85,14.51,14.63,150471472.0,2211523584.0,20628944429.0,0.007294191543240984
3052,2015-02-16,14.4,14.49,14.3,14.46,133387520.0,1920460672.0,20628944429.0,0.0064660370994303
3053,2015-02-17,14.45,14.61,14.41,14.52,92371312.0,1343475200.0,20628944429.0,0.004477752718658022
3054,2015-02-25,14.5,14.54,14.18,14.3,126747640.0,1821660416.0,20628944429.0,0.006144165080100716
3055,2015-02-26,14.29,14.73,14.19,14.67,155956624.0,2262725632.0,20628944429.0,0.007560087455602307
3056,2015-02-27,14.7,15.0,14.65,14.7,145616496.0,2157812736.0,20628944429.0,0.007058843776577028
3057,2015-03-02,14.78,14.83,14.41,14.57,219237344.0,3192258816.0,20628944429.0,0.010627656919362191
3058,2015-03-03,14.48,14.51,14.15,14.17,174417632.0,2494347008.0,20628944429.0,0.008454995484635904
3059,2015-03-04,14.33,14.33,14.1,14.21,125920704.0,1787542400.0,20628944429.0,0.006104078879721141
3060,2015-03-05,14.04,14.11,13.81,13.91,173548560.0,2421469952.0,20628944429.0,0.008412866717311375
3061,2015-03-06,13.92,14.09,13.91,14.05,102177376.0,1432408192.0,20628944429.0,0.004953107336716652
3062,2015-03-09,14.06,14.87,13.8,14.68,316125120.0,4551188992.0,20628944429.0,0.01532434783990178
3063,2015-03-10,14.49,14.59,14.23,14.29,186295648.0,2677735424.0,20628944429.0,0.00903078917300815
3064,2015-03-11,14.35,14.73,14.31,14.45,168184848.0,2440617984.0,20628944429.0,0.008152857679114552
3065,2015-03-12,14.75,15.43,14.59,15.13,383002880.0,5746567168.0,20628944429.0,0.01856628589592678
3066,2015-03-13,15.17,15.55,15.03,15.1,281304224.0,4299112448.0,20628944429.0,0.013636384787800623
3067,2015-03-16,15.27,15.46,15.04,15.36,221860256.0,3387764736.0,20628944429.0,0.010754804094004474
3068,2015-03-17,15.41,15.5,15.25,15.41,239492448.0,3679377664.0,20628944429.0,0.011609534788572289
3069,2015-03-18,15.41,15.77,15.35,15.74,246058512.0,3827652096.0,20628944429.0,0.011927828534653134
3070,2015-03-19,15.74,15.9,15.47,15.68,234590048.0,3665620480.0,20628944429.0,0.011371888116108125
3071,2015-03-20,15.67,15.96,15.33,15.69,314995776.0,4929184256.0,20628944429.0,0.015269602236999656
3072,2015-03-23,15.82,15.89,15.63,15.79,246274048.0,3881893376.0,20628944429.0,0.011938276766783567
3073,2015-03-24,15.78,15.8,15.54,15.56,263719120.0,4123151616.0,20628944429.0,0.012783936711238886
3074,2015-03-25,15.42,15.52,15.06,15.16,216753840.0,3310645760.0,20628944429.0,0.010507267628065798
3075,2015-03-26,15.08,15.42,14.98,15.22,180799344.0,2750283776.0,20628944429.0,0.008764352661003526
3076,2015-03-27,15.22,15.43,15.1,15.26,154287072.0,2350890752.0,20628944429.0,0.00747915495778371
3077,2015-03-30,15.42,15.83,15.3,15.74,304476416.0,4760224256.0,20628944429.0,0.01475967018321934
3078,2015-03-31,15.95,16.41,15.45,15.57,402562176.0,6407352320.0,20628944429.0,0.019514434070319244
3079,2015-04-01,15.59,15.91,15.55,15.73,243966112.0,3830336768.0,20628944429.0,0.011826398235725259
3080,2015-04-02,15.9,15.98,15.45,15.66,238955504.0,3744579584.0,20628944429.0,0.011583506117941659
3081,2015-04-13,17.23,17.23,17.23,17.23,55307304.0,952944896.0,20628944429.0,0.002681053516351978
3082,2015-04-14,17.97,17.97,17.37,17.48,658547712.0,11626313728.0,20628944429.0,0.03192348082891818
3083,2015-04-15,17.43,18.29,17.36,17.87,437486048.0,7851853312.0,20628944429.0,0.021207388943516942
3084,2015-04-16,17.87,18.84,17.76,18.81,404986592.0,7365508096.0,20628944429.0,0.019631959036676312
3085,2015-04-17,18.96,19.45,18.28,18.32,543675520.0,10204445696.0,20628944429.0,0.026354984951905993
3086,2015-04-20,18.7,18.7,17.6,17.81,530851104.0,9699567616.0,20628944429.0,0.02573331397673135
3087,2015-04-21,17.96,18.18,17.82,18.17,263542432.0,4748971520.0,20628944429.0,0.012775371658353697
3088,2015-04-22,18.47,18.5,18.06,18.41,340839648.0,6247865344.0,20628944429.0,0.016522398864037387
3089,2015-04-23,18.5,18.67,18.07,18.17,273771776.0,5015812096.0,20628944429.0,0.013271245018971202
3090,2015-04-24,17.88,18.1,17.41,17.7,291759968.0,5184168960.0,20628944429.0,0.014143233019225465
3091,2015-04-27,17.8,18.6,17.8,18.44,407263584.0,7467653120.0,20628944429.0,0.019742337539456076
3092,2015-04-28,18.42,19.23,18.1,18.36,509425728.0,9496380416.0,20628944429.0,0.02469470649617212
3093,2015-04-29,18.6,18.86,18.41,18.48,373807968.0,6951257088.0,20628944429.0,0.018120557224174
3094,2015-04-30,18.5,18.8,18.19,18.22,266457344.0,4920839680.0,20628944429.0,0.012916673701705088
3095,2015-05-04,18.23,18.35,18.02,18.16,213403792.0,3868502784.0,20628944429.0,0.01034487211570548
3096,2015-05-05,18.05,18.1,17.21,17.45,268345408.0,4737518080.0,20628944429.0,0.013008198694973565
3097,2015-05-06,17.6,18.0,17.3,17.54,261290544.0,4625262592.0,20628944429.0,0.012666210086478294
3098,2015-05-07,17.51,17.94,17.41,17.69,221369712.0,3929052928.0,20628944429.0,0.010731024690182415
3099,2015-05-08,17.78,18.1,17.4,17.7,218683280.0,3889491456.0,20628944429.0,0.010600798346840124
3100,2015-05-11,17.51,17.95,17.34,17.91,277208096.0,4867456512.0,20628944429.0,0.013437822616376974
3101,2015-05-12,17.82,17.94,17.56,17.77,223925200.0,3974051840.0,20628944429.0,0.010854903447469071
3102,2015-05-13,17.87,17.98,17.43,17.54,226209360.0,4015189248.0,20628944429.0,0.010965629423190298
3103,2015-05-14,17.55,17.8,17.4,17.49,184443824.0,3238528768.0,20628944429.0,0.008941020934678093
3104,2015-05-15,17.42,17.66,16.9,17.16,214743216.0,3714982912.0,20628944429.0,0.010409801467985718
3105,2015-05-18,17.01,17.18,16.84,16.85,159945728.0,2726765056.0,20628944429.0,0.0077534615767906
3106,2015-05-19,16.85,17.69,16.79,17.63,249232784.0,4332748800.0,20628944429.0,0.01208170320385519
3107,2015-05-20,17.63,18.6,17.61,18.04,354080256.0,6396818944.0,20628944429.0,0.01716424498687567
3108,2015-05-21,18.24,18.49,17.91,18.16,197171536.0,3591569664.0,20628944429.0,0.009558004127579978
3109,2015-05-22,18.33,18.71,18.21,18.7,311985408.0,5778315264.0,20628944429.0,0.015123672908896563
3110,2015-05-25,19.0,19.36,19.0,19.22,328933088.0,6306117120.0,20628944429.0,0.01594522148877325
3111,2015-05-26,19.24,19.39,18.92,19.2,282892928.0,5411636736.0,20628944429.0,0.013713398132107596
3112,2015-05-27,19.21,19.52,18.82,19.07,241168304.0,4623215616.0,20628944429.0,0.011690772876433154
3113,2015-05-28,19.06,19.13,17.85,17.92,292942368.0,5429786112.0,20628944429.0,0.014200550542381802
3114,2015-05-29,17.97,18.2,17.45,18.07,261551008.0,4689434624.0,20628944429.0,0.012678836229366818
3115,2015-06-01,17.92,18.99,17.62,18.83,280927296.0,5176270848.0,20628944429.0,0.013618112985222584
3116,2015-06-02,18.82,19.14,18.53,18.95,254037664.0,4801441280.0,20628944429.0,0.012314622537975136
3117,2015-06-03,19.0,19.6,18.55,19.45,358509088.0,6871298560.0,20628944429.0,0.017378935176926014
3118,2015-06-04,19.44,20.65,18.92,20.44,495979040.0,9920531456.0,20628944429.0,0.02404287052626681
3119,2015-06-05,20.99,21.21,19.51,19.99,377712448.0,7651487744.0,20628944429.0,0.018309829148069008
3120,2015-06-08,20.04,21.2,19.61,21.13,515964160.0,10671410176.0,20628944429.0,0.025011660765088
3121,2015-06-09,21.15,21.7,20.61,20.83,366124480.0,7755194368.0,20628944429.0,0.017748095704078065
3122,2015-06-10,20.51,21.17,20.36,20.47,252920832.0,5237249024.0,20628944429.0,0.012260483461502082
3123,2015-06-11,20.57,20.8,20.07,20.36,227111584.0,4624733696.0,20628944429.0,0.01100936525286909
3124,2015-06-12,20.58,20.77,20.1,20.31,245179408.0,5002958848.0,20628944429.0,0.011885213460332406
3125,2015-06-15,20.48,20.73,19.33,19.5,321220960.0,6411293696.0,20628944429.0,0.01557137162812995
3126,2015-06-16,19.5,19.8,19.0,19.29,244464736.0,4736893952.0,20628944429.0,0.011850569322215706
3127,2015-06-17,19.62,19.77,19.28,19.43,252739376.0,4925319168.0,20628944429.0,0.01225168727706208
3128,2015-06-18,19.2,19.35,18.73,18.79,211448976.0,4014580480.0,20628944429.0,0.01025011128066964
3129,2015-06-19,19.0,19.09,17.9,18.0,250030784.0,4661571072.0,20628944429.0,0.012120386714916387
3130,2015-06-23,18.06,19.0,17.72,18.87,287932256.0,5301457920.0,20628944429.0,0.013957682468484776
3131,2015-06-24,18.65,19.08,18.2,18.93,273133792.0,5088378880.0,20628944429.0,0.0132403183759626
3132,2015-06-25,19.49,19.59,18.31,18.44,327306816.0,6251707392.0,20628944429.0,0.01586638701396058
3133,2015-06-26,18.16,18.68,16.86,17.4,393568224.0,7050535936.0,20628944429.0,0.019078447050675313
3134,2015-06-29,17.7,18.29,16.13,17.43,472020608.0,8278080000.0,20628944429.0,0.022881471692581482
3135,2015-06-30,17.6,19.0,17.6,18.72,491095680.0,8983116800.0,20628944429.0,0.023806146828803405
3136,2015-07-01,18.33,18.66,18.06,18.21,293674272.0,5395012608.0,20628944429.0,0.01423603001165465
3137,2015-07-02,18.81,19.18,17.95,18.65,524774688.0,9814648832.0,20628944429.0,0.02543875620035488
3138,2015-07-03,17.98,18.34,16.9,17.61,407322720.0,7192690688.0,20628944429.0,0.019745204191223137
3139,2015-07-06,19.0,19.0,18.19,18.82,814689728.0,15128545280.0,20628944429.0,0.03949255526883459
3140,2015-07-07,18.6,20.5,18.0,20.21,873948864.0,16915629056.0,20628944429.0,0.042365176124640185
3141,2015-07-08,19.0,20.8,18.19,18.41,943293184.0,18287187968.0,20628944429.0,0.04572668210177183
3142,2015-07-09,17.5,19.95,16.85,19.0,588626880.0,10872359936.0,20628944429.0,0.02853402809949467
3143,2015-07-10,18.57,20.25,18.3,18.99,707202240.0,13746919424.0,20628944429.0,0.03428203718488964
3144,2015-07-13,18.51,18.88,18.04,18.31,389268448.0,7160449024.0,20628944429.0,0.018870012924789775
3145,2015-07-14,18.02,18.18,17.51,17.87,355834784.0,6336410112.0,20628944429.0,0.017249296745390927
3146,2015-07-15,17.78,18.51,17.71,18.48,370764544.0,6703076864.0,20628944429.0,0.017973025487372115
3147,2015-07-16,18.48,18.49,17.8,18.15,227738304.0,4140280064.0,20628944429.0,0.011039745866969682
3148,2015-07-17,18.35,18.43,18.01,18.36,184194960.0,3358838016.0,20628944429.0,0.00892895710849171
3149,2015-07-20,18.26,18.49,18.05,18.44,191305536.0,3502137600.0,20628944429.0,0.009273646388375755
3150,2015-07-21,18.27,18.5,18.01,18.08,141710096.0,2577185024.0,20628944429.0,0.006869478779572702
3151,2015-07-22,17.91,18.0,17.73,17.85,147100272.0,2626580224.0,20628944429.0,0.007130770675459654
3152,2015-07-23,17.76,18.04,17.56,17.94,154940896.0,2773616128.0,20628944429.0,0.007510849453944205
3153,2015-07-24,18.0,18.19,17.82,17.9,168639888.0,3035791104.0,20628944429.0,0.00817491600602343
3154,2015-07-27,17.75,17.88,16.67,16.7,207240544.0,3616867840.0,20628944429.0,0.010046105107960005
3155,2015-07-28,16.57,17.35,16.44,17.04,293059392.0,4980539904.0,20628944429.0,0.014206223348394866
3156,2015-07-29,17.04,17.27,16.9,17.16,151816224.0,2598864640.0,20628944429.0,0.007359379173399586
3157,2015-07-30,17.15,17.33,16.98,16.98,110541304.0,1898233856.0,20628944429.0,0.005358553578951037
3158,2015-07-31,17.1,17.38,16.94,17.3,120903560.0,2073334784.0,20628944429.0,0.005860869925561231
3159,2015-08-03,17.2,18.22,17.05,18.09,237198560.0,4231772160.0,20628944429.0,0.011498337242430505
3160,2015-08-04,17.96,18.2,17.82,18.15,88969864.0,1605609728.0,20628944429.0,0.0043128655616002775
3161,2015-08-05,18.06,18.22,17.85,17.91,63786792.0,1152536448.0,20628944429.0,0.0030921015963535706
3162,2015-08-06,17.82,18.55,17.8,18.12,104721648.0,1915869952.0,20628944429.0,0.005076442391923029
3163,2015-08-07,18.1,18.47,18.06,18.29,97611656.0,1785386368.0,20628944429.0,0.004731781421776402
3164,2015-08-10,18.12,18.66,17.95,18.62,146451824.0,2680856832.0,20628944429.0,0.007099336784005256
3165,2015-08-11,18.49,18.5,18.01,18.2,119158096.0,2170867968.0,20628944429.0,0.005776257549682888
3166,2015-08-12,17.9,18.2,17.85,17.9,69756264.0,1256297728.0,20628944429.0,0.003381475200540907
3167,2015-08-13,18.16,18.16,17.65,17.85,70580928.0,1259620096.0,20628944429.0,0.003421451264407786
3168,2015-08-14,17.91,17.95,17.68,17.74,61911328.0,1100300800.0,20628944429.0,0.003001187395365008
3169,2015-08-17,17.58,17.65,17.2,17.33,85898648.0,1489369728.0,20628944429.0,0.00416398659154098
3170,2015-08-18,17.34,17.47,16.68,16.8,118951192.0,2037802240.0,20628944429.0,0.005766227758739773
3171,2015-08-19,17.04,17.17,16.68,17.13,120889448.0,2033145088.0,20628944429.0,0.005860185838207728
3172,2015-08-20,16.92,16.97,16.71,16.81,73389712.0,1235705216.0,20628944429.0,0.003557608691641505
3173,2015-08-21,16.71,16.95,16.22,16.54,102036288.0,1688909952.0,20628944429.0,0.004946268014400108
3174,2015-08-24,16.1,16.34,14.89,14.98,219566784.0,3350255360.0,20628944429.0,0.010643626713703044
3175,2015-08-25,14.51,15.34,14.01,14.71,198865776.0,2938765568.0,20628944429.0,0.009640133390462585
3176,2015-08-26,14.7,16.18,14.63,16.09,249867584.0,3881032448.0,20628944429.0,0.012112475500624172
3177,2015-08-27,16.38,17.7,15.81,17.63,250420464.0,4189866496.0,20628944429.0,0.01213927667806216
3178,2015-08-28,17.49,17.85,17.05,17.3,197787584.0,3448948736.0,20628944429.0,0.009587867410314598
3179,2015-08-31,17.17,17.24,16.62,17.05,142554704.0,2418625024.0,20628944429.0,0.006910421640362644
3180,2015-09-01,16.88,17.38,16.71,16.84,177645568.0,3032538112.0,20628944429.0,0.008611471547243461
3181,2015-09-02,16.45,17.08,16.3,16.77,173011248.0,2894747136.0,20628944429.0,0.008386820207668125
3182,2015-09-07,16.55,16.6,16.03,16.16,89992304.0,1473089792.0,20628944429.0,0.0043624289313363785
3183,2015-09-08,16.16,16.97,16.05,16.65,99744304.0,1648957696.0,20628944429.0,0.004835162765758401
3184,2015-09-09,16.79,16.79,16.53,16.75,88645504.0,1476979456.0,20628944429.0,0.004297142023194501
3185,2015-09-10,16.6,17.35,16.5,17.29,141952544.0,2422977024.0,20628944429.0,0.0068812315864521054
3186,2015-09-11,17.1,17.31,16.97,17.12,58833748.0,1010033536.0,20628944429.0,0.002851999926728776
3187,2015-09-14,17.1,18.41,16.75,18.35,238728464.0,4224243712.0,20628944429.0,0.01157250022276455
3188,2015-09-15,17.94,18.25,17.65,18.01,159682112.0,2859988224.0,20628944429.0,0.007740682638880941
3189,2015-09-16,17.9,18.21,17.48,17.88,92456984.0,1649211136.0,20628944429.0,0.004481905718356812
3190,2015-09-17,17.7,18.12,17.52,17.56,72462096.0,1290899328.0,20628944429.0,0.003512641970091954
3191,2015-09-18,17.52,17.96,17.52,17.71,55779288.0,994981760.0,20628944429.0,0.0027039332134506087
3192,2015-09-21,17.6,17.75,17.41,17.57,51032928.0,896607936.0,20628944429.0,0.0024738506701418193
3193,2015-09-22,17.65,18.1,17.52,17.96,61256088.0,1099849984.0,20628944429.0,0.0029694242577863895
3194,2015-09-23,17.8,18.13,17.58,17.73,47881416.0,854955648.0,20628944429.0,0.002321079305089828
3195,2015-09-24,17.88,17.89,17.41,17.52,40028864.0,703968000.0,20628944429.0,0.0019404223099136256
3196,2015-09-25,17.5,17.87,17.22,17.72,46496008.0,812576128.0,20628944429.0,0.0022539208518413717
3197,2015-09-28,17.56,17.67,17.47,17.51,21257676.0,373021856.0,20628944429.0,0.0010304781261670439
3198,2015-09-29,17.25,17.51,17.25,17.44,30162100.0,522340032.0,20628944429.0,0.0014621252242843007
3199,2015-09-30,17.5,17.91,17.39,17.77,54828280.0,972151296.0,20628944429.0,0.0026578325511858406
3200,2015-10-08,18.2,18.26,17.6,17.73,49182336.0,881085504.0,20628944429.0,0.002384142153723575
3201,2015-10-09,17.95,18.2,17.83,17.96,30962816.0,557496960.0,20628944429.0,0.0015009403950147215
3202,2015-10-12,17.96,18.28,17.79,18.19,60847888.0,1099989888.0,20628944429.0,0.0029496365269402994
3203,2015-10-13,18.16,18.24,18.01,18.06,43079672.0,779474432.0,20628944429.0,0.0020883119903817742
3204,2015-10-14,17.86,18.1,17.81,17.85,28905264.0,519124192.0,20628944429.0,0.0014011993730210072
3205,2015-10-15,17.93,18.51,17.8,18.34,79188952.0,1448179840.0,20628944429.0,0.0038387302012737414
3206,2015-10-16,18.4,18.79,18.33,18.58,67386056.0,1255251072.0,20628944429.0,0.0032665779983036473
3207,2015-10-19,18.56,18.56,18.19,18.25,55653064.0,1019756288.0,20628944429.0,0.002697814432122052
3208,2015-10-20,18.3,18.41,18.05,18.22,37834104.0,688780800.0,20628944429.0,0.0018340300508451189
3209,2015-10-21,18.18,18.98,18.02,18.69,89199312.0,1636226560.0,20628944429.0,0.00432398818596866
3210,2015-10-22,18.42,18.48,18.22,18.29,43201464.0,791243648.0,20628944429.0,0.0020942159279496502
3211,2015-10-23,18.26,18.36,18.08,18.19,46374400.0,842709760.0,20628944429.0,0.0022480258337798055
3212,2015-10-26,18.33,18.35,17.98,18.07,65191820.0,1182859648.0,20628944429.0,0.0031602111404378927
3213,2015-10-27,18.08,18.13,17.88,18.04,37451196.0,673297472.0,20628944429.0,0.0018154683643120109
3214,2015-10-28,17.96,17.99,17.82,17.86,35544196.0,636052160.0,20628944429.0,0.0017230254375028642
3215,2015-10-29,17.85,17.93,17.8,17.81,27189186.0,485101152.0,20628944429.0,0.0013180115004710405
3216,2015-10-30,17.79,18.08,17.78,17.93,43475424.0,780550592.0,20628944429.0,0.0021074962972357715
3217,2015-11-02,17.78,18.04,17.78,17.83,27526694.0,492637312.0,20628944429.0,0.0013343723957733485
3218,2015-11-03,17.84,18.06,17.84,17.9,34258848.0,616527488.0,20628944429.0,0.0016607174505661663
3219,2015-11-04,17.97,18.39,17.85,18.36,62343816.0,1133352832.0,20628944429.0,0.003022152501043998
3220,2015-11-05,18.3,19.08,18.18,18.57,177602368.0,3329491968.0,20628944429.0,0.008609377402283756
3221,2015-11-06,18.53,18.71,18.3,18.68,95910096.0,1778266496.0,20628944429.0,0.004649297317664513
3222,2015-11-09,18.75,19.98,18.75,19.08,202697168.0,3926534144.0,20628944429.0,0.009825862331329469
3223,2015-11-10,18.85,18.99,18.56,18.64,85968192.0,1608819584.0,20628944429.0,0.004167357777121481
3224,2015-11-11,18.64,18.64,18.31,18.44,50167496.0,925608704.0,20628944429.0,0.0024318983539203757
3225,2015-11-12,18.55,18.57,18.17,18.27,43502784.0,796449664.0,20628944429.0,0.002108822589043584
3226,2015-11-13,18.13,18.34,18.09,18.14,35960744.0,653641216.0,20628944429.0,0.001743217842472186
3227,2015-11-16,18.01,18.17,17.93,18.1,34169052.0,616059264.0,20628944429.0,0.0016563645375846487
3228,2015-11-17,18.2,18.45,18.08,18.14,58690616.0,1073245504.0,20628944429.0,0.002845061520331269
3229,2015-11-18,18.23,18.45,18.0,18.16,47020960.0,854764928.0,20628944429.0,0.0022793682033433725
3230,2015-11-19,18.08,18.25,18.05,18.2,32778244.0,594877184.0,20628944429.0,0.0015889443162162293
3231,2015-11-20,18.15,18.29,18.11,18.15,36231272.0,659327808.0,20628944429.0,0.0017563318435753978
3232,2015-11-23,18.16,18.34,18.12,18.19,47651032.0,869174144.0,20628944429.0,0.0023099113075806523
3233,2015-11-24,18.23,18.23,17.7,17.88,62211096.0,1111420160.0,20628944429.0,0.0030157188223622414
3234,2015-11-25,17.85,17.85,17.56,17.73,66101172.0,1169696256.0,20628944429.0,0.003204292504035035
3235,2015-11-26,17.79,17.92,17.5,17.53,63766044.0,1127051648.0,20628944429.0,0.00309109582506598
3236,2015-11-27,17.51,17.51,16.9,17.04,67955528.0,1168267264.0,20628944429.0,0.0032941834825280093
3237,2015-11-30,17.07,17.32,16.98,17.2,55002024.0,940653568.0,20628944429.0,0.0026662548919700714
3238,2015-12-01,17.28,17.28,16.91,17.11,39788453.0,678415739.0,20628944429.0,0.0019287682477861408
3239,2015-12-02,17.13,17.99,17.05,17.91,102164736.0,1800174848.0,20628944429.0,0.004952494605413627
3240,2015-12-03,17.8,17.98,17.61,17.78,71516047.0,1272599587.0,20628944429.0,0.003466781698217352
3241,2015-12-04,17.6,17.69,17.13,17.25,51544536.0,895112320.0,20628944429.0,0.0024986511635340445
3242,2015-12-07,17.2,17.45,17.15,17.39,43689456.0,757778112.0,20628944429.0,0.0021178716220972373
3243,2015-12-08,17.3,17.62,17.18,17.42,45180100.0,786526016.0,20628944429.0,0.0021901314512479944
3244,2015-12-09,17.33,17.59,17.32,17.39,44067092.0,767061477.0,20628944429.0,0.002136177745384337
3245,2015-12-10,17.39,17.65,17.21,17.26,44071740.0,767406848.0,20628944429.0,0.0021364030598698164
3246,2015-12-11,17.23,17.26,16.66,16.92,114185616.0,1927210880.0,20628944429.0,0.005535213708728538
3247,2015-12-14,16.75,17.09,16.5,17.06,94142192.0,1575700864.0,20628944429.0,0.004563597149820991
3248,2015-12-15,17.03,17.06,16.9,17.03,46157832.0,784493824.0,20628944429.0,0.0022375275748531126
3249,2015-12-16,17.08,17.09,16.87,16.96,30786340.0,521687776.0,20628944429.0,0.0014923856189520204
3250,2015-12-17,17.0,17.12,16.95,17.1,50191056.0,856073280.0,20628944429.0,0.0024330404385326586
3251,2015-12-18,17.09,18.06,17.04,17.52,156986560.0,2766475776.0,20628944429.0,0.007610014198269378
3252,2015-12-21,17.43,18.45,17.35,18.23,152603072.0,2749053952.0,20628944429.0,0.007397522084817479
3253,2015-12-22,18.14,18.32,18.06,18.27,94006477.0,1712026828.0,20628944429.0,0.00455701828678381
3254,2015-12-23,18.28,18.71,18.17,18.19,108842856.0,2005574272.0,20628944429.0,0.005276220330837171
3255,2015-12-24,18.18,18.31,18.01,18.14,37409208.0,678405120.0,20628944429.0,0.0018134329717525654
3256,2015-12-25,18.22,18.36,18.2,18.33,48926300.0,894866182.0,20628944429.0,0.002371730660693419
3257,2015-12-28,18.35,18.39,17.8,17.84,48737935.0,876240574.0,20628944429.0,0.0023625995584866
3258,2015-12-29,17.83,17.97,17.71,17.94,36577477.0,651978499.0,20628944429.0,0.0017731143309775794
3259,2015-12-30,17.9,18.3,17.55,18.26,71266569.0,1275675597.0,20628944429.0,0.003454688108026218
3260,2015-12-31,18.12,18.33,17.91,17.99,72164923.0,1308243670.0,20628944429.0,0.003498236337219036
3261,2016-01-04,17.91,17.95,17.16,17.28,37340569.0,650573706.0,20628944429.0,0.0018101056565699473
3262,2016-01-05,17.17,17.55,17.0,17.23,51577796.0,892179586.0,20628944429.0,0.0025002634612507056
3263,2016-01-06,17.2,17.33,17.06,17.31,31982691.0,551646036.0,20628944429.0,0.0015503794248938397
3264,2016-01-07,17.15,17.15,16.51,16.67,19981533.0,335909456.0,20628944429.0,0.0009686163569237273
3265,2016-01-08,16.8,17.06,16.61,16.81,60822777.0,1024996338.0,20628944429.0,0.002948419256706894
3266,2016-01-11,16.68,16.68,16.0,16.04,65491242.0,1071917369.0,20628944429.0,0.0031747257948852173
3267,2016-01-12,16.03,16.25,15.88,15.98,46828222.0,751250882.0,20628944429.0,0.0022700251174349604
3268,2016-01-13,16.21,16.21,15.78,15.87,57343596.0,915062415.0,20628944429.0,0.0027797639475622827
3269,2016-01-14,15.55,15.96,15.52,15.89,42963031.0,678479480.0,20628944429.0,0.002082657750514996
3270,2016-01-15,15.87,15.92,15.45,15.48,34421564.0,539614094.0,20628944429.0,0.0016686052026787395
3271,2016-01-18,15.39,15.7,15.36,15.42,26735062.0,414899638.0,20628944429.0,0.0012959975771913985
3272,2016-01-19,15.58,15.77,15.35,15.71,38835180.0,605769304.0,20628944429.0,0.0018825577883377215
3273,2016-01-20,15.56,15.68,15.24,15.52,38930681.0,602278610.0,20628944429.0,0.0018871872544904222
3274,2016-01-21,15.41,15.68,15.28,15.3,35322411.0,547241543.0,20628944429.0,0.0017122742814869405
3275,2016-01-22,15.48,15.49,15.13,15.28,30700816.0,469666147.0,20628944429.0,0.0014882397936387402
3276,2016-01-25,15.29,15.49,15.2,15.48,21843950.0,334419005.0,20628944429.0,0.001058898097049113
3277,2016-01-26,15.33,15.39,14.78,14.86,30208597.0,456333853.0,20628944429.0,0.0014643791932239152
3278,2016-01-27,14.96,15.22,14.84,15.0,51268841.0,771408372.0,20628944429.0,0.0024852866891204905
3279,2016-01-28,14.96,15.06,14.62,14.72,25477946.0,379361550.0,20628944429.0,0.0012350581527663294
3280,2016-01-29,14.75,15.08,14.62,14.99,36467461.0,544618810.0,20628944429.0,0.0017677812418135338
3281,2016-02-01,14.98,15.18,14.48,14.72,27035594.0,399202433.0,20628944429.0,0.0013105660395300491
3282,2016-02-02,14.65,14.95,14.65,14.85,18777772.0,279081130.0,20628944429.0,0.0009102633469506255
3283,2016-02-03,14.72,14.8,14.55,14.67,23660799.0,346543305.0,20628944429.0,0.0011469709020466333
3284,2016-02-04,14.79,14.93,14.69,14.88,22319314.0,330677619.0,20628944429.0,0.0010819416416006091
3285,2016-02-05,14.9,14.93,14.78,14.86,16885368.0,250744421.0,20628944429.0,0.0008185279696746232
3286,2016-02-15,14.5,14.82,14.47,14.66,19290819.0,282388055.0,20628944429.0,0.0009351335966992632
3287,2016-02-16,14.77,15.05,14.72,14.94,26569833.0,397122796.0,20628944429.0,0.001287988005951887
3288,2016-02-17,14.95,15.07,14.88,15.03,38285480.0,573493653.0,20628944429.0,0.0018559107632370462
3289,2016-02-18,14.95,15.06,14.87,14.9,28765190.0,430450518.0,20628944429.0,0.0013944092049403233
3290,2016-02-19,14.9,14.94,14.68,14.75,22515437.0,333076955.0,20628944429.0,0.0010914488173397756
3291,2016-02-22,14.88,15.11,14.79,15.01,38640686.0,578307946.0,20628944429.0,0.0018731295793147438
3292,2016-02-23,15.01,15.01,14.72,14.83,24862800.0,369124450.0,20628944429.0,0.0012052385950028582
3293,2016-02-24,14.75,14.87,14.67,14.81,21475072.0,316686628.0,20628944429.0,0.001041016522872131
3294,2016-02-25,14.81,14.81,14.21,14.25,51130623.0,740824073.0,20628944429.0,0.0024785864917121494
3295,2016-02-26,14.35,14.57,14.28,14.45,28683994.0,413497074.0,20628944429.0,0.0013904731819276354
3296,2016-02-29,14.43,14.6,14.04,14.56,48318546.0,692907439.0,20628944429.0,0.002342269434400831
3297,2016-03-01,14.56,14.78,14.36,14.65,32028783.0,467774894.0,20628944429.0,0.0015526137612244572
3298,2016-03-02,14.79,14.97,14.72,14.96,60456293.0,897678345.0,20628944429.0,0.0029306537330630955
3299,2016-03-03,14.95,15.19,14.91,15.15,53511876.0,803689976.0,20628944429.0,0.002594019106705889
3300,2016-03-04,15.14,16.02,15.02,15.97,164467881.0,2572638992.0,20628944429.0,0.007972675556234104
3301,2016-03-07,15.9,16.0,15.65,15.78,41066485.0,649708952.0,20628944429.0,0.0019907215873958667
3302,2016-03-08,15.78,15.99,15.21,15.96,45257082.0,704533972.0,20628944429.0,0.0021938631981759556
3303,2016-03-09,15.73,16.08,15.41,16.05,74232024.0,1175103105.0,20628944429.0,0.003598440252504885
3304,2016-03-10,15.82,15.98,15.65,15.66,19886994.0,314373898.0,20628944429.0,0.0009640335242768422
3305,2016-03-11,15.59,15.78,15.42,15.76,32789560.0,512388942.0,20628944429.0,0.001589492865854285
3306,2016-03-14,15.78,16.04,15.65,15.72,31496816.0,500190854.0,20628944429.0,0.0015268263535443934
3307,2016-03-15,15.81,15.99,15.6,15.86,35520508.0,561733616.0,20628944429.0,0.0017218771480166266
3308,2016-03-16,15.88,16.45,15.79,16.42,123657453.0,2016510071.0,20628944429.0,0.005994366479855526
3309,2016-03-17,16.39,16.4,16.11,16.23,46071149.0,748342344.0,20628944429.0,0.002233325566345196
3310,2016-03-18,16.39,16.4,16.04,16.17,59577653.0,965239507.0,20628944429.0,0.0028880611514104535
3311,2016-03-21,16.21,16.44,16.11,16.22,50253793.0,816507323.0,20628944429.0,0.0024360816508552726
3312,2016-03-22,16.27,16.42,16.16,16.19,33741962.0,548665831.0,20628944429.0,0.001635661103074466
3313,2016-03-23,16.26,16.29,16.18,16.18,19140021.0,310370785.0,20628944429.0,0.0009278235765225639
3314,2016-03-24,16.18,16.23,16.01,16.11,23990803.0,386975645.0,20628944429.0,0.0011629680366133483
3315,2016-03-25,16.12,16.2,16.1,16.13,15929295.0,257057436.0,20628944429.0,0.0007721817786084453
3316,2016-03-28,16.15,16.2,15.81,15.85,22137582.0,355104561.0,20628944429.0,0.0010731320779011442
3317,2016-03-29,15.9,16.05,15.76,15.79,19716528.0,313168230.0,20628944429.0,0.0009557700864365443
3318,2016-03-30,15.79,16.3,15.78,16.24,29675475.0,478252591.0,20628944429.0,0.0014385357962515262
3319,2016-03-31,16.3,16.35,16.02,16.09,25949603.0,418715087.0,20628944429.0,0.0012579219983510288
3320,2016-04-01,16.18,16.3,15.98,16.27,38488344.0,620911574.0,20628944429.0,0.0018657447128459662
3321,2016-04-05,16.13,16.37,16.07,16.34,39296938.0,637828882.0,20628944429.0,0.0019049417741780665
3322,2016-04-06,16.21,16.35,16.19,16.26,30072583.0,488458866.0,20628944429.0,0.0014577858359889812
3323,2016-04-07,16.32,16.35,16.05,16.1,29556313.0,477567488.0,20628944429.0,0.0014327593494531878
3324,2016-04-08,16.0,16.21,15.98,16.16,22439805.0,361753050.0,20628944429.0,0.0010877825124418052
3325,2016-04-11,16.16,16.57,16.15,16.31,31780847.0,521431209.0,20628944429.0,0.001540594920374246
3326,2016-04-12,16.41,16.41,16.12,16.29,17456359.0,284011226.0,20628944429.0,0.0008462070883016192
3327,2016-04-13,16.39,16.68,16.0,16.48,40046940.0,662526887.0,20628944429.0,0.0019412985544574129
3328,2016-04-14,16.5,16.68,16.37,16.46,22984200.0,379056763.0,20628944429.0,0.0011141723746024058
3329,2016-04-15,16.56,17.04,16.46,16.93,58833767.0,990505848.0,20628944429.0,0.002852000847764754
3330,2016-04-18,16.76,17.27,16.72,17.06,50523260.0,862860036.0,20628944429.0,0.0024491442193704696
3331,2016-04-19,17.21,17.23,17.02,17.11,30079607.0,515250055.0,20628944429.0,0.0014581263284472441
3332,2016-04-20,17.11,17.36,16.8,17.33,78748333.0,1349077276.0,20628944429.0,0.003817370940671896
3333,2016-04-21,17.27,17.93,17.17,17.69,79412106.0,1395740403.0,20628944429.0,0.0038495477203556337
3334,2016-04-22,17.6,18.02,17.56,17.87,55625558.0,993784331.0,20628944429.0,0.002696481062879885
3335,2016-04-25,17.75,17.96,17.41,17.9,39667820.0,705132102.0,20628944429.0,0.0019229204934129013
3336,2016-04-26,17.81,17.95,17.6,17.91,39021652.0,697015465.0,20628944429.0,0.0018915971262758206
3337,2016-04-27,17.9,17.95,17.81,17.88,25071611.0,448803378.0,20628944429.0,0.001215360828872782
3338,2016-04-28,17.93,17.93,17.67,17.88,28195786.0,503333040.0,20628944429.0,0.0013668070170552496
3339,2016-04-29,17.87,17.92,17.73,17.75,19001557.0,338329936.0,20628944429.0,0.0009211114541220911
3340,2016-05-03,17.79,17.85,17.56,17.7,35053706.0,620494470.0,20628944429.0,0.0016992486513620051
3341,2016-05-04,17.7,17.71,17.59,17.65,24388752.0,430847907.0,20628944429.0,0.0011822588443117087
3342,2016-05-05,17.65,17.7,17.46,17.62,20305075.0,357190021.0,20628944429.0,0.0009843002423068866
3343,2016-05-06,17.62,17.65,17.3,17.32,29666028.0,519899756.0,20628944429.0,0.0014380778474683243
3344,2016-05-09,17.33,17.45,17.21,17.3,23597962.0,408579616.0,20628944429.0,0.0011439248421662418
3345,2016-05-10,17.11,17.41,16.98,17.04,28801521.0,496178892.0,20628944429.0,0.0013961703711563185
3346,2016-05-11,17.06,17.32,17.06,17.15,20807100.0,358012826.0,20628944429.0,0.0010086361942373333
3347,2016-05-12,17.02,17.58,17.02,17.46,26079241.0,453541575.0,20628944429.0,0.0012642062753020953
3348,2016-05-13,17.41,17.62,17.34,17.57,23912086.0,419456612.0,20628944429.0,0.0011591521845579547
3349,2016-05-16,17.55,17.64,17.48,17.5,37999862.0,667673548.0,20628944429.0,0.0018420652656652712
3350,2016-05-17,17.49,17.53,17.39,17.48,13498637.0,235712612.0,20628944429.0,0.0006543542276949337
3351,2016-05-18,17.41,17.87,17.39,17.82,46174348.0,814897786.0,20628944429.0,0.002238328197495577
3352,2016-05-19,17.74,17.86,17.67,17.81,17097754.0,304549544.0,20628944429.0,0.0008288235037350781
3353,2016-05-20,17.76,17.93,17.7,17.88,14502842.0,259055461.0,20628944429.0,0.0007030336452703816
3354,2016-05-23,17.88,17.97,17.48,17.52,16849858.0,297555961.0,20628944429.0,0.0008168066019079778
3355,2016-05-24,17.51,17.51,17.32,17.33,8825574.0,153638720.0,20628944429.0,0.00042782479881001964
3356,2016-05-25,17.59,17.59,17.44,17.55,10291661.0,180397501.0,20628944429.0,0.000498894213197456
3357,2016-05-26,17.5,17.8,17.5,17.69,12788326.0,226478696.0,20628944429.0,0.0006199214915728929
3358,2016-05-27,17.77,17.77,17.62,17.66,7414410.0,131180233.0,20628944429.0,0.0003594178085804954
3359,2016-05-30,17.75,17.87,17.62,17.84,20754633.0,369200399.0,20628944429.0,0.0010060928260984265
3360,2016-05-31,17.88,18.03,17.81,18.0,41139084.0,739952868.0,20628944429.0,0.001994240865866458
3361,2016-06-01,18.09,18.09,17.73,17.83,22013672.0,393579386.0,20628944429.0,0.0010671254690595492
3362,2016-06-02,17.82,17.88,17.66,17.73,10755312.0,190719567.0,20628944429.0,0.0005213699633065214
3363,2016-06-03,17.8,17.83,17.71,17.78,9852612.0,175174612.0,20628944429.0,0.00047761105925271094
3364,2016-06-06,17.73,17.83,17.56,17.64,12770352.0,225235543.0,20628944429.0,0.0006190501915380384
3365,2016-06-07,17.76,17.87,17.59,17.8,11250355.0,199544447.0,20628944429.0,0.0005453674587529715
3366,2016-06-08,17.75,17.84,17.65,17.77,9514926.0,168924714.0,20628944429.0,0.0004612415352975596
3367,2016-06-13,17.58,17.79,17.29,17.32,16220713.0,284764728.0,20628944429.0,0.0007863084345312917
3368,2016-06-14,17.33,17.5,17.29,17.38,10953458.0,190753279.0,20628944429.0,0.0005309752051395184
3369,2016-06-15,17.25,17.46,17.25,17.39,18735848.0,325485982.0,20628944429.0,0.0009082310568281574
3370,2016-06-16,17.26,17.46,17.26,17.4,22113862.0,384653687.0,20628944429.0,0.0010719822371964179
3371,2016-06-17,17.38,17.67,17.37,17.5,13760241.0,241308424.0,20628944429.0,0.0006670356327421178
3372,2016-06-20,17.62,17.63,17.42,17.51,15697188.0,274976161.0,20628944429.0,0.0007609302576787702
3373,2016-06-21,17.53,17.7,17.5,17.54,11327069.0,198765339.0,20628944429.0,0.00054908621422609
3374,2016-06-22,17.5,17.6,17.46,17.5,10067280.0,176398272.0,20628944429.0,0.000488017214581639
3375,2016-06-23,17.52,17.53,17.24,17.26,16061133.0,278405099.0,20628944429.0,0.000778572701830608
3376,2016-06-24,17.26,17.38,17.18,17.25,60859919.0,1049167952.0,20628944429.0,0.0029502197366164614
3377,2016-06-27,17.25,17.33,17.18,17.28,19507706.0,336583693.0,20628944429.0,0.000945647319335265
3378,2016-06-28,17.25,17.32,17.21,17.29,13011644.0,224492913.0,20628944429.0,0.0006307469606495395
3379,2016-06-29,17.31,17.49,17.27,17.45,21673574.0,376575254.0,20628944429.0,0.0010506390220108145
3380,2016-06-30,17.47,17.55,17.39,17.5,17540455.0,306680973.0,20628944429.0,0.0008502836904898427
3381,2016-07-01,17.5,17.66,17.49,17.63,10987843.0,193394881.0,20628944429.0,0.0005326420378811716
3382,2016-07-04,17.63,17.92,17.63,17.72,17703319.0,314424407.0,20628944429.0,0.0008581786169879259
3383,2016-07-05,17.79,17.79,17.45,17.56,18612287.0,327013878.0,20628944429.0,0.0009022413659632046
3384,2016-07-06,17.53,17.54,17.31,17.42,20750617.0,361529682.0,20628944429.0,0.0010058981481780983
3385,2016-07-07,17.41,17.52,17.35,17.51,15267455.0,266195435.0,20628944429.0,0.000740098702216539
3386,2016-07-08,17.5,17.51,17.35,17.39,15216146.0,264677220.0,20628944429.0,0.0007376114687966907
3387,2016-07-11,17.49,17.55,17.4,17.48,16014159.0,280096744.0,20628944429.0,0.0007762956100403968
3388,2016-07-12,17.48,17.75,17.46,17.71,25432037.0,447846593.0,20628944429.0,0.0012328326874664441
3389,2016-07-13,17.13,17.39,17.02,17.05,28897003.0,495868851.0,20628944429.0,0.0014007989162730416
3390,2016-07-14,17.07,17.16,17.0,17.09,12689532.0,216401318.0,20628944429.0,0.0006151323953425925
3391,2016-07-15,17.08,17.17,17.08,17.14,11071520.0,189627730.0,20628944429.0,0.0005366983288023089
3392,2016-07-18,17.15,17.49,17.13,17.26,24665203.0,427061958.0,20628944429.0,0.0011956599662620575
3393,2016-07-19,17.26,17.33,17.09,17.12,13979788.0,239922726.0,20628944429.0,0.0006776783004149902
3394,2016-07-20,17.1,17.14,17.02,17.07,11715176.0,199854451.0,20628944429.0,0.0005678999252880289
3395,2016-07-21,17.07,17.27,17.07,17.24,14602427.0,251047870.0,20628944429.0,0.0007078610856826987
3396,2016-07-22,17.25,17.25,17.03,17.08,10029423.0,171933047.0,20628944429.0,0.0004861820746339653
3397,2016-07-25,17.09,17.18,17.01,17.12,8101064.0,138621909.0,20628944429.0,0.00039270375795920955
3398,2016-07-26,17.05,17.2,17.05,17.17,11738263.0,201245058.0,20628944429.0,0.0005690190809520262
3399,2016-07-27,17.2,17.38,16.89,17.37,32117298.0,550792712.0,20628944429.0,0.00155690457699085
3400,2016-07-28,17.19,17.29,17.09,17.14,19631362.0,337013577.0,20628944429.0,0.0009516416153801061
3401,2016-07-29,17.15,17.23,17.04,17.16,12191855.0,208810744.0,20628944429.0,0.0005910072152242938
3402,2016-08-01,17.15,17.24,17.1,17.18,19899307.0,341922850.0,20628944429.0,0.0009646304040659355
3403,2016-08-02,17.21,17.25,17.12,17.15,9829628.0,168764725.0,20628944429.0,0.00047649689657322406
3404,2016-08-03,17.08,17.16,17.01,17.07,9358504.0,159753550.0,20628944429.0,0.00045365888847147663
3405,2016-08-04,17.11,17.12,16.98,17.06,11819369.0,201351096.0,20628944429.0,0.0005729507411627144
3406,2016-08-05,17.06,17.15,17.05,17.1,16765602.0,286702381.0,20628944429.0,0.0008127222436273111
3407,2016-08-08,17.14,17.15,17.07,17.13,13151009.0,225246259.0,20628944429.0,0.000637502759545584
3408,2016-08-09,17.13,17.2,17.1,17.17,25438728.0,436213106.0,20628944429.0,0.0012331570375573094
3409,2016-08-10,17.17,17.29,17.15,17.28,18767677.0,323678692.0,20628944429.0,0.000909773985993028
3410,2016-08-11,17.3,17.87,17.26,17.45,31236343.0,549682857.0,20628944429.0,0.0015141997743756683
3411,2016-08-12,17.51,18.0,17.47,17.99,44516136.0,794255421.0,20628944429.0,0.0021579454127289024
3412,2016-08-15,18.1,18.99,18.02,18.42,81739230.0,1520048907.0,20628944429.0,0.003962356400800211
3413,2016-08-16,18.64,18.87,18.12,18.31,60274344.0,1105739947.0,20628944429.0,0.0029218336501632544
3414,2016-08-17,18.43,18.68,18.31,18.4,21907973.0,404343017.0,20628944429.0,0.0010620016489647406
3415,2016-08-18,18.33,18.65,18.13,18.23,32383832.0,596924096.0,20628944429.0,0.0015698249666364448
3416,2016-08-19,18.34,18.75,18.31,18.62,39254763.0,729182463.0,20628944429.0,0.001902897316685578
3417,2016-08-22,18.62,18.8,18.51,18.69,20821260.0,388697511.0,20628944429.0,0.0010093226084185696
3418,2016-08-23,18.61,19.0,18.52,18.66,28823168.0,542400830.0,20628944429.0,0.0013972197219883258
3419,2016-08-24,18.66,18.7,18.43,18.62,19140890.0,354910030.0,20628944429.0,0.0009278657017996469
3420,2016-08-25,18.57,18.64,18.19,18.51,19466504.0,358081682.0,20628944429.0,0.0009436500285799475
3421,2016-08-26,18.49,18.6,18.44,18.55,16920681.0,313827461.0,20628944429.0,0.0008202397877524478
3422,2016-08-29,18.46,18.48,18.03,18.27,20536484.0,374404158.0,20628944429.0,0.0009955179272832777
3423,2016-08-30,18.24,18.52,18.23,18.44,19118919.0,352596198.0,20628944429.0,0.0009268006448804419
3424,2016-08-31,18.36,18.76,18.36,18.63,15610697.0,290862566.0,20628944429.0,0.0007567375564817854
3425,2016-09-01,18.6,18.78,18.55,18.62,15545243.0,290828336.0,20628944429.0,0.0007535646360143676
3426,2016-09-02,18.52,18.72,18.48,18.68,17861657.0,332984790.0,20628944429.0,0.0008658541430210181
3427,2016-09-05,18.68,18.82,18.57,18.75,19865500.0,372168098.0,20628944429.0,0.000962991590208234
3428,2016-09-06,18.75,18.78,18.43,18.51,17939403.0,334156290.0,20628944429.0,0.0008696229252903961
3429,2016-09-07,18.51,18.62,18.4,18.56,17706315.0,328123070.0,20628944429.0,0.0008583238498189276
3430,2016-09-08,18.58,18.63,18.48,18.53,8320207.0,154289421.0,20628944429.0,0.0004033268414986625
3431,2016-09-09,18.52,18.57,18.31,18.33,8670862.0,159932157.0,20628944429.0,0.0004203250452219249
3432,2016-09-12,18.16,18.18,17.81,17.9,28128406.0,506037333.0,20628944429.0,0.001363540732625045
3433,2016-09-13,17.91,18.08,17.9,17.91,13541708.0,243518992.0,20628944429.0,0.000656442119305105
3434,2016-09-14,17.99,17.99,17.48,17.54,22219675.0,393779462.0,20628944429.0,0.0010771115835070922
3435,2016-09-19,17.55,17.88,17.55,17.81,16820168.0,299454573.0,20628944429.0,0.0008153673620039591
3436,2016-09-20,17.8,17.85,17.67,17.74,10250971.0,182019360.0,20628944429.0,0.0004969217419379574
3437,2016-09-21,17.75,17.95,17.75,17.88,7672304.0,137141040.0,20628944429.0,0.0003719193692341494
3438,2016-09-22,17.99,18.17,17.88,17.97,12354837.0,222945149.0,20628944429.0,0.0005989078618405541
3439,2016-09-23,17.99,18.09,17.93,17.98,13553186.0,244168358.0,20628944429.0,0.0006569985219867597
3440,2016-09-26,17.91,18.09,17.85,18.0,14699757.0,264867529.0,20628944429.0,0.0007125792136671425
3441,2016-09-27,17.97,18.1,17.94,18.07,10001267.0,180407342.0,20628944429.0,0.0004848171962662472
3442,2016-09-28,18.06,18.06,17.83,17.89,10734706.0,192234021.0,20628944429.0,0.0005203710755509738
3443,2016-09-29,17.96,18.07,17.92,18.0,10309280.0,185631397.0,20628944429.0,0.000499748304402202
3444,2016-09-30,17.96,18.1,17.95,18.0,8430817.0,152065854.0,20628944429.0,0.0004086887251559041
3445,2016-10-10,18.03,18.38,18.03,18.3,19093895.0,348345894.0,20628944429.0,0.0009255875920223025
3446,2016-10-11,18.33,18.49,18.26,18.33,12929420.0,237561461.0,20628944429.0,0.0006267611047429032
3447,2016-10-12,18.28,18.31,18.1,18.15,10479969.0,190617618.0,20628944429.0,0.0005080225522963427
3448,2016-10-13,18.15,18.21,18.05,18.09,10559824.0,191543016.0,20628944429.0,0.0005118935695592396
3449,2016-10-14,18.1,18.15,18.0,18.1,12238516.0,221243821.0,20628944429.0,0.0005932691341586628
3450,2016-10-17,18.07,18.1,17.83,17.86,12238087.0,219660672.0,20628944429.0,0.0005932483381357991
3451,2016-10-18,17.86,17.99,17.84,17.93,14301948.0,256039353.0,20628944429.0,0.0006932951925496701
3452,2016-10-19,17.93,18.05,17.83,17.88,11930149.0,213904312.0,20628944429.0,0.0005783208656681771
3453,2016-10-20,17.9,17.98,17.83,17.89,12357910.0,220968790.0,20628944429.0,0.0005990568272910441
3454,2016-10-21,17.91,17.93,17.82,17.91,12436352.0,222194728.0,20628944429.0,0.0006028593485625508
3455,2016-10-24,17.93,18.42,17.86,18.31,29156035.0,531562135.0,20628944429.0,0.001413355642134199
3456,2016-10-25,18.31,18.46,18.09,18.13,19758214.0,360605411.0,20628944429.0,0.000957790839371503
3457,2016-10-26,18.12,18.15,17.95,17.97,14336807.0,258759657.0,20628944429.0,0.0006949850027151867
3458,2016-10-27,18.06,18.06,17.77,17.81,21825012.0,389363392.0,20628944429.0,0.0010579800665572873
3459,2016-10-28,17.8,18.05,17.8,17.9,20411626.0,365151753.0,20628944429.0,0.000989465363593956
3460,2016-10-31,17.87,17.96,17.72,17.86,12893323.0,230491027.0,20628944429.0,0.0006250112818121063
3461,2016-11-01,17.87,17.99,17.79,17.98,18940536.0,339544654.0,20628944429.0,0.0009181534258909317
3462,2016-11-02,17.86,17.94,17.76,17.84,30953599.0,551269820.0,20628944429.0,0.001500493595614407
3463,2016-11-03,17.83,17.97,17.79,17.93,27080968.0,484543263.0,20628944429.0,0.001312765570395827
3464,2016-11-04,17.9,18.0,17.87,17.91,26938815.0,483274393.0,20628944429.0,0.001305874621588957
3465,2016-11-07,17.91,17.93,17.85,17.89,20825832.0,372548921.0,20628944429.0,0.0010095442387601382
3466,2016-11-08,17.92,18.06,17.89,17.99,26234851.0,471517515.0,20628944429.0,0.0012717495599590283
3467,2016-11-09,18.0,18.08,17.77,17.89,34243788.0,612494734.0,20628944429.0,0.0016599874083649362
3468,2016-11-10,17.95,18.11,17.94,18.0,27117031.0,489248979.0,20628944429.0,0.0013145137451569795
3469,2016-11-11,17.95,18.08,17.93,18.02,27634854.0,497447006.0,20628944429.0,0.0013396155142650513
3470,2016-11-14,18.0,18.25,17.95,18.04,35354071.0,641245323.0,20628944429.0,0.0017138090182791678
3471,2016-11-15,18.1,18.24,18.03,18.18,25650732.0,465084619.0,20628944429.0,0.0012434340539470557
3472,2016-11-16,18.23,18.29,18.05,18.12,23521274.0,427162278.0,20628944429.0,0.0011402073470581455
3473,2016-11-17,18.11,18.14,18.01,18.12,27177326.0,491383022.0,20628944429.0,0.0013174365801186772
3474,2016-11-18,18.12,18.16,18.03,18.1,18551458.0,335802154.0,20628944429.0,0.0008992926450429773
3475,2016-11-21,18.08,18.68,18.08,18.34,41347641.0,760532545.0,20628944429.0,0.002004350786939628
3476,2016-11-22,18.37,18.49,18.28,18.37,52492006.0,964268066.0,20628944429.0,0.0025445803192046595
3477,2016-11-23,18.4,18.9,18.37,18.84,66351510.0,1243122112.0,20628944429.0,0.003216427783223052
3478,2016-11-24,18.77,18.97,18.61,18.74,26750197.0,502543833.0,20628944429.0,0.0012967312550609615
3479,2016-11-25,18.8,19.02,18.66,18.99,40943311.0,772447185.0,20628944429.0,0.001984750656579511
3480,2016-11-28,19.1,19.2,18.52,18.65,85146467.0,1604490623.0,20628944429.0,0.004127524182977671
3481,2016-11-29,18.65,18.76,18.51,18.75,49107994.0,915066947.0,20628944429.0,0.002380538382320929
3482,2016-11-30,18.76,18.82,18.47,18.55,39129809.0,727802158.0,20628944429.0,0.0018968400993407903
3483,2016-12-01,18.55,18.64,18.41,18.49,53798959.0,997774283.0,20628944429.0,0.002607935620999098
3484,2016-12-02,18.53,18.54,18.24,18.49,48392142.0,891327409.0,20628944429.0,0.0023458370430224596
3485,2016-12-05,18.39,18.67,18.34,18.66,50351765.0,933953843.0,20628944429.0,0.0024408309001606454
3486,2016-12-06,18.66,18.78,18.57,18.6,31729059.0,592585859.0,20628944429.0,0.0015380844671526455
3487,2016-12-07,18.65,18.71,18.58,18.62,12167226.0,226701438.0,20628944429.0,0.0005898133102193739
3488,2016-12-08,18.67,18.88,18.62,18.76,26930735.0,505299975.0,20628944429.0,0.001305482938920568
3489,2016-12-09,18.76,19.34,18.75,19.2,62582113.0,1197391293.0,20628944429.0,0.0030337040858000753
3490,2016-12-12,19.16,19.65,18.9,19.25,79488183.0,1530135060.0,20628944429.0,0.0038532355968857123
3491,2016-12-13,19.09,19.2,18.81,18.88,24933178.0,471987682.0,20628944429.0,0.0012086502092152202
3492,2016-12-14,18.8,19.14,18.8,18.82,32780688.0,621281028.0,20628944429.0,0.0015890627905283015
3493,2016-12-15,18.73,18.73,18.2,18.24,36612461.0,673540678.0,20628944429.0,0.0017748102005903173
3494,2016-12-16,18.24,18.4,18.12,18.18,24216836.0,441962359.0,20628944429.0,0.0011739251168836429
3495,2016-12-19,18.15,18.18,17.93,18.01,24624487.0,443900194.0,20628944429.0,0.0011936862346375366
3496,2016-12-20,17.99,17.99,17.7,17.79,29800167.0,531016953.0,20628944429.0,0.001444580312994938
3497,2016-12-21,17.83,17.98,17.77,17.81,30868403.0,551372351.0,20628944429.0,0.0014963636702906356
3498,2016-12-22,17.85,17.85,17.65,17.72,21923062.0,388437354.0,20628944429.0,0.001062733096957726
3499,2016-12-23,17.77,17.77,17.54,17.6,18108164.0,319060390.0,20628944429.0,0.0008778037122705945
3500,2016-12-26,17.56,17.77,17.39,17.75,16343100.0,287481228.0,20628944429.0,0.0007922412150679414
3501,2016-12-27,17.73,17.82,17.65,17.71,10090799.0,179187227.0,20628944429.0,0.0004891573116952334
3502,2016-12-28,17.72,17.77,17.49,17.62,26787189.0,470097368.0,20628944429.0,0.0012985244636338634
3503,2016-12-29,17.6,17.62,17.43,17.49,28439191.0,497576066.0,20628944429.0,0.0013786062150625807
3504,2016-12-30,17.53,17.61,17.47,17.6,22725952.0,398354145.0,20628944429.0,0.001101653653594221
3505,2017-01-03,17.6,17.98,17.57,17.96,30458320.0,543437238.0,20628944429.0,0.001476484659931603
3506,2017-01-04,17.9,18.11,17.85,18.02,25665746.0,461916729.0,20628944429.0,0.0012441618662717084
3507,2017-01-05,18.05,18.21,18.03,18.1,24563935.0,445323276.0,20628944429.0,0.0011907509414523518
3508,2017-01-06,18.1,18.16,17.96,17.96,17487854.0,315460244.0,20628944429.0,0.0008477338266235145
3509,2017-01-09,18.05,18.13,17.91,17.94,17346031.0,312457098.0,20628944429.0,0.0008408588747573091
3510,2017-01-10,17.95,18.09,17.91,17.94,10668237.0,191855417.0,20628944429.0,0.0005171489523721185
3511,2017-01-11,18.03,18.07,17.93,17.96,13428968.0,241615359.0,20628944429.0,0.0006509769826672114
3512,2017-01-12,17.95,18.13,17.94,18.0,14095858.0,254229662.0,20628944429.0,0.000683304860726861
3513,2017-01-13,18.0,18.38,17.98,18.22,25117871.0,456928155.0,20628944429.0,0.0012176033091004649
3514,2017-01-16,18.18,18.59,18.16,18.58,75104666.0,1385245874.0,20628944429.0,0.003640742077642057
3515,2017-01-17,18.5,18.59,18.43,18.45,23566010.0,435835492.0,20628944429.0,0.0011423759505053055
3516,2017-01-18,18.49,18.61,18.47,18.59,17879565.0,331977183.0,20628944429.0,0.0008667222436677397
3517,2017-01-19,18.55,18.74,18.51,18.52,13117422.0,244232036.0,20628944429.0,0.000635874610314992
3518,2017-01-20,18.54,18.65,18.47,18.59,21739051.0,403155082.0,20628944429.0,0.001053813057416521
3519,2017-01-23,18.68,18.76,18.41,18.5,19879818.0,369761617.0,20628944429.0,0.000963685663530758
3520,2017-01-24,18.59,18.88,18.5,18.87,25543630.0,479286639.0,20628944429.0,0.0012382422226166344
3521,2017-01-25,18.81,18.95,18.68,18.88,15272178.0,287271129.0,20628944429.0,0.0007403276523703509
3522,2017-01-26,18.9,19.25,18.82,19.0,27318666.0,521508255.0,20628944429.0,0.0013242881182808192
3523,2017-02-03,19.08,19.08,18.66,18.7,23307310.0,437172383.0,20628944429.0,0.001129835318535968
3524,2017-02-06,18.88,18.9,18.54,18.62,24044319.0,449830958.0,20628944429.0,0.001165562255633337
3525,2017-02-07,18.63,18.68,18.55,18.57,22941249.0,426839076.0,20628944429.0,0.001112090300061567
3526,2017-02-08,18.55,18.6,18.48,18.6,19710326.0,365540230.0,20628944429.0,0.0009554694409032091
3527,2017-02-09,18.59,18.93,18.59,18.73,22249868.0,418114739.0,20628944429.0,0.0010785752066267296
3528,2017-02-10,18.86,18.97,18.73,18.9,39642813.0,748379533.0,20628944429.0,0.0019217082646395837
3529,2017-02-13,18.9,19.09,18.89,18.97,25330996.0,480693333.0,20628944429.0,0.0012279346666128925
3530,2017-02-14,19.0,19.03,18.81,18.87,23787741.0,449426415.0,20628944429.0,0.0011531244888400296
3531,2017-02-15,18.97,19.23,18.9,19.13,59684478.0,1140926371.0,20628944429.0,0.0028932395550058322
3532,2017-02-16,19.19,19.34,19.04,19.13,35223424.0,674770077.0,20628944429.0,0.0017074758294701304
3533,2017-02-17,19.19,19.23,18.98,19.02,17980608.0,343397818.0,20628944429.0,0.000871620361472447
3534,2017-02-20,19.03,19.5,18.98,19.4,44635085.0,864176288.0,20628944429.0,0.0021637115342291757
3535,2017-02-21,19.43,19.81,19.39,19.41,30056784.0,588854418.0,20628944429.0,0.0014570199703357782
3536,2017-02-22,19.43,19.57,19.3,19.4,22550262.0,437723370.0,20628944429.0,0.0010931369793356477
3537,2017-02-23,19.41,19.44,19.27,19.38,15656602.0,303013864.0,20628944429.0,0.0007589628278793595
3538,2017-02-24,19.38,19.5,19.27,19.43,20702260.0,401104877.0,20628944429.0,0.00100355401466383
3539,2017-02-27,19.38,19.57,19.26,19.41,25452155.0,494391315.0,20628944429.0,0.0012338079191400394
3540,2017-02-28,19.4,19.58,19.36,19.44,16595374.0,323451600.0,20628944429.0,0.0008044703429745228
3541,2017-03-01,19.45,19.51,19.28,19.34,23983933.0,464816279.0,20628944429.0,0.001162635009394062
3542,2017-03-02,19.38,19.45,19.07,19.1,24151335.0,463994964.0,20628944429.0,0.0011707499180640699
3543,2017-03-03,19.07,19.17,18.95,19.01,16972146.0,323332715.0,20628944429.0,0.0008227345833624282
3544,2017-03-06,19.01,19.39,19.0,19.06,23808114.0,457260951.0,20628944429.0,0.0011541120817859566
3545,2017-03-07,19.1,19.29,18.97,19.24,25247832.0,482993296.0,20628944429.0,0.0012239032436631516
3546,2017-03-08,19.12,19.35,19.08,19.29,19486576.0,374347185.0,20628944429.0,0.0009446230303769655
3547,2017-03-09,19.25,19.25,18.92,19.05,23195322.0,441475794.0,20628944429.0,0.001124406635532558
3548,2017-03-10,19.02,19.05,18.83,18.91,20905258.0,394814387.0,20628944429.0,0.0010133944600001713
3549,2017-03-13,18.89,19.05,18.81,19.03,17056107.0,323081960.0,20628944429.0,0.0008268046413476525
3550,2017-03-14,19.04,19.19,19.02,19.1,18159274.0,346992938.0,20628944429.0,0.0008802812990504663
3551,2017-03-15,19.1,19.13,18.96,19.01,21828414.0,415062773.0,20628944429.0,0.001058144980472864
3552,2017-03-16,19.1,19.25,19.02,19.06,31185472.0,596890775.0,20628944429.0,0.0015117337732588837
3553,2017-03-17,19.17,19.21,18.78,18.81,35535357.0,675517900.0,20628944429.0,0.001722596961870947
3554,2017-03-20,18.89,18.95,18.61,18.76,33463011.0,627135945.0,20628944429.0,0.0016221387921796899
3555,2017-03-21,18.75,18.83,18.65,18.76,40184805.0,752524925.0,20628944429.0,0.0019479816399868009
3556,2017-03-22,18.74,18.75,18.48,18.52,46907976.0,871125185.0,20628944429.0,0.0022738912386645028
3557,2017-03-23,18.52,18.81,18.48,18.64,40943140.0,766200254.0,20628944429.0,0.0019847423672557122
3558,2017-03-24,18.77,18.79,18.63,18.78,32781646.0,613249815.0,20628944429.0,0.001589109230131806
3559,2017-03-27,18.79,19.32,18.79,19.1,80019192.0,1531802494.0,20628944429.0,0.003878976564962271
3560,2017-03-28,19.25,19.31,18.91,18.97,42027343.0,801684355.0,20628944429.0,0.0020372997341016785
3561,2017-03-29,18.99,19.16,18.98,19.09,44934719.0,857221803.0,20628944429.0,0.002178236465498988
3562,2017-03-30,19.09,19.15,18.96,19.02,25726855.0,490686364.0,20628944429.0,0.0012471241603537115
3563,2017-03-31,19.02,19.25,19.02,19.17,33962346.0,650952938.0,20628944429.0,0.0016463443448059326
3564,2017-04-05,19.22,19.29,19.01,19.07,48602592.0,929280304.0,20628944429.0,0.0023560387283643497
3565,2017-04-06,19.05,19.11,18.93,19.04,34096737.0,648458299.0,20628944429.0,0.0016528590261781445
3566,2017-04-07,19.05,19.08,18.82,18.89,44034033.0,833989126.0,20628944429.0,0.0021345751912588084
3567,2017-04-10,18.93,18.97,18.7,18.91,32313532.0,609971571.0,20628944429.0,0.0015664171335191491
3568,2017-04-11,18.91,19.05,18.88,19.02,39407570.0,748244182.0,20628944429.0,0.001910304724298019
3569,2017-04-12,19.02,19.12,18.9,19.05,32143538.0,611280990.0,20628944429.0,0.001558176576151559
3570,2017-04-13,19.04,19.05,18.85,18.92,26704897.0,505235749.0,20628944429.0,0.0012945353113879387
3571,2017-04-14,18.91,18.94,18.65,18.82,30142700.0,564136336.0,20628944429.0,0.0014611847980755448
3572,2017-04-17,18.77,18.9,18.6,18.88,40758304.0,763022077.0,20628944429.0,0.0019757823353628466
3573,2017-04-18,18.8,18.85,18.6,18.6,31585792.0,591650460.0,20628944429.0,0.0015311395165521389
3574,2017-04-19,18.58,18.75,18.4,18.46,30928072.0,573673705.0,20628944429.0,0.0014992561595406487
3575,2017-04-20,18.59,18.6,18.38,18.39,28367769.0,523852163.0,20628944429.0,0.001375143992347026
3576,2017-04-21,18.5,18.93,18.39,18.8,49743044.0,935678843.0,20628944429.0,0.0024113227979843522
3577,2017-04-24,18.89,19.01,18.8,18.91,37143301.0,703849043.0,20628944429.0,0.0018005429762942332
3578,2017-04-25,18.95,19.06,18.78,18.96,40879001.0,773462782.0,20628944429.0,0.001981633192173063
3579,2017-04-26,18.97,19.18,18.91,19.11,42419144.0,810267727.0,20628944429.0,0.0020562925139479033
3580,2017-04-27,19.01,19.08,18.83,18.98,34557480.0,654130103.0,20628944429.0,0.001675193809307052
3581,2017-04-28,19.1,19.24,19.01,19.13,49459693.0,945369170.0,20628944429.0,0.0023975871945473843
3582,2017-05-02,19.14,19.21,18.94,19.01,27786907.0,529881140.0,20628944429.0,0.0013469863712918533
3583,2017-05-03,18.99,19.03,18.85,18.93,18057905.0,342113790.0,20628944429.0,0.0008753673782074058
3584,2017-05-04,18.95,18.97,18.66,18.75,39673390.0,743771320.0,20628944429.0,0.0019231905023810853
3585,2017-05-05,18.79,18.84,18.54,18.8,34318443.0,640625529.0,20628944429.0,0.0016636063526234244
3586,2017-05-08,18.67,18.86,18.65,18.79,42998487.0,806982677.0,20628944429.0,0.002084376500600442
3587,2017-05-09,18.8,18.85,18.74,18.79,14905601.0,280094859.0,20628944429.0,0.00072255762049782
3588,2017-05-10,18.85,19.18,18.81,19.02,42066330.0,802326323.0,20628944429.0,0.002039189651452233
3589,2017-05-11,19.09,19.45,19.0,19.26,47193321.0,909384830.0,20628944429.0,0.002287723502403546
3590,2017-05-12,19.25,20.38,19.19,20.34,122392416.0,2442104349.0,20628944429.0,0.005933043080378933
3591,2017-05-15,20.45,21.1,20.42,20.67,83559057.0,1738353333.0,20628944429.0,0.004050573566068333
3592,2017-05-16,20.55,20.74,20.34,20.49,64731794.0,1325991067.0,20628944429.0,0.003137911114298247
3593,2017-05-17,20.36,20.53,20.06,20.19,59693502.0,1206835053.0,20628944429.0,0.002893676998619637
3594,2017-05-18,20.01,20.32,20.01,20.25,36345421.0,732979584.0,20628944429.0,0.0017618652823023705
3595,2017-05-19,20.17,20.59,20.11,20.53,39179460.0,798985922.0,20628944429.0,0.0018992469602526943
3596,2017-05-22,20.46,21.15,20.46,20.89,57888523.0,1212784537.0,20628944429.0,0.0028061795987302574
3597,2017-05-23,20.88,22.0,20.88,21.83,95034429.0,2057868441.0,20628944429.0,0.0046068488539045835
3598,2017-05-24,21.82,22.26,21.54,21.91,74150674.0,1623533234.0,20628944429.0,0.0035944967642532206
3599,2017-05-25,21.81,23.01,21.8,22.95,106667813.0,2416876399.0,20628944429.0,0.005170783864735574
3600,2017-05-26,22.99,23.06,22.44,22.64,78505419.0,1785010219.0,20628944429.0,0.0038055955441732505
3601,2017-05-31,22.45,22.96,22.18,22.42,73975517.0,1666165857.0,20628944429.0,0.0035860059274775992
3602,2017-06-01,22.33,22.65,22.23,22.59,78092238.0,1753824149.0,20628944429.0,0.0037855663564742834
3603,2017-06-02,22.7,22.75,22.07,22.16,51019453.0,1138839813.0,20628944429.0,0.002473197461731356
3604,2017-06-05,21.93,22.17,21.6,21.98,65026549.0,1419799513.0,20628944429.0,0.0031521995332241147
3605,2017-06-06,22.0,22.13,21.66,21.93,54884450.0,1199205646.0,20628944429.0,0.002660555424389233
3606,2017-06-07,22.02,22.58,21.95,22.52,96496305.0,2160376512.0,20628944429.0,0.004677714137634027
3607,2017-06-08,22.35,22.78,21.98,22.74,74865798.0,1680209789.0,20628944429.0,0.0036291628133310726
3608,2017-06-09,22.75,23.3,22.62,22.91,83753301.0,1924613476.0,20628944429.0,0.004059989656196868
3609,2017-06-12,22.84,23.26,22.66,22.84,55565434.0,1276327539.0,20628944429.0,0.002693566517241986
3610,2017-06-13,22.9,22.98,22.3,22.49,54260816.0,1220058068.0,20628944429.0,0.0026303244059216425
3611,2017-06-14,21.75,21.86,21.22,21.3,51801561.0,1115250426.0,20628944429.0,0.0025111105989106155
3612,2017-06-15,21.3,21.64,20.9,20.93,67537281.0,1425902902.0,20628944429.0,0.003273908717552055
3613,2017-06-16,20.91,21.09,20.74,20.81,53191074.0,1113029442.0,20628944429.0,0.002578468044405822
3614,2017-06-19,20.92,21.3,20.83,21.16,54663330.0,1152930390.0,20628944429.0,0.0026498365046325268
3615,2017-06-20,21.3,21.54,20.92,21.08,53216817.0,1127816326.0,20628944429.0,0.0025797159512043785
3616,2017-06-21,21.29,21.35,20.84,21.31,50786321.0,1074173574.0,20628944429.0,0.0024618962533344657
3617,2017-06-22,21.25,23.23,21.2,22.73,152388802.0,3414570661.0,20628944429.0,0.007387135222768504
3618,2017-06-23,22.61,23.08,22.28,23.03,94120881.0,2136408542.0,20628944429.0,0.004562564086783114
3619,2017-06-26,23.08,23.91,22.99,23.04,88995783.0,2084599648.0,20628944429.0,0.004314122000100522
3620,2017-06-27,22.94,24.58,22.73,24.36,107584636.0,2541437047.0,20628944429.0,0.005215227389374243
3621,2017-06-28,24.11,24.48,23.8,23.8,73712967.0,1774023852.0,20628944429.0,0.003573278664533844
3622,2017-06-29,24.0,24.34,23.67,24.15,59421356.0,1432956910.0,20628944429.0,0.002880484564031592
3623,2017-06-30,24.0,24.18,23.7,23.89,40698820.0,972087189.0,20628944429.0,0.0019728988140947207
3624,2017-07-03,23.8,23.8,23.33,23.52,41623871.0,979092990.0,20628944429.0,0.002017741195787289
3625,2017-07-04,23.51,23.6,22.82,23.0,57363680.0,1325615809.0,20628944429.0,0.002780737531066234
3626,2017-07-05,22.98,24.05,22.85,23.9,78399696.0,1836342521.0,20628944429.0,0.0038004705606645753
3627,2017-07-06,23.71,24.14,23.4,23.96,62433300.0,1481675281.0,20628944429.0,0.003026490289645251
3628,2017-07-07,23.8,23.9,23.05,23.26,63217985.0,1478551360.0,20628944429.0,0.0030645283483884266
3629,2017-07-10,23.32,23.58,23.05,23.26,37203437.0,866708205.0,20628944429.0,0.0018034581036390652
3630,2017-07-11,23.23,24.38,23.16,24.08,73038307.0,1747996950.0,20628944429.0,0.0035405741312349143
3631,2017-07-12,24.1,25.07,23.95,24.34,85800391.0,2107028263.0,20628944429.0,0.004159223526695943
3632,2017-07-13,24.34,25.05,24.21,24.9,55940416.0,1386998099.0,20628944429.0,0.0027117439863456817
3633,2017-07-14,24.99,25.41,24.74,25.18,50806029.0,1271884056.0,20628944429.0,0.002462851610021175
3634,2017-07-17,25.1,25.65,24.74,25.11,70928750.0,1788461115.0,20628944429.0,0.0034383121368192233
3635,2017-07-18,24.9,25.06,24.04,24.52,64534655.0,1583816688.0,20628944429.0,0.003128354687372065
3636,2017-07-19,24.44,25.37,24.4,25.22,63077091.0,1570233807.0,20628944429.0,0.00305769843033397
3637,2017-07-20,25.1,25.25,24.8,25.2,51433744.0,1286272353.0,20628944429.0,0.002493280457321649
3638,2017-07-21,25.08,25.36,24.64,24.74,32764747.0,818375348.0,20628944429.0,0.0015882900413430553
3639,2017-07-24,24.77,25.76,24.67,25.71,62592201.0,1587410697.0,20628944429.0,0.003034193107428628
3640,2017-07-25,25.8,26.24,25.4,25.53,74394506.0,1922841202.0,20628944429.0,0.00360631666133226
3641,2017-07-26,25.52,26.04,25.16,25.46,46334311.0,1184402333.0,20628944429.0,0.0022460824963425473
3642,2017-07-27,25.48,26.17,25.4,25.9,43453232.0,1124251958.0,20628944429.0,0.0021064205272138792
3643,2017-07-28,25.77,26.0,25.5,25.78,28036197.0,720520363.0,20628944429.0,0.0013590708480743661
3644,2017-07-31,25.64,25.95,25.38,25.57,34195965.0,875073761.0,20628944429.0,0.0016576691608091974
3645,2017-08-01,25.58,26.15,25.35,26.14,47806569.0,1237126956.0,20628944429.0,0.002317451053520408
3646,2017-08-02,26.12,27.08,26.02,26.62,60628359.0,1619543973.0,20628944429.0,0.002938994731827827
3647,2017-08-03,26.52,26.66,25.84,25.89,51028609.0,1338776407.0,20628944429.0,0.0024736413041214268
3648,2017-08-04,25.87,26.1,25.32,25.52,48927096.0,1252754939.0,20628944429.0,0.0023717692472533247
3649,2017-08-07,25.4,26.1,25.4,25.98,30913583.0,799024681.0,20628944429.0,0.0014985537968943258
3650,2017-08-08,25.9,26.06,25.66,25.85,22046346.0,569318274.0,20628944429.0,0.0010687093600876363
3651,2017-08-09,25.78,26.08,25.51,25.54,29248590.0,754403237.0,20628944429.0,0.0014178422992347866
3652,2017-08-10,25.47,25.74,24.98,25.14,46465133.0,1172008477.0,20628944429.0,0.0022524241683776944
3653,2017-08-11,24.97,25.26,24.44,24.49,52173238.0,1295751449.0,20628944429.0,0.0025291278562297784
3654,2017-08-14,24.6,24.88,24.25,24.8,53594772.0,1318539816.0,20628944429.0,0.002598037538200787
3655,2017-08-15,24.8,25.86,24.78,25.53,53690010.0,1370978510.0,20628944429.0,0.002602654255276534
3656,2017-08-16,25.41,25.47,25.02,25.17,29782847.0,750197213.0,20628944429.0,0.0014437407159879456
3657,2017-08-17,25.19,25.3,24.85,25.06,32146044.0,803371848.0,20628944429.0,0.001558298055949453
3658,2017-08-18,24.91,25.59,24.8,25.42,39734426.0,1003556219.0,20628944429.0,0.0019261492577459112
3659,2017-08-21,25.42,25.52,25.05,25.3,31525364.0,796215293.0,20628944429.0,0.0015282102343385977
3660,2017-08-22,25.42,25.93,25.18,25.89,50287937.0,1289000316.0,20628944429.0,0.002437736800982683
3661,2017-08-23,25.98,26.83,25.83,26.52,60736801.0,1607392857.0,20628944429.0,0.002944251520432461
3662,2017-08-24,26.5,26.84,26.21,26.69,46161550.0,1228209405.0,20628944429.0,0.002237707807051265
3663,2017-08-25,26.8,27.58,26.8,27.53,66092014.0,1796548787.0,20628944429.0,0.003203848564693809
3664,2017-08-28,27.58,27.9,27.01,27.24,54746121.0,1504650780.0,20628944429.0,0.0026538498461917592
3665,2017-08-29,27.26,27.46,27.06,27.14,32870241.0,894606523.0,20628944429.0,0.001593403923944421
3666,2017-08-30,27.39,27.96,26.97,27.16,47205569.0,1292864155.0,20628944429.0,0.0022883172312800843
3667,2017-08-31,27.16,27.28,26.41,26.75,59081038.0,1576347728.0,20628944429.0,0.0028639874523557476
3668,2017-09-01,26.74,27.18,26.53,26.76,47974643.0,1287996634.0,20628944429.0,0.002325598537778678
3669,2017-09-04,26.54,26.99,26.42,26.96,35631693.0,953928876.0,20628944429.0,0.0017272669051310865
3670,2017-09-05,26.9,27.37,26.74,27.34,40573290.0,1101285043.0,20628944429.0,0.001966813674817137
3671,2017-09-06,27.28,27.28,26.78,26.87,32948666.0,890348914.0,20628944429.0,0.0015972056211311053
3672,2017-09-07,26.9,26.9,26.31,26.35,46675659.0,1237783129.0,20628944429.0,0.0022626295378634954
3673,2017-09-08,26.36,26.6,26.29,26.38,29097213.0,768685716.0,20628944429.0,0.0014105042116985577
3674,2017-09-11,26.6,26.89,26.12,26.18,46759279.0,1236452294.0,20628944429.0,0.0022666830656767
3675,2017-09-12,26.28,26.49,25.96,26.44,42620226.0,1117346102.0,20628944429.0,0.0020660400800772355
3676,2017-09-13,26.44,26.48,26.05,26.17,32866866.0,861995110.0,20628944429.0,0.001593240318869444
3677,2017-09-14,26.18,26.25,25.65,25.86,47223452.0,1222804952.0,20628944429.0,0.0022891841200373617
3678,2017-09-15,25.75,26.08,25.59,25.97,32786267.0,847804833.0,20628944429.0,0.0015893332357766856
3679,2017-09-18,25.97,26.1,25.69,25.76,51107728.0,1323656291.0,20628944429.0,0.002477476643359084
3680,2017-09-19,25.79,26.25,25.69,26.17,47274118.0,1228816253.0,20628944429.0,0.002291640183660703
3681,2017-09-20,26.11,26.32,25.82,25.89,51785947.0,1350601225.0,20628944429.0,0.0025103537012393005
3682,2017-09-21,25.95,26.29,25.85,26.06,40927253.0,1066972505.0,20628944429.0,0.0019839722357516657
3683,2017-09-22,25.9,26.28,25.83,25.95,28030992.0,729528084.0,20628944429.0,0.0013588185326920685
3684,2017-09-25,25.86,26.12,25.7,25.81,32006496.0,829467446.0,20628944429.0,0.0015515333860226766
3685,2017-09-26,25.71,25.9,25.64,25.71,22468076.0,578862322.0,20628944429.0,0.0010891529655009669
3686,2017-09-27,25.67,25.75,25.32,25.4,33779155.0,861005161.0,20628944429.0,0.0016374640552385
3687,2017-09-28,25.48,25.49,25.12,25.2,34723219.0,875845413.0,20628944429.0,0.0016832281030912267
3688,2017-09-29,25.2,25.78,25.13,25.55,47164183.0,1200679062.0,20628944429.0,0.002286311021018457
3689,2017-10-09,26.8,26.99,25.89,26.08,100296537.0,2651928457.0,20628944429.0,0.00486193257949757
3690,2017-10-10,26.05,26.55,25.42,26.12,105250662.0,2722110394.0,20628944429.0,0.0051020866512219345
3691,2017-10-11,26.05,26.25,25.91,26.04,48399977.0,1261376447.0,20628944429.0,0.0023462168491742946
3692,2017-10-12,26.14,26.55,26.04,26.37,47842207.0,1257728399.0,20628944429.0,0.002319178626161008
3693,2017-10-13,26.37,26.55,26.16,26.2,32734325.0,860203544.0,20628944429.0,0.0015868153173161084
3694,2017-10-16,26.29,26.95,26.2,26.87,70703152.0,1886449497.0,20628944429.0,0.003427376143425259
3695,2017-10-17,26.7,27.33,26.68,27.03,58293941.0,1577299201.0,20628944429.0,0.0028258324705189887
3696,2017-10-18,27.06,27.29,26.91,27.11,38327777.0,1037664392.0,20628944429.0,0.0018579611347500228
3697,2017-10-19,27.16,27.3,26.92,27.1,40809614.0,1107391135.0,20628944429.0,0.0019782696172582722
3698,2017-10-20,26.96,27.07,26.7,26.77,28130262.0,755916482.0,20628944429.0,0.0013636307032973878
3699,2017-10-23,26.77,26.89,26.47,26.5,34731342.0,925253803.0,20628944429.0,0.00168362187020946
3700,2017-10-24,26.52,26.83,26.41,26.62,37077931.0,988906813.0,20628944429.0,0.001797374127775348
3701,2017-10-25,26.57,26.89,26.4,26.8,33931969.0,905316390.0,20628944429.0,0.0016448718021799854
3702,2017-10-26,26.66,27.2,26.42,26.55,68850233.0,1839713642.0,20628944429.0,0.0033375548243375413
3703,2017-10-27,26.68,28.14,26.68,28.1,122858298.0,3388881803.0,20628944429.0,0.005955626979502006
3704,2017-10-30,27.85,28.06,27.51,27.79,103998076.0,2890850820.0,20628944429.0,0.005041366821164168
3705,2017-10-31,27.5,27.6,26.91,27.1,62417334.0,1692746769.0,20628944429.0,0.0030257163285705604
3706,2017-11-01,27.11,27.18,26.65,26.9,69513733.0,1866958998.0,20628944429.0,0.0033697183701885476
3707,2017-11-02,26.8,27.02,26.7,27.01,36239453.0,974720024.0,20628944429.0,0.0017567284222771416
3708,2017-11-03,26.98,27.16,26.61,27.06,68086907.0,1829746496.0,20628944429.0,0.003300552155459975
3709,2017-11-06,26.9,26.94,26.27,26.61,69959123.0,1854555217.0,20628944429.0,0.0033913089077719383
3710,2017-11-07,26.6,27.26,26.53,27.03,73061456.0,1968881356.0,20628944429.0,0.003541696292384733
3711,2017-11-08,27.0,27.43,26.8,27.09,72048087.0,1958201904.0,20628944429.0,0.003492572644614593
3712,2017-11-09,26.99,27.47,26.84,27.07,35153936.0,952783904.0,20628944429.0,0.0017041073585219845
3713,2017-11-10,26.91,27.22,26.59,27.07,70010839.0,1882008398.0,20628944429.0,0.003393815870751939
3714,2017-11-13,27.11,28.35,27.11,27.67,136763738.0,3814308501.0,20628944429.0,0.006629701217660883
3715,2017-11-14,27.75,28.28,27.68,28.02,84449909.0,2361867310.0,20628944429.0,0.0040937581314767135
3716,2017-11-15,27.79,28.3,27.61,27.88,69036414.0,1927570960.0,20628944429.0,0.003346580055882509
3717,2017-11-16,27.77,28.13,27.49,28.1,67948860.0,1892846691.0,20628944429.0,0.003293860247375433
3718,2017-11-17,28.3,29.5,28.3,29.38,155197518.0,4524400131.0,20628944429.0,0.007523289353662935
3719,2017-11-20,29.38,30.7,29.09,30.53,130959008.0,3912283987.0,20628944429.0,0.006348313577106684
3720,2017-11-21,30.3,31.3,30.08,30.36,111984633.0,3439543678.0,20628944429.0,0.005428519786139563
3721,2017-11-22,30.54,31.66,30.54,30.9,97579050.0,3034245837.0,20628944429.0,0.004730200827087603
3722,2017-11-23,30.8,31.13,29.5,30.0,89079547.0,2709651298.0,20628944429.0,0.0043181825083969255
3723,2017-11-24,30.25,30.79,29.63,30.09,81263787.0,2447316075.0,20628944429.0,0.0039393090266780706
3724,2017-11-27,29.86,29.95,28.88,29.88,98541100.0,2899282314.0,20628944429.0,0.004776836756682118
3725,2017-11-28,29.46,29.73,28.9,29.19,61627096.0,1801453860.0,20628944429.0,0.0029874090849440235
3726,2017-11-29,29.31,29.69,28.81,29.56,58019644.0,1699268388.0,20628944429.0,0.0028125357649631585
3727,2017-11-30,29.32,29.46,28.74,28.99,50183802.0,1458283316.0,20628944429.0,0.002432688796691508
3728,2017-12-01,28.99,29.11,28.35,28.61,67577561.0,1936547906.0,20628944429.0,0.0032758613138246678
3729,2017-12-04,28.43,29.07,28.42,28.72,41607547.0,1197481935.0,20628944429.0,0.002016949880455757
3730,2017-12-05,28.72,29.59,28.72,29.49,88452920.0,2588555823.0,20628944429.0,0.004287806402525066
3731,2017-12-06,29.35,29.35,28.51,28.93,55265542.0,1602158000.0,20628944429.0,0.0026790290792731088
3732,2017-12-07,28.7,29.07,27.85,28.25,65215249.0,1846806140.0,20628944429.0,0.0031613468747494875
3733,2017-12-08,28.12,28.58,27.91,28.52,52147804.0,1476432452.0,20628944429.0,0.002527894928384753
3734,2017-12-11,28.44,29.0,27.96,28.93,79743013.0,2266771061.0,20628944429.0,0.003865588628369076
3735,2017-12-12,28.7,29.07,28.33,28.35,55109715.0,1579380952.0,20628944429.0,0.0026714752754157995
3736,2017-12-13,28.35,28.78,27.95,28.6,53615880.0,1517011706.0,20628944429.0,0.0025990607606963755
3737,2017-12-14,28.53,29.0,28.45,28.63,52939187.0,1520833399.0,20628944429.0,0.002566257676547838
3738,2017-12-15,28.57,28.6,28.0,28.06,48806521.0,1378078334.0,20628944429.0,0.002365924304463596
3739,2017-12-18,28.1,28.51,28.05,28.33,37389497.0,1058596842.0,20628944429.0,0.0018124774696391228
3740,2017-12-19,28.47,29.5,28.34,29.36,77123200.0,2238122922.0,20628944429.0,0.0037385916795423055
3741,2017-12-20,29.41,29.75,29.08,29.47,55439985.0,1631568151.0,20628944429.0,0.0026874853044862018
3742,2017-12-21,29.37,30.0,29.2,29.64,56738026.0,1684770426.0,20628944429.0,0.002750408591931546
3743,2017-12-22,29.51,29.64,29.16,29.29,44313847.0,1301573567.0,20628944429.0,0.002148139336577201
3744,2017-12-25,29.19,29.97,29.12,29.29,60107575.0,1777969130.0,20628944429.0,0.0029137494265339754
3745,2017-12-26,29.22,29.8,29.21,29.71,61399980.0,1817411822.0,20628944429.0,0.002976399505623003
3746,2017-12-27,29.5,29.78,28.58,28.76,63393214.0,1845505286.0,20628944429.0,0.003073022675405647
3747,2017-12-28,28.75,28.92,28.45,28.63,42120227.0,1209920394.0,20628944429.0,0.0020418023396673525
3748,2017-12-29,28.63,29.04,28.61,29.02,32904289.0,950964505.0,20628944429.0,0.0015950544204163652
3749,2018-01-02,29.02,30.06,29.02,29.62,67591307.0,2009147017.0,20628944429.0,0.003276527659116707
3750,2018-01-03,29.74,30.48,29.64,29.97,71850339.0,2161448686.0,20628944429.0,0.0034829866960615487
3751,2018-01-04,30.28,30.36,29.4,29.65,51686593.0,1540869738.0,20628944429.0,0.0025055374586854485
3752,2018-01-05,29.87,30.25,29.46,30.1,47990820.0,1435732659.0,20628944429.0,0.002326382727200278
3753,2018-01-08,29.92,30.05,29.31,29.47,65857890.0,1943542230.0,20628944429.0,0.00319249926852377
3754,2018-01-09,29.52,29.91,29.35,29.77,39867797.0,1179590638.0,20628944429.0,0.0019326144940287966
3755,2018-01-10,29.66,30.77,29.58,30.53,79928286.0,2428313433.0,20628944429.0,0.0038745698440894277
3756,2018-01-11,30.52,31.15,30.4,30.92,54074486.0,1668764826.0,20628944429.0,0.002621291951515587
3757,2018-01-12,31.12,31.58,31.02,31.51,48734315.0,1528109286.0,20628944429.0,0.002362424076895069
3758,2018-01-15,31.48,32.4,31.3,31.94,67314601.0,2148679981.0,20628944429.0,0.0032631141758940265
3759,2018-01-16,31.8,32.28,31.54,31.89,65281903.0,2080015556.0,20628944429.0,0.0031645779659102303
3760,2018-01-17,32.1,33.11,31.5,31.69,102654638.0,3328493188.0,20628944429.0,0.004976242887914757
3761,2018-01-18,32.1,32.75,32.1,32.32,81103971.0,2628880183.0,20628944429.0,0.003931561853741033
3762,2018-01-19,32.66,33.35,32.21,32.46,84132890.0,2769050365.0,20628944429.0,0.004078390452287354
3763,2018-01-22,32.18,33.64,32.15,33.08,94572955.0,3131534666.0,20628944429.0,0.004584478635128326
3764,2018-01-23,33.2,34.17,33.2,34.05,86899482.0,2940790081.0,20628944429.0,0.004212502597943762
3765,2018-01-24,34.25,35.35,33.45,33.85,117648367.0,4066613177.0,20628944429.0,0.005703072564130373
3766,2018-01-25,34.01,34.02,32.9,33.41,78904029.0,2631028018.0,20628944429.0,0.0038249183942285175
3767,2018-01-26,33.19,34.3,33.19,33.47,70667394.0,2386060809.0,20628944429.0,0.0034256427537153263
3768,2018-01-29,33.5,34.08,32.81,32.98,68492095.0,2299932912.0,20628944429.0,0.0033201938778658195
3769,2018-01-30,32.9,33.16,32.41,32.57,36571313.0,1196780358.0,20628944429.0,0.0017728155275161994
3770,2018-01-31,32.34,33.99,32.22,33.94,66479420.0,2209958335.0,20628944429.0,0.0032226282943757308
3771,2018-02-01,34.05,34.92,33.85,34.45,69284961.0,2378431192.0,20628944429.0,0.0033586285153107383
3772,2018-02-02,34.04,34.58,33.69,34.5,49473207.0,1690289981.0,20628944429.0,0.0023982422935053802
3773,2018-02-05,33.83,35.11,33.8,34.89,74328591.0,2570911068.0,20628944429.0,0.0036031213936234896
3774,2018-02-06,34.1,34.69,33.49,34.62,141691337.0,4822983754.0,20628944429.0,0.006868569426209297
3775,2018-02-07,34.58,34.93,32.1,32.39,150288262.0,4982015761.0,20628944429.0,0.0072853103326375734
3776,2018-02-08,31.95,32.38,30.83,31.28,106982961.0,3355653733.0,20628944429.0,0.005186060846118924
3777,2018-02-09,30.33,30.81,28.6,30.71,132753969.0,3963446850.0,20628944429.0,0.0064353253486579545
3778,2018-02-12,30.4,30.64,29.4,30.05,87696616.0,2637441867.0,20628944429.0,0.004251144129154607
3779,2018-02-13,30.38,31.27,30.35,30.91,79926773.0,2463683749.0,20628944429.0,0.0038744965005402606
3780,2018-02-14,30.95,31.47,30.42,31.37,33494293.0,1042018691.0,20628944429.0,0.0016236552052035196
3781,2018-02-22,31.88,32.2,31.18,31.5,67768109.0,2144014339.0,20628944429.0,0.0032850982382177612
3782,2018-02-23,31.5,32.1,31.22,31.78,51500754.0,1626590713.0,20628944429.0,0.0024965288057880782
3783,2018-02-26,31.89,32.35,31.23,31.51,71861812.0,2272643325.0,20628944429.0,0.0034835428563653142
3784,2018-02-27,31.57,31.65,30.65,30.87,71533820.0,2216705983.0,20628944429.0,0.0034676432546610746
3785,2018-02-28,30.38,30.75,30.01,30.3,53257706.0,1612634053.0,20628944429.0,0.0025816980691038536
3786,2018-03-01,30.03,30.86,30.01,30.4,40276961.0,1226158291.0,20628944429.0,0.001952448955331858
3787,2018-03-02,30.12,30.46,30.02,30.03,33875997.0,1021219184.0,20628944429.0,0.0016421585271409913
3788,2018-03-05,30.1,30.58,29.92,30.15,33620119.0,1013168739.0,20628944429.0,0.0016297546932521236
3789,2018-03-06,30.39,30.47,29.49,30.04,61883656.0,1851222444.0,20628944429.0,0.002999845979176931
3790,2018-03-07,30.5,31.08,30.35,30.77,84233444.0,2596877499.0,20628944429.0,0.004083264865534531
3791,2018-03-08,30.85,31.06,30.41,30.92,40500723.0,1247826582.0,20628944429.0,0.0019632959475650346
3792,2018-03-09,31.2,31.5,30.98,31.15,35510045.0,1108939311.0,20628944429.0,0.0017213699480464095
3793,2018-03-12,31.44,31.49,30.8,30.84,58173696.0,1807020723.0,20628944429.0,0.0028200035246699244
3794,2018-03-13,30.9,31.38,30.63,30.73,37374686.0,1158438690.0,20628944429.0,0.0018117594978567578
3795,2018-03-14,30.57,30.6,30.21,30.39,26317599.0,798808451.0,20628944429.0,0.0012757608170684165
3796,2018-03-15,30.21,30.68,30.21,30.52,24195976.0,737285318.0,20628944429.0,0.0011729139163313416
3797,2018-03-16,30.57,30.68,30.1,30.13,36802429.0,1116503072.0,20628944429.0,0.0017840190091483036
3798,2018-03-19,30.01,30.74,29.9,30.71,32273332.0,980755532.0,20628944429.0,0.0015644684152927581
3799,2018-03-20,30.55,31.1,30.51,30.99,38239459.0,1181777239.0,20628944429.0,0.0018536798686724506
3800,2018-03-21,31.28,31.8,31.12,31.26,58514545.0,1841756794.0,20628944429.0,0.002836526376877565
3801,2018-03-22,31.28,31.53,30.56,31.23,44627524.0,1386451117.0,20628944429.0,0.00216334501038565
3802,2018-03-23,30.3,30.4,29.85,30.31,86642819.0,2611002881.0,20628944429.0,0.004200060710726344
3803,2018-03-26,30.26,30.26,28.75,29.11,90578029.0,2654133430.0,20628944429.0,0.004390822289126251
3804,2018-03-27,29.55,29.69,28.5,28.72,80543133.0,2327605805.0,20628944429.0,0.0039043749076551454
3805,2018-03-28,28.4,29.44,28.25,28.7,78797873.0,2274733768.0,20628944429.0,0.0038197724207946677
3806,2018-03-29,28.73,29.79,28.2,29.31,67949417.0,1972338359.0,20628944429.0,0.0032938872482722514
3807,2018-03-30,29.37,29.5,28.98,29.09,35675322.0,1039897303.0,20628944429.0,0.001729381846113654
3808,2018-04-02,29.0,29.61,28.9,29.01,47738697.0,1396102301.0,20628944429.0,0.00231416091910594
3809,2018-04-03,28.86,28.97,28.55,28.81,30225398.0,868475037.0,20628944429.0,0.0014651936314060445
3810,2018-04-04,28.88,29.27,28.62,28.76,37782179.0,1095425767.0,20628944429.0,0.0018315129564693638
3811,2018-04-09,28.86,29.17,28.64,28.84,27742411.0,801133246.0,20628944429.0,0.0013448294019833584
3812,2018-04-10,28.84,30.32,28.61,30.29,58601460.0,1731213197.0,20628944429.0,0.0028407396317195245
3813,2018-04-11,30.34,30.95,30.05,30.49,56043306.0,1709631521.0,20628944429.0,0.002716731638542532
3814,2018-04-12,30.5,30.5,29.79,29.93,33767498.0,1015562874.0,20628944429.0,0.0016368989754284241
3815,2018-04-13,30.05,30.35,29.52,29.54,26010873.0,775003205.0,20628944429.0,0.001260892097001053
3816,2018-04-16,29.2,29.21,27.95,28.11,91462703.0,2595816036.0,20628944429.0,0.004433707372415162
3817,2018-04-17,28.25,28.29,27.58,27.69,61074971.0,1702375258.0,20628944429.0,0.0029606445065672535
3818,2018-04-18,28.28,28.35,27.36,28.14,65977970.0,1841953006.0,20628944429.0,0.003198320215902502
3819,2018-04-19,28.18,28.75,28.02,28.24,42432862.0,1205816213.0,20628944429.0,0.0020569575019237646
3820,2018-04-20,28.05,28.25,27.8,28.21,39799455.0,1116482350.0,20628944429.0,0.0019293015760927764
3821,2018-04-23,27.93,28.45,27.91,28.29,30152180.0,851443561.0,20628944429.0,0.0014616443465528131
3822,2018-04-24,28.3,29.5,28.3,28.86,67026412.0,1951397596.0,20628944429.0,0.0032491440476118023
3823,2018-04-25,28.86,29.09,28.61,28.82,25167546.0,726053661.0,20628944429.0,0.0012200113334262354
3824,2018-04-26,29.1,29.32,28.55,28.8,33960749.0,975939725.0,20628944429.0,0.0016462669293082325
3825,2018-04-27,28.9,29.44,28.34,29.33,57507932.0,1664707507.0,20628944429.0,0.002787730230110845
3826,2018-05-02,29.98,30.1,29.37,29.56,49057035.0,1455786499.0,20628944429.0,0.002378068115353301
3827,2018-05-03,29.34,29.68,28.75,29.3,32174138.0,938929851.0,20628944429.0,0.0015596599288313494
3828,2018-05-04,29.28,29.29,28.61,28.74,33769717.0,975938248.0,20628944429.0,0.001637006542735498
3829,2018-05-07,28.77,29.0,28.52,28.93,30749361.0,885770341.0,20628944429.0,0.0014905930405616297
3830,2018-05-08,29.0,29.89,28.88,29.68,50312902.0,1489149737.0,20628944429.0,0.002438946993781734
3831,2018-05-09,29.7,29.9,29.53,29.75,22262572.0,661356498.0,20628944429.0,0.0010791910403667314
3832,2018-05-10,30.0,30.19,29.4,29.84,32219188.0,957420602.0,20628944429.0,0.0015618437536099293
3833,2018-05-11,29.73,30.2,29.68,30.08,43534500.0,1307245991.0,20628944429.0,0.0021103600404681665
3834,2018-05-14,30.5,31.21,30.3,30.82,70766757.0,2175818347.0,20628944429.0,0.0034304594325493785
3835,2018-05-15,30.85,30.9,30.32,30.56,32987550.0,1007130845.0,20628944429.0,0.00159909054549715
3836,2018-05-16,30.38,30.41,29.88,29.97,34451912.0,1038605796.0,20628944429.0,0.0016700763395129314
3837,2018-05-17,30.0,30.21,29.6,29.8,29046705.0,867844690.0,20628944429.0,0.001408055807216504
3838,2018-05-18,29.77,30.57,29.57,30.46,39401791.0,1188037515.0,20628944429.0,0.0019100245839340807
3839,2018-05-21,30.72,30.99,30.14,30.27,41521642.0,1267521731.0,20628944429.0,0.0020127855859473458
3840,2018-05-22,30.14,30.24,29.63,29.82,36542624.0,1088792950.0,20628944429.0,0.0017714248116655295
3841,2018-05-23,29.8,29.92,29.51,29.61,29651343.0,880162330.0,20628944429.0,0.0014373659836087584
3842,2018-05-24,29.6,29.68,29.0,29.1,35522498.0,1041219094.0,20628944429.0,0.001721973614416391
3843,2018-05-25,29.08,29.43,28.99,29.21,25150520.0,734119737.0,20628944429.0,0.0012191859882391078
3844,2018-05-28,29.23,29.32,28.41,28.8,60507216.0,1741562593.0,20628944429.0,0.002933122254909924
3845,2018-05-29,28.65,28.98,28.41,28.94,48053415.0,1376604969.0,20628944429.0,0.0023294170559908485
3846,2018-05-30,28.5,28.63,28.28,28.3,33958888.0,966502631.0,20628944429.0,0.0016461767162580009
3847,2018-05-31,28.39,29.02,28.36,28.78,52292583.0,1500473743.0,20628944429.0,0.002534913174058849
3848,2018-06-01,28.78,28.98,28.5,28.6,29325987.0,841358587.0,20628944429.0,0.0014215941635275225
3849,2018-06-04,28.91,29.28,28.62,29.25,43334396.0,1257114616.0,20628944429.0,0.002100659883453894
3850,2018-06-05,29.17,29.35,28.9,29.26,37288225.0,1087160936.0,20628944429.0,0.0018075682509271062
3851,2018-06-06,29.17,29.26,28.76,28.8,34560815.0,1000091941.0,20628944429.0,0.0016753554753589181
3852,2018-06-07,28.9,29.27,28.76,28.9,49443068.0,1435268845.0,20628944429.0,0.0023967812880669424
3853,2018-06-08,28.75,28.78,28.18,28.2,42621627.0,1209479170.0,20628944429.0,0.0020661079943616926
3854,2018-06-11,28.2,28.65,27.94,28.63,37833156.0,1070796378.0,20628944429.0,0.001833984095997392
3855,2018-06-12,28.62,28.96,28.62,28.74,31197155.0,898564345.0,20628944429.0,0.0015123001134339815
3856,2018-06-13,28.75,28.97,28.6,28.71,26753233.0,770378532.0,20628944429.0,0.001296878426915074
3857,2018-06-14,28.65,29.05,28.43,28.57,34338356.0,984047476.0,20628944429.0,0.0016645716468035767
3858,2018-06-15,28.47,29.08,28.42,28.94,41954931.0,1213019309.0,20628944429.0,0.0020337895205641303
3859,2018-06-19,28.64,29.24,28.45,28.99,120609433.0,3483188942.0,20628944429.0,0.005846611949298203
3860,2018-06-20,28.78,28.88,28.32,28.51,36452637.0,1040634032.0,20628944429.0,0.0017670626398486576
3861,2018-06-21,28.52,29.06,28.5,28.65,31621666.0,910748282.0,20628944429.0,0.001532878529429093
3862,2018-06-22,28.67,28.78,28.28,28.62,22199749.0,634077528.0,20628944429.0,0.0010761456591444288
3863,2018-06-25,28.68,28.71,27.65,27.67,48216015.0,1355187817.0,20628944429.0,0.0023372991849364005
3864,2018-06-26,27.48,27.49,26.2,26.9,62322818.0,1669754262.0,20628944429.0,0.0030211346108619643
3865,2018-06-27,26.68,26.88,26.1,26.33,44268936.0,1171600530.0,20628944429.0,0.002145962249903931
3866,2018-06-28,26.25,26.3,25.6,25.85,43970014.0,1140542154.0,20628944429.0,0.0021314718332454915
3867,2018-06-29,25.98,26.59,25.97,26.44,30911069.0,814179727.0,20628944429.0,0.0014984319292918097
3868,2018-07-02,26.44,26.73,25.3,25.44,43518710.0,1124749500.0,20628944429.0,0.002109594611095164
3869,2018-07-03,25.44,25.47,24.7,25.22,65858403.0,1654664571.0,20628944429.0,0.0031925241364951663
3870,2018-07-04,25.18,25.51,24.96,25.05,36964950.0,930211549.0,20628944429.0,0.0017918973085232115
3871,2018-07-05,25.17,25.52,24.94,25.44,49592511.0,1252366553.0,20628944429.0,0.0024040256238357623
3872,2018-07-06,25.49,26.18,24.98,25.84,44125891.0,1131470156.0,20628944429.0,0.0021390280608816893
3873,2018-07-09,26.0,27.02,26.0,26.95,52705816.0,1412279854.0,20628944429.0,0.00255494488248786
3874,2018-07-10,27.01,27.1,26.56,26.8,32684186.0,875889897.0,20628944429.0,0.0015843848003222521
3875,2018-07-11,26.08,26.79,26.0,26.6,31671258.0,839272378.0,20628944429.0,0.0015352825302819085
3876,2018-07-12,25.8,26.45,25.5,26.04,46942652.0,1225745783.0,20628944429.0,0.002275572177799287
3877,2018-07-13,26.28,26.3,25.97,26.23,24706106.0,646322656.0,20628944429.0,0.0011976427628196216
3878,2018-07-16,26.17,26.58,25.58,25.67,35932194.0,931706273.0,20628944429.0,0.001741833864726826
3879,2018-07-17,25.5,25.67,25.1,25.37,28936901.0,732402036.0,20628944429.0,0.001402732994874946
3880,2018-07-18,25.57,25.94,25.21,25.29,33235525.0,849465221.0,20628944429.0,0.001611111276894894
3881,2018-07-19,25.58,25.89,25.5,25.62,39528670.0,1016389267.0,20628944429.0,0.0019161751167660775
3882,2018-07-20,25.62,27.45,25.4,27.38,101089231.0,2704374608.0,20628944429.0,0.004900358879143113
3883,2018-07-23,27.39,28.15,26.98,27.86,92410884.0,2550106045.0,20628944429.0,0.004479670994221573
3884,2018-07-24,27.86,28.6,27.57,27.75,69453892.0,1944728340.0,20628944429.0,0.003366817543139158
3885,2018-07-25,28.2,28.45,27.85,28.22,43021684.0,1212914508.0,20628944429.0,0.002085500988577994
3886,2018-07-26,28.36,28.95,27.88,28.12,45865724.0,1299264844.0,20628944429.0,0.0022233674707816046
3887,2018-07-27,28.12,28.48,27.61,28.09,30843001.0,864315734.0,20628944429.0,0.0014951322936640986
3888,2018-07-30,28.09,28.85,27.9,28.61,38339128.0,1086965824.0,20628944429.0,0.0018585113810333004
3889,2018-07-31,28.6,28.73,27.95,28.39,34827776.0,987037630.0,20628944429.0,0.001688296564076221
3890,2018-08-01,28.69,29.09,27.85,27.87,53686611.0,1531776020.0,20628944429.0,0.002602489486787691
3891,2018-08-02,27.8,28.1,27.0,27.18,57192390.0,1566477322.0,20628944429.0,0.0027724341493498526
3892,2018-08-03,27.33,27.74,27.18,27.24,29811645.0,819624634.0,20628944429.0,0.0014451367156765925
3893,2018-08-06,27.38,28.09,27.2,27.59,38596405.0,1069702810.0,20628944429.0,0.0018709830322554697
3894,2018-08-07,27.59,28.5,27.49,28.48,51396000.0,1445089051.0,20628944429.0,0.002491450795114263
3895,2018-08-08,28.6,28.6,28.01,28.11,28244143.0,798263714.0,20628944429.0,0.001369151150569518
3896,2018-08-09,27.94,28.96,27.9,28.77,40392118.0,1153671635.0,20628944429.0,0.001958031257441224
3897,2018-08-10,28.81,28.85,28.13,28.44,27144565.0,771539712.0,20628944429.0,0.0013158484717153242
3898,2018-08-13,28.12,28.12,27.25,27.71,46760018.0,1288408920.0,20628944429.0,0.0022667188891286726
3899,2018-08-14,27.66,27.79,27.24,27.51,26591733.0,730077525.0,20628944429.0,0.0012890496211050702
3900,2018-08-15,27.51,27.53,26.57,26.7,38443306.0,1035868466.0,20628944429.0,0.0018635614697743194
3901,2018-08-16,26.29,27.14,26.2,26.74,38370246.0,1024991052.0,20628944429.0,0.001860019844062376
3902,2018-08-17,27.1,27.2,26.44,26.52,25936325.0,697067989.0,20628944429.0,0.0012572783396293864
3903,2018-08-20,26.99,27.11,26.42,26.96,36955056.0,992571277.0,20628944429.0,0.001791417691156746
3904,2018-08-21,27.04,27.42,26.89,27.1,36990629.0,1005654829.0,20628944429.0,0.001793142112884791
3905,2018-08-22,27.19,27.2,26.82,27.04,20268137.0,548067472.0,20628944429.0,0.0009825096514151845
3906,2018-08-23,27.14,27.45,26.82,27.3,32131989.0,874029537.0,20628944429.0,0.0015576167317038828
3907,2018-08-24,27.15,28.3,26.96,27.7,48026975.0,1325865555.0,20628944429.0,0.0023281353617145856
3908,2018-08-27,28.05,28.61,27.85,28.54,51080755.0,1443348642.0,20628944429.0,0.002476169111599869
3909,2018-08-28,28.57,29.01,28.54,28.62,36844355.0,1060897270.0,20628944429.0,0.0017860513962219273
3910,2018-08-29,28.63,29.0,28.45,28.76,26096941.0,749530161.0,20628944429.0,0.0012650642930286406
3911,2018-08-30,28.73,28.87,28.08,28.14,27257333.0,772976674.0,20628944429.0,0.0013213149656693954
3912,2018-08-31,28.01,28.75,27.98,28.29,46088148.0,1309258982.0,20628944429.0,0.0022341496026917237
3913,2018-09-03,28.32,28.44,27.96,28.14,26070101.0,734063563.0,20628944429.0,0.001263763208521269
3914,2018-09-04,28.18,28.75,27.93,28.64,32822355.0,931947242.0,20628944429.0,0.0015910826224272824
3915,2018-09-05,28.35,28.48,27.68,27.69,35940314.0,1008629733.0,20628944429.0,0.001742227486418326
3916,2018-09-06,27.7,27.85,27.43,27.5,24591932.0,679321762.0,20628944429.0,0.0011921081122032043
3917,2018-09-07,27.65,28.2,27.6,28.17,39719587.0,1111287760.0,20628944429.0,0.0019254299286473684
3918,2018-09-10,27.96,28.3,27.78,27.9,26378471.0,739029722.0,20628944429.0,0.001278711622438488
3919,2018-09-11,27.95,28.1,27.14,27.4,33469330.0,923390421.0,20628944429.0,0.0016224451093556243
3920,2018-09-12,27.22,27.6,27.01,27.4,22987613.0,626631245.0,20628944429.0,0.001114337821749338
3921,2018-09-13,27.94,28.02,27.29,27.76,30676478.0,847633415.0,20628944429.0,0.0014870599950269515
3922,2018-09-14,27.99,27.99,27.68,27.88,17546004.0,488249006.0,20628944429.0,0.0008505526814708935
3923,2018-09-17,27.73,27.8,27.37,27.45,16220219.0,446801683.0,20628944429.0,0.0007862844875958728
3924,2018-09-18,27.45,28.25,27.38,28.18,39937229.0,1112244774.0,20628944429.0,0.0019359802503445874
3925,2018-09-19,28.16,28.65,27.96,28.4,43273486.0,1227422967.0,20628944429.0,0.0020977072360118675
3926,2018-09-20,28.58,28.85,28.37,28.51,28658273.0,818977671.0,20628944429.0,0.0013892263415917897
3927,2018-09-21,28.7,30.3,28.45,30.3,77837295.0,2295785053.0,20628944429.0,0.0037732078472506314
3928,2018-09-25,29.83,30.09,29.32,29.62,52738186.0,1567282266.0,20628944429.0,0.0025565140369403047
3929,2018-09-26,29.75,30.99,29.41,30.45,74931799.0,2270642277.0,20628944429.0,0.0036323622499395314
3930,2018-09-27,30.26,30.69,30.01,30.43,40257193.0,1221936467.0,20628944429.0,0.0019514906901104824
3931,2018-09-28,30.67,31.11,30.3,30.69,55600815.0,1709812847.0,20628944429.0,0.002695281631659099
3932,2018-10-08,29.7,30.09,29.36,29.43,62333382.0,1851291903.0,20628944429.0,0.0030216467068655364
3933,2018-10-09,29.33,29.69,29.0,29.4,42149330.0,1233995871.0,20628944429.0,0.0020432131244072197
3934,2018-10-10,29.35,29.89,29.15,29.6,39000377.0,1152179444.0,20628944429.0,0.0018905658083587444
3935,2018-10-11,28.66,29.07,28.11,28.45,61547691.0,1764499442.0,20628944429.0,0.0029835598816911235
3936,2018-10-12,28.7,29.37,28.46,29.16,66130702.0,1910801822.0,20628944429.0,0.0032057239878466107
3937,2018-10-15,29.16,29.18,28.55,28.74,34999884.0,1009163706.0,20628944429.0,0.0016966395988152188
3938,2018-10-16,28.82,29.8,28.74,29.1,57769191.0,1688042114.0,20628944429.0,0.002800394911083698
3939,2018-10-17,29.4,29.5,28.18,29.0,66876404.0,1934456824.0,20628944429.0,0.003241872323141542
3940,2018-10-18,28.78,28.85,27.88,27.9,57441873.0,1625603167.0,20628944429.0,0.0027845279819188754
3941,2018-10-19,27.75,29.38,27.5,29.21,76703229.0,2193187127.0,20628944429.0,0.003718233342670274
3942,2018-10-22,29.53,30.54,29.53,30.0,84079684.0,2533871247.0,20628944429.0,0.004075811260696474
3943,2018-10-23,30.16,30.16,28.75,29.02,59411438.0,1750813038.0,20628944429.0,0.0028800037832512598
3944,2018-10-24,29.11,30.32,29.09,29.39,63582428.0,1887867932.0,20628944429.0,0.003082194933377994
3945,2018-10-25,28.77,29.72,28.74,29.66,55841884.0,1628677952.0,20628944429.0,0.002706967590716757
3946,2018-10-26,29.64,29.92,28.98,29.6,49576295.0,1453919756.0,20628944429.0,0.002403239543866629
3947,2018-10-29,29.8,29.8,27.42,27.85,95487744.0,2704530876.0,20628944429.0,0.004628823560441809
3948,2018-10-30,28.12,28.86,27.58,28.35,74357588.0,2108423543.0,20628944429.0,0.003604527039952113
3949,2018-10-31,28.8,28.98,28.39,28.91,66601308.0,1914657674.0,20628944429.0,0.0032285368855990725
3950,2018-11-01,29.45,29.65,28.66,29.05,68260026.0,1983324170.0,20628944429.0,0.0033089441990080994
3951,2018-11-02,29.9,30.45,29.41,30.33,122005102.0,3665161770.0,20628944429.0,0.005914267810450167
3952,2018-11-05,29.85,30.23,29.71,30.0,42833488.0,1283209565.0,20628944429.0,0.0020763780787438177
3953,2018-11-06,30.0,30.11,29.36,29.87,37506553.0,1116052434.0,20628944429.0,0.0018181518268706757
3954,2018-11-07,29.88,30.2,29.53,29.57,54986767.0,1639026340.0,20628944429.0,0.0026655153000800205
3955,2018-11-08,30.02,30.37,29.8,30.01,47914976.0,1440021978.0,20628944429.0,0.0023227061454798204
3956,2018-11-09,29.6,29.6,28.49,28.6,119302121.0,3429467883.0,20628944429.0,0.005783239244771345
3957,2018-11-12,28.4,28.7,28.23,28.56,68397744.0,1942560148.0,20628944429.0,0.003315620158627555
3958,2018-11-13,28.1,28.77,28.05,28.58,50035645.0,1424073098.0,20628944429.0,0.002425506800515702
3959,2018-11-14,28.58,28.65,28.0,28.16,53587479.0,1513190239.0,20628944429.0,0.0025976840058121037
3960,2018-11-15,28.24,28.47,28.08,28.38,35412435.0,1002719255.0,20628944429.0,0.00171663824690019
3961,2018-11-16,28.38,28.68,28.19,28.48,49695528.0,1413615056.0,20628944429.0,0.0024090194324309895
3962,2018-11-19,28.7,29.04,28.45,28.95,50288177.0,1450517213.0,20628944429.0,0.002437748435121348
3963,2018-11-20,28.79,28.84,28.31,28.42,33827788.0,963552925.0,20628944429.0,0.001639821568012233
3964,2018-11-21,28.2,28.43,28.1,28.4,32337787.0,914660533.0,20628944429.0,0.0015675929086579829
3965,2018-11-22,28.41,28.45,28.1,28.3,27585849.0,778816956.0,20628944429.0,0.0013372399685763873
3966,2018-11-23,28.29,28.35,27.88,27.88,32538936.0,912620571.0,20628944429.0,0.0015773437226510258
3967,2018-11-26,28.0,28.35,27.91,28.27,27546954.0,775964832.0,20628944429.0,0.0013353545109789874
3968,2018-11-27,28.22,28.38,27.85,27.99,33765856.0,949634239.0,20628944429.0,0.0016368193785297244
3969,2018-11-28,28.07,28.35,28.05,28.28,29087389.0,821440564.0,20628944429.0,0.0014100279876225362
3970,2018-11-29,28.5,28.6,28.3,28.3,39794993.0,1132138876.0,20628944429.0,0.0019290852780647625
3971,2018-11-30,28.26,28.58,28.21,28.55,25438081.0,724904871.0,20628944429.0,0.0012331256738584916
3972,2018-12-03,29.49,29.63,28.93,29.46,69025556.0,2026234683.0,20628944429.0,0.0033460537080590726
3973,2018-12-04,29.42,29.63,29.31,29.57,32368558.0,954515438.0,20628944429.0,0.0015690845506615718
3974,2018-12-05,29.16,29.57,29.0,29.37,26230736.0,771310493.0,20628944429.0,0.001271550082956501
3975,2018-12-06,28.9,29.15,28.78,28.9,37338023.0,1079103636.0,20628944429.0,0.0018099822377489424
3976,2018-12-07,29.09,29.19,28.53,28.58,30522873.0,878968664.0,20628944429.0,0.0014796139039034491
3977,2018-12-10,28.3,28.5,28.22,28.34,26698642.0,756722667.0,20628944429.0,0.0012942320966489818
3978,2018-12-11,28.35,28.55,28.28,28.51,22729013.0,645883574.0,20628944429.0,0.0011018020373377777
3979,2018-12-12,29.0,29.0,28.41,28.46,20209393.0,577042564.0,20628944429.0,0.0009796620020746094
3980,2018-12-13,28.53,29.07,28.41,28.75,55152033.0,1586329607.0,20628944429.0,0.0026735266649159095
3981,2018-12-14,28.57,28.61,28.2,28.33,39815540.0,1127759787.0,20628944429.0,0.0019300813057612216
3982,2018-12-17,28.33,28.5,28.1,28.29,31130374.0,879889477.0,20628944429.0,0.0015090628658748616
3983,2018-12-18,28.05,28.26,27.85,27.91,41460993.0,1161523690.0,20628944429.0,0.002009845590631117
3984,2018-12-19,27.92,27.99,26.58,26.77,82965478.0,2246838162.0,20628944429.0,0.004021799481090648
3985,2018-12-20,26.48,26.6,25.65,25.91,101575505.0,2632662123.0,20628944429.0,0.00492393129224809
3986,2018-12-21,25.87,25.87,25.25,25.39,87574990.0,2225709247.0,20628944429.0,0.004245248238532642
3987,2018-12-24,25.2,25.46,24.92,25.45,64971791.0,1638937336.0,20628944429.0,0.0031495451075365345
3988,2018-12-25,25.0,25.56,24.77,25.29,74992294.0,1882663785.0,20628944429.0,0.0036352947800167832
3989,2018-12-26,25.2,25.23,24.85,24.85,44678702.0,1116595176.0,20628944429.0,0.00216582589350481
3990,2018-12-27,25.19,25.22,24.82,24.85,64018096.0,1597992608.0,20628944429.0,0.003103314191394296
3991,2018-12-28,24.95,25.36,24.91,25.2,61338228.0,1542017662.0,20628944429.0,0.002973406041744493
3992,2019-01-02,25.15,25.2,24.4,24.57,55516612.0,1368988405.0,20628944429.0,0.002691199842584054
3993,2019-01-03,24.4,25.05,24.38,24.88,37410758.0,929035565.0,20628944429.0,0.0018135081088981105
3994,2019-01-04,24.76,25.65,24.65,25.51,66853140.0,1690412096.0,20628944429.0,0.0032407445873002794
3995,2019-01-07,25.51,25.77,25.29,25.52,45604029.0,1162564002.0,20628944429.0,0.0022106816544568433
3996,2019-01-08,25.5,25.52,25.16,25.22,26928031.0,680284501.0,20628944429.0,0.0013053518609582755
3997,2019-01-09,25.22,26.1,25.22,25.7,63820048.0,1644588152.0,20628944429.0,0.0030937137001679207
3998,2019-01-10,25.5,26.08,25.47,25.85,42630689.0,1101271158.0,20628944429.0,0.0020665472800474524
3999,2019-01-11,25.85,26.58,25.75,26.46,49391033.0,1299657728.0,20628944429.0,0.0023942588613776327
4000,2019-01-14,26.46,26.56,26.22,26.31,29424462.0,776229254.0,20628944429.0,0.001426367796048514
4001,2019-01-15,26.31,26.83,26.3,26.8,36671891.0,976628108.0,20628944429.0,0.0017776911041772433
4002,2019-01-16,26.7,26.88,26.61,26.85,22995524.0,615072738.0,20628944429.0,0.0011147213120450837
4003,2019-01-17,26.85,26.85,26.43,26.47,32368214.0,862634819.0,20628944429.0,0.0015690678750628186
4004,2019-01-18,26.47,27.26,26.46,27.1,54639785.0,1474685187.0,20628944429.0,0.0026486951471539105
4005,2019-01-21,27.08,27.7,27.03,27.33,41558808.0,1136772654.0,20628944429.0,0.00201458722927078
4006,2019-01-22,27.3,27.45,26.76,26.98,34907241.0,942772504.0,20628944429.0,0.0016921486758637871
4007,2019-01-23,26.95,27.42,26.92,27.16,27325047.0,742831971.0,20628944429.0,0.0013245974409425755
4008,2019-01-24,27.18,28.04,27.18,27.87,54340953.0,1507548458.0,20628944429.0,0.0026342090932974706
4009,2019-01-25,27.87,28.63,27.85,28.52,53648170.0,1525048705.0,20628944429.0,0.0026006260371025988
4010,2019-01-28,28.52,29.14,28.5,28.66,57736588.0,1665507650.0,20628944429.0,0.0027988144618216327
4011,2019-01-29,28.56,28.83,28.47,28.64,34662858.0,993511466.0,20628944429.0,0.001680302068741396
4012,2019-01-30,28.6,28.79,28.32,28.42,26689204.0,761698908.0,20628944429.0,0.0012937745841459798
4013,2019-01-31,28.45,29.29,28.45,29.21,57142036.0,1657359517.0,20628944429.0,0.002769993210106776
4014,2019-02-01,29.21,29.43,28.88,29.3,39652160.0,1156418914.0,20628944429.0,0.0019221613658650086
4015,2019-02-11,29.1,29.53,28.9,29.39,35363599.0,1034587928.0,20628944429.0,0.0017142708935841693
4016,2019-02-12,29.39,29.58,28.98,29.32,39582711.0,1157190462.0,20628944429.0,0.001918794785464396
4017,2019-02-13,29.32,30.04,29.12,29.84,53577589.0,1579966914.0,20628944429.0,0.0025972045823479495
4018,2019-02-14,29.65,30.1,29.49,29.86,45238656.0,1349953528.0,20628944429.0,0.0021929699871799484
4019,2019-02-15,29.74,29.85,28.91,29.15,49566659.0,1450557701.0,20628944429.0,0.0024027724331992287
4020,2019-02-18,29.35,29.99,29.35,29.87,44664584.0,1330843104.0,20628944429.0,0.00216514151529784
4021,2019-02-19,29.86,30.63,29.72,29.88,49367644.0,1483350105.0,20628944429.0,0.0023931250660891488
4022,2019-02-20,30.27,30.44,29.98,30.15,33434029.0,1010101525.0,20628944429.0,0.001620733872984733
4023,2019-02-21,30.18,30.64,29.84,30.08,45313976.0,1367327564.0,20628944429.0,0.002196621167697654
4024,2019-02-22,30.07,30.64,29.8,30.63,41487507.0,1252498181.0,20628944429.0,0.0020111308721001355
4025,2019-02-25,31.0,32.9,30.97,32.52,110184676.0,3503029739.0,20628944429.0,0.005341265830601748
4026,2019-02-26,32.29,33.0,31.32,31.49,94856286.0,3028023006.0,20628944429.0,0.004598213269053739
4027,2019-02-27,31.7,32.32,31.4,31.71,80834244.0,2568322892.0,20628944429.0,0.003918486681575616
4028,2019-02-28,31.7,32.1,31.45,31.74,48764347.0,1547972358.0,20628944429.0,0.0023638798954466853
4029,2019-03-01,32.05,32.93,31.65,32.9,68267071.0,2200500068.0,20628944429.0,0.0033092857094534954
4030,2019-03-04,33.0,33.79,32.5,32.69,95646115.0,3151361469.0,20628944429.0,0.004636500686168967
4031,2019-03-05,32.86,32.86,32.1,32.35,67380367.0,2188597546.0,20628944429.0,0.0032663022207417088
4032,2019-03-06,32.31,32.61,31.78,32.22,54673630.0,1758476276.0,20628944429.0,0.0026503358030835673
4033,2019-03-07,32.01,32.1,30.97,31.3,70772728.0,2227173172.0,20628944429.0,0.0034307488802242485
4034,2019-03-08,30.74,31.21,30.36,30.78,77006601.0,2368272351.0,20628944429.0,0.003732939475649794
4035,2019-03-11,30.57,30.83,30.18,30.53,67530995.0,2056842749.0,20628944429.0,0.003273604000070187
4036,2019-03-12,30.91,31.33,30.45,30.66,83869724.0,2593572147.0,20628944429.0,0.004065633328387692
4037,2019-03-13,30.79,31.32,30.25,31.04,66661144.0,2057062461.0,20628944429.0,0.0032314374702705735
4038,2019-03-14,30.98,31.9,30.9,31.45,68494240.0,2162754036.0,20628944429.0,0.003320297857980138
4039,2019-03-15,31.42,31.95,31.2,31.67,59594269.0,1888156823.0,20628944429.0,0.002888866621610695
4040,2019-03-18,31.79,32.56,31.59,32.36,59313092.0,1902942879.0,20628944429.0,0.0028752364040798006
4041,2019-03-19,32.4,32.62,31.93,32.03,48675050.0,1565782395.0,20628944429.0,0.0023595511717784752
4042,2019-03-20,31.88,32.47,31.7,32.27,46537913.0,1492217313.0,20628944429.0,0.0022559522209278622
4043,2019-03-21,32.13,32.4,31.92,31.98,38622372.0,1240270281.0,20628944429.0,0.0018722417975834472
4044,2019-03-22,32.08,32.38,31.71,32.35,43026848.0,1380682468.0,20628944429.0,0.002085751316461603
4045,2019-03-25,32.0,32.1,31.1,31.17,63921055.0,2018228647.0,20628944429.0,0.0030986100728518278
4046,2019-03-26,31.59,31.65,31.21,31.49,40336190.0,1268771627.0,20628944429.0,0.001955320115327652
4047,2019-03-27,31.69,32.54,31.45,32.4,59415447.0,1915279543.0,20628944429.0,0.0028801981218425435
4048,2019-03-28,32.17,32.65,31.95,32.52,38742255.0,1251752176.0,20628944429.0,0.0018780531952733587
4049,2019-03-29,32.52,34.32,32.41,33.92,116415221.0,3924014336.0,20628944429.0,0.005643295099304472
4050,2019-04-01,34.2,35.05,33.9,34.08,104639618.0,3595503205.0,20628944429.0,0.00507246594027848
4051,2019-04-02,34.1,34.59,34.09,34.49,69428666.0,2385380774.0,20628944429.0,0.003365594698214309
4052,2019-04-03,34.4,34.95,34.31,34.86,58160643.0,2016043612.0,20628944429.0,0.0028193707729532807
4053,2019-04-04,34.9,36.05,34.9,35.59,82285226.0,2919598558.0,20628944429.0,0.003988823872360822
4054,2019-04-08,35.7,36.27,35.65,35.93,81066201.0,2913400186.0,20628944429.0,0.003929730931168626
4055,2019-04-09,35.9,35.91,35.06,35.23,51123625.0,1811302889.0,20628944429.0,0.0024782472596189087
4056,2019-04-10,35.05,35.43,34.52,35.07,67454117.0,2358129547.0,20628944429.0,0.003269877294602314
4057,2019-04-11,35.19,35.65,34.72,34.96,57251604.0,2008064351.0,20628944429.0,0.00277530458221198
4058,2019-04-12,34.86,35.0,34.6,34.8,36335801.0,1264673345.0,20628944429.0,0.0017613989472442142
4059,2019-04-15,35.42,36.22,34.82,34.82,92492092.0,3299629416.0,20628944429.0,0.004483607598941193
4060,2019-04-16,34.7,36.1,34.6,36.0,84081516.0,2991158275.0,20628944429.0,0.004075900067954951
4061,2019-04-17,35.89,36.48,35.63,35.83,49478982.0,1778194094.0,20628944429.0,0.0023985222399670074
4062,2019-04-18,35.8,35.8,35.13,35.5,32274070.0,1143221193.0,20628944429.0,0.001564504190269153
4063,2019-04-19,35.6,36.45,35.58,36.0,41174863.0,1481680330.0,20628944429.0,0.0019959752735635235
4064,2019-04-22,35.8,36.15,34.4,34.8,71582971.0,2512863629.0,20628944429.0,0.003470025877784093
4065,2019-04-23,34.7,35.59,34.67,35.23,49569211.0,1748713750.0,20628944429.0,0.0024028961428737
4066,2019-04-24,35.53,35.9,34.82,35.8,54009831.0,1922166631.0,20628944429.0,0.002618157763034808
4067,2019-04-25,35.35,35.86,35.28,35.43,43378827.0,1542369865.0,20628944429.0,0.002102813701849834
4068,2019-04-26,35.16,35.2,34.34,34.36,51734443.0,1797598594.0,20628944429.0,0.002507857015081787
4069,2019-04-29,34.57,35.73,34.42,35.33,55033176.0,1937765299.0,20628944429.0,0.002667765003168791
4070,2019-04-30,34.57,34.9,33.85,34.45,95371197.0,3274708143.0,20628944429.0,0.004623173877279342
4071,2019-05-06,33.2,34.05,32.88,33.91,113367874.0,3784588227.0,20628944429.0,0.0054955731928109895
4072,2019-05-07,34.18,34.18,33.36,33.71,61747624.0,2078552508.0,20628944429.0,0.002993251749381597
4073,2019-05-08,33.3,33.58,33.0,33.13,48174511.0,1601956981.0,20628944429.0,0.0023352872545565964
4074,2019-05-09,33.0,33.25,32.02,32.42,58110375.0,1893434384.0,20628944429.0,0.002816934002609892
4075,2019-05-10,32.86,33.8,32.86,33.61,65477578.0,2191300330.0,20628944429.0,0.0031740634245905554
4076,2019-05-13,33.05,33.29,32.63,32.8,34340859.0,1130792902.0,20628944429.0,0.0016646929811747373
4077,2019-05-14,32.3,33.2,32.29,32.56,48864253.0,1599744262.0,20628944429.0,0.002368722896519467
4078,2019-05-15,33.0,33.85,32.79,33.63,44059100.0,1471301765.0,20628944429.0,0.0021357903285667917
4079,2019-05-16,33.63,33.94,33.41,33.67,33464291.0,1128388770.0,20628944429.0,0.0016222008409192364
4080,2019-05-17,33.7,33.8,32.97,33.31,35925693.0,1196233846.0,20628944429.0,0.0017415187249957373
4081,2019-05-20,33.3,33.79,32.82,33.28,41830436.0,1388670239.0,20628944429.0,0.0020277545535095395
4082,2019-05-21,33.29,34.1,33.14,33.63,50344418.0,1699238453.0,20628944429.0,0.0024404747500907623
4083,2019-05-22,33.63,33.85,33.3,33.53,34508085.0,1157944609.0,20628944429.0,0.0016727993581430575
4084,2019-05-23,33.31,33.6,32.95,33.35,38386013.0,1277508313.0,20628944429.0,0.0018607841584970901
4085,2019-05-24,33.58,34.13,33.39,33.6,42990884.0,1449787998.0,20628944429.0,0.0020840079407826494
4086,2019-05-27,33.48,33.95,32.8,33.78,47725947.0,1592620302.0,20628944429.0,0.002313542855489361
4087,2019-05-28,33.75,34.6,33.62,34.38,69457087.0,2375260224.0,20628944429.0,0.003366972422610136
4088,2019-05-29,33.91,34.69,33.85,34.25,37682884.0,1292718402.0,20628944429.0,0.0018266995739746
4089,2019-05-30,34.41,34.51,33.86,34.3,29730764.0,1016453738.0,20628944429.0,0.0014412159624709027
4090,2019-05-31,34.2,34.7,34.01,34.21,30522399.0,1048608820.0,20628944429.0,0.0014795909264795858
4091,2019-06-03,34.25,34.65,33.88,34.4,39481401.0,1351932252.0,20628944429.0,0.0019138837246804239
4092,2019-06-04,34.4,34.41,33.76,34.03,32789127.0,1113572392.0,20628944429.0,0.0015894718759291103
4093,2019-06-05,34.33,34.46,33.92,33.95,26927425.0,919338240.0,20628944429.0,0.0013053224847581464
4094,2019-06-06,34.13,34.13,33.38,33.9,30232510.0,1024276660.0,20628944429.0,0.0014655383897151512
4095,2019-06-10,34.03,34.9,34.01,34.74,49305517.0,1707698127.0,20628944429.0,0.0023901134238689748
4096,2019-06-11,34.74,35.54,34.74,35.42,52369707.0,1840362215.0,20628944429.0,0.0025386518045188533
4097,2019-06-12,35.39,35.51,35.05,35.33,27091558.0,956824031.0,20628944429.0,0.0013132789267644208
4098,2019-06-13,35.33,35.5,34.88,35.25,25623223.0,901854016.0,20628944429.0,0.0012421005392781554
4099,2019-06-14,35.33,35.57,35.18,35.35,34183657.0,1207793174.0,20628944429.0,0.001657072523397993
4100,2019-06-17,35.3,35.98,35.26,35.6,26237633.0,935672872.0,20628944429.0,0.0012718844190163872
4101,2019-06-18,35.7,36.02,35.51,36.02,30228448.0,1084120436.0,20628944429.0,0.0014653414819182458
4102,2019-06-19,36.99,37.3,36.57,36.8,65238879.0,2411603687.0,20628944429.0,0.003162492352652214
4103,2019-06-20,36.86,38.48,36.86,38.38,74229868.0,2808109447.0,20628944429.0,0.0035983357391592107
4104,2019-06-21,38.38,38.5,37.5,37.69,59617631.0,2257474698.0,20628944429.0,0.0028899991080585793
4105,2019-06-24,37.52,37.99,37.48,37.96,30881629.0,1166862209.0,20628944429.0,0.0014970048082822338
4106,2019-06-25,37.51,37.51,34.75,36.13,243512152.0,8747563858.0,20628944429.0,0.011804392262440372
4107,2019-06-26,35.07,35.93,35.02,35.47,104997810.0,3729647597.0,20628944429.0,0.005089829504431402
4108,2019-06-27,35.88,36.56,35.75,36.45,92805629.0,3369234270.0,20628944429.0,0.004498806486168755
4109,2019-06-28,36.35,36.53,35.84,35.98,53062339.0,1914139579.0,20628944429.0,0.0025722275409014823
4110,2019-07-01,36.75,37.23,36.7,36.9,81245491.0,2997920556.0,20628944429.0,0.003938422117507174
4111,2019-07-02,36.92,36.92,36.3,36.52,61223395.0,2235226043.0,20628944429.0,0.002967839445722325
4112,2019-07-03,36.39,36.49,36.06,36.15,47928441.0,1735338347.0,20628944429.0,0.0023233588691345054
4113,2019-07-04,36.37,36.44,36.01,36.08,37917354.0,1371454234.0,20628944429.0,0.001838065642694548
4114,2019-07-05,36.2,36.63,36.0,36.47,36451591.0,1325134309.0,20628944429.0,0.0017670119343943093
4115,2019-07-08,36.08,36.2,35.36,35.56,50610541.0,1805159246.0,20628944429.0,0.002453375216273893
4116,2019-07-09,35.58,35.7,35.2,35.29,28106075.0,993475022.0,20628944429.0,0.0013624582244978426
4117,2019-07-10,35.6,35.65,34.98,35.12,44487076.0,1564014123.0,20628944429.0,0.0021565367124388797
4118,2019-07-11,35.46,36.06,35.31,35.9,59828966.0,2141800970.0,20628944429.0,0.002900243694286797
4119,2019-07-12,35.18,35.6,35.02,35.4,49746675.0,1759080553.0,20628944429.0,0.002411498812807239
4120,2019-07-15,35.01,35.68,34.5,35.3,42271763.0,1482173720.0,20628944429.0,0.002049148134820447
4121,2019-07-16,35.37,35.5,35.15,35.31,27014554.0,955308164.0,20628944429.0,0.001309546113373749
4122,2019-07-17,35.11,35.42,35.01,35.21,22637619.0,796929618.0,20628944429.0,0.0010973716603829822
4123,2019-07-18,35.3,35.58,35.07,35.32,33890048.0,1198433942.0,20628944429.0,0.0016428396574842505
4124,2019-07-19,35.68,36.49,35.58,36.37,49864204.0,1804011550.0,20628944429.0,0.002417196098987077
4125,2019-07-22,36.36,36.77,36.09,36.37,33732997.0,1230690061.0,20628944429.0,0.0016352265195197497
4126,2019-07-23,36.37,36.5,36.01,36.21,25079506.0,909838723.0,20628944429.0,0.0012157435435592836
4127,2019-07-24,36.44,36.96,36.24,36.43,34263449.0,1254224791.0,20628944429.0,0.0016609404866994902
4128,2019-07-25,36.75,37.48,36.75,37.26,50994342.0,1896150462.0,20628944429.0,0.0024719801914979507
4129,2019-07-26,37.05,37.37,37.03,37.22,23391862.0,870022305.0,20628944429.0,0.0011339340255876551
4130,2019-07-29,37.2,37.2,36.6,36.83,31750358.0,1170614801.0,20628944429.0,0.0015391169484835884
4131,2019-07-30,36.8,37.17,36.7,36.77,26183718.0,966377345.0,20628944429.0,0.0012692708582408678
4132,2019-07-31,36.5,36.8,36.45,36.56,27306707.0,998321822.0,20628944429.0,0.0013237083988462568
4133,2019-08-01,36.4,36.59,35.91,36.2,32231581.0,1166692625.0,20628944429.0,0.0015624445114452443
4134,2019-08-02,35.55,35.96,35.4,35.75,48948013.0,1744741168.0,20628944429.0,0.0023727832109135595
4135,2019-08-05,35.52,35.69,35.09,35.21,45212718.0,1597313152.0,20628944429.0,0.0021917126276437262
4136,2019-08-06,34.5,35.07,34.4,34.88,58569559.0,2038065671.0,20628944429.0,0.0028391932123130546
4137,2019-08-07,34.9,34.98,34.44,34.53,55056614.0,1907381568.0,20628944429.0,0.0026689011737605858
4138,2019-08-08,34.8,35.49,34.8,35.36,45625739.0,1602214298.0,20628944429.0,0.00221173405925025
4139,2019-08-09,35.46,35.5,34.91,34.99,33614193.0,1181594152.0,20628944429.0,0.0016294674269782532
4140,2019-08-12,34.99,35.46,34.8,35.41,39225849.0,1377596532.0,20628944429.0,0.0019014956938299093
4141,2019-08-13,35.19,35.25,34.8,34.85,29736510.0,1039741519.0,20628944429.0,0.0014414945031407742
4142,2019-08-14,35.22,35.4,34.8,34.86,37749308.0,1322902547.0,20628944429.0,0.0018299195157524557
4143,2019-08-15,34.2,34.94,34.1,34.87,30054809.0,1040105626.0,20628944429.0,0.0014569242310696808
4144,2019-08-16,34.89,35.4,34.52,35.16,40844467.0,1431729717.0,20628944429.0,0.001979959136570322
4145,2019-08-19,34.97,35.3,34.44,35.3,71493374.0,2493400951.0,20628944429.0,0.003465682611442552
4146,2019-08-20,35.0,35.56,34.9,35.33,38036943.0,1340295547.0,20628944429.0,0.0018438627885645946
4147,2019-08-21,35.24,35.6,35.16,35.45,29982516.0,1062519113.0,20628944429.0,0.0014534197861258875
4148,2019-08-22,35.59,35.64,35.14,35.34,22862467.0,808431523.0,20628944429.0,0.0011082712970936182
4149,2019-08-23,35.22,36.54,35.22,36.27,70609852.0,2544555084.0,20628944429.0,0.003422853372019232
4150,2019-08-26,35.5,35.8,34.77,35.0,86736265.0,3045354099.0,20628944429.0,0.004204590559566726
4151,2019-08-27,35.38,35.62,34.75,34.75,81751179.0,2876573970.0,20628944429.0,0.003962935635478996
4152,2019-08-28,35.0,35.08,34.41,34.5,51476226.0,1780588508.0,20628944429.0,0.002495339796816513
4153,2019-08-29,34.5,34.55,33.7,33.93,71161785.0,2415342459.0,20628944429.0,0.00344960864308507
4154,2019-08-30,34.29,34.39,33.95,34.28,59657969.0,2039657518.0,20628944429.0,0.002891954515914703
4155,2019-09-02,34.28,34.66,34.25,34.34,50798281.0,1752014271.0,20628944429.0,0.002462476021244606
4156,2019-09-03,34.37,34.46,34.01,34.15,40716969.0,1390955164.0,20628944429.0,0.0019737785973556856
4157,2019-09-04,34.11,35.06,34.01,34.89,63463616.0,2202852785.0,20628944429.0,0.0030764354530318757
4158,2019-09-05,35.03,35.9,35.03,35.52,72370246.0,2573174320.0,20628944429.0,0.003508189488273695
4159,2019-09-06,35.9,35.99,35.55,35.89,47316276.0,1692573890.0,20628944429.0,0.0022936838170683695
4160,2019-09-09,36.09,36.44,35.34,35.5,75615132.0,2697975757.0,20628944429.0,0.0036654872119244683
4161,2019-09-10,35.71,35.74,34.75,35.0,67533066.0,2361508165.0,20628944429.0,0.003273704392991751
4162,2019-09-11,35.19,35.24,34.71,35.05,60908940.0,2129059918.0,20628944429.0,0.00295259605791437
4163,2019-09-12,35.4,35.43,34.97,35.29,52582171.0,1851086313.0,20628944429.0,0.0025489511196743744
4164,2019-09-16,35.5,35.54,34.82,35.0,46166805.0,1617245973.0,20628944429.0,0.002237962546212451
4165,2019-09-17,35.07,35.18,34.62,34.79,44307090.0,1546391358.0,20628944429.0,0.0021478117870982025
4166,2019-09-18,34.8,34.94,34.71,34.8,35374807.0,1232164287.0,20628944429.0,0.0017148142078598258
4167,2019-09-19,34.94,34.96,34.36,34.51,53845325.0,1858895881.0,20628944429.0,0.0026101832396380246
4168,2019-09-20,34.71,34.76,34.38,34.51,69494464.0,2401483947.0,20628944429.0,0.00336878429428048
4169,2019-09-23,34.4,34.4,33.88,34.04,61025444.0,2075660837.0,20628944429.0,0.0029582436566269934
4170,2019-09-24,34.25,34.25,33.97,34.08,36571835.0,1245693485.0,20628944429.0,0.0017728408317677958
4171,2019-09-25,34.05,34.47,33.87,34.35,46779376.0,1601997090.0,20628944429.0,0.002267657279363162
4172,2019-09-26,34.45,35.62,34.28,35.22,108440812.0,3804658828.0,20628944429.0,0.005256731015647839
4173,2019-09-27,35.15,35.69,34.82,35.2,67267796.0,2368047235.0,20628944429.0,0.0032608452764764585
4174,2019-09-30,34.79,35.33,34.7,34.75,39120377.0,1370027544.0,20628944429.0,0.0018963828776912548
4175,2019-10-08,34.7,35.1,34.5,34.81,64588657.0,2250110388.0,20628944429.0,0.0031309724655228504
4176,2019-10-09,34.52,35.67,34.5,35.18,82161376.0,2896026737.0,20628944429.0,0.003982820172053894
4177,2019-10-10,35.21,35.38,35.02,35.11,37870052.0,1332044307.0,20628944429.0,0.001835772650914828
4178,2019-10-11,35.3,36.37,35.3,36.29,104387314.0,3760500499.0,20628944429.0,0.005060235358104566
4179,2019-10-14,36.6,37.44,36.6,36.83,87433443.0,3237676515.0,20628944429.0,0.004238386665925901
4180,2019-10-15,37.22,37.22,36.47,36.64,45810496.0,1680658831.0,20628944429.0,0.002220690261572472
4181,2019-10-16,36.97,37.45,36.4,36.81,51489760.0,1902454585.0,20628944429.0,0.0024959958652860646
4182,2019-10-17,36.81,37.15,36.54,37.0,34258778.0,1264253177.0,20628944429.0,0.0016607140572757223
4183,2019-10-18,37.1,37.28,36.1,36.18,45434980.0,1660975667.0,20628944429.0,0.0022024869065102467
4184,2019-10-21,36.1,36.5,35.77,36.22,35942551.0,1300444689.0,20628944429.0,0.0017423359262857996
4185,2019-10-22,36.47,36.48,35.67,36.13,33207388.0,1193683500.0,20628944429.0,0.0016097473195631536
4186,2019-10-23,36.05,36.3,35.82,36.0,31347067.0,1131160460.0,20628944429.0,0.0015195671842487758
4187,2019-10-24,36.18,36.75,35.96,36.5,43122021.0,1571999093.0,20628944429.0,0.002090364882624795
4188,2019-10-25,36.67,36.67,36.04,36.4,24614215.0,892763388.0,20628944429.0,0.0011931882935026737
4189,2019-10-28,36.48,36.93,36.1,36.2,32808346.0,1191663975.0,20628944429.0,0.0015904035280582896
4190,2019-10-29,36.27,36.37,35.91,36.15,26610094.0,961023821.0,20628944429.0,0.0012899396811885222
4191,2019-10-30,36.11,36.23,35.31,35.41,48326260.0,1720463214.0,20628944429.0,0.002342643375007756
4192,2019-10-31,35.7,35.87,35.28,35.5,50704205.0,1805894998.0,20628944429.0,0.002457915632790229
4193,2019-11-01,35.57,36.76,35.38,36.6,66855574.0,2425821889.0,20628944429.0,0.0032408625768565735
4194,2019-11-04,36.97,37.28,36.69,37.18,59640216.0,2210377095.0,20628944429.0,0.002891093928982536
4195,2019-11-05,37.19,38.15,36.98,37.66,72333061.0,2724426631.0,20628944429.0,0.0035063869239142834
4196,2019-11-06,37.66,38.48,37.53,38.15,70844894.0,2705336305.0,20628944429.0,0.003434247168769665
4197,2019-11-07,38.13,38.38,37.82,38.16,35055161.0,1336451650.0,20628944429.0,0.0016993191833276618
4198,2019-11-08,38.48,38.55,37.6,37.75,45708215.0,1739031666.0,20628944429.0,0.0022157321310024847
4199,2019-11-11,37.53,37.69,37.17,37.31,39293988.0,1471061703.0,20628944429.0,0.0019047987712236423
4200,2019-11-12,37.31,37.49,36.91,37.2,36383152.0,1354249070.0,20628944429.0,0.0017636943143272451
4201,2019-11-13,37.05,37.38,36.9,37.0,39293401.0,1456511446.0,20628944429.0,0.0019047703160594907
4202,2019-11-14,37.19,37.25,36.65,36.74,29291220.0,1078428853.0,20628944429.0,0.0014199088131151608
4203,2019-11-15,36.98,37.06,36.6,36.83,31500856.0,1162061809.0,20628944429.0,0.001527022194878588
4204,2019-11-18,36.83,37.89,36.73,37.5,57445530.0,2149791797.0,20628944429.0,0.002784705257106784
4205,2019-11-19,37.45,37.8,37.31,37.52,39018448.0,1463591441.0,20628944429.0,0.0018914418105246426
4206,2019-11-20,37.24,37.37,36.49,36.58,48277448.0,1776707173.0,20628944429.0,0.0023402771851056014
4207,2019-11-21,36.36,36.69,36.07,36.44,29743640.0,1081481614.0,20628944429.0,0.001441840134010281
4208,2019-11-22,36.7,36.85,36.08,36.23,32273896.0,1175858814.0,20628944429.0,0.001564495755518621
4209,2019-11-25,36.4,36.72,36.32,36.58,26416258.0,966079490.0,20628944429.0,0.0012805433690957178
4210,2019-11-26,36.79,36.8,36.0,36.0,44859522.0,1630207659.0,20628944429.0,0.002174591247477348
4211,2019-11-27,36.19,36.88,36.06,36.65,35069510.0,1283181354.0,20628944429.0,0.001700014759393097
4212,2019-11-28,36.56,36.88,36.44,36.63,20852093.0,763903768.0,20628944429.0,0.0010108172559079804
4213,2019-11-29,36.48,36.69,35.92,36.03,33478873.0,1210713277.0,20628944429.0,0.0016229077117942922
4214,2019-12-02,36.1,36.38,35.97,36.11,19733974.0,713692292.0,20628944429.0,0.0009566157913663358
4215,2019-12-03,35.92,36.6,35.73,36.46,27680568.0,1004322265.0,20628944429.0,0.0013418315268272712
4216,2019-12-04,36.07,36.42,36.04,36.28,23090627.0,835895192.0,20628944429.0,0.0011193314849178317
4217,2019-12-05,36.48,36.6,36.12,36.38,26477925.0,962515349.0,20628944429.0,0.0012835327125501172
4218,2019-12-06,36.47,36.58,36.18,36.41,25584640.0,929546913.0,20628944429.0,0.00124023020606102
4219,2019-12-09,36.38,36.44,36.03,36.27,25078780.0,908083891.0,20628944429.0,0.0012157083502898217
4220,2019-12-10,36.07,36.36,36.05,36.12,22735572.0,822478503.0,20628944429.0,0.0011021199886523771
4221,2019-12-11,36.29,36.45,36.11,36.4,28077921.0,1018761748.0,20628944429.0,0.00136109344308128
4222,2019-12-12,36.5,36.58,36.24,36.4,25011328.0,909207353.0,20628944429.0,0.0012124385756180176
4223,2019-12-13,36.73,37.5,36.69,37.5,65495601.0,2430849617.0,20628944429.0,0.0031749370999287208
4224,2019-12-16,37.25,37.48,37.1,37.28,35287693.0,1314017570.0,20628944429.0,0.0017105913063778897
4225,2019-12-17,37.25,37.85,36.9,37.5,56312739.0,2106137323.0,20628944429.0,0.0027297925588880842
4226,2019-12-18,37.55,38.15,37.55,37.99,54132237.0,2052043202.0,20628944429.0,0.0026240914646074353
4227,2019-12-19,38.0,38.25,37.73,37.77,30188408.0,1144128603.0,20628944429.0,0.001463400519784298
4228,2019-12-20,37.82,38.03,37.4,37.54,28800748.0,1085477957.0,20628944429.0,0.0013961328995347017
4229,2019-12-23,37.79,38.0,37.25,37.4,35874675.0,1349470854.0,20628944429.0,0.0017390455979690205
4230,2019-12-24,37.45,38.15,37.45,38.01,34185644.0,1296815029.0,20628944429.0,0.001657168844371024
4231,2019-12-25,38.01,38.23,37.62,37.79,23502761.0,889443213.0,20628944429.0,0.0011393099186868725
4232,2019-12-26,37.78,38.1,37.69,38.1,19223976.0,728012313.0,20628944429.0,0.0009318933436543216
4233,2019-12-27,38.1,38.5,37.8,37.86,35953534.0,1370335108.0,20628944429.0,0.0017428683335564577
4234,2019-12-30,37.6,37.92,37.11,37.83,44496289.0,1670186942.0,20628944429.0,0.002156983317936883
4235,2019-12-31,37.85,37.88,37.31,37.58,37680506.0,1412996239.0,20628944429.0,0.0018265842990506608
4236,2020-01-02,38.03,39.12,38.02,38.88,82624452.0,3191180650.0,20628944429.0,0.004005268048705741
4237,2020-01-03,38.95,39.62,38.92,39.4,52010611.0,2045230273.0,20628944429.0,0.0025212444184436267
4238,2020-01-06,39.19,40.16,38.9,39.24,54887720.0,2171575505.0,20628944429.0,0.002660713939528544
4239,2020-01-07,39.55,39.94,39.1,39.15,34767128.0,1369304771.0,20628944429.0,0.0016853566172355702
4240,2020-01-08,38.95,38.95,38.41,38.41,36323418.0,1403861101.0,20628944429.0,0.001760798674164677
4241,2020-01-09,38.84,39.0,38.58,38.9,30335989.0,1177003661.0,20628944429.0,0.0014705545940273085
4242,2020-01-10,38.9,39.28,38.75,39.04,28593121.0,1116903172.0,20628944429.0,0.0013860680607488585
4243,2020-01-13,39.28,39.28,38.75,39.1,32780852.0,1279073028.0,20628944429.0,0.001589070740523056
4244,2020-01-14,39.14,39.63,38.7,38.81,33564638.0,1314430602.0,20628944429.0,0.0016270652197218152
4245,2020-01-15,38.84,38.89,38.02,38.12,48859891.0,1870048774.0,20628944429.0,0.0023685114460492303
4246,2020-01-16,38.22,38.35,37.76,37.96,45384826.0,1723277982.0,20628944429.0,0.002200055662382724
4247,2020-01-17,38.06,38.17,37.68,37.93,42135711.0,1595789849.0,20628944429.0,0.0020425529355135577
4248,2020-01-20,38.22,38.65,38.0,38.31,58580886.0,2244268938.0,20628944429.0,0.002839742295182466
4249,2020-01-21,37.95,38.15,37.7,37.79,41720185.0,1580332561.0,20628944429.0,0.002022410072584718
4250,2020-01-22,37.7,38.1,37.15,37.82,53125460.0,2000618547.0,20628944429.0,0.0025752873678459606
4251,2020-01-23,37.53,37.7,36.45,36.81,78750274.0,2912304571.0,20628944429.0,0.0038174650317683496
4252,2020-02-03,33.8,35.5,33.8,35.03,113106226.0,3944795003.0,20628944429.0,0.0054828896548383835
4253,2020-02-04,35.04,35.48,34.68,35.35,122967652.0,4313054347.0,20628944429.0,0.005960927977833567
4254,2020-02-05,35.34,35.51,34.83,35.36,80257198.0,2826862599.0,20628944429.0,0.003890514043325217
4255,2020-02-06,35.5,35.83,35.13,35.75,73070159.0,2589474707.0,20628944429.0,0.003542118175338074
4256,2020-02-07,35.1,35.46,35.01,35.42,67552464.0,2374190018.0,20628944429.0,0.0032746447222493508
4257,2020-02-10,35.13,35.24,34.95,35.1,57504178.0,2016401930.0,20628944429.0,0.002787548252791893
4258,2020-02-11,35.3,35.85,35.15,35.57,55743628.0,1983770029.0,20628944429.0,0.0027022045743472977
4259,2020-02-12,35.5,35.66,35.24,35.6,40538973.0,1437177997.0,20628944429.0,0.0019651501384147724
4260,2020-02-13,35.53,35.55,35.2,35.27,42235080.0,1493775789.0,20628944429.0,0.0020473699052010763
4261,2020-02-14,35.21,35.71,35.21,35.64,40339677.0,1431806484.0,20628944429.0,0.001955489149667339
4262,2020-02-17,35.63,36.17,35.38,36.17,66942541.0,2396661832.0,20628944429.0,0.0032450783524285774
4263,2020-02-18,36.0,36.0,35.6,35.7,51639665.0,1846260235.0,20628944429.0,0.0025032625967718147
4264,2020-02-19,35.6,35.89,35.46,35.53,41952131.0,1496142157.0,20628944429.0,0.002033653788946372
4265,2020-02-20,35.66,36.05,35.2,35.98,74600588.0,2658121245.0,20628944429.0,0.0036163066053504465
4266,2020-02-21,35.9,35.93,35.47,35.64,73031468.0,2603112503.0,20628944429.0,0.003540242606758539
4267,2020-02-24,35.49,35.69,35.03,35.05,79856482.0,2812039823.0,20628944429.0,0.0038710891037031644
4268,2020-02-25,34.81,35.08,34.5,34.63,87373432.0,3032212325.0,20628944429.0,0.004235477598028291
4269,2020-02-26,34.41,34.99,34.25,34.83,77970475.0,2707591830.0,20628944429.0,0.003779663824698163
4270,2020-02-27,34.79,35.35,34.7,35.22,68937853.0,2422074087.0,20628944429.0,0.0033418022544618297
4271,2020-02-28,34.85,35.18,34.2,34.2,83534097.0,2885398352.0,20628944429.0,0.004049363615647171
4272,2020-03-02,34.24,34.88,34.1,34.75,70429063.0,2438029173.0,20628944429.0,0.003414089520789605
4273,2020-03-03,34.93,35.1,34.42,34.62,68607306.0,2380418310.0,20628944429.0,0.003325778797656385
4274,2020-03-04,34.68,34.8,34.44,34.78,56088606.0,1941800190.0,20628944429.0,0.0027189275822155543
4275,2020-03-05,34.99,36.32,34.8,36.23,135541300.0,4840609026.0,20628944429.0,0.006570442829321755
4276,2020-03-06,35.84,36.02,35.41,35.41,67067378.0,2389764957.0,20628944429.0,0.0032511298981307657
4277,2020-03-09,34.88,34.88,34.18,34.18,96659166.0,3318066994.0,20628944429.0,0.004685608918705377
4278,2020-03-10,34.19,34.94,34.08,34.68,66829810.0,2309858482.0,20628944429.0,0.0032396136520708835
4279,2020-03-11,34.76,34.99,34.41,34.45,56655064.0,1965764178.0,20628944429.0,0.002746386961048515
4280,2020-03-12,34.37,34.59,34.02,34.16,61918002.0,2118258080.0,20628944429.0,0.003001510921371051
4281,2020-03-13,32.8,33.56,32.4,33.41,114095770.0,3748370246.0,20628944429.0,0.005530858371968132
4282,2020-03-16,33.39,33.39,31.64,31.67,106602730.0,3445337101.0,20628944429.0,0.005167628928707509
4283,2020-03-17,31.65,32.61,31.11,31.73,84344133.0,2675433577.0,20628944429.0,0.004088630578762417
4284,2020-03-18,31.88,32.28,30.76,30.82,82431704.0,2604923481.0,20628944429.0,0.003995924478041551
4285,2020-03-19,30.48,30.48,28.71,29.31,155945747.0,4591894342.0,20628944429.0,0.007559560186742893
4286,2020-03-20,29.8,31.11,29.8,31.04,134315310.0,4101898423.0,20628944429.0,0.006511012255730382
4287,2020-03-23,30.01,30.51,29.88,30.16,92897116.0,2804113446.0,20628944429.0,0.004503241371352283
4288,2020-03-24,31.15,31.65,30.81,31.51,82535893.0,2585549433.0,20628944429.0,0.004000975100013926
4289,2020-03-25,32.23,32.68,32.17,32.49,80952655.0,2629580314.0,20628944429.0,0.003924226723215049
4290,2020-03-26,32.1,33.42,32.06,32.72,69463585.0,2281461462.0,20628944429.0,0.0033672874169144917
4291,2020-03-27,33.12,33.33,32.48,32.72,58177545.0,1911127945.0,20628944429.0,0.0028201901071687645
4292,2020-03-30,32.18,32.72,31.8,32.65,47749415.0,1541068106.0,20628944429.0,0.002314680480348489
4293,2020-03-31,32.92,32.98,32.16,32.28,37754006.0,1228383288.0,20628944429.0,0.0018301472540168235
4294,2020-04-01,32.12,32.65,32.0,32.13,35814313.0,1157345796.0,20628944429.0,0.0017361195151436122
4295,2020-04-02,31.75,32.34,31.71,32.34,28960147.0,929189673.0,20628944429.0,0.0014038598581558087
4296,2020-04-03,32.0,32.32,31.99,32.15,25161829.0,808697603.0,20628944429.0,0.001219734198548119
4297,2020-04-07,32.84,32.88,32.4,32.52,43184378.0,1406732994.0,20628944429.0,0.002093387674227856
4298,2020-04-08,32.5,32.5,32.12,32.22,31813445.0,1024956344.0,20628944429.0,0.0015421751272584226
4299,2020-04-09,32.29,32.35,32.11,32.3,28664595.0,924260480.0,20628944429.0,0.0013895328041944573
4300,2020-04-10,32.41,32.56,31.91,32.1,43743153.0,1409435238.0,20628944429.0,0.0021204746151968026
4301,2020-04-13,31.92,32.2,31.82,31.93,23055549.0,737876564.0,20628944429.0,0.0011176310586007833
4302,2020-04-14,32.18,32.71,32.08,32.71,42707944.0,1386006869.0,20628944429.0,0.002070292260808145
4303,2020-04-15,32.59,32.63,32.32,32.42,23783848.0,771129191.0,20628944429.0,0.0011529357734157673
4304,2020-04-16,32.2,32.41,31.96,32.1,29499982.0,947452268.0,20628944429.0,0.0014300286716817739
4305,2020-04-17,32.45,33.2,32.34,32.86,69795242.0,2293965391.0,20628944429.0,0.003383364681611262
4306,2020-04-20,32.89,33.08,32.55,32.9,33602426.0,1104349255.0,20628944429.0,0.0016288970148546228
4307,2020-04-21,32.9,33.04,32.58,32.65,32871489.0,1077331035.0,20628944429.0,0.001593464421465479
4308,2020-04-22,32.45,32.75,32.33,32.73,27943538.0,910099517.0,20628944429.0,0.0013545791495136903
4309,2020-04-23,32.82,32.96,32.65,32.69,24614551.0,807219190.0,20628944429.0,0.0011932045812968048
4310,2020-04-24,32.72,32.72,32.41,32.51,22259784.0,723766561.0,20628944429.0,0.0010790558904559063
4311,2020-04-27,32.75,33.98,32.72,33.58,65341471.0,2197523211.0,20628944429.0,0.003167465559126889
4312,2020-04-28,33.6,33.9,33.3,33.86,36651091.0,1234430064.0,20628944429.0,0.0017766828121596081
4313,2020-04-29,33.9,35.1,33.89,35.02,65876588.0,2288732967.0,20628944429.0,0.0031934056648769307
4314,2020-04-30,35.15,36.05,35.05,35.09,71533247.0,2544804889.0,20628944429.0,0.0034676154781550115
4315,2020-05-06,34.53,34.78,34.18,34.63,50173590.0,1731704264.0,20628944429.0,0.0024321937640913115
4316,2020-05-07,34.6,34.62,34.05,34.45,29948465.0,1028793473.0,20628944429.0,0.00145176914422721
4317,2020-05-08,34.77,35.18,34.55,34.97,39215460.0,1371649847.0,20628944429.0,0.0019009920810524473
4318,2020-05-11,34.98,35.48,34.88,34.96,29584829.0,1040649468.0,20628944429.0,0.0014341416790289033
4319,2020-05-12,34.99,35.04,34.44,34.59,34963382.0,1213003373.0,20628944429.0,0.0016948701432754245
4320,2020-05-13,34.4,34.68,34.1,34.54,27983494.0,961672947.0,20628944429.0,0.0013565160396991052
4321,2020-05-14,34.39,34.42,33.8,33.93,42063019.0,1430362916.0,20628944429.0,0.002039029148814234
4322,2020-05-15,34.19,34.26,33.7,33.85,36192753.0,1226127432.0,20628944429.0,0.0017544646127952395
4323,2020-05-18,33.62,34.3,33.51,33.8,36370093.0,1233862748.0,20628944429.0,0.0017630612717571348
4324,2020-05-19,34.4,34.48,34.06,34.27,26430448.0,904985389.0,20628944429.0,0.0012812312375442873
4325,2020-05-20,34.27,35.03,34.1,34.68,38051757.0,1313430550.0,20628944429.0,0.001844580905773693
4326,2020-05-21,34.91,35.18,34.66,34.73,36252721.0,1263004925.0,20628944429.0,0.0017573715962430061
4327,2020-05-22,34.49,34.69,33.61,33.63,42396439.0,1439086679.0,20628944429.0,0.0020551918759546144
4328,2020-05-25,33.92,33.94,32.9,33.09,43264917.0,1434823005.0,20628944429.0,0.0020972918487859485
4329,2020-05-26,33.3,33.49,33.09,33.43,32246077.0,1072932146.0,20628944429.0,0.0015631472134206117
4330,2020-05-27,33.57,33.98,33.24,33.43,32083331.0,1077247848.0,20628944429.0,0.0015552580070407054
4331,2020-05-28,33.58,34.7,33.43,34.22,69362331.0,2378620601.0,20628944429.0,0.0033623790707628747
4332,2020-05-29,33.86,34.13,33.7,33.82,37237481.0,1260905545.0,20628944429.0,0.0018051084062086986
4333,2020-06-01,34.15,34.97,34.1,34.82,48823746.0,1693982687.0,20628944429.0,0.0023667592962907003
4334,2020-06-02,34.55,35.26,34.54,35.04,49295713.0,1726597705.0,20628944429.0,0.0023896381693045087
4335,2020-06-03,35.45,36.0,35.02,35.22,61018691.0,2169754932.0,20628944429.0,0.0029579163010503063
4336,2020-06-04,35.5,35.55,35.07,35.15,25756086.0,909222198.0,20628944429.0,0.0012485411499675333
4337,2020-06-05,35.3,35.47,34.81,35.24,32717303.0,1146499654.0,20628944429.0,0.0015859901660312918
4338,2020-06-08,35.55,36.19,35.5,35.67,50180979.0,1796585383.0,20628944429.0,0.002432551950135461
4339,2020-06-09,35.61,35.69,35.26,35.53,30093079.0,1067277929.0,20628944429.0,0.001458779391430974
4340,2020-06-10,35.64,35.65,35.18,35.34,27273061.0,964770416.0,20628944429.0,0.0013220773895565765
4341,2020-06-11,35.21,35.32,34.31,34.47,58892745.0,2040709558.0,20628944429.0,0.0028548598403905275
4342,2020-06-12,33.99,34.5,33.7,34.5,54661576.0,1865053466.0,20628944429.0,0.002649751478469117
4343,2020-06-15,34.04,34.18,33.46,33.57,65434347.0,2209023835.0,20628944429.0,0.0031719677768879406
4344,2020-06-16,34.0,34.18,33.81,34.14,38163105.0,1298977209.0,20628944429.0,0.0018499785644073296
4345,2020-06-17,34.0,34.31,33.83,34.2,30627774.0,1042779922.0,20628944429.0,0.0014846990404871966
4346,2020-06-18,33.88,34.06,33.02,33.89,92293933.0,3090987273.0,20628944429.0,0.0044740017269256855
4347,2020-06-19,33.8,34.34,33.6,33.86,67949603.0,2299545222.0,20628944429.0,0.0032938962647297166
4348,2020-06-22,33.66,33.85,33.33,33.5,59581469.0,1997593331.0,20628944429.0,0.002888246134215227
4349,2020-06-23,33.3,33.54,33.11,33.35,45252939.0,1509296732.0,20628944429.0,0.0021936623638572506
4350,2020-06-24,33.52,33.96,33.51,33.9,47989117.0,1621575075.0,20628944429.0,0.002326300173291334
4351,2020-06-29,34.17,34.3,33.49,33.64,56729748.0,1915098031.0,20628944429.0,0.0027500073110987584
4352,2020-06-30,33.85,33.96,33.64,33.72,39156798.0,1322157814.0,20628944429.0,0.0018981484067092495
4353,2020-07-01,33.79,34.8,33.61,34.79,79909645.0,2741317357.0,20628944429.0,0.0038736662108442
4354,2020-07-02,34.65,35.47,34.3,35.3,124517798.0,4347489231.0,20628944429.0,0.00603607220081285
4355,2020-07-03,35.4,36.76,35.35,36.74,153570417.0,5583630477.0,20628944429.0,0.007444414692596291
4356,2020-07-06,37.18,40.41,37.18,40.41,187492888.0,7369658960.0,20628944429.0,0.009088826073738608
4357,2020-07-07,41.8,43.3,40.5,41.06,201633829.0,8389893483.0,20628944429.0,0.009774316358938115
4358,2020-07-08,40.9,41.87,39.97,40.5,182703889.0,7454256185.0,20628944429.0,0.008856676580269245
4359,2020-07-09,40.51,40.62,39.53,39.91,169323629.0,6759559094.0,20628944429.0,0.0082080607460441
4360,2020-07-10,38.71,39.0,37.05,37.25,152815945.0,5784778253.0,20628944429.0,0.007407841226484308
4361,2020-07-13,37.01,38.0,36.67,37.3,163406373.0,6086294085.0,20628944429.0,0.007921218342625649
4362,2020-07-14,37.07,37.42,36.23,36.51,131086591.0,4821059904.0,20628944429.0,0.0063544982367454315
4363,2020-07-15,36.99,37.02,35.7,35.86,134114248.0,4838521682.0,20628944429.0,0.006501265659112606
4364,2020-07-16,36.05,36.58,35.59,35.6,142952326.0,5153628340.0,20628944429.0,0.006929696596547073
4365,2020-07-17,35.87,36.2,35.31,36.08,116991781.0,4182751219.0,20628944429.0,0.005671244178424075
4366,2020-07-20,36.1,37.45,35.85,37.27,159415734.0,5884589656.0,20628944429.0,0.007727769811425479
4367,2020-07-21,37.27,37.44,36.52,36.84,83162093.0,3062989303.0,20628944429.0,0.004031330506814077
4368,2020-07-22,36.78,37.1,36.26,36.44,99881181.0,3656733629.0,20628944429.0,0.004841797957416951
4369,2020-07-23,36.18,36.41,35.25,35.6,119707588.0,4272039761.0,20628944429.0,0.005802894491863387
4370,2020-07-24,35.5,35.8,34.13,34.6,130419436.0,4555965917.0,20628944429.0,0.006322157512657673
4371,2020-07-27,34.94,34.97,34.01,34.25,89346903.0,3062209384.0,20628944429.0,0.004331142744967448
4372,2020-07-28,34.66,34.88,34.21,34.58,78035052.0,2693238172.0,20628944429.0,0.0037827942320838755
4373,2020-07-29,34.5,35.35,34.23,35.07,96913071.0,3381773114.0,20628944429.0,0.004697917110279302
4374,2020-07-30,35.05,35.17,34.48,34.56,79887927.0,2776830172.0,20628944429.0,0.003872613418246171
4375,2020-07-31,34.6,35.35,34.49,34.8,98989455.0,3456763749.0,20628944429.0,0.004798571024353599
4376,2020-08-03,35.2,35.39,34.78,35.0,102185800.0,3573570193.0,20628944429.0,0.004953515694983794
4377,2020-08-04,35.14,37.15,35.0,36.68,235440404.0,8524612075.0,20628944429.0,0.011413109614519095
4378,2020-08-05,36.4,36.66,35.81,36.3,106065970.0,3842397076.0,20628944429.0,0.005141609177583189
4379,2020-08-06,36.43,37.33,36.34,37.02,125242884.0,4621511197.0,20628944429.0,0.006071221163596456
4380,2020-08-07,36.88,36.88,36.2,36.61,89795414.0,3286449488.0,20628944429.0,0.0043528845748290615
4381,2020-08-10,36.7,37.41,35.89,37.0,122448139.0,4519789796.0,20628944429.0,0.005935744284999062
4382,2020-08-11,37.15,38.8,37.15,37.54,173638283.0,6622998622.0,20628944429.0,0.008417216091575716
4383,2020-08-12,37.78,38.26,37.03,37.79,93003691.0,3505241801.0,20628944429.0,0.0045084076560532186
4384,2020-08-13,37.85,38.17,37.32,37.33,64048694.0,2413002933.0,20628944429.0,0.0031047974471229305
4385,2020-08-14,37.33,38.08,37.26,38.0,67065745.0,2530430882.0,20628944429.0,0.003251050737512266
4386,2020-08-17,38.06,39.53,38.06,39.05,148309043.0,5782809861.0,20628944429.0,0.007189366548077388
4387,2020-08-18,39.0,39.16,38.53,38.85,57366054.0,2225879678.0,20628944429.0,0.002780852612087862
4388,2020-08-19,38.84,39.08,38.35,38.35,56393694.0,2185921384.0,20628944429.0,0.002733716899286529
4389,2020-08-20,38.21,38.23,37.13,37.52,73440819.0,2759025986.0,20628944429.0,0.003560086132994643
4390,2020-08-21,38.0,38.01,37.46,37.77,56125442.0,2115951200.0,20628944429.0,0.002720713228598324
4391,2020-08-24,38.08,38.31,37.37,37.5,62098893.0,2346712057.0,20628944429.0,0.0030102797171096107
4392,2020-08-25,37.8,38.2,37.42,37.58,54524608.0,2056714024.0,20628944429.0,0.002643111875532989
4393,2020-08-26,37.7,37.89,37.01,37.23,62700022.0,2344833013.0,20628944429.0,0.0030394197926994666
4394,2020-08-27,37.23,37.29,36.41,36.9,57481502.0,2112135810.0,20628944429.0,0.002786449020590359
4395,2020-08-28,36.85,38.45,36.6,38.45,118294177.0,4472784976.0,20628944429.0,0.005734378577010611
4396,2020-08-31,38.5,39.0,37.55,37.69,119031365.0,4573760872.0,20628944429.0,0.0057701141912364015
4397,2020-09-01,37.46,37.7,37.01,37.42,71275936.0,2662847632.0,20628944429.0,0.0034551421787631983
4398,2020-09-02,37.49,37.58,36.8,37.2,79722127.0,2960833704.0,20628944429.0,0.0038645761674517523
4399,2020-09-03,37.12,37.43,36.76,36.98,64047956.0,2369898817.0,20628944429.0,0.0031047616721465356
4400,2020-09-04,36.63,36.89,36.35,36.8,48543721.0,1780424306.0,20628944429.0,0.002353184922625398
4401,2020-09-07,36.8,37.58,36.69,36.79,61613878.0,2285992289.0,20628944429.0,0.0029867683347570475
4402,2020-09-08,37.18,37.62,37.02,37.59,68354491.0,2558811209.0,20628944429.0,0.0033135234444622297
4403,2020-09-09,37.27,37.95,37.16,37.6,60543334.0,2276406652.0,20628944429.0,0.0029348730958278545
4404,2020-09-10,37.88,37.91,37.37,37.7,55014607.0,2072364501.0,20628944429.0,0.0026668648601651627
4405,2020-09-11,37.87,37.88,37.02,37.24,55310513.0,2064258658.0,20628944429.0,0.002681209074481045
4406,2020-09-14,37.4,37.58,37.07,37.35,46023997.0,1713839187.0,20628944429.0,0.0022310398459021415
4407,2020-09-15,37.26,38.09,37.23,37.9,53080495.0,2003397793.0,20628944429.0,0.002573107663491491
4408,2020-09-16,37.96,38.3,37.78,38.06,47887482.0,1822671349.0,20628944429.0,0.0023213733579445866
4409,2020-09-17,38.1,38.47,37.85,37.87,55771354.0,2127941227.0,20628944429.0,0.002703548608216574
4410,2020-09-18,37.85,38.99,37.8,38.99,108169240.0,4177287388.0,20628944429.0,0.005243566406041435
4411,2020-09-21,39.0,39.13,38.6,38.6,50152092.0,1945258027.0,20628944429.0,0.0024311516361203924
4412,2020-09-22,38.5,38.6,37.74,37.88,58311689.0,2223417612.0,20628944429.0,0.002826692815073267
4413,2020-09-23,37.82,38.05,37.4,37.5,43076028.0,1621415675.0,20628944429.0,0.002088135345376377
4414,2020-09-24,37.35,37.35,36.9,37.06,54027975.0,2003636080.0,20628944429.0,0.0026190373039178833
4415,2020-09-25,37.1,37.4,37.08,37.18,35225153.0,1312142060.0,20628944429.0,0.0017075596437440962
4416,2020-09-28,37.2,37.65,37.05,37.25,35324476.0,1317478208.0,20628944429.0,0.0017123743835550376
4417,2020-09-29,37.35,37.45,36.27,36.31,79668910.0,2920847323.0,20628944429.0,0.003861996442629517
4418,2020-09-30,36.3,36.57,35.8,36.0,65466059.0,2365489193.0,20628944429.0,0.003173505034410212
4419,2020-10-09,36.4,36.8,36.13,36.18,49472433.0,1799276678.0,20628944429.0,0.0023982047734081857
4420,2020-10-12,36.4,37.65,36.3,37.56,99864635.0,3712613342.0,20628944429.0,0.004840995880507154
4421,2020-10-13,37.48,38.01,37.13,37.79,51141560.0,1928053924.0,20628944429.0,0.00247911666910623
4422,2020-10-14,37.8,38.1,37.39,38.05,64294015.0,2431581141.0,20628944429.0,0.003116689524337271
4423,2020-10-15,38.14,39.23,38.05,39.01,119665720.0,4656771635.0,20628944429.0,0.005800864916373274
4424,2020-10-16,38.91,40.2,38.88,39.78,110589580.0,4401811725.0,20628944429.0,0.005360893785943506
4425,2020-10-19,40.29,41.55,39.89,39.99,98154659.0,3988837840.0,20628944429.0,0.0047581038059327455
4426,2020-10-20,40.0,40.31,39.7,39.97,42436836.0,1697045434.0,20628944429.0,0.0020571501438698264
4427,2020-10-21,40.06,40.87,39.99,40.8,54185565.0,2193121567.0,20628944429.0,0.002626676570218803
4428,2020-10-22,41.0,42.0,40.33,41.19,64497499.0,2649384824.0,20628944429.0,0.003126553528804409
4429,2020-10-23,40.91,42.1,40.86,41.22,55183362.0,2298420661.0,20628944429.0,0.0026750453562918945
4430,2020-10-26,41.66,41.66,40.08,40.62,50454000.0,2050594686.0,20628944429.0,0.0024457868008540555
4431,2020-10-27,40.62,41.25,40.33,40.45,45883207.0,1867751093.0,20628944429.0,0.0022242149693077733
4432,2020-10-28,40.63,41.08,39.61,40.1,69355712.0,2787606058.0,20628944429.0,0.003362058210913609
4433,2020-10-29,39.75,40.86,39.67,40.19,52307034.0,2105440052.0,20628944429.0,0.0025356136946332168
4434,2020-10-30,40.5,41.15,39.58,39.81,43842279.0,1766506296.0,20628944429.0,0.002125279805318923
4435,2020-11-02,40.49,40.7,39.18,40.25,51692798.0,2067738931.0,20628944429.0,0.002505838249645517
4436,2020-11-03,40.7,42.1,40.7,41.24,87069016.0,3626910913.0,20628944429.0,0.004220720856545577
4437,2020-11-04,42.12,43.09,41.38,42.93,88450085.0,3754732975.0,20628944429.0,0.004287668974262086
4438,2020-11-05,43.1,43.71,42.38,42.79,68048685.0,2918967528.0,20628944429.0,0.003298699321926415
4439,2020-11-06,42.8,42.85,42.09,42.48,46364547.0,1969073126.0,20628944429.0,0.0022475482039120286
4440,2020-11-09,42.99,43.47,42.6,43.03,49714162.0,2138628747.0,20628944429.0,0.0024099227263471726
4441,2020-11-10,43.77,44.38,43.4,43.72,56207925.0,2461059112.0,20628944429.0,0.002724711639679603
4442,2020-11-11,44.0,44.35,43.51,44.35,52696972.0,2322161018.0,20628944429.0,0.002554516164478054
4443,2020-11-12,44.0,44.44,43.35,43.58,47159435.0,2059661759.0,20628944429.0,0.0022860808589752007
4444,2020-11-13,43.2,43.2,41.81,42.58,54486290.0,2309702717.0,20628944429.0,0.002641254388343963
4445,2020-11-16,42.95,43.1,42.65,43.0,38943199.0,1669941865.0,20628944429.0,0.0018877940717729586
4446,2020-11-17,43.0,44.0,42.8,43.84,47285620.0,2065231454.0,20628944429.0,0.0022921977497562243
4447,2020-11-18,43.6,45.0,43.41,44.75,62820215.0,2797752552.0,20628944429.0,0.003045246217818487
4448,2020-11-19,44.53,45.0,43.99,44.87,47734174.0,2128954044.0,20628944429.0,0.0023139416640676823
4449,2020-11-20,44.76,45.3,44.51,45.05,31468757.0,1414292248.0,20628944429.0,0.0015254661773077191
4450,2020-11-23,45.05,45.58,44.82,45.4,58462113.0,2647101184.0,20628944429.0,0.00283398470538388
4451,2020-11-24,45.0,45.3,44.53,44.87,39946734.0,1793220437.0,20628944429.0,0.0019364410107113
4452,2020-11-25,45.52,45.57,44.17,44.43,37807249.0,1694470963.0,20628944429.0,0.0018327282392040806
4453,2020-11-26,44.47,45.38,44.47,45.09,35153429.0,1584282516.0,20628944429.0,0.0017040827814040547
4454,2020-11-27,45.4,45.97,44.7,45.85,44607770.0,2024963455.0,20628944429.0,0.002162387423822363
4455,2020-11-30,45.85,47.77,44.03,44.2,115360181.0,5291989606.0,20628944429.0,0.00559215142573304
4456,2020-12-01,44.4,46.55,44.39,46.2,78072787.0,3559778622.0,20628944429.0,0.0037846234580110613
4457,2020-12-02,46.0,47.03,45.26,46.8,61994358.0,2864114257.0,20628944429.0,0.0030052123225873277
4458,2020-12-03,46.75,47.1,45.5,46.49,50237589.0,2317794756.0,20628944429.0,0.0024352961525930727
4459,2020-12-04,46.47,46.6,45.11,45.78,46115543.0,2099378091.0,20628944429.0,0.002235477591144758
4460,2020-12-07,45.7,45.75,44.1,44.42,70482524.0,3138039091.0,20628944429.0,0.003416681073652816
4461,2020-12-08,44.39,44.76,44.0,44.26,37716735.0,1671238316.0,20628944429.0,0.0018283405207577235
4462,2020-12-09,44.37,44.93,44.22,44.24,37519456.0,1672113664.0,20628944429.0,0.001818777307250654
4463,2020-12-10,44.04,44.63,43.8,44.28,36887355.0,1630166599.0,20628944429.0,0.001788135846066077
4464,2020-12-11,44.25,44.27,42.68,42.68,77143525.0,3347336214.0,20628944429.0,0.0037395769456604997
4465,2020-12-14,43.32,44.66,43.32,44.37,60742701.0,2686115499.0,20628944429.0,0.0029445375263413096
4466,2020-12-15,44.45,44.94,43.44,44.35,43879226.0,1936658509.0,20628944429.0,0.002127070832490825
4467,2020-12-16,44.79,44.85,43.88,44.06,36790200.0,1628021247.0,20628944429.0,0.0017834262013077431
4468,2020-12-17,43.9,44.17,43.35,44.05,50232903.0,2199570321.0,20628944429.0,0.002435068996035638
4469,2020-12-18,44.09,44.39,42.8,43.1,76059993.0,3296589099.0,20628944429.0,0.003687052105927218
4470,2020-12-21,43.04,43.15,42.31,42.89,62385090.0,2674269716.0,20628944429.0,0.003024153282040915
4471,2020-12-22,42.99,43.0,41.87,41.91,78468607.0,3320101849.0,20628944429.0,0.0038038110612043474
4472,2020-12-23,41.71,42.41,41.71,42.32,71181993.0,3004166815.0,20628944429.0,0.0034505882375606644
4473,2020-12-24,42.35,43.1,42.32,42.57,48211014.0,2055723701.0,20628944429.0,0.002337056758571968
4474,2020-12-25,42.55,42.9,41.98,42.72,47673197.0,2023487304.0,20628944429.0,0.0023109857687619445
4475,2020-12-28,42.75,43.32,42.23,43.04,84140901.0,3600599046.0,20628944429.0,0.004078778790140877
4476,2020-12-29,43.26,43.29,42.65,42.83,72714756.0,3118082060.0,20628944429.0,0.003524889809571555
4477,2020-12-30,42.87,43.05,41.9,43.05,93349643.0,3963394420.0,20628944429.0,0.004525177879134225
4478,2020-12-31,43.05,44.35,42.85,43.95,89119921.0,3909432878.0,20628944429.0,0.004320139661373849
4479,2021-01-04,43.23,43.78,42.02,43.17,154952285.0,6608868849.0,20628944429.0,0.007511401542299438
4480,2021-01-05,42.76,42.8,41.44,42.18,138717699.0,5809639049.0,20628944429.0,0.006724420606077731
4481,2021-01-06,42.1,44.2,42.0,44.15,120064563.0,5188622737.0,20628944429.0,0.005820199061238161
4482,2021-01-07,44.29,45.97,44.26,45.9,107832187.0,4869741128.0,20628944429.0,0.005227227567127012
4483,2021-01-08,46.29,47.02,45.81,46.6,129959481.0,6021482985.0,20628944429.0,0.006299860928284049
4484,2021-01-11,46.58,49.17,46.49,48.42,144523356.0,6992740146.0,20628944429.0,0.0070058531834925235
4485,2021-01-12,48.55,50.05,47.56,49.7,104448591.0,5103986009.0,20628944429.0,0.005063205796083634
4486,2021-01-13,49.31,49.98,48.88,49.4,64910979.0,3207741653.0,20628944429.0,0.0031465972107011294
4487,2021-01-14,49.4,50.08,48.56,49.05,70377099.0,3467710708.0,20628944429.0,0.0034115705358663167
4488,2021-01-15,50.5,53.89,50.48,51.14,177574522.0,9232542839.0,20628944429.0,0.008608027551345147
4489,2021-01-18,51.5,53.08,51.2,51.92,123764160.0,6463924980.0,20628944429.0,0.005999539163332728
4490,2021-01-19,52.3,53.23,51.49,51.85,90188002.0,4710719576.0,20628944429.0,0.0043719155049549915
4491,2021-01-20,52.1,53.12,50.99,51.72,79228118.0,4123860428.0,20628944429.0,0.0038406287957527176
4492,2021-01-21,52.97,53.5,52.15,52.64,73671459.0,3886756922.0,20628944429.0,0.0035712665402517284
4493,2021-01-22,52.85,52.85,51.0,51.64,87000132.0,4492606303.0,20628944429.0,0.0042173816648464054
4494,2021-01-25,51.1,52.46,50.1,52.11,86536206.0,4438842570.0,20628944429.0,0.004194892583953453
4495,2021-01-26,52.0,53.1,51.0,51.4,60117533.0,3126374838.0,20628944429.0,0.0029142321463374184
4496,2021-01-27,51.61,52.9,51.61,52.0,60923156.0,3187049336.0,20628944429.0,0.002953285186727961
4497,2021-01-28,51.0,51.75,50.8,51.61,52386951.0,2684963891.0,20628944429.0,0.002539487717381935
4498,2021-01-29,52.18,52.46,50.81,51.1,62148914.0,3211002062.0,20628944429.0,0.00301270451398529
4499,2021-02-01,51.0,52.78,50.48,52.4,79662587.0,4125446256.0,20628944429.0,0.0038616899315512716
4500,2021-02-02,52.35,52.8,51.6,51.97,72030553.0,3752480883.0,20628944429.0,0.0034917226738339574
4501,2021-02-03,52.07,54.0,51.49,53.05,76587606.0,4045314776.0,20628944429.0,0.0037126284509416668
4502,2021-02-04,52.87,55.2,52.61,53.5,96910977.0,5229905917.0,20628944429.0,0.00469781560241945
4503,2021-02-05,54.06,55.94,53.7,54.74,115157754.0,6315430525.0,20628944429.0,0.005582338659951606
4504,2021-02-08,55.19,55.6,53.69,55.26,81637776.0,4479792762.0,20628944429.0,0.003957438359533039
4505,2021-02-09,55.38,55.38,54.25,55.26,61900527.0,3393598043.0,20628944429.0,0.0030006638106495043
4506,2021-02-10,56.3,56.4,53.95,54.55,75350767.0,4135201064.0,20628944429.0,0.0036526719658070586
4507,2021-02-18,55.65,57.6,55.19,55.69,107091322.0,6013345250.0,20628944429.0,0.005191313708201759
4508,2021-02-19,55.65,56.71,54.88,55.2,71018164.0,3948306737.0,20628944429.0,0.0034426465321300325
4509,2021-02-22,55.27,55.74,53.36,54.2,80151145.0,4368565094.0,20628944429.0,0.0038853730628758774
4510,2021-02-23,54.29,56.73,54.2,55.55,95299102.0,5306140313.0,20628944429.0,0.004619679030499947
4511,2021-02-24,55.85,55.85,52.85,53.6,84432226.0,4578242270.0,20628944429.0,0.00409290093783499
4512,2021-02-25,54.5,55.5,53.91,54.45,88618727.0,4843039320.0,20628944429.0,0.00429584399264853
4513,2021-02-26,53.6,54.45,50.86,51.1,132728876.0,6911104094.0,20628944429.0,0.006434108950984949
4514,2021-03-01,51.11,51.3,50.03,50.39,89418363.0,4510517394.0,20628944429.0,0.004334606809754958
4515,2021-03-02,50.86,50.9,49.01,49.55,100778621.0,5025206694.0,20628944429.0,0.004885301879931687
4516,2021-03-03,50.0,52.98,49.6,52.77,131593315.0,6834019524.0,20628944429.0,0.006379061975415824
4517,2021-03-04,52.19,53.88,52.0,52.4,83303904.0,4396029829.0,20628944429.0,0.004038204876973349
4518,2021-03-05,51.9,52.39,50.11,51.4,73519585.0,3762062419.0,20628944429.0,0.0035639043603533475
4519,2021-03-08,51.59,51.98,49.7,49.93,69813759.0,3534603526.0,20628944429.0,0.003384262303884846
4520,2021-03-09,50.02,50.98,48.18,48.5,98322245.0,4876616396.0,20628944429.0,0.004766227634109063
4521,2021-03-10,49.01,50.0,48.55,49.25,67590993.0,3327792628.0,20628944429.0,0.003276512437785287
4522,2021-03-11,50.0,52.25,50.0,51.97,90421033.0,4672612626.0,20628944429.0,0.004383211817318528
4523,2021-03-12,52.35,53.39,52.13,53.32,85580753.0,4537887852.0,20628944429.0,0.004148576447745493
4524,2021-03-15,52.98,54.79,52.64,53.11,93931916.0,5037471575.0,20628944429.0,0.004553403899229632
4525,2021-03-16,53.9,55.25,53.5,54.32,69716276.0,3799354094.0,20628944429.0,0.0033795367591370035
4526,2021-03-17,53.95,54.32,53.3,53.4,53231461.0,2856041089.0,20628944429.0,0.002580425827565256
4527,2021-03-18,53.3,54.3,52.9,54.24,48279311.0,2590798830.0,20628944429.0,0.0023403674951069887
4528,2021-03-19,54.02,54.46,51.54,51.76,77628361.0,4073645280.0,20628944429.0,0.003763079650884642
4529,2021-03-22,52.2,54.72,52.1,53.78,79169531.0,4252611119.0,20628944429.0,0.0038377887570778526
4530,2021-03-23,53.89,54.45,52.82,53.48,59592261.0,3187582328.0,20628944429.0,0.0028887692826505313
4531,2021-03-24,53.96,54.0,51.62,52.2,57501314.0,3013081502.0,20628944429.0,0.0027874094187371567
4532,2021-03-25,52.66,52.89,50.56,51.01,78453830.0,4014068059.0,20628944429.0,0.0038030947375916266
4533,2021-03-26,51.45,51.82,50.73,51.6,70947525.0,3643743955.0,20628944429.0,0.003439222265791872
4534,2021-03-29,51.7,51.8,50.55,50.94,77980362.0,3969007334.0,20628944429.0,0.003780143102735584
4535,2021-03-30,51.1,51.56,50.43,51.56,56940202.0,2902290112.0,20628944429.0,0.0027602091903429597
4536,2021-03-31,51.5,51.5,50.14,51.1,52164954.0,2652348781.0,20628944429.0,0.002528726284543524
4537,2021-04-01,51.09,51.28,50.7,51.05,33719469.0,1718217148.0,20628944429.0,0.0016345707419036647
4538,2021-04-02,51.18,51.25,50.65,50.95,41153422.0,2093013199.0,20628944429.0,0.0019949359087005373
4539,2021-04-06,51.1,51.83,50.8,50.99,44400201.0,2275875718.0,20628944429.0,0.0021523253966200307
4540,2021-04-07,51.15,51.15,50.02,50.43,50061023.0,2520490066.0,20628944429.0,0.002426737013728372
4541,2021-04-08,50.2,50.63,50.05,50.5,29501067.0,1486758655.0,20628944429.0,0.0014300812676836553
4542,2021-04-09,50.72,50.72,49.86,50.25,31506834.0,1578603909.0,20628944429.0,0.0015273119818825026
4543,2021-04-12,50.29,50.65,49.69,50.46,41474239.0,2082171992.0,20628944429.0,0.002010487698134271
4544,2021-04-13,50.5,51.2,49.94,50.32,49039895.0,2476556210.0,20628944429.0,0.002377237243950307
4545,2021-04-14,50.58,50.6,49.28,49.7,55438353.0,2758186625.0,20628944429.0,0.0026874061923432796
4546,2021-04-15,49.72,49.98,48.28,49.44,57296514.0,2810517787.0,20628944429.0,0.002777481620409672
4547,2021-04-16,49.72,49.85,49.09,49.74,31558344.0,1563464005.0,20628944429.0,0.0015298089588934828
4548,2021-04-19,49.9,51.78,49.5,51.77,67932061.0,3476651827.0,20628944429.0,0.0032930459061444595
4549,2021-04-20,51.01,52.19,51.01,51.99,35574407.0,1842179460.0,20628944429.0,0.0017244899331829017
4550,2021-04-21,52.06,53.19,52.03,52.89,52446360.0,2758929437.0,20628944429.0,0.0025423676029817277
4551,2021-04-22,52.89,53.3,52.17,52.61,42927078.0,2255144620.0,20628944429.0,0.0020809149080673983
4552,2021-04-23,52.7,53.5,52.31,53.3,47104918.0,2495321515.0,20628944429.0,0.0022834381159018632
4553,2021-04-26,54.0,54.5,51.7,52.07,91625741.0,4814829661.0,20628944429.0,0.0044416107336637785
4554,2021-04-27,51.95,52.43,51.58,52.07,36329922.0,1890139553.0,20628944429.0,0.0017611139593224992
4555,2021-04-28,52.2,52.38,51.48,51.76,38985543.0,2019590447.0,20628944429.0,0.0018898467216380904
4556,2021-04-29,52.0,53.35,51.29,53.28,55274544.0,2913105773.0,20628944429.0,0.002679465456424203
4557,2021-04-30,52.8,53.18,51.81,52.7,45068841.0,2370742204.0,20628944429.0,0.0021847381069407795
4558,2021-05-06,52.7,54.38,52.48,53.67,63835290.0,3432136281.0,20628944429.0,0.003094452564924305
4559,2021-05-07,53.88,55.2,53.31,54.18,72368376.0,3943891332.0,20628944429.0,0.0035080988389432632
4560,2021-05-10,54.2,54.25,53.01,53.9,49224048.0,2630309849.0,20628944429.0,0.0023861641670235557
4561,2021-05-11,53.45,54.15,53.28,53.84,32853312.0,1767435334.0,20628944429.0,0.001592583280888337
4562,2021-05-12,53.85,54.65,53.07,53.69,31749677.0,1708649722.0,20628944429.0,0.0015390839366151263
4563,2021-05-13,53.49,54.45,52.84,53.2,39120553.0,2085332075.0,20628944429.0,0.0018963914093929426
4564,2021-05-14,53.49,55.0,52.8,54.98,57881421.0,3127193937.0,20628944429.0,0.0028058353251769284
4565,2021-05-17,55.0,56.49,54.65,55.65,52668425.0,2933378115.0,20628944429.0,0.0025531323321594276
4566,2021-05-18,55.98,56.39,55.7,55.95,29335118.0,1642178930.0,20628944429.0,0.0014220367940281488
4567,2021-05-19,56.0,56.08,54.51,54.8,35729344.0,1966656369.0,20628944429.0,0.0017320005937759948
4568,2021-05-20,55.1,55.52,54.32,55.47,34210477.0,1881019546.0,20628944429.0,0.0016583726383938091
4569,2021-05-21,55.87,55.9,53.8,54.11,51486455.0,2800730344.0,20628944429.0,0.002495835653501532
4570,2021-05-24,54.2,54.7,53.77,54.08,44539914.0,2409885276.0,20628944429.0,0.0021590980650171396
4571,2021-05-25,54.19,57.62,53.93,57.55,96850204.0,5452025418.0,20628944429.0,0.004694869596131578
4572,2021-05-26,57.65,58.56,57.61,58.5,61306169.0,3565788679.0,20628944429.0,0.0029718519631967352
4573,2021-05-27,58.0,58.78,56.81,57.95,51903739.0,2995138182.0,20628944429.0,0.002516063736496093
4574,2021-05-28,58.0,58.85,57.61,58.5,41014056.0,2386900498.0,20628944429.0,0.001988180061328915
4575,2021-05-31,58.21,58.36,57.0,58.19,36165671.0,2089054162.0,20628944429.0,0.0017531517971980475
4576,2021-06-01,57.7,57.76,56.9,57.36,47426844.0,2713828451.0,20628944429.0,0.002299043664751345
4577,2021-06-02,57.25,57.69,56.88,57.58,40582027.0,2323829263.0,20628944429.0,0.001967237205940122
4578,2021-06-03,57.5,58.33,56.19,56.28,49067257.0,2798317525.0,20628944429.0,0.002378563632709275
4579,2021-06-04,56.05,58.92,56.02,57.53,60832907.0,3504830228.0,20628944429.0,0.002948910314309713
4580,2021-06-07,57.21,57.25,56.5,57.0,32489742.0,1847968869.0,20628944429.0,0.001574959015078163
4581,2021-06-08,56.95,57.94,56.01,56.7,47616623.0,2700887195.0,20628944429.0,0.0023082433114251324
4582,2021-06-09,56.7,57.36,56.28,56.47,39140950.0,2220254281.0,20628944429.0,0.001897380165752736
4583,2021-06-10,56.49,57.46,56.26,56.35,48113526.0,2730021836.0,20628944429.0,0.0023323309714462365
4584,2021-06-11,56.41,56.75,55.08,56.33,68208900.0,3798816012.0,20628944429.0,0.0033064658366189835
4585,2021-06-15,55.83,55.83,54.12,54.8,52924052.0,2899483734.0,20628944429.0,0.0025655239986782747
4586,2021-06-16,54.8,56.36,54.5,55.6,51877228.0,2879681826.0,20628944429.0,0.002514778600453808
4587,2021-06-17,55.52,56.0,54.86,55.12,31901934.0,1765863526.0,20628944429.0,0.0015464646826597935
4588,2021-06-18,54.75,55.7,54.07,54.69,42711681.0,2337303193.0,20628944429.0,0.002070473414042275
4589,2021-06-21,54.3,54.79,53.12,53.69,57971550.0,3119639562.0,20628944429.0,0.0028102043805258436
4590,2021-06-22,53.86,55.58,53.86,55.46,64359218.0,3544466664.0,20628944429.0,0.003119850277434668
4591,2021-06-23,55.38,55.47,54.48,54.82,40871965.0,2243392897.0,20628944429.0,0.001981292118007867
4592,2021-06-24,54.82,55.1,54.13,55.0,36360389.0,1988184927.0,20628944429.0,0.0017625908647504458
4593,2021-06-25,55.0,56.55,54.78,56.4,46955964.0,2631903465.0,20628944429.0,0.0022762174846905734
4594,2021-06-28,56.2,56.29,54.03,54.7,69882474.0,3825857050.0,20628944429.0,0.003387593303211375
4595,2021-06-29,54.2,54.85,53.7,53.8,53244931.0,2878196932.0,20628944429.0,0.0025810787935978304
4596,2021-06-30,53.9,54.44,53.86,54.19,35730350.0,1935227659.0,20628944429.0,0.0017320493602072324
4597,2021-07-01,54.21,56.0,53.8,56.0,65298735.0,3585284669.0,20628944429.0,0.003165393906835271
4598,2021-07-02,55.0,55.2,52.7,53.05,92981851.0,4969147605.0,20628944429.0,0.004507348949434702
4599,2021-07-05,52.94,53.09,51.5,52.94,56860927.0,2979267518.0,20628944429.0,0.00275636628891517
4600,2021-07-06,53.0,53.54,52.41,53.54,45250713.0,2401387630.0,20628944429.0,0.0021935544572211324
4601,2021-07-07,53.3,53.91,53.01,53.43,36597833.0,1956147233.0,20628944429.0,0.0017741010998386843
4602,2021-07-08,53.76,53.76,50.0,50.35,155418868.0,7890344986.0,20628944429.0,0.007534019422802528
4603,2021-07-09,50.35,50.91,49.51,49.9,82701878.0,4141886765.0,20628944429.0,0.004009021318790233
4604,2021-07-12,50.6,51.14,49.8,50.4,83956374.0,4227182160.0,20628944429.0,0.004069833737201542
4605,2021-07-13,49.5,50.8,48.71,49.97,59445017.0,2969602398.0,20628944429.0,0.0028816315446772295
4606,2021-07-14,49.8,49.88,47.92,48.95,88551424.0,4295785383.0,20628944429.0,0.0042925814408378135
4607,2021-07-15,49.0,51.46,48.97,51.05,87727298.0,4426680806.0,20628944429.0,0.004252631456831775
4608,2021-07-16,50.76,51.6,50.42,51.0,46210377.0,2357681005.0,20628944429.0,0.0022400747240870857
4609,2021-07-19,51.0,51.2,49.41,50.83,46963076.0,2357941868.0,20628944429.0,0.0022765622429996805
4610,2021-07-20,50.45,51.49,49.61,49.91,44688930.0,2245908475.0,20628944429.0,0.002166321701714251
4611,2021-07-21,50.02,50.57,49.25,49.7,50631917.0,2512788212.0,20628944429.0,0.0024544114302243246
4612,2021-07-22,49.69,51.1,49.38,50.25,59235589.0,2987211474.0,20628944429.0,0.002871479401375821
4613,2021-07-23,50.33,50.65,49.5,50.05,42035280.0,2101810738.0,20628944429.0,0.002037684484762446
4614,2021-07-26,49.62,49.65,47.55,47.7,74992971.0,3616845775.0,20628944429.0,0.0036353275979829343
4615,2021-07-27,47.65,47.93,45.8,46.17,74949518.0,3512047045.0,20628944429.0,0.0036332211887020543
4616,2021-07-28,46.31,48.34,46.31,47.47,84730981.0,4027574991.0,20628944429.0,0.004107383259071942
4617,2021-07-29,48.2,48.3,47.5,47.95,64274521.0,3083677744.0,20628944429.0,0.0031157445414242042
4618,2021-07-30,47.75,47.8,46.11,46.5,59195897.0,2760620844.0,20628944429.0,0.0028695553087429377
4619,2021-08-02,46.8,48.22,45.21,47.71,83614684.0,3925085945.0,20628944429.0,0.004053270117032996
4620,2021-08-03,47.6,48.1,46.95,47.59,51875828.0,2456399176.0,20628944429.0,0.002514710734644929
4621,2021-08-04,47.58,47.95,46.8,47.0,51149988.0,2410938956.0,20628944429.0,0.0024795252212756833
4622,2021-08-05,46.68,47.3,46.09,46.75,44230311.0,2070051630.0,20628944429.0,0.002144089880712529
4623,2021-08-06,46.47,47.8,46.1,47.59,50755757.0,2392067817.0,20628944429.0,0.0024604146457754754
4624,2021-08-09,47.58,50.0,47.58,49.06,73043020.0,3599567200.0,20628944429.0,0.003540802596632949
4625,2021-08-10,49.08,50.53,48.56,50.21,66357548.0,3291349066.0,20628944429.0,0.003216720478761633
4626,2021-08-11,50.21,51.77,50.0,50.9,56855459.0,2905233228.0,20628944429.0,0.0027561012244559186
4627,2021-08-12,50.7,51.5,50.41,50.68,39718245.0,2021030379.0,20628944429.0,0.001925364874422
4628,2021-08-13,50.71,51.35,50.31,51.18,46740470.0,2379825404.0,20628944429.0,0.0022657712885344066
4629,2021-08-16,51.2,51.24,49.5,50.87,74413969.0,3770118258.0,20628944429.0,0.0036072601415024154
4630,2021-08-17,50.87,51.4,49.52,49.62,60323196.0,3044300923.0,20628944429.0,0.0029242017790885194
4631,2021-08-18,49.99,53.57,49.92,53.14,123124236.0,6434458385.0,20628944429.0,0.005968518477703249
4632,2021-08-19,52.8,53.1,51.36,51.58,67630059.0,3515991219.0,20628944429.0,0.0032784061847064856
4633,2021-08-20,51.74,52.57,49.9,51.03,69376473.0,3537372069.0,20628944429.0,0.003363064612383711
4634,2021-08-23,51.48,52.87,51.21,51.89,53901721.0,2806624180.0,20628944429.0,0.0026129170683219937
4635,2021-08-24,52.02,52.85,51.01,52.2,52827690.0,2748379141.0,20628944429.0,0.0025608527950531134
4636,2021-08-25,52.58,52.71,51.21,51.43,40738077.0,2107816696.0,20628944429.0,0.001974801819851274
4637,2021-08-26,51.93,51.93,49.48,49.6,76303507.0,3825334082.0,20628944429.0,0.003698856587772526
4638,2021-08-27,49.7,50.82,49.5,50.35,38614176.0,1942863649.0,20628944429.0,0.0018718444917480367
4639,2021-08-30,50.35,50.35,47.61,48.45,107968202.0,5224229635.0,20628944429.0,0.005233820972837524
4640,2021-08-31,48.45,49.45,47.85,48.96,71044024.0,3451030103.0,20628944429.0,0.0034439001105711882
4641,2021-09-01,48.88,50.95,48.6,50.79,82605536.0,4129767782.0,20628944429.0,0.0040043510846766266
4642,2021-09-02,50.69,51.88,50.3,51.6,72620098.0,3729206237.0,20628944429.0,0.003520301208330915
4643,2021-09-03,51.7,52.33,50.41,52.0,64257332.0,3321589086.0,20628944429.0,0.0031149112947179
4644,2021-09-06,51.51,52.75,51.18,51.2,54742847.0,2830673161.0,20628944429.0,0.0026536911371501373
4645,2021-09-07,51.29,53.08,50.45,52.81,77232009.0,4026086396.0,20628944429.0,0.003743866258683982
4646,2021-09-08,52.72,53.55,52.26,52.41,55390668.0,2921088035.0,20628944429.0,0.0026850946344172733
4647,2021-09-09,52.1,52.68,51.68,52.1,35780025.0,1863278532.0,20628944429.0,0.0017344573845330029
4648,2021-09-10,52.0,54.52,51.75,54.12,107097799.0,5766878119.0,20628944429.0,0.005191627684518981
4649,2021-09-13,53.67,54.5,53.5,53.92,59283043.0,3202583507.0,20628944429.0,0.0028737797614433623
4650,2021-09-14,54.3,54.89,51.8,52.1,63116569.0,3336827188.0,20628944429.0,0.0030596121491932105
4651,2021-09-15,52.0,52.49,50.8,51.4,54233793.0,2799380278.0,20628944429.0,0.002629014450383539
4652,2021-09-16,51.23,51.83,50.21,50.7,62989614.0,3193865170.0,20628944429.0,0.0030534579322173032
4653,2021-09-17,50.78,51.54,50.5,51.25,42016472.0,2143690281.0,20628944429.0,0.002036772756095731
4654,2021-09-22,48.68,49.98,48.1,49.41,112259622.0,5492053805.0,20628944429.0,0.005441850036795211
4655,2021-09-23,49.5,50.53,48.61,48.84,86102453.0,4246316974.0,20628944429.0,0.004173866156668583
4656,2021-09-24,48.45,49.33,48.4,48.77,53203933.0,2596408378.0,20628944429.0,0.002579091391860378
4657,2021-09-27,48.29,49.8,48.21,49.09,66790515.0,3265832147.0,20628944429.0,0.003237708804242375
4658,2021-09-28,49.1,50.98,49.09,50.42,70992547.0,3562616329.0,20628944429.0,0.0034414047332542745
4659,2021-09-29,49.95,52.17,49.61,51.56,90460986.0,4619317490.0,20628944429.0,0.004385148562077209
4660,2021-09-30,51.4,51.43,50.1,50.45,58611808.0,2960621631.0,20628944429.0,0.002841241256998298
4661,2021-10-08,50.02,51.08,50.02,50.93,64555292.0,3266919267.0,20628944429.0,0.0031293550778705237
4662,2021-10-11,51.44,54.18,51.44,53.0,97177865.0,5171368866.0,20628944429.0,0.004710753152419576
4663,2021-10-12,52.7,53.79,52.3,53.09,58937329.0,3129716165.0,20628944429.0,0.0028570210755498662
4664,2021-10-13,52.95,53.4,52.05,53.03,44255673.0,2335530448.0,20628944429.0,0.0021453193183159553
4665,2021-10-14,52.99,53.25,52.2,52.36,28899621.0,1518009834.0,20628944429.0,0.0014009258253356459
4666,2021-10-15,52.45,53.44,52.35,53.31,42035759.0,2230147908.0,20628944429.0,0.0020377077045641984
4667,2021-10-18,53.31,53.35,51.55,51.86,57794539.0,3008070372.0,20628944429.0,0.0028016236700290353
4668,2021-10-19,52.25,53.32,52.0,52.88,48169257.0,2545615998.0,20628944429.0,0.0023350325638709876
4669,2021-10-20,53.21,53.64,52.28,52.4,30570959.0,1612336024.0,20628944429.0,0.0014819449005361418
4670,2021-10-21,52.85,54.0,52.6,53.75,57658698.0,3084324265.0,20628944429.0,0.0027950386990690554
4671,2021-10-22,54.09,54.8,53.73,54.29,54715058.0,2967094160.0,20628944429.0,0.0026523440493194613
4672,2021-10-25,53.83,54.93,53.1,54.59,62334126.0,3376970796.0,20628944429.0,0.0030216827726953976
4673,2021-10-26,54.59,56.23,54.3,55.3,71542369.0,3961794950.0,20628944429.0,0.003468057672375438
4674,2021-10-27,55.2,55.2,53.83,54.52,42039441.0,2287323386.0,20628944429.0,0.002037886191641551
4675,2021-10-28,54.3,55.0,53.85,54.22,34623228.0,1883008799.0,20628944429.0,0.0016783809815943346
4676,2021-10-29,54.22,54.75,53.7,53.97,40543943.0,2197661117.0,20628944429.0,0.001965391062036294
4677,2021-11-01,54.0,54.9,53.3,54.12,42501781.0,2300857413.0,20628944429.0,0.002060298390268159
4678,2021-11-02,54.35,54.49,51.67,52.25,75220649.0,3957181527.0,20628944429.0,0.0036463644205786618
4679,2021-11-03,52.35,52.49,51.67,51.7,44437241.0,2312474223.0,20628944429.0,0.0021541209320206658
4680,2021-11-04,52.0,52.1,51.28,51.75,48291475.0,2492815499.0,20628944429.0,0.0023409571520349943
4681,2021-11-05,51.72,52.11,51.42,51.56,36197416.0,1871325317.0,20628944429.0,0.0017546906544143855
4682,2021-11-08,51.32,51.9,50.8,51.3,38674906.0,1984383358.0,20628944429.0,0.0018747884135860648
4683,2021-11-09,51.4,51.7,50.6,51.06,38788364.0,1979827705.0,20628944429.0,0.001880288355688798
4684,2021-11-10,51.06,51.15,50.04,50.63,55807106.0,2812533072.0,20628944429.0,0.0027052817070730402
4685,2021-11-11,50.55,52.87,50.46,52.82,84973170.0,4430680097.0,20628944429.0,0.004119123510776704
4686,2021-11-12,52.82,53.18,52.25,52.4,34359656.0,1807134405.0,20628944429.0,0.0016656041766100974
4687,2021-11-15,52.79,53.61,52.37,52.93,36695032.0,1941710247.0,20628944429.0,0.0017788128775224402
4688,2021-11-16,52.9,53.38,52.16,52.5,32231509.0,1699581537.0,20628944429.0,0.0015624410212036449
4689,2021-11-17,52.22,52.83,51.81,51.84,33938551.0,1768981458.0,20628944429.0,0.0016451908684328735
4690,2021-11-18,51.8,52.0,51.0,51.41,34244267.0,1762554164.0,20628944429.0,0.0016600106281666885
4691,2021-11-19,51.48,52.74,51.11,52.33,46466797.0,2419758611.0,20628944429.0,0.0022525048317391053
4692,2021-11-22,52.1,52.34,51.59,51.69,37653834.0,1952025765.0,20628944429.0,0.0018252913584403548
4693,2021-11-23,51.75,52.3,51.44,51.75,38914891.0,2014132978.0,20628944429.0,0.0018864218251174194
4694,2021-11-24,51.59,51.9,51.17,51.74,31503965.0,1622099211.0,20628944429.0,0.0015271729054498779
4695,2021-11-25,51.7,51.7,51.24,51.42,21566020.0,1107928517.0,20628944429.0,0.0010454252797192408
4696,2021-11-26,51.2,51.45,49.88,50.1,82335731.0,4141774917.0,20628944429.0,0.003991272131416143
4697,2021-11-29,49.78,50.1,48.82,49.82,82724704.0,4081227201.0,20628944429.0,0.0040101278223284315
4698,2021-11-30,49.48,49.85,48.91,49.49,61004256.0,3008854122.0,20628944429.0,0.002957216556085183
4699,2021-12-01,49.48,50.2,49.28,49.99,50036103.0,2498326167.0,20628944429.0,0.002425529002330321
4700,2021-12-02,50.01,51.0,49.49,50.89,55607048.0,2814606846.0,20628944429.0,0.002695583779935345
4701,2021-12-03,51.07,51.28,50.47,51.25,49407647.0,2518566499.0,20628944429.0,0.002395064234626719
4702,2021-12-06,51.49,52.4,51.33,51.82,60471643.0,3140183373.0,20628944429.0,0.0029313978331818795
4703,2021-12-07,52.29,52.58,51.1,51.84,54077371.0,2797815012.0,20628944429.0,0.002621431803557456
4704,2021-12-08,51.98,52.28,51.4,52.04,49097472.0,2543266829.0,20628944429.0,0.0023800283222916233
4705,2021-12-09,52.25,53.84,51.8,53.13,84055721.0,4454333955.0,20628944429.0,0.00407464964042635
4706,2021-12-10,52.9,53.49,52.68,53.49,56426281.0,2996780162.0,20628944429.0,0.0027352965729393504
4707,2021-12-13,53.56,54.2,52.41,52.42,64554566.0,3432179789.0,20628944429.0,0.003129319884601062
4708,2021-12-14,52.32,52.5,50.85,51.15,81062947.0,4165403558.0,20628944429.0,0.003929573191638559
4709,2021-12-15,51.0,51.34,50.78,51.0,37849327.0,1929195599.0,20628944429.0,0.0018347679945655256
4710,2021-12-16,50.91,51.3,50.61,51.2,38365339.0,1957514899.0,20628944429.0,0.001859781974402254
4711,2021-12-17,51.09,51.4,50.66,50.77,47644905.0,2422698276.0,20628944429.0,0.0023096142977156496
4712,2021-12-20,50.7,51.3,50.39,50.69,47082627.0,2394420816.0,20628944429.0,0.0022823575467977716
4713,2021-12-21,50.65,50.99,50.3,50.63,35694442.0,1808288477.0,20628944429.0,0.0017303086991606342
4714,2021-12-22,50.63,50.75,49.88,50.01,43682819.0,2189842100.0,20628944429.0,0.0021175498896875717
4715,2021-12-23,50.11,50.26,49.68,50.22,42370871.0,2115301002.0,20628944429.0,0.0020539524523821673
4716,2021-12-24,50.22,50.22,49.84,49.86,34465068.0,1721265879.0,20628944429.0,0.0016707140842140858
4717,2021-12-27,49.87,50.06,49.0,49.33,73594333.0,3634240465.0,20628944429.0,0.0035675278128405683
4718,2021-12-28,49.33,49.8,49.2,49.63,65322073.0,3237655243.0,20628944429.0,0.0031665252298692884
4719,2021-12-29,49.67,49.72,47.61,47.62,143890268.0,6964711566.0,20628944429.0,0.006975163876912686
4720,2021-12-30,47.89,48.78,47.66,48.5,96791651.0,4682207989.0,20628944429.0,0.004692031205626357
4721,2021-12-31,48.54,48.88,48.33,48.71,49293501.0,2399746929.0,20628944429.0,0.0023895309413264794
4722,2022-01-04,48.71,48.71,47.51,48.35,71960645.0,3452352170.0,20628944429.0,0.003488333843143148
4723,2022-01-05,48.49,49.68,48.4,49.05,83717375.0,4114524304.0,20628944429.0,0.004058248122589869
4724,2022-01-06,48.82,49.39,48.1,48.15,68186664.0,3299825727.0,20628944429.0,0.003305387933671669
4725,2022-01-07,48.14,49.14,48.04,49.05,66073705.0,3219523408.0,20628944429.0,0.0032029610253404015
4726,2022-01-10,49.47,50.0,48.91,49.23,57093634.0,2818145071.0,20628944429.0,0.0027676468951915076
4727,2022-01-11,49.49,50.1,48.89,49.85,71561748.0,3558651499.0,20628944429.0,0.003468997080597061
4728,2022-01-12,49.87,50.1,49.19,49.76,51841118.0,2574764177.0,20628944429.0,0.0025130281473405
4729,2022-01-13,49.85,50.05,49.12,49.34,40140754.0,1989903367.0,20628944429.0,0.0019458462423104141
4730,2022-01-14,49.47,49.47,48.0,48.02,66657098.0,3218203400.0,20628944429.0,0.0032312413380829125
4731,2022-01-17,48.37,48.85,47.89,48.58,53180761.0,2574842950.0,20628944429.0,0.00257796811577227
4732,2022-01-18,48.65,49.34,48.28,49.01,57907708.0,2835126315.0,20628944429.0,0.0028071096026897925
4733,2022-01-19,49.47,49.98,49.11,49.7,62028026.0,3078947655.0,20628944429.0,0.0030068443983397187
4734,2022-01-20,49.88,51.89,49.88,51.37,138624871.0,7089347716.0,20628944429.0,0.0067199207151444115
4735,2022-01-21,51.39,52.0,51.21,51.82,85808094.0,4439219181.0,20628944429.0,0.004159596934071512
4736,2022-01-24,51.95,52.0,51.03,51.85,63815520.0,3288272324.0,20628944429.0,0.0030934942027517737
4737,2022-01-25,51.55,51.79,50.7,50.9,58351289.0,2987207430.0,20628944429.0,0.0028286124479529958
4738,2022-01-26,51.25,51.49,50.6,51.0,43669628.0,2226767107.0,20628944429.0,0.002116910448341196
4739,2022-01-27,50.9,51.18,50.12,50.77,52940057.0,2687973691.0,20628944429.0,0.002566299850300498
4740,2022-01-28,51.05,51.2,49.15,49.21,71514411.0,3576839774.0,20628944429.0,0.0034667023921721185
4741,2022-02-07,50.3,51.5,50.13,51.35,73234913.0,3741572656.0,20628944429.0,0.003550104720678144
4742,2022-02-08,51.55,52.0,50.99,51.71,52824176.0,2724121499.0,20628944429.0,0.0025606824518728264
4743,2022-02-09,51.9,52.34,51.28,51.62,51220706.0,2651984749.0,20628944429.0,0.0024829533171844874
4744,2022-02-10,51.9,51.9,51.0,51.71,33554247.0,1725040529.0,20628944429.0,0.0016265615099931975
4745,2022-02-11,51.82,53.0,51.65,52.76,80993265.0,4267478082.0,20628944429.0,0.003926195316428326
4746,2022-02-14,52.99,52.99,51.0,51.2,59405166.0,3060509962.0,20628944429.0,0.0028796997444274805
4747,2022-02-15,50.95,51.38,49.95,50.22,56617903.0,2851170329.0,20628944429.0,0.0027445855601029696
4748,2022-02-16,50.56,51.36,50.23,51.07,40495579.0,2065162806.0,20628944429.0,0.0019630465891929813
4749,2022-02-17,51.27,51.98,50.92,51.46,44157043.0,2281127847.0,20628944429.0,0.0021405381720804094
4750,2022-02-18,51.25,52.11,51.25,52.06,35439010.0,1837821806.0,20628944429.0,0.0017179264853794522
4751,2022-02-21,51.83,51.89,51.01,51.76,31345076.0,1610843080.0,20628944429.0,0.0015194706693734338
4752,2022-02-22,51.08,51.35,50.74,51.22,36983993.0,1887326607.0,20628944429.0,0.0017928204289507032
4753,2022-02-23,51.46,51.46,50.65,50.83,37499974.0,1905978106.0,20628944429.0,0.001817832906044521
4754,2022-02-24,50.55,50.58,49.85,50.02,48238083.0,2418202039.0,20628944429.0,0.0023383689439866492
4755,2022-02-25,50.04,50.5,49.55,49.81,45184050.0,2256854494.0,20628944429.0,0.0021903229297801897
4756,2022-02-28,49.59,49.94,49.31,49.8,33528964.0,1662895005.0,20628944429.0,0.0016253359019604153
4757,2022-03-01,50.0,50.5,49.36,50.24,40645436.0,2027737708.0,20628944429.0,0.001970310993850998
4758,2022-03-02,49.8,50.23,49.44,49.47,39707598.0,1972076233.0,20628944429.0,0.001924848754945473
4759,2022-03-03,49.58,49.97,49.45,49.73,31128967.0,1546031524.0,20628944429.0,0.0015089946607369379
4760,2022-03-04,49.25,49.39,48.5,48.7,57789720.0,2818733866.0,20628944429.0,0.002801390066219757
4761,2022-03-07,48.01,48.26,46.5,46.76,101435369.0,4773665662.0,20628944429.0,0.004917138118681584
4762,2022-03-08,46.56,46.77,45.2,45.48,83466464.0,3842685602.0,20628944429.0,0.00404608506689579
4763,2022-03-09,45.6,45.73,43.01,44.39,90043112.0,4012104662.0,20628944429.0,0.004364891878491763
4764,2022-03-10,45.6,45.7,44.63,44.7,67149583.0,3031093298.0,20628944429.0,0.0032551148330014243
4765,2022-03-11,44.5,44.79,43.1,44.45,74052488.0,3252533334.0,20628944429.0,0.0035897371411742047
4766,2022-03-14,43.5,43.98,42.1,42.15,108046557.0,4627178709.0,20628944429.0,0.005237619276733764
4767,2022-03-15,41.61,41.61,39.18,39.45,131309249.0,5293255402.0,20628944429.0,0.00636529171194075
4768,2022-03-16,40.06,42.8,39.91,42.58,137744932.0,5685452904.0,20628944429.0,0.0066772651637162445
4769,2022-03-17,44.15,45.17,43.67,44.51,131964759.0,5873750265.0,20628944429.0,0.006397067937925366
4770,2022-03-18,44.6,46.17,44.02,46.17,92358531.0,4173209905.0,20628944429.0,0.004477133152298532
4771,2022-03-21,45.89,45.89,44.6,44.81,79103220.0,3566893332.0,20628944429.0,0.003834574293040285
4772,2022-03-22,45.04,45.86,44.82,45.53,54903830.0,2497185117.0,20628944429.0,0.0026614948810864333
4773,2022-03-23,45.69,45.97,45.3,45.76,46995984.0,2148515086.0,20628944429.0,0.002278157477312966
4774,2022-03-24,45.6,46.09,45.36,45.77,38033234.0,1742027092.0,20628944429.0,0.0018436829926466423
4775,2022-03-25,45.71,45.95,45.0,45.18,31825936.0,1445681951.0,20628944429.0,0.001542780635700359
4776,2022-03-28,44.84,45.5,44.25,45.05,38645874.0,1736237601.0,20628944429.0,0.0018733810706122195
4777,2022-03-29,45.15,45.55,44.91,45.01,34962089.0,1580213154.0,20628944429.0,0.0016948074643533667
4778,2022-03-30,45.36,46.3,45.35,46.23,52072269.0,2389901320.0,20628944429.0,0.0025242333256178264
4779,2022-03-31,45.99,47.12,45.82,46.8,61588490.0,2878948597.0,20628944429.0,0.002985537636788599
4780,2022-04-01,46.49,47.47,46.28,47.1,47613944.0,2233625273.0,20628944429.0,0.0023081134453522842
4781,2022-04-06,46.4,47.73,46.38,47.39,47826855.0,2260412706.0,20628944429.0,0.002318434429091069
4782,2022-04-07,47.35,47.59,46.58,46.86,37720107.0,1776370371.0,20628944429.0,0.0018285039804059671
4783,2022-04-08,46.7,47.18,46.6,47.18,36423474.0,1711753064.0,20628944429.0,0.0017656489465741243
4784,2022-04-11,46.71,46.87,45.59,45.9,49261173.0,2263984281.0,20628944429.0,0.002387963822848301
4785,2022-04-12,46.2,46.46,45.11,45.7,58884049.0,2691571030.0,20628944429.0,0.0028544382967662313
4786,2022-04-13,45.7,46.1,45.31,45.75,44822252.0,2054724468.0,20628944429.0,0.0021727845626938256
4787,2022-04-14,46.01,46.43,45.75,45.76,32661329.0,1503135689.0,20628944429.0,0.001583276794041142
4788,2022-04-15,45.7,47.0,45.49,46.83,42315903.0,1962144157.0,20628944429.0,0.0020512878468232553
4789,2022-04-18,45.96,45.96,42.78,43.39,236677506.0,10320718085.0,20628944429.0,0.011473078848730656
4790,2022-04-19,42.0,42.75,41.4,42.1,250477022.0,10505571111.0,20628944429.0,0.012142018359789727
4791,2022-04-20,41.8,41.98,40.9,41.1,131826851.0,5440590528.0,20628944429.0,0.006390382767946134
4792,2022-04-21,40.7,42.1,40.6,41.28,114350098.0,4747988004.0,20628944429.0,0.005543187068711455
4793,2022-04-22,40.66,42.97,40.65,42.5,119533984.0,5041291328.0,20628944429.0,0.005794478937660044
4794,2022-04-25,40.38,40.95,38.72,38.83,236874515.0,9367538010.0,20628944429.0,0.011482628973831727
4795,2022-04-26,38.86,39.16,37.6,38.41,145471877.0,5605383081.0,20628944429.0,0.007051833286995375
4796,2022-04-27,37.83,38.63,37.61,38.04,154620795.0,5867256791.0,20628944429.0,0.007495332373024155
4797,2022-04-28,38.06,40.08,37.95,39.62,156452310.0,6124749761.0,20628944429.0,0.007584116120845264
4798,2022-04-29,39.1,40.21,38.72,39.93,123692861.0,4884561443.0,20628944429.0,0.005996082903113239
4799,2022-05-05,39.66,40.18,39.02,39.26,94425132.0,3712525676.0,20628944429.0,0.0045773128297954945
4800,2022-05-06,38.7,38.75,37.9,37.91,88945545.0,3392746139.0,20628944429.0,0.004311686684024467
4801,2022-05-09,37.8,37.82,36.15,36.47,125240592.0,4603133911.0,20628944429.0,0.006071110057572205
4802,2022-05-10,35.98,37.16,35.26,36.98,121763735.0,4424738771.0,20628944429.0,0.005902567405670333
4803,2022-05-11,36.83,37.56,36.6,37.21,87239856.0,3245600405.0,20628944429.0,0.004229002424251962
4804,2022-05-12,36.8,37.06,36.43,36.61,63002311.0,2309969909.0,20628944429.0,0.003054073426628261
4805,2022-05-13,36.98,37.6,36.9,37.15,70130077.0,2610117535.0,20628944429.0,0.003399596001694188
4806,2022-05-16,37.13,37.13,36.44,36.89,64474236.0,2373534396.0,20628944429.0,0.003125425841438724
4807,2022-05-17,37.36,38.63,37.36,38.6,118395443.0,4517008501.0,20628944429.0,0.005739287504869161
4808,2022-05-18,39.0,39.08,37.9,38.5,88775539.0,3406772014.0,20628944429.0,0.004303445544949943
4809,2022-05-19,37.89,38.25,37.52,38.03,54201095.0,2054604084.0,20628944429.0,0.002627429395941585
4810,2022-05-20,38.75,40.18,38.75,39.96,133887244.0,5296502627.0,20628944429.0,0.006490261509056295
4811,2022-05-23,39.97,40.05,39.45,39.49,61808829.0,2449773575.0,20628944429.0,0.002996218697119066
4812,2022-05-24,39.6,39.83,38.84,38.9,68742972.0,2695176600.0,20628944429.0,0.003332355285390255
4813,2022-05-25,38.98,39.1,38.64,38.78,48902540.0,1897867054.0,20628944429.0,0.002370578880965582
4814,2022-05-26,39.0,39.0,38.08,38.43,61542963.0,2361966487.0,20628944429.0,0.0029833306891594224
4815,2022-05-27,38.9,39.41,38.73,39.12,60839589.0,2382330330.0,20628944429.0,0.0029492342281203787
4816,2022-05-30,39.5,39.5,38.79,39.07,47153667.0,1841958552.0,20628944429.0,0.002285801251842618
4817,2022-05-31,39.05,39.75,38.8,39.69,64540394.0,2550654577.0,20628944429.0,0.0031286328887128925
4818,2022-06-01,39.7,39.7,39.27,39.69,43383408.0,1714345935.0,20628944429.0,0.0021030357684716024
4819,2022-06-02,39.3,39.43,38.74,38.92,54728121.0,2129924528.0,20628944429.0,0.0026529772857918827
4820,2022-06-06,38.85,39.03,38.1,38.97,69870287.0,2692557419.0,20628944429.0,0.003387002531345081
4821,2022-06-07,38.96,39.5,38.67,39.35,62272629.0,2441620703.0,20628944429.0,0.0030187016700892193
4822,2022-06-08,39.36,39.6,39.02,39.53,59693086.0,2345955707.0,20628944429.0,0.0028936568327792844
4823,2022-06-09,39.5,40.6,39.41,40.29,90860722.0,3656593721.0,20628944429.0,0.004404525995633046
4824,2022-06-10,39.91,40.16,39.5,40.12,79539375.0,3166842600.0,20628944429.0,0.003855717158662961
4825,2022-06-13,39.56,39.56,38.34,38.57,97131216.0,3770847475.0,20628944429.0,0.00470849181519214
4826,2022-06-14,38.2,39.3,38.11,39.24,59836244.0,2314895047.0,20628944429.0,0.002900596499541814
4827,2022-06-15,39.19,41.1,39.19,40.48,139489478.0,5639026274.0,20628944429.0,0.006761833039014194
4828,2022-06-16,40.88,40.98,39.96,39.96,63688339.0,2567652086.0,20628944429.0,0.0030873290302952903
4829,2022-06-17,39.84,40.17,39.27,39.85,55073077.0,2188790580.0,20628944429.0,0.0026696992271974286
4830,2022-06-20,39.89,40.1,39.4,39.7,61420616.0,2440349614.0,20628944429.0,0.0029773998476458835
4831,2022-06-21,39.74,40.65,39.45,40.33,58391388.0,2351462261.0,20628944429.0,0.0028305562701460315
4832,2022-06-22,40.4,40.47,39.3,39.31,73071187.0,2896990424.0,20628944429.0,0.0035421680082320223
4833,2022-06-23,39.32,40.21,39.32,40.14,61602983.0,2459925121.0,20628944429.0,0.002986240193337233
4834,2022-06-24,40.27,40.59,39.66,40.2,63995033.0,2559336619.0,20628944429.0,0.0031021961991441653
4835,2022-06-27,40.33,41.36,40.15,41.25,89340811.0,3664489439.0,20628944429.0,0.004330847431747668
4836,2022-06-28,41.1,41.42,40.9,41.28,49916367.0,2054696486.0,20628944429.0,0.002419724730550342
4837,2022-06-29,41.27,41.71,40.99,41.01,62280411.0,2571017815.0,20628944429.0,0.0030190789070354326
4838,2022-06-30,41.04,42.7,40.96,42.2,83262823.0,3502837233.0,20628944429.0,0.004036213451762942
4839,2022-07-01,42.38,42.38,41.21,41.38,69574815.0,2888674475.0,20628944429.0,0.003372679355429951
4840,2022-07-04,41.28,41.37,40.8,41.05,48691785.0,2000021774.0,20628944429.0,0.002360362410572472
4841,2022-07-05,41.46,41.67,40.76,40.98,53453841.0,2198036073.0,20628944429.0,0.002591205826549953
4842,2022-07-06,40.96,41.09,39.6,39.8,88526638.0,3542584702.0,20628944429.0,0.004291379925167183
4843,2022-07-07,39.8,40.17,39.55,39.75,50812921.0,2024650566.0,20628944429.0,0.0024631857037031722
4844,2022-07-08,40.2,40.22,39.63,39.81,48036145.0,1912947040.0,20628944429.0,0.0023285798827627447
4845,2022-07-11,39.58,39.69,39.2,39.44,40375487.0,1589869330.0,20628944429.0,0.0019572250601073158
4846,2022-07-12,39.36,39.8,39.03,39.3,58062988.0,2285703404.0,20628944429.0,0.002814636890406061
4847,2022-07-13,39.07,39.25,37.69,37.9,141083081.0,5383917613.0,20628944429.0,0.006839083865176667
4848,2022-07-14,37.17,37.19,35.5,36.48,232523374.0,8431357290.0,20628944429.0,0.011271704899893984
4849,2022-07-15,35.1,35.96,34.86,34.87,138245173.0,4872775479.0,20628944429.0,0.006701514635215948
4850,2022-07-18,35.15,35.84,35.01,35.63,90308021.0,3202227202.0,20628944429.0,0.00437773349532348
4851,2022-07-19,35.5,35.85,35.2,35.71,53781384.0,1910448534.0,20628944429.0,0.002607083662719774
4852,2022-07-20,35.94,36.12,35.71,35.85,46968871.0,1685116916.0,20628944429.0,0.002276843158972863
4853,2022-07-21,35.54,35.83,35.37,35.46,46624082.0,1656137612.0,20628944429.0,0.0022601293129888046
4854,2022-07-22,35.55,36.05,35.25,35.59,51033274.0,1817477340.0,20628944429.0,0.002473867442691728
4855,2022-07-25,35.38,35.98,35.22,35.85,40464861.0,1447583000.0,20628944429.0,0.001961557516395014
4856,2022-07-26,35.85,36.35,35.79,36.33,45628522.0,1651632360.0,20628944429.0,0.0022118689667831866
4857,2022-07-27,36.23,36.35,35.91,36.05,44247135.0,1597140637.0,20628944429.0,0.002144905433832947
4858,2022-07-28,36.1,36.35,35.75,35.78,57066760.0,2054633516.0,20628944429.0,0.002766344162514492
4859,2022-07-29,35.83,36.18,35.01,35.07,64970631.0,2299974527.0,20628944429.0,0.00314948887586632
4860,2022-08-01,34.99,35.01,34.45,34.52,70588273.0,2445426274.0,20628944429.0,0.003421807317526513
4861,2022-08-02,34.2,34.21,33.33,33.91,81160751.0,2741206158.0,20628944429.0,0.003934314297046866
4862,2022-08-03,33.9,34.49,32.95,33.06,100320625.0,3341394264.0,20628944429.0,0.004863100259214916
4863,2022-08-04,33.33,33.7,33.23,33.66,59307271.0,1986094524.0,20628944429.0,0.0028749542277415963
4864,2022-08-05,33.81,34.34,33.62,34.3,48871948.0,1660667569.0,20628944429.0,0.002369095916090414
4865,2022-08-08,34.19,34.49,33.62,33.91,57211197.0,1942979975.0,20628944429.0,0.0027733458295409906
4866,2022-08-09,33.95,33.95,33.4,33.6,49867119.0,1675279850.0,20628944429.0,0.0024173374052962795
4867,2022-08-10,33.56,33.7,33.03,33.15,52960480.0,1758806053.0,20628944429.0,0.002567289867025314
4868,2022-08-11,33.46,34.4,33.18,34.36,82668809.0,2799671312.0,20628944429.0,0.004007418279908926
4869,2022-08-12,34.16,34.44,34.03,34.37,40200050.0,1377797391.0,20628944429.0,0.0019487206501699187
4870,2022-08-15,34.1,34.33,33.53,33.73,45918083.0,1554089642.0,20628944429.0,0.002225905603558112
4871,2022-08-16,33.86,34.37,33.75,33.91,47915454.0,1629408747.0,20628944429.0,0.0023227293168059946
4872,2022-08-17,34.0,34.33,33.54,34.24,45395476.0,1545822426.0,20628944429.0,0.0022005719272859842
4873,2022-08-18,34.13,34.17,33.44,33.72,50734443.0,1709182803.0,20628944429.0,0.002459381437310866
4874,2022-08-19,33.48,34.15,33.46,33.85,42844967.0,1455096383.0,20628944429.0,0.00207693452990105
4875,2022-08-22,33.54,34.12,33.5,33.62,52563482.0,1773361292.0,20628944429.0,0.0025480451596014138
4876,2022-08-23,33.59,33.6,33.02,33.1,53965720.0,1791825378.0,20628944429.0,0.002616019456823755
4877,2022-08-24,33.14,33.44,32.8,32.84,58965852.0,1950217427.0,20628944429.0,0.0028584037444546262
4878,2022-08-25,32.9,33.77,32.59,33.69,65073875.0,2161568446.0,20628944429.0,0.0031544936884177013
4879,2022-08-26,33.7,34.04,33.33,33.7,54968310.0,1852196046.0,20628944429.0,0.0026646205863411023
4880,2022-08-29,33.31,33.82,33.11,33.28,38901392.0,1293596316.0,20628944429.0,0.0018857674532930897
4881,2022-08-30,33.11,33.87,33.08,33.79,59087736.0,1983189091.0,20628944429.0,0.002864312141775657
4882,2022-08-31,33.54,35.24,33.47,35.05,166545105.0,5773783194.0,20628944429.0,0.008073370189793727
4883,2022-09-01,34.86,35.04,34.49,34.5,60742108.0,2109230456.0,20628944429.0,0.0029445087803236913
4884,2022-09-02,34.6,34.9,34.12,34.32,47663498.0,1638046863.0,20628944429.0,0.0023105156041331445
4885,2022-09-05,34.25,34.39,33.56,34.23,46737206.0,1585571171.0,20628944429.0,0.0022656130642485623
4886,2022-09-06,34.32,34.75,33.5,33.62,87756101.0,2969378343.0,20628944429.0,0.004254027698898311
4887,2022-09-07,33.35,33.48,33.06,33.38,62522016.0,2077538980.0,20628944429.0,0.0030307908490027763
4888,2022-09-08,33.37,33.53,33.25,33.3,41667222.0,1390770603.0,20628944429.0,0.0020198426605592366
4889,2022-09-09,33.45,34.76,33.38,34.5,135166615.0,4636864234.0,20628944429.0,0.006552279757464656
4890,2022-09-13,34.45,35.65,34.29,35.35,143861057.0,5071277448.0,20628944429.0,0.00697374785681042
4891,2022-09-14,34.9,35.3,34.71,34.86,56078636.0,1960637593.0,20628944429.0,0.0027184442807051783
4892,2022-09-15,35.15,36.06,35.15,36.01,134095049.0,4805992201.0,20628944429.0,0.006500334976494982
4893,2022-09-16,35.69,36.0,34.92,34.95,86516134.0,3050978941.0,20628944429.0,0.004193919582156435
4894,2022-09-19,34.89,35.32,34.75,35.09,44998129.0,1578116277.0,20628944429.0,0.002181310301885442
4895,2022-09-20,35.1,35.19,34.35,34.54,50434551.0,1745868528.0,20628944429.0,0.002444843999341989
4896,2022-09-21,34.45,34.88,33.86,34.41,53038925.0,1821095332.0,20628944429.0,0.0025710925337235537
4897,2022-09-22,34.0,34.25,33.91,34.17,38514551.0,1310807203.0,20628944429.0,0.0018670151123126087
4898,2022-09-23,34.0,34.66,34.0,34.36,36643717.0,1258753251.0,20628944429.0,0.0017763253532491253
4899,2022-09-26,34.02,34.52,33.84,33.95,52549140.0,1789545993.0,20628944429.0,0.002547349922865023
4900,2022-09-27,33.89,34.05,33.44,33.9,47541362.0,1604082625.0,20628944429.0,0.002304594990966515
4901,2022-09-28,33.79,34.0,33.42,33.67,48729860.0,1642543374.0,20628944429.0,0.0023622081181960994
4902,2022-09-29,33.99,34.32,33.0,33.15,61785902.0,2073148613.0,20628944429.0,0.002995107297547512
4903,2022-09-30,33.26,33.95,33.12,33.65,53971707.0,1816711650.0,20628944429.0,0.002616309680107869
4904,2022-10-10,32.99,33.09,31.25,31.8,127799132.0,4068516527.0,20628944429.0,0.006195136762322217
4905,2022-10-11,31.79,32.07,31.31,31.4,61866447.0,1953843165.0,20628944429.0,0.002999011762959071
4906,2022-10-12,31.25,31.3,30.05,30.95,117369975.0,3590021718.0,20628944429.0,0.0056895773510835706
4907,2022-10-13,30.47,30.56,29.7,29.89,135038091.0,4045377680.0,20628944429.0,0.006546049482307227
4908,2022-10-14,30.3,31.22,30.1,31.08,126919692.0,3911873392.0,20628944429.0,0.0061525054002073585
4909,2022-10-17,30.7,31.18,30.54,31.02,64630961.0,1997396404.0,20628944429.0,0.0031330231763648715
4910,2022-10-18,31.3,31.38,30.7,30.8,56281382.0,1739815953.0,20628944429.0,0.0027282725101959214
4911,2022-10-19,30.72,31.07,30.21,30.26,52827518.0,1614469066.0,20628944429.0,0.0025608444572537367
4912,2022-10-20,30.0,30.45,29.88,30.07,55115404.0,1657020702.0,20628944429.0,0.0026717510529777385
4913,2022-10-21,30.15,30.27,29.5,29.58,72871094.0,2171956543.0,20628944429.0,0.0035324683844491053
4914,2022-10-24,29.39,29.49,28.0,28.02,145145835.0,4134436262.0,20628944429.0,0.0070360282126677885
4915,2022-10-25,28.02,28.47,27.81,28.19,86028249.0,2418347973.0,20628944429.0,0.004170269074895669
4916,2022-10-26,27.98,28.32,27.76,27.93,75402189.0,2113201163.0,20628944429.0,0.003655164676967195
4917,2022-10-27,28.2,28.44,27.9,27.94,76286564.0,2145320724.0,20628944429.0,0.0036980352660583534
4918,2022-10-28,27.6,28.0,26.99,27.18,94946422.0,2601030856.0,20628944429.0,0.004602582663731698
4919,2022-10-31,26.9,27.13,26.3,26.82,95303253.0,2553633471.0,20628944429.0,0.004619880252623274
4920,2022-11-01,27.1,28.25,27.01,28.19,105901901.0,2937217653.0,20628944429.0,0.005133655838013892
4921,2022-11-02,28.16,28.7,27.85,28.42,72836102.0,2060238785.0,20628944429.0,0.003530772127031745
4922,2022-11-03,28.35,28.38,27.88,28.05,50172213.0,1410971285.0,20628944429.0,0.002432127013220721
4923,2022-11-04,28.05,29.25,27.99,29.08,92682957.0,2676989831.0,20628944429.0,0.00449285989009244
4924,2022-11-07,28.8,29.43,28.62,29.16,54538019.0,1585520854.0,20628944429.0,0.002643761981506475
4925,2022-11-08,29.2,29.38,28.94,29.15,43978188.0,1281125722.0,20628944429.0,0.0021318680726181913
4926,2022-11-09,29.15,29.55,29.0,29.18,46305956.0,1353976618.0,20628944429.0,0.0022447079713348527
4927,2022-11-10,29.0,29.3,28.77,29.19,40004562.0,1163044393.0,20628944429.0,0.0019392442564226367
4928,2022-11-11,30.1,31.8,29.71,31.24,168871688.0,5192860256.0,20628944429.0,0.00818615264495073
4929,2022-11-14,32.5,33.69,32.33,33.14,204968536.0,6818027855.0,20628944429.0,0.009935968207459851
4930,2022-11-15,33.15,33.83,32.75,33.28,91330506.0,3043238573.0,20628944429.0,0.00442729904646058
4931,2022-11-16,33.26,33.48,32.86,33.38,61459443.0,2043574641.0,20628944429.0,0.0029792820089039954
4932,2022-11-17,33.3,33.3,32.0,32.31,103715191.0,3358356944.0,20628944429.0,0.0050276538073464406
4933,2022-11-18,32.29,32.68,31.83,32.07,56273194.0,1805184083.0,20628944429.0,0.002727875592165133
4934,2022-11-21,31.6,31.97,31.05,31.87,47910404.0,1512009170.0,20628944429.0,0.0023224845151382516
4935,2022-11-22,32.07,32.88,31.8,32.45,65416650.0,2120960840.0,20628944429.0,0.003171109904588129
4936,2022-11-23,32.33,32.95,32.15,32.22,57764427.0,1878620068.0,20628944429.0,0.0028001639734311972
4937,2022-11-24,32.6,32.87,32.08,32.22,40630100.0,1314257028.0,20628944429.0,0.0019695675723903033
4938,2022-11-25,32.21,33.22,32.18,33.02,83012155.0,2729700885.0,20628944429.0,0.004024062175634261
4939,2022-11-28,32.1,32.11,31.45,31.96,80937686.0,2566010758.0,20628944429.0,0.003923501092291395
4940,2022-11-29,32.79,34.91,32.75,34.86,175318695.0,5977811958.0,20628944429.0,0.008498675034168904
4941,2022-11-30,34.33,35.44,34.2,34.96,87332461.0,3048012198.0,20628944429.0,0.004233491505131438
4942,2022-12-01,35.9,36.5,34.85,35.0,83139723.0,2948536902.0,20628944429.0,0.004030246108139342
4943,2022-12-02,35.0,35.0,34.16,34.39,59846240.0,2055897652.0,20628944429.0,0.002901081061417212
4944,2022-12-05,34.97,36.1,34.61,36.1,105060439.0,3735713567.0,20628944429.0,0.005092865481391617
4945,2022-12-06,35.91,35.98,35.42,35.85,65110353.0,2322429385.0,20628944429.0,0.003156261980543629
4946,2022-12-07,35.8,35.95,35.3,35.32,56460628.0,2005014219.0,20628944429.0,0.002736961563609048
4947,2022-12-08,35.25,35.77,35.16,35.45,44355151.0,1574334290.0,20628944429.0,0.002150141571841451
4948,2022-12-09,35.8,36.93,35.63,36.75,95816291.0,3491269582.0,20628944429.0,0.0046447500660917115
4949,2022-12-12,36.41,36.6,35.68,35.79,60626240.0,2186064378.0,20628944429.0,0.0029388920120785303
4950,2022-12-13,35.73,36.26,35.61,36.14,38290398.0,1379130447.0,20628944429.0,0.0018561491661285236
4951,2022-12-14,36.14,37.04,36.02,36.91,64436167.0,2361876160.0,20628944429.0,0.003123580424668563
4952,2022-12-15,36.62,36.96,36.22,36.33,40340341.0,1470344983.0,20628944429.0,0.001955521337450979
4953,2022-12-16,36.3,37.2,36.3,37.09,60782001.0,2242781163.0,20628944429.0,0.0029464426165477066
4954,2022-12-19,37.1,37.34,36.25,36.5,54784253.0,2014825882.0,20628944429.0,0.0026556983169233202
4955,2022-12-20,36.24,36.55,35.3,35.72,70291116.0,2518741582.0,20628944429.0,0.0034074024602628395
4956,2022-12-21,35.99,36.23,35.71,35.95,33049776.0,1188825669.0,20628944429.0,0.0016021069867995232
4957,2022-12-22,36.53,36.85,36.25,36.5,35971483.0,1312827354.0,20628944429.0,0.001743738421701868
4958,2022-12-23,36.29,36.8,36.15,36.37,33058360.0,1204442484.0,20628944429.0,0.0016025231011591087
4959,2022-12-26,36.35,36.8,35.89,35.95,36047352.0,1309281788.0,20628944429.0,0.0017474162153117698
4960,2022-12-27,36.45,36.98,36.33,36.67,36790747.0,1350814519.0,20628944429.0,0.0017834527174487838
4961,2022-12-28,36.67,37.52,36.58,37.33,52885997.0,1970716248.0,20628944429.0,0.0025636792605662024
4962,2022-12-29,36.9,37.32,36.65,37.23,51362913.0,1902491092.0,20628944429.0,0.0024898468836725566
4963,2022-12-30,37.34,37.63,37.19,37.26,52322805.0,1959907428.0,20628944429.0,0.002536378202970242
4964,2023-01-03,37.08,37.78,36.53,37.58,60626616.0,2255334391.0,20628944429.0,0.0029389102388957724
4965,2023-01-04,37.78,38.83,37.53,38.65,83645411.0,3207024324.0,20628944429.0,0.004054759626111163
4966,2023-01-05,38.99,39.27,38.4,38.5,61908519.0,2398823818.0,20628944429.0,0.0030010512274670493
4967,2023-01-06,38.66,38.93,37.89,38.38,59000699.0,2255711424.0,20628944429.0,0.0028600929729132095
4968,2023-01-09,38.41,39.1,38.41,38.8,49914886.0,1937276819.0,20628944429.0,0.002419652938219663
4969,2023-01-10,38.78,38.8,38.16,38.25,54197159.0,2078031131.0,20628944429.0,0.002627238596067479
4970,2023-01-11,38.38,39.18,38.14,38.92,54170698.0,2107076772.0,20628944429.0,0.0026259558838040826
4971,2023-01-12,39.11,39.15,38.73,39.05,30434871.0,1185494431.0,20628944429.0,0.0014753479561084525
4972,2023-01-13,39.07,39.66,38.97,39.66,46376708.0,1825772733.0,20628944429.0,0.002248137715413301
4973,2023-01-16,40.0,41.14,39.8,40.47,88046855.0,3569434000.0,20628944429.0,0.0042681221670375176
4974,2023-01-17,40.45,40.94,40.28,40.68,43204705.0,1752751493.0,20628944429.0,0.0020943730372972058
4975,2023-01-18,40.65,40.95,40.23,40.38,29467472.0,1191075289.0,20628944429.0,0.0014284527306484412
4976,2023-01-19,40.2,40.8,39.92,40.65,47249021.0,1910434244.0,20628944429.0,0.0022904235920853866
4977,2023-01-20,40.98,41.1,40.68,41.05,41340273.0,1692997050.0,20628944429.0,0.0020039936188826117
4978,2023-01-30,42.55,42.63,41.85,42.03,100700740.0,4255796700.0,20628944429.0,0.00488152655345931
4979,2023-01-31,42.35,42.35,41.21,41.21,64231185.0,2677248182.0,20628944429.0,0.003113643803785924
4980,2023-02-01,41.64,41.69,39.95,40.54,91679130.0,3709963959.0,20628944429.0,0.00444419879628539
4981,2023-02-02,40.7,40.75,39.55,40.03,72723293.0,2898996931.0,20628944429.0,0.0035253036455789853
4982,2023-02-03,39.79,39.79,39.01,39.3,63816364.0,2506324574.0,20628944429.0,0.0030935351161394124
4983,2023-02-06,38.72,38.74,37.88,38.35,73100066.0,2790029317.0,20628944429.0,0.003543567934442469
4984,2023-02-07,38.5,38.94,38.16,38.41,42657086.0,1643882586.0,20628944429.0,0.0020678268898738717
4985,2023-02-08,38.5,38.92,38.36,38.49,31706528.0,1222704068.0,20628944429.0,0.0015369922639098888
4986,2023-02-09,38.42,38.89,38.32,38.49,49817481.0,1920854681.0,20628944429.0,0.0024149311745668865
4987,2023-02-10,38.3,38.39,37.9,38.16,41102639.0,1567982948.0,20628944429.0,0.0019924741734345967
4988,2023-02-13,37.9,37.98,37.07,37.72,82518134.0,3095654450.0,20628944429.0,0.004000114222228292
4989,2023-02-14,37.78,38.06,37.51,38.0,48607663.0,1836814072.0,20628944429.0,0.002356284548019226
4990,2023-02-15,38.0,38.09,37.0,37.17,77104778.0,2872782991.0,20628944429.0,0.0037376986624486097
4991,2023-02-16,37.2,37.85,37.02,37.27,65415231.0,2453427441.0,20628944429.0,0.0031710411177432716
4992,2023-02-17,37.15,37.38,36.68,36.71,57581280.0,2130963531.0,20628944429.0,0.0027912858167891863
4993,2023-02-20,36.82,38.51,36.82,38.49,108022830.0,4089276990.0,20628944429.0,0.005236469096699994
4994,2023-02-21,38.43,38.82,38.13,38.69,53046540.0,2043801362.0,20628944429.0,0.0025714616752482793
4995,2023-02-22,38.46,38.6,38.14,38.16,38309139.0,1467027311.0,20628944429.0,0.0018570576469315284
4996,2023-02-23,38.16,38.77,38.16,38.27,37063824.0,1423074975.0,20628944429.0,0.0017966902827997336
4997,2023-02-24,38.17,38.25,37.4,37.46,53369015.0,2011474600.0,20628944429.0,0.002587093837189957
4998,2023-02-27,37.27,37.58,37.09,37.16,44933367.0,1674343230.0,20628944429.0,0.0021781709265178417
4999,2023-02-28,37.17,37.48,36.85,37.31,37822552.0,1405386500.0,20628944429.0,0.0018334700609707092
5000,2023-03-01,37.25,38.34,37.2,38.25,57119401.0,2169732585.0,20628944429.0,0.0027688959654039312
5001,2023-03-02,38.04,38.5,37.77,38.25,34907009.0,1332878911.0,20628944429.0,0.0016921374295297443
5002,2023-03-03,38.5,38.77,37.9,38.25,35711390.0,1365470222.0,20628944429.0,0.0017311302632526957
5003,2023-03-06,38.02,38.23,36.91,37.0,81051939.0,3015166370.0,20628944429.0,0.003929039572478457
5004,2023-03-07,36.89,37.48,36.41,36.56,73741149.0,2722185234.0,20628944429.0,0.003574644803266584
5005,2023-03-08,36.25,36.32,35.8,36.0,61658357.0,2216886862.0,20628944429.0,0.00298892447998072
5006,2023-03-09,36.0,36.08,35.5,35.58,53999602.0,1928666141.0,20628944429.0,0.002617661906349789
5007,2023-03-10,35.05,35.66,34.95,35.03,55845366.0,1963698972.0,20628944429.0,0.0027071363826785557
5008,2023-03-13,34.92,35.38,34.71,35.05,58420463.0,2046110685.0,20628944429.0,0.0028319656975697213
5009,2023-03-14,34.68,34.93,34.34,34.58,62666750.0,2168927834.0,20628944429.0,0.0030378069132758726
5010,2023-03-15,35.15,35.71,34.88,34.88,67638378.0,2380639264.0,20628944429.0,0.003278809453037962
5011,2023-03-16,34.5,35.15,34.21,34.65,40389489.0,1401995822.0,20628944429.0,0.001957903815147264
5012,2023-03-17,35.02,35.37,34.02,34.36,83271578.0,2893458533.0,20628944429.0,0.004036637855446327
5013,2023-03-20,34.44,34.91,34.02,34.12,52072515.0,1790157157.0,20628944429.0,0.0025242452506099577
5014,2023-03-21,34.21,34.5,34.01,34.23,36747539.0,1256872360.0,20628944429.0,0.0017813581846844579
5015,2023-03-22,34.52,34.73,34.28,34.54,45986740.0,1587045184.0,20628944429.0,0.0022292337913011303
5016,2023-03-23,34.4,35.34,34.32,35.2,54214633.0,1890730123.0,20628944429.0,0.002628085658313448
5017,2023-03-24,34.98,34.98,34.23,34.43,67871839.0,2342134999.0,20628944429.0,0.0032901266098999387
5018,2023-03-27,34.6,34.6,34.05,34.21,44983610.0,1538661024.0,20628944429.0,0.002180606484971786
5019,2023-03-28,34.41,34.72,34.18,34.4,53323436.0,1834470874.0,20628944429.0,0.0025848843688307363
5020,2023-03-29,34.61,34.7,34.1,34.12,41863012.0,1433206733.0,20628944429.0,0.002029333693931005
5021,2023-03-30,34.15,34.39,33.71,34.35,56228970.0,1915822304.0,20628944429.0,0.002725731808213792
5022,2023-03-31,34.36,34.82,34.14,34.27,57779428.0,1993103479.0,20628944429.0,0.0028008911555733387
5023,2023-04-03,34.31,34.45,33.98,34.37,50467501.0,1727952628.0,20628944429.0,0.0024464412696295406
5024,2023-04-04,34.38,34.42,34.06,34.28,48782066.0,1668757196.0,20628944429.0,0.002364738834209208
5025,2023-04-06,34.17,34.17,33.73,33.8,48679567.0,1650684312.0,20628944429.0,0.0023597701359632664
5026,2023-04-07,33.85,34.26,33.75,34.14,39414120.0,1343439511.0,20628944429.0,0.0019106222393324185
5027,2023-04-10,34.15,34.3,33.97,34.24,33015949.0,1128256665.0,20628944429.0,0.0016004672034302663
5028,2023-04-11,34.24,34.34,33.63,33.73,73399153.0,2485887912.0,20628944429.0,0.00355806634957124
5029,2023-04-12,33.89,33.95,33.66,33.74,41612769.0,1403968679.0,20628944429.0,0.0020172030199228767
5030,2023-04-13,33.65,34.24,33.25,34.01,63430456.0,2142100175.0,20628944429.0,0.0030748280028729917
5031,2023-04-14,34.2,34.79,34.02,34.39,69392338.0,2387857214.0,20628944429.0,0.0033638336774250467
5032,2023-04-17,34.32,35.2,34.1,35.2,89373012.0,3107511587.0,20628944429.0,0.004332408393827469
5033,2023-04-18,35.21,36.35,35.12,35.68,94271463.0,3375509116.0,20628944429.0,0.004569863636235016
5034,2023-04-19,35.84,35.84,35.3,35.5,51088648.0,1815680622.0,20628944429.0,0.002476551729335215
5035,2023-04-20,35.6,35.74,34.86,34.99,68091530.0,2393722845.0,20628944429.0,0.00330077625805601
5036,2023-04-21,34.99,35.18,34.43,34.5,53159146.0,1849378443.0,20628944429.0,0.002576920316158752
5037,2023-04-24,34.52,34.69,33.51,33.6,72987368.0,2474101753.0,20628944429.0,0.0035381048337788414
5038,2023-04-25,33.61,34.14,33.51,34.03,51221280.0,1731551113.0,20628944429.0,0.002482981142166128
5039,2023-04-26,33.8,33.96,33.35,33.82,49650070.0,1673601450.0,20628944429.0,0.002406815829616679
5040,2023-04-27,32.97,32.99,32.14,32.63,155927939.0,5072330698.0,20628944429.0,0.007558696933653949
5041,2023-04-28,32.46,33.75,32.41,33.6,94021308.0,3136764115.0,20628944429.0,0.00455773722807773
5042,2023-05-04,33.29,34.4,32.83,34.13,72543303.0,2457318979.0,20628944429.0,0.003516578526335997
5043,2023-05-05,34.18,35.06,34.15,34.69,80088973.0,2785096474.0,20628944429.0,0.003882359239254704
5044,2023-05-08,34.86,35.95,34.64,35.6,106426580.0,3773892300.0,20628944429.0,0.005159089955683161
5045,2023-05-09,35.68,36.1,34.96,34.99,98552978.0,3503564878.0,20628944429.0,0.004777412549594881
5046,2023-05-10,34.9,35.12,34.29,34.4,63837387.0,2203715637.0,20628944429.0,0.0030945542182108906
5047,2023-05-11,34.6,35.33,34.4,34.45,44580284.0,1547837683.0,20628944429.0,0.0021610550240917514
5048,2023-05-12,34.47,34.55,34.0,34.04,45936569.0,1569062497.0,20628944429.0,0.0022268017230887855
5049,2023-05-15,34.09,34.85,33.71,34.7,52809453.0,1811811263.0,20628944429.0,0.002559968745941305
5050,2023-05-16,34.95,35.2,34.57,34.82,38524804.0,1341479236.0,20628944429.0,0.001867512132411494
5051,2023-05-17,34.81,35.13,34.43,34.5,39637635.0,1380094248.0,20628944429.0,0.001921457258097886
5052,2023-05-18,34.73,34.84,34.21,34.45,32901230.0,1137523121.0,20628944429.0,0.001594906133623964
5053,2023-05-19,34.35,34.45,33.94,33.95,39298980.0,1339332375.0,20628944429.0,0.0019050407613078746
5054,2023-05-22,33.98,34.34,33.98,34.2,29693441.0,1014463033.0,20628944429.0,0.0014394067084817586
5055,2023-05-23,34.21,34.38,33.6,33.6,34692126.0,1177389441.0,20628944429.0,0.0016817208519515955
5056,2023-05-24,33.59,33.59,32.93,32.93,46399873.0,1541649339.0,20628944429.0,0.002249260652172364
5057,2023-05-25,32.76,32.76,32.16,32.42,70605103.0,2286618239.0,20628944429.0,0.0034226231615003978
5058,2023-05-26,32.44,32.86,32.22,32.74,29462374.0,958855792.0,20628944429.0,0.0014282056021529652
5059,2023-05-29,32.95,32.95,32.44,32.69,38730090.0,1263259965.0,20628944429.0,0.0018774634898697754
5060,2023-05-30,32.69,32.9,32.36,32.64,34007178.0,1108840100.0,20628944429.0,0.0016485176019085585
5061,2023-05-31,32.6,32.8,32.24,32.3,52541398.0,1704091986.0,20628944429.0,0.0025469746249419207
5062,2023-06-01,32.31,32.5,32.02,32.06,47239881.0,1521250952.0,20628944429.0,0.0022899805253045603
5063,2023-06-02,32.22,33.1,32.2,33.07,55885607.0,1829053080.0,20628944429.0,0.0027090870884036353
5064,2023-06-05,33.07,33.27,32.84,33.04,31273034.0,1033695634.0,20628944429.0,0.0015159783917996611
5065,2023-06-06,33.04,33.8,32.98,33.07,38663375.0,1288946278.0,20628944429.0,0.0018742294416987883
5066,2023-06-07,33.25,33.61,33.16,33.3,33890635.0,1132209544.0,20628944429.0,0.0016428681126484021
5067,2023-06-08,33.32,34.22,33.22,34.08,54961501.0,1859578016.0,20628944429.0,0.0026642905161320604
5068,2023-06-09,34.05,34.25,33.74,33.74,41510872.0,1408235126.0,20628944429.0,0.002012263503974753
5069,2023-06-12,33.73,33.92,33.38,33.73,40677376.0,1370601854.0,20628944429.0,0.0019718593038050014
5070,2023-06-13,33.56,33.94,33.5,33.73,23124556.0,779060071.0,20628944429.0,0.0011209762127960211
5071,2023-06-14,33.93,34.04,33.39,33.39,38263310.0,1289658685.0,20628944429.0,0.0018548360596778648
5072,2023-06-15,33.5,33.79,33.31,33.72,36953706.0,1239411035.0,20628944429.0,0.0017913522491267554
5073,2023-06-16,33.86,34.04,33.75,33.93,42680637.0,1448460382.0,20628944429.0,0.0020689685382059547
5074,2023-06-19,33.91,33.91,33.56,33.58,27896062.0,939883957.0,20628944429.0,0.0013522777229834381
5075,2023-06-20,33.5,33.56,33.1,33.19,30764875.0,1024392135.0,20628944429.0,0.0014913450906751677
5076,2023-06-21,33.06,33.64,33.0,33.17,42786599.0,1426164911.0,20628944429.0,0.002074105107377717
5077,2023-06-26,32.93,33.1,32.42,32.61,43210300.0,1410658235.0,20628944429.0,0.002094644258154834
5078,2023-06-27,32.63,33.01,32.44,32.82,34571527.0,1132557913.0,20628944429.0,0.0016758747457480002
5079,2023-06-28,32.81,33.18,32.72,33.05,33381801.0,1100128735.0,20628944429.0,0.0016182020905089133
5080,2023-06-29,33.05,33.18,32.67,32.68,25854831.0,848217753.0,20628944429.0,0.001253327870894523
5081,2023-06-30,32.73,33.0,32.64,32.76,29361327.0,964762581.0,20628944429.0,0.0014233072904459468
5082,2023-07-03,32.9,33.76,32.8,33.72,45366767.0,1515242663.0,20628944429.0,0.002199180241923759
5083,2023-07-04,33.6,33.6,33.36,33.51,22408656.0,749827211.0,20628944429.0,0.0010862725466698187
5084,2023-07-05,33.5,33.5,32.84,33.03,41307158.0,1365494250.0,20628944429.0,0.0020023883501247277
5085,2023-07-06,33.03,33.12,32.51,32.58,40784246.0,1334753417.0,20628944429.0,0.0019770398888013796
5086,2023-07-07,32.5,32.58,32.29,32.31,47279440.0,1530388129.0,20628944429.0,0.0022918981706856
5087,2023-07-10,32.52,32.69,32.33,32.45,27207677.0,883689382.0,20628944429.0,0.0013189078623796024
5088,2023-07-11,32.73,32.8,32.47,32.71,32916654.0,1074347765.0,20628944429.0,0.0015956538209355026
5089,2023-07-12,32.72,33.44,32.72,33.2,63204933.0,2098753494.0,20628944429.0,0.0030638956451473605
5090,2023-07-13,31.99,32.0,31.45,31.85,56385028.0,1791570807.0,20628944429.0,0.002733296809929566
5091,2023-07-14,31.94,32.19,31.78,31.93,34752056.0,1111472582.0,20628944429.0,0.0016846259933274068
5092,2023-07-17,31.77,31.78,31.43,31.65,26200279.0,827190406.0,20628944429.0,0.001270073662284332
5093,2023-07-18,31.65,31.77,31.39,31.46,31638946.0,996591508.0,20628944429.0,0.0015337161874129745
5094,2023-07-19,31.29,31.64,31.26,31.58,24029564.0,755090293.0,20628944429.0,0.001164846998483327
5095,2023-07-20,31.77,32.1,31.6,31.69,27239443.0,867690876.0,20628944429.0,0.0013204477375830736
5096,2023-07-21,31.8,31.98,31.61,31.8,31566900.0,1004431833.0,20628944429.0,0.0015302237159368908
5097,2023-07-24,31.46,31.73,31.4,31.45,23912203.0,753332483.0,20628944429.0,0.0011591578562005539
5098,2023-07-25,32.0,33.35,32.0,33.27,126162096.0,4159900848.0,20628944429.0,0.00611578049639042
5099,2023-07-26,33.27,33.73,33.07,33.35,50175140.0,1673625171.0,20628944429.0,0.0024322689012368564
5100,2023-07-27,33.5,33.82,33.2,33.66,54848896.0,1845231370.0,20628944429.0,0.0026588319236971656
5101,2023-07-28,33.49,35.29,33.41,35.1,125628759.0,4358344107.0,20628944429.0,0.00608992667716881
5102,2023-07-31,35.52,36.04,35.01,35.56,116275605.0,4127807307.0,20628944429.0,0.005636527133038407
5103,2023-08-01,35.53,35.58,34.77,34.99,66009585.0,2316910863.0,20628944429.0,0.00319985277129373
5104,2023-08-02,34.16,34.82,33.77,34.03,91535761.0,3124298660.0,20628944429.0,0.004437248901175951
5105,2023-08-03,34.02,34.78,33.87,34.68,50929381.0,1750414829.0,20628944429.0,0.002468831169490374
5106,2023-08-04,35.08,35.5,34.72,34.88,81264248.0,2854335236.0,20628944429.0,0.003939331373919423
5107,2023-08-07,34.75,34.78,34.28,34.5,34467192.0,1187405635.0,20628944429.0,0.001670817046341271
5108,2023-08-08,34.33,34.65,33.81,34.15,50228255.0,1715919700.0,20628944429.0,0.0024348436815501587
5109,2023-08-09,34.02,34.31,33.95,34.02,38683250.0,1318960193.0,20628944429.0,0.0018751928938069854
5110,2023-08-10,33.9,34.25,33.8,34.14,28772469.0,978706457.0,20628944429.0,0.0013947620586709179
5111,2023-08-11,34.16,34.47,33.15,33.15,60624004.0,2032299867.0,20628944429.0,0.0029387836206866344
5112,2023-08-14,32.8,32.83,32.25,32.46,66707291.0,2167337311.0,20628944429.0,0.0032336744727579684
5113,2023-08-15,32.46,32.64,32.15,32.36,58295914.0,1887265044.0,20628944429.0,0.0028259281128339307
5114,2023-08-16,32.15,32.25,31.88,31.97,58015181.0,1857011416.0,20628944429.0,0.0028123194184595667
5115,2023-08-17,31.78,31.87,31.49,31.79,64607569.0,2043578651.0,20628944429.0,0.003131889235649654
5116,2023-08-18,31.75,32.63,31.75,31.88,67459467.0,2169641216.0,20628944429.0,0.0032701366389433885
5117,2023-08-21,31.81,31.84,31.13,31.13,80957531.0,2537398399.0,20628944429.0,0.00392446309013226
5118,2023-08-22,31.21,31.47,31.0,31.32,60107044.0,1877097295.0,20628944429.0,0.002913723686002179
5119,2023-08-23,31.2,31.44,30.85,30.85,56074358.0,1743312676.0,20628944429.0,0.0027182369021834744
5120,2023-08-24,31.0,31.15,30.8,31.06,41225614.0,1277299345.0,20628944429.0,0.0019984354576109754
5121,2023-08-25,31.0,31.85,30.9,31.56,64747134.0,2028793535.0,20628944429.0,0.0031386547296612527
5122,2023-08-28,33.3,33.93,32.03,32.26,140509367.0,4608776006.0,20628944429.0,0.006811272747551401
5123,2023-08-29,32.26,32.44,31.77,32.04,72116998.0,2310485794.0,20628944429.0,0.003495913145154365
5124,2023-08-30,32.19,32.19,31.55,31.66,63980158.0,2031430069.0,20628944429.0,0.003101475124924823
5125,2023-08-31,31.8,32.08,31.49,31.55,50322017.0,1595044491.0,20628944429.0,0.002439388848673116
5126,2023-09-01,31.95,32.63,31.88,32.27,69752619.0,2250478414.0,20628944429.0,0.003381298507059932
5127,2023-09-04,32.58,33.61,32.47,33.53,110429932.0,3671655441.0,20628944429.0,0.0053531547569035335
5128,2023-09-05,33.3,33.44,32.97,33.11,44732261.0,1483496734.0,20628944429.0,0.002168422196974643
5129,2023-09-06,33.1,33.46,32.77,33.36,54674047.0,1812037299.0,20628944429.0,0.002650356017399498
5130,2023-09-07,33.31,33.31,33.01,33.14,35870198.0,1188879205.0,20628944429.0,0.0017388285728073402
5131,2023-09-08,33.0,33.26,32.95,33.17,29850098.0,989879153.0,20628944429.0,0.0014470007470686178
5132,2023-09-11,33.13,33.29,32.91,32.91,63287369.0,2091952941.0,20628944429.0,0.003067891777876484
5133,2023-09-12,32.9,33.05,32.82,32.88,27759078.0,914017922.0,20628944429.0,0.0013456373444380662
5134,2023-09-13,32.95,33.08,32.66,32.75,29891534.0,980129608.0,20628944429.0,0.0014490093811091336
5135,2023-09-14,32.95,33.19,32.85,33.07,43734390.0,1443840329.0,20628944429.0,0.002120049823708796
5136,2023-09-15,33.3,33.42,32.8,32.96,43960215.0,1453249853.0,20628944429.0,0.0021309968210589145
5137,2023-09-18,32.87,33.05,32.7,33.02,36040192.0,1186454306.0,20628944429.0,0.00174706913017493
5138,2023-09-19,33.0,33.0,32.72,32.96,38465270.0,1263587161.0,20628944429.0,0.00186462618736448
5139,2023-09-20,32.86,32.86,32.63,32.73,30931758.0,1012842173.0,20628944429.0,0.0014994348405203122
5140,2023-09-21,32.75,32.81,32.37,32.37,39031854.0,1270724458.0,20628944429.0,0.0018920916741202395
5141,2023-09-22,32.59,33.37,32.32,33.34,71283316.0,2349131841.0,20628944429.0,0.0034554999285271474
5142,2023-09-25,33.28,33.28,32.9,33.0,45651541.0,1506238619.0,20628944429.0,0.002212984826107895
5143,2023-09-26,32.93,33.08,32.75,32.8,32202356.0,1058673650.0,20628944429.0,0.0015610278126848892
5144,2023-09-27,32.9,33.09,32.75,32.82,35246679.0,1159673830.0,20628944429.0,0.0017086031290311932
5145,2023-09-28,33.02,33.14,32.75,32.97,38856469.0,1280959169.0,20628944429.0,0.0018835897849128866
5146,2023-10-09,32.7,32.7,32.38,32.58,36134267.0,1176010754.0,20628944429.0,0.0017516294701537295
5147,2023-10-10,33.12,33.13,32.59,32.59,34263698.0,1123856356.0,20628944429.0,0.0016609525571183554
5148,2023-10-11,32.84,32.85,32.4,32.45,37609124.0,1226529938.0,20628944429.0,0.001823124015358217
5149,2023-10-12,32.99,33.33,32.78,33.07,61745963.0,2041713576.0,20628944429.0,0.0029931712314469196
5150,2023-10-13,32.78,32.88,32.51,32.61,41037187.0,1341527525.0,20628944429.0,0.001989301349918334
5151,2023-10-16,32.58,32.66,32.24,32.31,28677414.0,928068013.0,20628944429.0,0.0013901542126259028
5152,2023-10-17,32.39,32.6,32.22,32.52,28622914.0,928757316.0,20628944429.0,0.0013875122936373877
5153,2023-10-18,32.49,32.64,32.41,32.49,24931667.0,810933178.0,20628944429.0,0.0012085769626172082
5154,2023-10-19,32.4,32.4,31.52,31.57,60429338.0,1922080369.0,20628944429.0,0.0029293470738642803
5155,2023-10-20,31.49,31.81,31.4,31.65,37258937.0,1178535483.0,20628944429.0,0.0018061484982053514
5156,2023-10-23,31.59,31.65,31.0,31.23,39380184.0,1232365016.0,20628944429.0,0.0019089771721251846
5157,2023-10-24,31.38,31.41,31.04,31.3,36552663.0,1142319006.0,20628944429.0,0.0017719114579907718
5158,2023-10-25,31.6,31.75,31.2,31.42,37569332.0,1179249724.0,20628944429.0,0.0018211950751675565
5159,2023-10-26,31.36,31.75,31.26,31.5,28702985.0,904374422.0,20628944429.0,0.0013913937816250831
5160,2023-10-27,31.45,31.65,31.15,31.53,39145276.0,1231933968.0,20628944429.0,0.001897589871102173
5161,2023-10-30,31.01,31.13,30.55,30.9,83850056.0,2582604676.0,20628944429.0,0.004064679910724093
5162,2023-10-31,30.74,30.99,30.61,30.76,52801599.0,1624462290.0,20628944429.0,0.002559588018753492
5163,2023-11-01,30.8,30.88,30.43,30.45,52989707.0,1617976148.0,20628944429.0,0.0025687066627368246
5164,2023-11-02,30.6,30.81,30.51,30.68,36466771.0,1118895486.0,20628944429.0,0.001767747793664872
5165,2023-11-03,30.68,31.04,30.6,30.99,43956879.0,1357177293.0,20628944429.0,0.0021308351065314705
5166,2023-11-06,31.15,31.35,30.96,31.14,51982385.0,1617714882.0,20628944429.0,0.0025198761467854647
5167,2023-11-07,31.14,31.14,30.65,30.8,51624067.0,1589834114.0,20628944429.0,0.002502506474709744
5168,2023-11-08,30.74,30.78,30.5,30.6,44518298.0,1363161957.0,20628944429.0,0.002158050216928043
5169,2023-11-09,30.55,30.78,30.52,30.66,32764958.0,1003833045.0,20628944429.0,0.001588300269689965
5170,2023-11-10,30.5,30.56,30.1,30.16,51696462.0,1561581974.0,20628944429.0,0.0025060158641624698
5171,2023-11-13,30.17,30.27,29.61,29.82,63424273.0,1891693842.0,20628944429.0,0.003074528278375634
5172,2023-11-14,29.87,30.2,29.86,30.2,44834267.0,1347710790.0,20628944429.0,0.0021733669967607433
5173,2023-11-15,30.45,30.77,30.39,30.64,60193960.0,1842095992.0,20628944429.0,0.0029179369893197167
5174,2023-11-16,30.67,30.77,30.37,30.54,31571993.0,965161754.0,20628944429.0,0.001530470602054478
5175,2023-11-17,30.46,30.52,30.1,30.33,43245282.0,1308022703.0,20628944429.0,0.002096340030816416
5176,2023-11-20,30.34,30.59,30.14,30.58,36922708.0,1123420442.0,20628944429.0,0.0017898496031670123
5177,2023-11-21,30.75,30.87,30.37,30.43,48854470.0,1497630759.0,20628944429.0,0.002368248659942134
5178,2023-11-22,30.3,30.41,30.15,30.16,27370542.0,828342908.0,20628944429.0,0.0013268028373532635
5179,2023-11-23,30.02,30.21,29.95,30.14,29979383.0,900540283.0,20628944429.0,0.0014532679121407313
5180,2023-11-24,30.06,30.1,29.93,30.0,29116276.0,873539196.0,20628944429.0,0.0014114283016376048
5181,2023-11-27,30.0,30.03,29.29,29.4,58101958.0,1714186982.0,20628944429.0,0.002816525983671794
5182,2023-11-28,29.41,29.49,29.04,29.16,47516511.0,1389229278.0,20628944429.0,0.00230339032438333
5183,2023-11-29,29.2,29.24,28.68,28.8,62063752.0,1789462813.0,20628944429.0,0.003008576236831163
5184,2023-11-30,28.8,28.98,28.6,28.79,55156006.0,1585194742.0,20628944429.0,0.002673719258386393
5185,2023-12-01,28.72,28.74,28.07,28.26,88273644.0,2496795770.0,20628944429.0,0.004279115894844606
5186,2023-12-04,28.27,28.46,28.02,28.08,55787830.0,1569603288.0,20628944429.0,0.002704347291835928
5187,2023-12-05,28.06,28.07,27.5,27.51,61890167.0,1717656519.0,20628944429.0,0.0030001616036637972
5188,2023-12-06,27.56,27.96,27.45,27.76,61125926.0,1697947805.0,20628944429.0,0.002963114579632571
5189,2023-12-07,27.77,27.94,27.29,27.81,59496698.0,1643064047.0,20628944429.0,0.0028841368110120087
5190,2023-12-08,27.7,27.95,27.5,27.5,53349765.0,1479206064.0,20628944429.0,0.002586160682317867
5191,2023-12-11,27.25,27.85,26.9,27.76,75808597.0,2067921108.0,20628944429.0,0.0036748655395779195
5192,2023-12-12,27.7,28.07,27.61,28.05,50420111.0,1409339298.0,20628944429.0,0.0024441440119989766
5193,2023-12-13,27.92,27.92,27.2,27.22,67123932.0,1844591027.0,20628944429.0,0.0032538713859560225
5194,2023-12-14,27.44,27.64,27.03,27.03,44526808.0,1214879008.0,20628944429.0,0.0021584627440948737
5195,2023-12-15,27.47,28.05,27.2,27.23,98068659.0,2697705037.0,20628944429.0,0.004753934906244446
5196,2023-12-18,27.0,27.38,26.9,27.28,47716425.0,1299068335.0,20628944429.0,0.002313081271037826
5197,2023-12-19,27.2,27.35,27.02,27.29,37657373.0,1024185206.0,20628944429.0,0.001825462913510086
5198,2023-12-20,27.31,27.41,27.06,27.06,53112808.0,1446520286.0,20628944429.0,0.002574674054836003
5199,2023-12-21,26.98,27.75,26.92,27.71,75910481.0,2082187758.0,20628944429.0,0.003679804425343532
5200,2023-12-22,27.78,27.85,27.41,27.61,62364372.0,1721377205.0,20628944429.0,0.003023148965020657
5201,2023-12-25,27.6,27.72,27.42,27.53,41903386.0,1154001375.0,20628944429.0,0.002031290846907928
5202,2023-12-26,27.49,27.49,27.16,27.27,36525708.0,997177589.0,20628944429.0,0.0017706047987919567
5203,2023-12-27,27.33,27.37,27.05,27.3,41063687.0,1117439216.0,20628944429.0,0.0019905859527292635
5204,2023-12-28,27.25,28.13,27.25,27.99,106106285.0,2953200858.0,20628944429.0,0.005143563470501024
5205,2023-12-29,27.9,28.05,27.77,27.82,65577345.0,1827818811.0,20628944429.0,0.003178899687558027
5206,2024-01-02,27.95,27.96,27.56,27.58,54219480.0,1500865548.0,20628944429.0,0.0026283206194389038
5207,2024-01-03,27.58,27.84,27.52,27.77,43395588.0,1200383624.0,20628944429.0,0.0021036262010088523
5208,2024-01-04,27.76,27.83,27.36,27.81,63710249.0,1759101593.0,20628944429.0,0.0030883911302042513
5209,2024-01-05,27.75,28.78,27.62,28.29,119063315.0,3376466447.0,20628944429.0,0.005771662985946182
5210,2024-01-08,28.17,28.59,27.95,28.13,81682070.0,2305065736.0,20628944429.0,0.003959585536774825
5211,2024-01-09,28.12,28.28,27.9,28.17,55866306.0,1569684230.0,20628944429.0,0.002708151461277079
5212,2024-01-10,28.02,28.35,28.02,28.05,45364048.0,1277638873.0,20628944429.0,0.0021990484368278
5213,2024-01-11,28.0,28.57,27.85,28.38,73531826.0,2082611272.0,20628944429.0,0.0035644977499008413
5214,2024-01-12,28.26,28.78,28.26,28.54,57783201.0,1652242626.0,20628944429.0,0.0028010740539282683
5215,2024-01-15,28.5,28.94,28.37,28.77,48245229.0,1383953760.0,20628944429.0,0.0023387153504654
5216,2024-01-16,28.63,29.13,28.6,29.13,85344024.0,2469511282.0,20628944429.0,0.004137100872695361
5217,2024-01-17,29.12,29.58,29.03,29.19,130860146.0,3843478823.0,20628944429.0,0.006343521184537095
5218,2024-01-18,28.94,29.68,28.6,29.58,129512645.0,3762050846.0,20628944429.0,0.006278200295015202
5219,2024-01-19,29.37,29.9,29.14,29.73,96861623.0,2865398412.0,20628944429.0,0.004695423138754144
5220,2024-01-22,29.76,30.5,29.7,30.25,154970267.0,4691297100.0,20628944429.0,0.007512273230138915
5221,2024-01-23,30.01,30.35,29.8,29.99,88605552.0,2661547376.0,20628944429.0,0.004295205326911398
5222,2024-01-24,30.15,30.29,29.38,30.09,97489239.0,2904947629.0,20628944429.0,0.0047258471869724185
5223,2024-01-25,30.31,31.0,30.18,30.9,123450922.0,3791899866.0,20628944429.0,0.00598435477030292
5224,2024-01-26,30.92,31.35,30.66,31.12,100991578.0,3132788305.0,20628944429.0,0.004895625093547049
5225,2024-01-29,31.2,31.6,31.17,31.35,83882433.0,2632393040.0,20628944429.0,0.004066249404505583
5226,2024-01-30,31.2,31.5,30.78,31.0,74399913.0,2316762500.0,20628944429.0,0.003606578768781267
5227,2024-01-31,30.92,31.19,30.59,30.71,80894928.0,2494516011.0,20628944429.0,0.003921428373537067
5228,2024-02-01,30.67,30.84,30.2,30.42,85970009.0,2621519218.0,20628944429.0,0.004167445857246291
5229,2024-02-02,30.45,30.66,29.64,30.23,98729165.0,2986530108.0,20628944429.0,0.004785953316215606
5230,2024-02-05,30.23,30.95,30.06,30.71,106397881.0,3246673368.0,20628944429.0,0.0051576987550767135
5231,2024-02-06,30.71,31.35,30.6,31.33,106215843.0,3296036540.0,20628944429.0,0.00514887435785045
5232,2024-02-07,31.42,31.48,30.81,31.31,111051058.0,3458135329.0,20628944429.0,0.005383264198622075
5233,2024-02-08,31.31,31.45,31.02,31.4,87300436.0,2728137528.0,20628944429.0,0.004231939074753324
5234,2024-02-19,31.99,31.99,31.41,31.62,87549010.0,2770406837.0,20628944429.0,0.004243988843022153
5235,2024-02-20,31.62,31.62,31.29,31.4,60640469.0,1907541533.0,20628944429.0,0.0029395817710746327
5236,2024-02-21,31.4,33.39,31.35,33.0,152865612.0,5003152628.0,20628944429.0,0.0074102488630054565
5237,2024-02-22,32.81,32.95,32.39,32.8,75276038.0,2461009465.0,20628944429.0,0.0036490494343558153
5238,2024-02-23,32.81,33.4,32.62,32.95,63984872.0,2118316307.0,20628944429.0,0.0031017036387984346
5239,2024-02-26,32.86,33.06,32.08,32.25,66639018.0,2163023087.0,20628944429.0,0.003230364899636814
5240,2024-02-27,32.24,32.4,31.99,32.18,54349154.0,1746108592.0,20628944429.0,0.00263460664151077
5241,2024-02-28,32.29,32.29,31.6,32.02,68370752.0,2186677932.0,20628944429.0,0.0033143117058323625
5242,2024-02-29,31.89,32.2,31.85,32.04,49892829.0,1595634178.0,20628944429.0,0.00241858371240077
5243,2024-03-01,31.92,32.08,31.75,31.94,42717392.0,1361853701.0,20628944429.0,0.0020707502580669247
5244,2024-03-04,31.76,31.87,31.47,31.52,59135015.0,1868022544.0,20628944429.0,0.0028666040186170884
5245,2024-03-05,31.42,32.21,31.31,32.18,89402867.0,2850224114.0,20628944429.0,0.00433385563220182
5246,2024-03-06,32.14,32.26,31.87,31.87,51610177.0,1655425115.0,20628944429.0,0.002501833148934506
5247,2024-03-07,31.87,32.13,31.78,32.0,51949197.0,1659111449.0,20628944429.0,0.0025182673393104034
5248,2024-03-08,31.89,32.01,31.55,31.67,44107117.0,1399732269.0,20628944429.0,0.0021381179803846182
5249,2024-03-11,31.55,31.75,31.2,31.48,73853794.0,2318402185.0,20628944429.0,0.0035801053347245893
5250,2024-03-12,31.42,32.15,31.28,31.95,76925375.0,2447163517.0,20628944429.0,0.003729001998369773
5251,2024-03-13,31.96,31.99,31.43,31.52,46938714.0,1482651384.0,20628944429.0,0.0022753812809740252
5252,2024-03-14,31.46,31.72,31.16,31.25,50817498.0,1595073269.0,20628944429.0,0.0024634075764226296
5253,2024-03-15,31.24,31.42,31.0,31.18,52078063.0,1621589213.0,20628944429.0,0.002524514193115431
5254,2024-03-18,31.15,31.34,31.0,31.13,46189770.0,1436837360.0,20628944429.0,0.0022390757878559603
5255,2024-03-19,31.1,31.11,30.73,30.8,54702530.0,1688506946.0,20628944429.0,0.002651736747281147
5256,2024-03-20,30.8,31.2,30.66,31.18,49827225.0,1544956631.0,20628944429.0,0.0024154035205966864
5257,2024-03-21,31.17,31.76,31.05,31.55,64676108.0,2040298376.0,20628944429.0,0.0031352117032744952
5258,2024-03-22,31.53,31.55,30.9,31.2,55287852.0,1722145156.0,20628944429.0,0.0026801105694131784
5259,2024-03-25,31.11,31.51,30.92,31.35,48375902.0,1514858505.0,20628944429.0,0.0023450497996394598
5260,2024-03-26,31.8,32.66,31.73,32.4,124430791.0,4014510510.0,20628944429.0,0.006031854486217735
5261,2024-03-27,32.29,32.65,32.21,32.3,78208488.0,2539984050.0,20628944429.0,0.0037912016423901533
5262,2024-03-28,32.34,32.5,32.07,32.18,69474492.0,2242513222.0,20628944429.0,0.003367816140041239
5263,2024-03-29,32.1,32.64,32.07,32.2,51400131.0,1663236764.0,20628944429.0,0.002491651047726035
5264,2024-04-01,32.18,32.85,32.18,32.64,57015232.0,1861582316.0,20628944429.0,0.002763846312943112
5265,2024-04-02,32.7,32.92,32.44,32.55,53661899.0,1753251097.0,20628944429.0,0.002601291558309816
5266,2024-04-03,32.54,32.63,32.23,32.23,49808163.0,1612691616.0,20628944429.0,0.0024144794791332172
5267,2024-04-08,32.24,32.56,32.03,32.4,47729123.0,1544564957.0,20628944429.0,0.002313696813924361
5268,2024-04-09,32.5,32.63,32.31,32.31,38477207.0,1248965235.0,20628944429.0,0.0018652048403363314
5269,2024-04-10,32.19,32.68,32.19,32.49,50401372.0,1638691786.0,20628944429.0,0.0024432356281471274
5270,2024-04-11,32.31,32.42,32.13,32.3,44374773.0,1432073801.0,20628944429.0,0.002151092759628472
5271,2024-04-12,32.28,32.47,32.06,32.12,47820414.0,1540845216.0,20628944429.0,0.002318122197894646
5272,2024-04-15,32.1,33.0,32.09,32.83,76464473.0,2503221029.0,20628944429.0,0.0037066595076240003
5273,2024-04-16,32.71,32.97,32.45,32.75,74155610.0,2429469045.0,20628944429.0,0.003594736039705098
5274,2024-04-17,32.69,33.49,32.47,33.3,94821196.0,3131202074.0,20628944429.0,0.004596512261029757
5275,2024-04-18,33.26,34.1,33.19,33.65,100657401.0,3393695785.0,20628944429.0,0.004879425670394296
5276,2024-04-19,33.56,33.84,33.42,33.62,54038350.0,1818443521.0,20628944429.0,0.0026195402380372566
5277,2024-04-22,33.78,34.19,33.05,33.34,60753507.0,2034006573.0,20628944429.0,0.002945061353434702
5278,2024-04-23,33.3,33.82,33.23,33.38,51245244.0,1717681682.0,20628944429.0,0.0024841428109118303
5279,2024-04-24,33.38,33.55,33.1,33.46,44338353.0,1480785929.0,20628944429.0,0.002149327279086055
5280,2024-04-25,33.44,34.4,33.38,34.4,91948180.0,3136628386.0,20628944429.0,0.004457241150484657
5281,2024-04-26,34.4,34.87,34.22,34.48,95489883.0,3292052902.0,20628944429.0,0.004628927249702661
5282,2024-04-29,34.4,35.16,34.2,34.88,81806412.0,2854804596.0,20628944429.0,0.0039656130870660165
5283,2024-04-30,34.4,34.58,34.05,34.31,86804180.0,2982962844.0,20628944429.0,0.004207882778431038
5284,2024-05-06,35.1,35.36,34.72,34.88,100070494.0,3501168456.0,20628944429.0,0.004850975014471498
5285,2024-05-07,34.88,34.95,34.63,34.87,47384857.0,1649813221.0,20628944429.0,0.002297008320667477
5286,2024-05-08,34.82,34.96,34.55,34.57,41286158.0,1434042865.0,20628944429.0,0.002001370362991538
5287,2024-05-09,34.6,34.93,34.6,34.84,51239131.0,1782846432.0,20628944429.0,0.0024838464797049165
5288,2024-05-10,34.84,35.85,34.8,35.62,94036570.0,3331360840.0,20628944429.0,0.00455847706234567
5289,2024-05-13,35.44,36.07,35.33,35.91,74780026.0,2674602938.0,20628944429.0,0.0036250049660745054
5290,2024-05-14,35.89,36.13,35.2,35.34,68777884.0,2440460309.0,20628944429.0,0.003334047664761393
5291,2024-05-15,35.33,35.44,34.69,35.05,67494406.0,2361226415.0,20628944429.0,0.0032718303271551267
5292,2024-05-16,35.08,36.45,35.0,36.25,129147553.0,4659047071.0,20628944429.0,0.00626050224937566
5293,2024-05-17,36.3,36.9,36.06,36.85,91687944.0,3342837158.0,20628944429.0,0.004444626060027863
5294,2024-05-20,36.85,37.0,36.09,36.38,91425000.0,3337501051.0,20628944429.0,0.004431879697706466
5295,2024-05-21,36.36,36.52,36.13,36.24,44599944.0,1620630880.0,20628944429.0,0.002162008053950728
5296,2024-05-22,36.22,36.38,35.76,36.06,66447739.0,2398900244.0,20628944429.0,0.0032210925395963702
5297,2024-05-23,35.9,36.01,35.32,35.5,92458495.0,3284073837.0,20628944429.0,0.004481978964954824
5298,2024-05-24,35.3,35.48,34.66,34.74,87044000.0,3051224758.0,20628944429.0,0.00421950819149206
5299,2024-05-27,34.85,35.21,34.75,35.14,57093814.0,1997775669.0,20628944429.0,0.0027676556207955065
5300,2024-05-28,35.1,35.33,34.72,34.83,47619058.0,1660811058.0,20628944429.0,0.0023083613494570047
5301,2024-05-29,34.75,35.06,34.46,34.57,49104118.0,1703567318.0,20628944429.0,0.002380350490981489
5302,2024-05-30,34.45,34.9,34.18,34.34,55924484.0,1928489154.0,20628944429.0,0.0027109716734406352
5303,2024-05-31,34.53,34.6,34.28,34.28,50893248.0,1752657846.0,20628944429.0,0.002467079601438777
5304,2024-06-03,34.22,34.38,33.92,34.15,60811135.0,2071791245.0,20628944429.0,0.0029478549040304848
5305,2024-06-04,34.15,34.68,34.1,34.54,53378842.0,1840296169.0,20628944429.0,0.002587570206692712
5306,2024-06-05,34.68,34.7,33.89,33.99,69104122.0,2359792656.0,20628944429.0,0.003349862240302223
5307,2024-06-06,34.09,34.2,33.78,34.0,67724066.0,2302856624.0,20628944429.0,0.0032829632283459965
5308,2024-06-07,34.05,34.25,33.65,33.99,67826559.0,2298090330.0,20628944429.0,0.0032879316357384714
5309,2024-06-11,33.78,33.97,33.12,33.36,69044831.0,2309722313.0,20628944429.0,0.003346988074820607
5310,2024-06-12,33.35,33.36,32.95,33.09,51138059.0,1693037688.0,20628944429.0,0.0024789469561084542
5311,2024-06-13,33.2,33.22,32.72,32.82,55018421.0,1808251998.0,20628944429.0,0.002667049746018781
5312,2024-06-14,32.82,34.02,32.82,33.81,99167429.0,3324856785.0,20628944429.0,0.004807198416831801
5313,2024-06-17,33.6,33.8,33.39,33.73,45768248.0,1539063152.0,20628944429.0,0.0022186422653628062
5314,2024-06-18,33.86,34.3,33.62,33.71,45367539.0,1538144777.0,20628944429.0,0.002199217665069798
5315,2024-06-19,33.71,34.4,33.66,34.15,58593722.0,1997678159.0,20628944429.0,0.0028403645276987334
5316,2024-06-20,34.16,34.23,33.9,34.01,39246667.0,1336247232.0,20628944429.0,0.0019025048584079445
5317,2024-06-21,33.88,34.08,33.49,33.7,52396280.0,1765822362.0,20628944429.0,0.00253993994604696
5318,2024-06-24,33.79,34.22,33.49,34.07,69258954.0,2350203464.0,20628944429.0,0.00335736781095965
5319,2024-06-25,34.07,34.47,33.97,34.3,63816020.0,2187945494.0,20628944429.0,0.003093518440540659
5320,2024-06-26,34.18,34.36,33.95,34.06,45263801.0,1545807548.0,20628944429.0,0.0021941889055829985
5321,2024-06-27,33.96,34.34,33.83,34.26,55517260.0,1894891373.0,20628944429.0,0.0026912312547584497
5322,2024-06-28,34.2,34.48,34.04,34.19,52574940.0,1799951939.0,20628944429.0,0.002548600592771513
5323,2024-07-01,34.19,34.4,33.95,34.36,47223865.0,1616131283.0,20628944429.0,0.002289204140450981
5324,2024-07-02,34.38,35.25,34.36,35.08,86877071.0,3041833255.0,20628944429.0,0.004211416211770338
5325,2024-07-03,35.01,35.09,34.31,34.46,69137270.0,2388331234.0,20628944429.0,0.0033514691087541734
5326,2024-07-04,34.54,35.04,34.48,34.71,69691892.0,2424281266.0,20628944429.0,0.003378354730648637
5327,2024-07-05,34.71,34.83,33.66,33.88,96778276.0,3295568199.0,20628944429.0,0.004691382844773671
5328,2024-07-08,33.85,34.23,33.71,33.99,54573002.0,1855611836.0,20628944429.0,0.002645457802643635
5329,2024-07-09,33.99,34.55,33.72,34.47,62103701.0,2124005154.0,20628944429.0,0.003010512787687533
5330,2024-07-10,34.47,35.0,34.45,34.68,72631424.0,2524474646.0,20628944429.0,0.0035208502427247486
5331,2024-07-11,33.08,33.13,32.79,32.9,73238896.0,2411951386.0,20628944429.0,0.0035502977989044057
5332,2024-07-12,33.01,34.08,33.01,34.0,94490425.0,3199683547.0,20628944429.0,0.004580477945694892
5333,2024-07-15,34.0,34.05,33.72,33.78,47460366.0,1605883747.0,20628944429.0,0.0023006686630693816
5334,2024-07-16,33.76,33.89,33.46,33.79,45579255.0,1535668998.0,20628944429.0,0.0022094807204931463
5335,2024-07-17,33.7,34.19,33.65,34.07,57795422.0,1964635267.0,20628944429.0,0.002801666473964207
5336,2024-07-18,34.07,34.25,33.76,34.09,59862717.0,2036474280.0,20628944429.0,0.002901879793512143
5337,2024-07-19,34.0,34.3,33.59,34.25,81007218.0,2749172010.0,20628944429.0,0.0039268716961649635
5338,2024-07-22,34.17,34.17,33.09,33.34,80820577.0,2694241975.0,20628944429.0,0.00391782416585422
5339,2024-07-23,33.34,33.71,33.23,33.34,53875468.0,1803269600.0,20628944429.0,0.0026116444389787737
5340,2024-07-24,33.45,33.58,33.03,33.18,48245294.0,1604648703.0,20628944429.0,0.0023387185013779553
5341,2024-07-25,33.22,33.32,32.37,32.83,76207854.0,2496804673.0,20628944429.0,0.0036942197533320043
5342,2024-07-26,32.8,33.04,32.11,32.37,60146167.0,1952156132.0,20628944429.0,0.002915620196031311
5343,2024-07-29,32.38,32.65,32.2,32.45,41347533.0,1343740115.0,20628944429.0,0.0020043455515772286
5344,2024-07-30,32.4,32.59,32.15,32.42,39078161.0,1264925929.0,20628944429.0,0.0018943364327000777
5345,2024-07-31,32.42,33.0,32.25,32.73,59536965.0,1948675368.0,20628944429.0,0.0028860887771021103
5346,2024-08-01,32.73,32.85,32.27,32.71,40913881.0,1332771463.0,20628944429.0,0.001983324020325713
5347,2024-08-02,32.42,32.6,32.23,32.28,38613024.0,1250037017.0,20628944429.0,0.0018717886478824446
5348,2024-08-05,32.2,32.52,32.05,32.1,58441984.0,1884940815.0,20628944429.0,0.0028330089404789293
5349,2024-08-06,32.36,32.39,31.51,31.7,51438864.0,1637765272.0,20628944429.0,0.002493528652279836
5350,2024-08-07,31.73,31.9,31.55,31.58,39073173.0,1238023516.0,20628944429.0,0.0018940946365181564
5351,2024-08-08,31.61,31.98,31.38,31.93,39459978.0,1252394782.0,20628944429.0,0.0019128452323778375
5352,2024-08-09,31.97,32.58,31.81,32.33,48274847.0,1561254687.0,20628944429.0,0.002340151100127819
5353,2024-08-12,32.3,32.34,31.93,32.12,31894321.0,1023447632.0,20628944429.0,0.0015460956380862236
5354,2024-08-13,32.1,32.23,31.76,31.94,28237769.0,902009896.0,20628944429.0,0.0013688421672368063
5355,2024-08-14,31.9,32.14,31.81,31.86,28244610.0,901196911.0,20628944429.0,0.0013691737886643372
5356,2024-08-15,31.85,32.92,31.65,32.76,73978983.0,2409557383.0,20628944429.0,0.003586173943830153
5357,2024-08-16,32.75,33.25,32.72,33.15,41850302.0,1383877362.0,20628944429.0,0.002028717569337537
5358,2024-08-19,33.25,33.5,33.03,33.42,42284342.0,1409948503.0,20628944429.0,0.0020497579091132275
5359,2024-08-20,33.45,33.6,33.16,33.48,42372873.0,1415473211.0,20628944429.0,0.002054049500488865
5360,2024-08-21,33.3,33.43,32.82,33.24,37810105.0,1254587421.0,20628944429.0,0.0018328666854541945
5361,2024-08-22,33.28,33.55,33.18,33.3,38286399.0,1276718683.0,20628944429.0,0.0018559553122930175
5362,2024-08-23,33.27,33.85,33.07,33.7,46558726.0,1561509818.0,20628944429.0,0.002256961143128008
5363,2024-08-26,33.7,33.84,33.47,33.77,35117460.0,1182990040.0,20628944429.0,0.0017023391633472125
5364,2024-08-27,33.77,33.94,33.53,33.7,38720857.0,1308314397.0,20628944429.0,0.0018770159148602163
5365,2024-08-28,33.83,33.98,33.44,33.68,41523208.0,1398682394.0,20628944429.0,0.002012861498702135
5366,2024-08-29,33.59,33.77,32.9,32.93,51638782.0,1712021359.0,20628944429.0,0.002503219792836643
5367,2024-08-30,32.8,33.11,32.12,32.15,111222983.0,3618077500.0,20628944429.0,0.00539159836233034
5368,2024-09-02,32.0,32.38,31.84,31.93,55802065.0,1787602792.0,20628944429.0,0.0027050373416854967
5369,2024-09-03,32.01,32.08,31.4,31.62,50575188.0,1596269780.0,20628944429.0,0.002451661459172958
5370,2024-09-04,31.53,31.93,31.35,31.36,38052590.0,1198859446.0,20628944429.0,0.0018446212859299764
5371,2024-09-05,31.36,31.44,30.9,31.2,54206345.0,1687017960.0,20628944429.0,0.0026276838927248827
5372,2024-09-06,31.25,31.74,31.2,31.25,38318214.0,1206615762.0,20628944429.0,0.0018574975627997994
5373,2024-09-09,30.98,30.99,30.04,30.24,87107347.0,2641195521.0,20628944429.0,0.004222578973917115
5374,2024-09-10,30.25,30.43,29.94,30.19,47602357.0,1435849555.0,20628944429.0,0.0023075517588326527
5375,2024-09-11,30.14,30.2,29.93,30.08,41579376.0,1249059023.0,20628944429.0,0.002015584274954372
5376,2024-09-12,30.1,30.5,29.94,30.23,41026697.0,1242374645.0,20628944429.0,0.001988792841107517
5377,2024-09-13,30.28,30.9,30.0,30.6,49597443.0,1520857906.0,20628944429.0,0.0024042647053853284
5378,2024-09-18,30.61,31.2,30.61,31.11,41854027.0,1295345114.0,20628944429.0,0.0020288981408647334
5379,2024-09-19,31.2,31.23,30.63,30.82,45119126.0,1393040942.0,20628944429.0,0.00218717570136899
5380,2024-09-20,30.82,31.11,30.66,30.94,48741755.0,1505998312.0,20628944429.0,0.0023627847351936847
5381,2024-09-23,30.85,31.49,30.84,31.39,34460872.0,1076332365.0,20628944429.0,0.001670510680689759
5382,2024-09-24,31.68,33.14,31.67,33.13,136121800.0,4427310186.0,20628944429.0,0.006598582902217774
5383,2024-09-25,33.85,34.49,33.7,34.15,185624279.0,6327661421.0,20628944429.0,0.008998244172835665
5384,2024-09-26,34.16,35.38,33.91,35.38,174532999.0,6068657572.0,20628944429.0,0.008460587966616603
5385,2024-09-27,36.11,36.5,34.91,35.63,74545782.0,2653812670.0,20628944429.0,0.0036136498528351337
5386,2024-09-30,36.35,38.0,35.92,37.61,256101260.0,9443438268.0,20628944429.0,0.012414656546360897
5387,2024-10-08,41.37,41.37,38.82,40.0,297303868.0,11999361938.0,20628944429.0,0.014411976774829674
5388,2024-10-09,39.7,39.72,37.01,37.01,185593210.0,7113813985.0,20628944429.0,0.0089967380851099
5389,2024-10-10,37.4,39.5,37.4,38.73,143329841.0,5528664144.0,20628944429.0,0.006947996854289262
5390,2024-10-11,38.73,39.22,38.03,38.43,90347580.0,3498241860.0,20628944429.0,0.00437965114070452
5391,2024-10-14,39.01,39.8,38.69,39.33,129293839.0,5076841420.0,20628944429.0,0.006267593547745458
5392,2024-10-15,39.17,39.99,38.5,38.5,95597653.0,3755705942.0,20628944429.0,0.004634151462719033
5393,2024-10-16,38.15,39.5,38.13,39.5,101254815.0,3963555265.0,20628944429.0,0.004908385659212733
5394,2024-10-17,39.53,39.79,38.49,38.49,84892228.0,3315820471.0,20628944429.0,0.0041151998005607695
5395,2024-10-18,38.51,39.43,38.21,39.05,92819433.0,3603949498.0,20628944429.0,0.004499475643044305
5396,2024-10-21,39.15,39.15,38.5,38.85,71753946.0,2780905731.0,20628944429.0,0.0034783139896934763
5397,2024-10-22,38.84,39.6,38.75,39.17,60052610.0,2352800199.0,20628944429.0,0.0029110849664017967
5398,2024-10-23,39.06,39.94,39.02,39.66,62709968.0,2482861345.0,20628944429.0,0.0030399019307959766
5399,2024-10-24,39.55,39.68,39.14,39.31,33631220.0,1323826643.0,20628944429.0,0.0016302928206409586
5400,2024-10-25,39.25,39.49,39.06,39.1,44793119.0,1756222719.0,20628944429.0,0.0021713723236866257
5401,2024-10-28,39.01,39.1,38.28,38.52,66464094.0,2559210507.0,20628944429.0,0.0032218853576708134
5402,2024-10-29,38.6,39.1,38.41,38.6,51468161.0,1990283154.0,20628944429.0,0.0024949488412817906
5403,2024-10-30,38.51,38.9,37.61,37.88,70340828.0,2680423056.0,20628944429.0,0.0034098122781849875
5404,2024-10-31,37.8,37.99,36.91,37.36,85039251.0,3173924099.0,20628944429.0,0.004122326825431384
5405,2024-11-01,37.44,38.3,37.38,38.01,70310211.0,2671523515.0,20628944429.0,0.0034083281014203755
5406,2024-11-04,38.1,38.75,37.41,38.75,64661209.0,2466019719.0,20628944429.0,0.0031344894656412862
5407,2024-11-05,38.43,39.1,38.4,39.08,62874476.0,2445317943.0,20628944429.0,0.003047876551143915
5408,2024-11-06,39.0,39.08,38.15,38.56,64833629.0,2501077845.0,20628944429.0,0.0031428476247605487
5409,2024-11-07,38.42,39.58,38.38,39.57,74347218.0,2904874006.0,20628944429.0,0.0036040243482106282
5410,2024-11-08,39.68,39.85,38.75,38.8,74536846.0,2920926027.0,20628944429.0,0.003613216675072173
5411,2024-11-11,38.3,38.7,37.89,38.33,70314555.0,2682610299.0,20628944429.0,0.0034085386793302123
5412,2024-11-12,38.19,38.84,37.51,37.59,89328928.0,3399364219.0,20628944429.0,0.004330271396457016
5413,2024-11-13,37.59,37.98,37.51,37.82,48530440.0,1833809094.0,20628944429.0,0.0023525411184770226
5414,2024-11-14,37.66,38.48,37.53,38.06,67644030.0,2585688546.0,20628944429.0,0.003279083437003523
5415,2024-11-15,38.08,38.57,37.81,37.82,69927688.0,2671344642.0,20628944429.0,0.003389785077984709
5416,2024-11-18,38.05,38.66,37.8,37.9,76344807.0,2918992440.0,20628944429.0,0.003700858629134465
5417,2024-11-19,37.91,38.18,37.45,37.72,52124855.0,1967719175.0,20628944429.0,0.0025267824623504877
5418,2024-11-20,37.8,37.85,37.4,37.48,45129126.0,1693331536.0,20628944429.0,0.0021876604571466995
5419,2024-11-21,37.48,37.66,37.27,37.43,35033614.0,1309684433.0,20628944429.0,0.0016982746800534318
5420,2024-11-22,37.43,37.55,36.36,36.45,69049090.0,2544524441.0,20628944429.0,0.0033471945323063335
5421,2024-11-25,36.7,36.86,36.12,36.22,53409473.0,1945383410.0,20628944429.0,0.002589055062115413
5422,2024-11-26,36.03,36.58,35.84,36.39,45942121.0,1666651768.0,20628944429.0,0.0022270708594965697
5423,2024-11-27,36.39,36.68,36.11,36.6,39207688.0,1429782933.0,20628944429.0,0.0019006153288620117
5424,2024-11-28,36.6,36.85,36.18,36.47,45193910.0,1647865702.0,20628944429.0,0.002190800898977011
5425,2024-11-29,36.59,37.0,36.31,36.34,66437999.0,2437776752.0,20628944429.0,0.003220620387468881
5426,2024-12-02,36.45,36.68,36.2,36.51,42465209.0,1548959360.0,20628944429.0,0.0020585255414379204
5427,2024-12-03,36.65,37.22,36.38,37.12,72198609.0,2658919819.0,20628944429.0,0.0034998692855318274
5428,2024-12-04,37.09,37.09,36.53,36.81,62051124.0,2285383469.0,20628944429.0,0.0030079640872350717
5429,2024-12-05,36.66,37.36,36.61,36.91,56894934.0,2108115265.0,20628944429.0,0.0027580147978884255
5430,2024-12-06,37.01,37.82,37.01,37.7,87723587.0,3296793042.0,20628944429.0,0.004252451563962667
5431,2024-12-09,37.59,37.99,37.35,37.7,49299535.0,1859542283.0,20628944429.0,0.002389823442962749
5432,2024-12-10,38.8,38.99,38.4,38.6,103895319.0,4022695501.0,20628944429.0,0.005036385616219162
5433,2024-12-11,38.54,38.79,38.23,38.3,51770936.0,1988895959.0,20628944429.0,0.0025096260343413813
5434,2024-12-12,38.29,38.83,38.21,38.8,58688876.0,2267252621.0,20628944429.0,0.0028449771728259474
5435,2024-12-13,38.45,38.6,37.28,37.3,111798280.0,4213094969.0,20628944429.0,0.005419486216795218
5436,2024-12-16,37.35,37.78,37.32,37.74,64031589.0,2409086954.0,20628944429.0,0.003103968272365159
5437,2024-12-17,37.54,38.16,37.54,37.85,60310408.0,2287237539.0,20628944429.0,0.002923581873399985
5438,2024-12-18,38.02,38.66,37.86,38.52,80585536.0,3101731956.0,20628944429.0,0.003906430417579366
5439,2024-12-19,38.38,38.53,38.0,38.02,61119582.0,2336249857.0,20628944429.0,0.002962807050567192
5440,2024-12-20,38.05,38.28,37.86,37.91,54215038.0,2060744582.0,20628944429.0,0.0026281052909224454
5441,2024-12-23,37.99,38.7,37.98,38.35,90269156.0,3473126152.0,20628944429.0,0.004375849491993413
5442,2024-12-24,38.35,39.29,38.32,39.22,99342846.0,3875223368.0,20628944429.0,0.004815701857257643
5443,2024-12-25,39.23,39.56,38.99,39.4,75591307.0,2972981821.0,20628944429.0,0.003664332281284076
5444,2024-12-26,39.4,39.54,39.01,39.48,53925194.0,2125139425.0,20628944429.0,0.0026140549355590102
5445,2024-12-27,39.48,39.64,38.78,39.34,70031955.0,2742768758.0,20628944429.0,0.00339483948105215
5446,2024-12-30,39.34,39.8,39.25,39.62,67884533.0,2690314729.0,20628944429.0,0.003290741958884163
5447,2024-12-31,39.56,39.9,39.3,39.3,64371699.0,2549055494.0,20628944429.0,0.003120455301120827
5448,2025-01-02,39.35,39.5,38.34,38.51,64200070.0,2493694677.0,20628944429.0,0.0031121354861835815
5449,2025-01-03,38.6,39.04,38.54,38.66,68258306.0,2646967329.0,20628944429.0,0.0033088608210143336
5450,2025-01-06,38.9,39.1,38.13,39.05,61715863.0,2394244404.0,20628944429.0,0.002991712116556015
5451,2025-01-07,38.97,39.15,38.61,38.9,49275205.0,1917344814.0,20628944429.0,0.0023886440321555825
5452,2025-01-08,38.83,39.55,38.82,39.28,75148102.0,2952943868.0,20628944429.0,0.003642847662838115
5453,2025-01-09,39.4,39.43,38.83,39.0,44708335.0,1748399288.0,20628944429.0,0.002167262370300896
5454,2025-01-10,39.34,39.45,38.81,38.98,48142480.0,1881660497.0,20628944429.0,0.0023337345333250157
5455,2025-01-13,38.93,39.15,38.54,39.07,60632274.0,2360608444.0,20628944429.0,0.0029391845137148
5456,2025-01-14,39.09,39.97,38.9,39.85,70801188.0,2802857578.0,20628944429.0,0.0034321284951676087
5457,2025-01-15,39.99,41.0,39.89,40.64,79670088.0,3234242853.0,20628944429.0,0.0038620535468601317
5458,2025-01-16,40.65,41.15,40.53,40.99,59259386.0,2423118469.0,20628944429.0,0.002872632974700036
5459,2025-01-17,40.96,41.16,40.13,40.71,47590050.0,1936832044.0,20628944429.0,0.002306955169897026
5460,2025-01-20,40.98,41.07,40.11,40.12,54257482.0,2195966480.0,20628944429.0,0.002630162788345354
5461,2025-01-21,40.32,40.51,40.01,40.14,40068506.0,1613495367.0,20628944429.0,0.0019423439787676206
5462,2025-01-22,40.14,40.16,39.32,39.45,58891222.0,2327377021.0,20628944429.0,0.0028547860120855823
5463,2025-01-23,39.67,40.23,39.52,39.83,60661810.0,2417576583.0,20628944429.0,0.002940616288379842
5464,2025-01-24,39.66,40.55,39.46,40.26,57465234.0,2312073726.0,20628944429.0,0.002785660419891182
5465,2025-01-27,40.58,40.97,40.55,40.65,52606047.0,2144848681.0,20628944429.0,0.002550108522569233
5466,2025-02-05,40.85,40.9,39.9,40.0,50478889.0,2030411802.0,20628944429.0,0.002446993309509196
5467,2025-02-06,40.0,40.38,39.73,40.2,46608842.0,1866867478.0,20628944429.0,0.002259390545183576
5468,2025-02-07,40.1,40.4,39.96,40.2,52106618.0,2092855370.0,20628944429.0,0.0025258984132386798
5469,2025-02-10,40.2,40.92,39.96,40.6,58180595.0,2357786974.0,20628944429.0,0.002820337957680966
5470,2025-02-11,40.75,41.04,40.64,40.98,45777119.0,1872296623.0,20628944429.0,0.002219072292213212
5471,2025-02-12,40.96,41.66,40.56,41.62,60359149.0,2484722115.0,20628944429.0,0.0029259446215361175
5472,2025-02-13,41.65,41.95,41.34,41.71,46220698.0,1927409816.0,20628944429.0,0.0022405750405252597
5473,2025-02-14,41.69,42.03,41.52,42.03,49873690.0,2086301720.0,20628944429.0,0.0024176559383178122
5474,2025-02-17,41.99,41.99,41.36,41.72,53612561.0,2228540282.0,20628944429.0,0.002598899870253754
5475,2025-02-18,41.51,42.48,41.51,42.05,54666539.0,2301403254.0,20628944429.0,0.002649992062761594
5476,2025-02-19,42.0,42.15,41.76,41.98,37470223.0,1572476676.0,20628944429.0,0.0018163907091302582
5477,2025-02-20,42.0,42.09,41.68,41.85,40767508.0,1705724684.0,20628944429.0,0.00197622850458065
5478,2025-02-21,41.96,41.99,41.22,41.4,59525579.0,2467492898.0,20628944429.0,0.0028855368341736106
5479,2025-02-24,41.39,41.75,41.1,41.27,57110709.0,2361716151.0,20628944429.0,0.0027684746156819463
5480,2025-02-25,41.15,41.44,40.91,41.03,50732120.0,2088784244.0,20628944429.0,0.0024592688285437043
5481,2025-02-26,41.13,41.7,41.05,41.48,47644661.0,1974231834.0,20628944429.0,0.0023096024696746737
5482,2025-02-27,41.6,42.4,41.28,42.38,62259657.0,2611617503.0,20628944429.0,0.003018072844894375
5483,2025-02-28,42.38,42.66,42.05,42.05,70542365.0,2985755469.0,20628944429.0,0.0034195819007022056
5484,2025-03-03,42.12,42.62,41.95,42.05,47014902.0,1983165730.0,20628944429.0,0.0022790745382932362
5485,2025-03-04,41.91,42.1,41.77,41.8,31724542.0,1329037847.0,20628944429.0,0.0015378655029678542
5486,2025-03-05,41.96,42.91,41.75,42.89,63203743.0,2689749944.0,20628944429.0,0.003063837959209813
5487,2025-03-06,42.89,43.1,42.45,42.96,57205304.0,2450800591.0,20628944429.0,0.0027730601629611866
5488,2025-03-07,42.9,43.8,42.85,43.57,60541319.0,2626484644.0,20628944429.0,0.002934775417538646
5489,2025-03-10,43.49,43.58,42.82,43.07,50874971.0,2191791878.0,20628944429.0,0.002466193613303858
5490,2025-03-11,42.77,43.64,42.71,43.51,56574109.0,2447134269.0,20628944429.0,0.0027424626206500697
5491,2025-03-12,43.5,43.86,43.25,43.54,41825836.0,1822497448.0,20628944429.0,0.0020275315658517933
5492,2025-03-13,43.6,44.38,43.5,43.84,58553928.0,2575079640.0,20628944429.0,0.0028384354905569174
5493,2025-03-14,44.0,45.47,43.94,45.16,91127535.0,4095818343.0,20628944429.0,0.004417459909964839
5494,2025-03-17,45.32,45.5,44.98,45.04,65420973.0,2957486225.0,20628944429.0,0.0031713194645108323
5495,2025-03-18,45.29,45.38,44.82,45.14,42822001.0,1933102848.0,20628944429.0,0.002075821239781963
5496,2025-03-19,45.28,46.1,45.1,46.02,67070594.0,3061182015.0,20628944429.0,0.0032512857955888774
5497,2025-03-20,45.92,45.92,44.78,45.24,67865603.0,3067327047.0,20628944429.0,0.0032898243161969595
5498,2025-03-21,45.12,45.34,44.52,44.7,67541170.0,3030118215.0,20628944429.0,0.003274097239074006
5499,2025-03-24,44.55,45.19,44.55,45.05,44957619.0,2018232266.0,20628944429.0,0.0021793465562299423
5500,2025-03-25,45.0,45.5,44.95,45.09,35687155.0,1610425397.0,20628944429.0,0.0017299554576254174
5501,2025-03-26,44.5,44.59,42.61,42.66,157832632.0,6817699594.0,20628944429.0,0.007651028027305177
5502,2025-03-27,42.75,43.74,42.74,43.26,82795081.0,3583722318.0,20628944429.0,0.004013539388065215
5503,2025-03-28,43.3,43.45,43.06,43.22,38618409.0,1671063294.0,20628944429.0,0.0018720496888687411
5504,2025-03-31,43.21,43.78,42.61,43.29,53956888.0,2334387177.0,20628944429.0,0.002615591320520882
5505,2025-04-01,43.28,43.29,42.75,42.87,38936035.0,1671945743.0,20628944429.0,0.0018874467927338077
5506,2025-04-02,42.87,43.15,42.68,42.73,33120189.0,1420244308.0,20628944429.0,0.0016055202976571071
5507,2025-04-03,42.02,42.85,42.02,42.65,46416550.0,1977833089.0,20628944429.0,0.00225006907938285
5508,2025-04-07,40.94,42.0,39.39,40.83,181563292.0,7360169684.0,20628944429.0,0.008801385481690465
5509,2025-04-08,40.78,41.2,40.44,41.15,161047736.0,6562173340.0,20628944429.0,0.007806882051298777
5510,2025-04-09,40.6,41.02,40.3,40.46,97396935.0,3956703949.0,20628944429.0,0.004721372697241852
5511,2025-04-10,40.99,41.45,40.55,41.1,74378875.0,3057795208.0,20628944429.0,0.0036055589395761227
5512,2025-04-11,41.11,41.69,40.81,41.51,58305691.0,2404586566.0,20628944429.0,0.002826402058557797
5513,2025-04-14,41.68,41.91,41.41,41.48,48215984.0,2006762053.0,20628944429.0,0.0023372976821934895
5514,2025-04-15,41.49,42.29,41.45,42.1,61456386.0,2578602435.0,20628944429.0,0.0029791338190627496
5515,2025-04-16,41.98,42.58,41.82,42.25,57629358.0,2425842589.0,20628944429.0,0.002793616425617257
5516,2025-04-17,42.12,42.36,41.85,42.12,40579288.0,1711632454.0,20628944429.0,0.001967104431332607
5517,2025-04-18,42.13,42.79,42.05,42.75,43500128.0,1849158562.0,20628944429.0,0.0021086938379090243
5518,2025-04-21,42.66,43.08,42.28,42.28,41646585.0,1774479138.0,20628944429.0,0.002018842270060778
5519,2025-04-22,42.31,42.54,42.01,42.01,43378813.0,1831804304.0,20628944429.0,0.002102813023191745
5520,2025-04-23,42.3,42.3,41.77,41.99,46774359.0,1965588261.0,20628944429.0,0.0022674140773894856
5521,2025-04-24,42.0,42.38,41.95,42.21,41365185.0,1747384624.0,20628944429.0,0.002005201242476041
5522,2025-04-25,42.29,42.55,42.04,42.08,42434993.0,1792844933.0,20628944429.0,0.0020570608033799944
5523,2025-04-28,42.15,42.56,42.03,42.35,38697317.0,1639160750.0,20628944429.0,0.001875874799759489
5524,2025-04-29,42.35,42.65,42.0,42.0,45769853.0,1933096299.0,20628944429.0,0.0022187200686651287
5525,2025-04-30,41.64,41.64,40.51,40.74,117268210.0,4782474914.0,20628944429.0,0.005684644233911713
5526,2025-05-06,40.9,41.41,40.51,41.37,66640999.0,2734586584.0,20628944429.0,0.0032304609297563783
5527,2025-05-07,41.79,42.23,41.31,42.02,71291388.0,2985699306.0,20628944429.0,0.0034558912233909147
5528,2025-05-08,42.01,43.42,42.0,42.8,83380964.0,3581050505.0,20628944429.0,0.004041940404996377
5529,2025-05-09,42.8,43.6,42.8,43.48,66815472.0,2897563045.0,20628944429.0,0.003238918609236804
5530,2025-05-12,43.45,44.4,43.11,43.8,84897409.0,3724155034.0,20628944429.0,0.004115450952529201
5531,2025-05-13,44.09,44.65,43.85,44.56,69912417.0,3099990420.0,20628944429.0,0.0033890448074365698
5532,2025-05-14,44.55,45.3,44.32,44.81,71279018.0,3194543663.0,20628944429.0,0.0034552915804938883
5533,2025-05-15,44.83,45.38,44.65,44.92,68460048.0,3080577618.0,20628944429.0,0.0033186403810249944
5534,2025-05-16,44.75,44.98,44.03,44.27,61965535.0,2743750956.0,20628944429.0,0.003003815111009236
5535,2025-05-19,44.2,44.46,43.75,43.84,50281701.0,2213557250.0,20628944429.0,0.0024374345072797035
5536,2025-05-20,44.03,44.61,43.87,43.9,50053483.0,2210731576.0,20628944429.0,0.0024263715078719794
5537,2025-05-21,43.95,44.37,43.84,43.9,49920035.0,2199193618.0,20628944429.0,0.0024199025389696057
5538,2025-05-22,43.9,44.56,43.75,44.51,56565562.0,2503244591.0,20628944429.0,0.002742048299886862
5539,2025-05-23,44.51,44.68,43.9,44.05,54146009.0,2395482582.0,20628944429.0,0.0026247590702644964
5540,2025-05-26,43.89,44.17,43.63,43.8,45609975.0,2000068964.0,20628944429.0,0.0022109698902422694
5541,2025-05-27,43.8,44.15,43.67,43.74,36375001.0,1594752084.0,20628944429.0,0.0017632991898928344
5542,2025-05-28,43.78,44.05,43.6,43.68,30035524.0,1313730557.0,20628944429.0,0.0014559893795523685
5543,2025-05-29,43.7,43.95,43.45,43.47,49298970.0,2152530686.0,20628944429.0,0.0023897960542613086
5544,2025-05-30,43.55,43.88,43.35,43.43,57139144.0,2491890458.0,20628944429.0,0.0027698530187358623
5545,2025-06-03,43.5,44.43,43.5,43.97,50368513.0,2216746052.0,20628944429.0,0.002441642769137153
5546,2025-06-04,44.05,44.27,43.9,44.06,37341667.0,1644649609.0,20628944429.0,0.0018101588827543398
5547,2025-06-05,44.06,44.42,44.0,44.37,42131680.0,1865235666.0,20628944429.0,0.002042357530459563
5548,2025-06-06,44.45,44.71,44.3,44.47,37349895.0,1660462752.0,20628944429.0,0.001810557739808239
5549,2025-06-09,44.6,44.68,44.21,44.6,47477446.0,2111750061.0,20628944429.0,0.002301496625937709
5550,2025-06-10,44.57,45.05,44.45,44.67,52834892.0,2364300624.0,20628944429.0,0.0025612019161642195
5551,2025-06-11,44.72,45.68,44.72,45.31,77676108.0,3518360401.0,20628944429.0,0.0037653942142964704
5552,2025-06-12,45.4,45.65,45.1,45.23,45239070.0,2050510492.0,20628944429.0,0.0021929900560691456
5553,2025-06-13,45.24,45.35,44.95,45.18,47408056.0,2141145231.0,20628944429.0,0.002298132905596185
5554,2025-06-16,45.08,45.81,44.95,45.78,41447435.0,1885267746.0,20628944429.0,0.002009188358747699
5555,2025-06-17,45.88,46.05,45.71,45.98,47420901.0,2177741322.0,20628944429.0,0.0022987555743926523
5556,2025-06-18,45.92,46.07,45.65,45.85,42642859.0,1957406403.0,20628944429.0,0.0020671372278289247
5557,2025-06-19,45.84,46.06,45.37,45.63,51345430.0,2342843184.0,20628944429.0,0.002488999385146388
5558,2025-06-20,45.73,46.18,45.55,45.99,44815652.0,2059058897.0,20628944429.0,0.0021724646238805378
5559,2025-06-23,45.9,46.34,45.43,46.25,53893148.0,2475802504.0,20628944429.0,0.0026125014871937633
5560,2025-06-24,46.31,47.0,46.18,46.75,65581461.0,3058493531.0,20628944429.0,0.003179099213036132
5561,2025-06-25,46.75,47.5,46.59,47.5,60767987.0,2862914073.0,20628944429.0,0.002945763279800825
5562,2025-06-26,47.49,47.88,47.05,47.88,59020064.0,2807185760.0,20628944429.0,0.0028610317024767434
5563,2025-06-27,47.85,47.87,46.04,46.22,95414320.0,4461309935.0,20628944429.0,0.004625264289619557
5564,2025-06-30,46.13,46.29,45.77,45.95,62461363.0,2870068037.0,20628944429.0,0.0030278506597842367
5565,2025-07-01,45.96,46.67,45.92,46.45,45061309.0,2089060872.0,20628944429.0,0.002184372988889009
5566,2025-07-02,46.7,47.16,46.45,46.9,51856318.0,2429269829.0,20628944429.0,0.002513764976122618
5567,2025-07-03,46.9,46.95,46.34,46.61,55622576.0,2595710465.0,20628944429.0,0.002696336508706972
5568,2025-07-04,46.6,47.5,46.4,47.07,67894832.0,3190053518.0,20628944429.0,0.0032912412088596256
5569,2025-07-07,47.07,47.3,46.7,47.2,56742742.0,2672021321.0,20628944429.0,0.0027506372027563137
5570,2025-07-08,47.28,47.67,47.1,47.62,63742101.0,3025850416.0,20628944429.0,0.0030899351743074103
5571,2025-07-09,47.5,47.77,47.13,47.13,61456635.0,2912999773.0,20628944429.0,0.0029791458894816145
5572,2025-07-10,47.1,48.55,47.1,48.24,121978404.0,5860161557.0,20628944429.0,0.005912973609474839
5573,2025-07-11,46.28,46.5,45.62,45.64,118444284.0,5446393735.0,20628944429.0,0.005741655100563071
5574,2025-07-14,45.65,46.09,45.44,45.57,64848437.0,2969040141.0,20628944429.0,0.0031435654511161805
5575,2025-07-15,45.77,45.92,44.8,45.22,66620626.0,3018332344.0,20628944429.0,0.003229473336810451
5576,2025-07-16,45.26,45.54,44.88,45.11,46818639.0,2112241748.0,20628944429.0,0.002269560575973182
5577,2025-07-17,45.1,45.33,44.91,45.0,41689506.0,1877218807.0,20628944429.0,0.002020922890334284
5578,2025-07-18,45.05,45.16,44.74,45.05,54343057.0,2445283609.0,20628944429.0,0.0026343110859131007
5579,2025-07-21,45.05,45.23,44.83,44.85,56641201.0,2546034189.0,20628944429.0,0.0027457149441138767
5580,2025-07-22,44.85,44.98,44.21,44.94,92231906.0,4111116850.0,20628944429.0,0.004470994932263289
5581,2025-07-23,44.97,45.7,44.96,45.12,85324905.0,3864679805.0,20628944429.0,0.004136174068123958
5582,2025-07-24,45.21,45.36,44.8,44.88,82662013.0,3724435789.0,20628944429.0,0.004007088839882394
5583,2025-07-25,44.84,45.17,44.75,44.83,69626423.0,3129427563.0,20628944429.0,0.003375181083047553
5584,2025-07-28,44.8,45.16,44.41,44.44,63512720.0,2838575467.0,20628944429.0,0.0030788157978027387
5585,2025-07-29,44.44,44.8,44.14,44.14,78581282.0,3487013440.0,20628944429.0,0.003809273046929686
5586,2025-07-30,44.17,44.75,43.93,44.42,72546085.0,3222441776.0,20628944429.0,0.003516713385393356
5587,2025-07-31,44.4,44.56,43.85,44.48,73319517.0,3247588211.0,20628944429.0,0.003554205948459875
5588,2025-08-01,44.5,44.97,44.35,44.42,59462094.0,2651723323.0,20628944429.0,0.0028824593621188236
5589,2025-08-04,44.31,44.97,44.31,44.9,49800832.0,2231447773.0,20628944429.0,0.0024141241046725785
5590,2025-08-05,44.78,45.4,44.64,45.25,55525830.0,2502003950.0,20628944429.0,0.0026916466904599464
5591,2025-08-06,45.29,45.73,45.11,45.12,43029640.0,1951697829.0,20628944429.0,0.0020858866602747393
5592,2025-08-07,45.12,45.6,44.96,45.15,44064325.0,1995029890.0,20628944429.0,0.002136043613460645
5593,2025-08-08,45.2,45.28,44.53,44.53,45642153.0,2044145472.0,20628944429.0,0.002212529737383782
5594,2025-08-11,44.53,44.63,44.1,44.1,53672371.0,2375089438.0,20628944429.0,0.0026017991945602326
5595,2025-08-12,44.13,44.48,44.0,44.0,56225243.0,2482688843.0,20628944429.0,0.00272555113973544
5596,2025-08-13,44.14,44.25,43.49,43.54,87673736.0,3837405883.0,20628944429.0,0.004250035007935209
5597,2025-08-14,43.55,43.94,43.5,43.78,67635168.0,2959763586.0,20628944429.0,0.0032786538464333174
5598,2025-08-15,43.66,43.74,43.3,43.3,93295684.0,4051326297.0,20628944429.0,0.004522562185433283
5599,2025-08-18,43.1,43.67,42.89,43.51,92639738.0,4005818986.0,20628944429.0,0.004490764824096759
5600,2025-08-19,43.45,43.7,43.29,43.4,57411852.0,2493609522.0,20628944429.0,0.002783072696598615
5601,2025-08-20,43.3,43.63,43.15,43.45,54724013.0,2374776328.0,20628944429.0,0.0026527781481183997
5602,2025-08-21,43.5,43.59,43.23,43.47,57854002.0,2512170016.0,20628944429.0,0.0028045061733100274
5603,2025-08-22,43.47,43.48,43.04,43.26,79449625.0,3432029283.0,20628944429.0,0.003851366475558021
5604,2025-08-25,43.32,43.87,43.11,43.87,90738990.0,3956212555.0,20628944429.0,0.004398624966599836
5605,2025-08-26,43.89,44.02,43.42,43.52,75572231.0,3296532147.0,20628944429.0,0.003663407561162518
5606,2025-08-27,43.5,43.66,43.0,43.0,75814078.0,3280973424.0,20628944429.0,0.0036751312342196817
5607,2025-08-28,43.02,43.3,42.6,42.98,82242557.0,3530397264.0,20628944429.0,0.003986755467932915
5608,2025-08-29,42.98,43.99,42.89,42.89,136087899.0,5896873900.0,20628944429.0,0.006596939531655762
5609,2025-09-01,42.62,42.64,41.88,41.98,127633329.0,5381676513.0,20628944429.0,0.006187099366101065
5610,2025-09-02,41.86,43.5,41.86,43.44,145214114.0,6232062120.0,20628944429.0,0.0070393380766424095
5611,2025-09-03,43.44,43.57,42.7,42.9,81840560.0,3528703354.0,20628944429.0,0.0039672684310957385
5612,2025-09-04,42.81,43.32,42.14,43.05,93536328.0,3997574925.0,20628944429.0,0.004534227542370389
5613,2025-09-05,43.0,43.02,42.53,42.76,57232838.0,2449941047.0,20628944429.0,0.002774394889519531
5614,2025-09-08,42.7,43.1,42.37,42.43,85168162.0,3635065671.0,20628944429.0,0.004128575860637411
5615,2025-09-09,42.42,42.88,42.4,42.83,58952653.0,2515896773.0,20628944429.0,0.0028577639153036277
5616,2025-09-10,42.8,43.15,42.56,43.0,47138694.0,2022413171.0,20628944429.0,0.002285075427016654
5617,2025-09-11,43.13,43.33,42.78,43.3,65073072.0,2804175734.0,20628944429.0,0.003154454762528751
5618,2025-09-12,43.38,43.47,42.42,42.54,82314003.0,3521647843.0,20628944429.0,0.003990218854062337
5619,2025-09-15,42.48,42.79,42.11,42.22,69949106.0,2964121228.0,20628944429.0,0.003390823327909407
5620,2025-09-16,42.32,42.43,41.66,41.75,85905078.0,3600259578.0,20628944429.0,0.004164298289506047
5621,2025-09-17,41.76,42.19,41.7,41.76,57236258.0,2392440771.0,20628944429.0,0.0027745606759955075
5622,2025-09-18,41.78,41.84,40.8,40.83,100352240.0,4131887418.0,20628944429.0,0.004864632814606144
5623,2025-09-19,40.8,41.53,40.55,41.0,83656307.0,3440376826.0,20628944429.0,0.004055287816006555
5624,2025-09-22,41.15,41.37,40.8,40.92,65611030.0,2688228051.0,20628944429.0,0.0031805325873952403
5625,2025-09-23,40.98,41.75,40.63,41.55,93885081.0,3891395841.0,20628944429.0,0.0045511335455447315
5626,2025-09-24,41.5,41.89,41.29,41.32,64389951.0,2672303416.0,20628944429.0,0.003121340077366302
5627,2025-09-25,41.32,41.36,40.81,40.82,66694887.0,2730478547.0,20628944429.0,0.003233073181691298
5628,2025-09-26,40.81,41.0,40.3,40.8,68276667.0,2773964882.0,20628944429.0,0.003309750881097785
5629,2025-09-29,40.77,41.29,40.36,40.68,83555055.0,3407163055.0,20628944429.0,0.004050379566806094
5630,2025-09-30,40.65,40.79,40.41,40.41,70002520.0,2836889513.0,20628944429.0,0.003393412602420463
5631,2025-10-09,40.21,40.44,39.82,40.33,97231953.0,3900217891.0,20628944429.0,0.00471337509947005
5632,2025-10-10,40.3,40.65,40.13,40.18,95504979.0,3852817637.0,20628944429.0,0.004629659037024691
5633,2025-10-13,39.76,40.3,39.7,40.11,106593617.0,4266014498.0,20628944429.0,0.005167187170767282
5634,2025-10-14,40.09,41.49,39.83,41.26,173382668.0,7102543598.0,20628944429.0,0.0084048250067638
5635,2025-10-15,41.25,41.57,41.01,41.5,106276702.0,4392820738.0,20628944429.0,0.005151824533038011
5636,2025-10-16,41.5,41.99,41.13,41.93,106248776.0,4427156848.0,20628944429.0,0.00515047080405318
5637,2025-10-17,41.88,42.22,41.38,41.59,82982705.0,3470670301.0,20628944429.0,0.004022634569868907
5638,2025-10-20,41.61,41.79,41.1,41.42,64947729.0,2694843445.0,20628944429.0,0.0031483786881842104
5639,2025-10-21,41.49,42.1,41.49,41.98,75993124.0,3184239228.0,20628944429.0,0.003683810592517254
5640,2025-10-22,41.98,42.2,41.73,41.95,55133364.0,2311324892.0,20628944429.0,0.002672621674354504
5641,2025-10-23,41.95,42.49,41.78,42.24,71317373.0,3004975799.0,20628944429.0,0.003457150861279292
5642,2025-10-24,42.35,42.45,41.85,41.95,69883194.0,2938870335.0,20628944429.0,0.00338762820562737
5643,2025-10-27,41.9,41.97,41.42,41.59,98894862.0,4120096208.0,20628944429.0,0.004793985574025514
5644,2025-10-28,41.62,41.72,41.23,41.6,70595074.0,2928533807.0,20628944429.0,0.0034221369999309333
5645,2025-10-29,41.53,41.53,40.69,40.77,91098760.0,3735043026.0,20628944429.0,0.00441606502521448
5646,2025-10-30,40.8,41.36,40.73,41.2,113153844.0,4648170384.0,20628944429.0,0.005485197964900679
5647,2025-10-31,41.26,41.3,40.84,40.89,70260700.0,2881797758.0,20628944429.0,0.0034059280270893593
5648,2025-11-03,41.14,41.97,41.06,41.79,92198068.0,3837027068.0,20628944429.0,0.004469354615662676
5649,2025-11-04,41.84,43.11,41.81,43.01,134003592.0,5731414416.0,20628944429.0,0.006495901545578786
5650,2025-11-05,43.1,43.47,42.75,42.8,73171377.0,3142006312.0,20628944429.0,0.003547024776368891
5651,2025-11-06,42.65,42.89,42.31,42.34,87197274.0,3704094152.0,20628944429.0,0.0042269382371993205
5652,2025-11-07,42.4,42.72,42.28,42.51,59319118.0,2521251002.0,20628944429.0,0.0028755285179114486
5653,2025-11-10,42.45,42.88,42.28,42.72,53236873.0,2272065471.0,20628944429.0,0.002580688177392152
5654,2025-11-11,42.69,43.04,42.52,42.96,54467066.0,2335614860.0,20628944429.0,0.002640322493836895
5655,2025-11-12,43.12,43.36,42.93,42.93,58792878.0,2538488042.0,20628944429.0,0.002850018729865279
5656,2025-11-13,42.97,43.3,42.74,43.21,58798006.0,2531083386.0,20628944429.0,0.002850267312628088
5657,2025-11-14,43.24,43.59,43.18,43.25,51820955.0,2251121743.0,20628944429.0,0.002512050734265905
5658,2025-11-17,43.1,43.2,42.5,42.65,61067446.0,2605355053.0,20628944429.0,0.0029602797278445274
5659,2025-11-18,42.56,42.91,42.44,42.88,51743927.0,2210394705.0,20628944429.0,0.0025083167574613667
5660,2025-11-19,42.88,43.5,42.8,43.22,51169639.0,2211527918.0,20628944429.0,0.0024804778148544595
5661,2025-11-20,43.22,43.79,43.05,43.23,58585152.0,2545450519.0,20628944429.0,0.0028399490919972367
5662,2025-11-21,43.24,43.55,42.76,43.0,79126405.0,3414438913.0,20628944429.0,0.003835698199310904
5663,2025-11-24,43.1,43.21,42.51,42.63,67854882.0,2903502508.0,20628944429.0,0.0032893046095276773
5664,2025-11-25,42.66,43.3,42.44,43.25,66640949.0,2860710968.0,20628944429.0,0.00323045850597749
5665,2025-11-26,43.34,43.63,42.97,43.25,45107206.0,1950643252.0,20628944429.0,0.002186597872481961
5666,2025-11-27,43.18,43.39,42.6,43.19,62143434.0,2671439102.0,20628944429.0,0.0030124388678191053
5667,2025-11-28,43.1,43.12,42.82,42.95,49465789.0,2126261782.0,20628944429.0,0.0023978827016694756
5668,2025-12-01,43.08,43.47,42.93,43.44,56791942.0,2454940643.0,20628944429.0,0.002753022201182643
5669,2025-12-02,43.44,43.65,43.22,43.38,40673497.0,1765681348.0,20628944429.0,0.001971671267038828
5670,2025-12-03,43.27,43.58,43.0,43.01,46895972.0,2029264531.0,20628944429.0,0.0022733093378289404
5671,2025-12-04,43.05,43.42,43.01,43.22,36120746.0,1560898874.0,20628944429.0,0.001750974031866689
5672,2025-12-05,43.25,43.55,42.91,43.45,54890622.0,2372985275.0,20628944429.0,0.0026608546156552354
5673,2025-12-08,43.44,43.64,43.07,43.18,58003881.0,2512101223.0,20628944429.0,0.0028117716444307555
5674,2025-12-09,43.18,43.3,42.83,43.04,46593870.0,2007147248.0,20628944429.0,0.0022586647688331895
5675,2025-12-10,43.08,43.08,41.55,41.7,108315686.0,4546989729.0,20628944429.0,0.005250665460503675
5676,2025-12-11,41.86,42.05,41.41,41.68,84623107.0,3525927169.0,20628944429.0,0.004102154004595481
5677,2025-12-12,41.75,41.83,41.48,41.74,71762547.0,2991877687.0,20628944429.0,0.003478730928137884
5678,2025-12-15,41.74,42.28,41.63,41.8,56266557.0,2361986962.0,20628944429.0,0.0027275538597554675
5679,2025-12-16,41.78,42.13,41.43,41.7,56617635.0,2359934980.0,20628944429.0,0.002744572568648127
5680,2025-12-17,41.6,41.85,41.23,41.52,63126744.0,2619154132.0,20628944429.0,0.0030601053881970297
5681,2025-12-18,41.54,42.42,41.4,42.37,76811931.0,3224732020.0,20628944429.0,0.0037235027349251286
5682,2025-12-19,42.37,42.48,41.91,41.99,57382341.0,2421818093.0,20628944429.0,0.002781642133823017
5683,2025-12-22,42.08,42.13,41.71,41.77,52473989.0,2197149656.0,20628944429.0,0.002543706934719961
5684,2025-12-23,41.74,42.04,41.66,41.91,60651014.0,2539576613.0,20628944429.0,0.0029400929460422272
5685,2025-12-24,41.93,41.99,41.55,41.83,53630520.0,2241620145.0,20628944429.0,0.002599770443154942
5686,2025-12-25,41.93,42.08,41.7,41.78,49921351.0,2090265137.0,20628944429.0,0.002419966332829952
5687,2025-12-26,41.79,41.88,41.62,41.7,50880959.0,2123779708.0,20628944429.0,0.00246648388506355
5688,2025-12-29,41.66,41.93,41.42,41.87,68255105.0,2848984782.0,20628944429.0,0.0033087056506898886
5689,2025-12-30,41.9,42.48,41.78,42.28,83478293.0,3522122452.0,20628944429.0,0.004046658484505242
5690,2025-12-31,42.24,42.33,41.92,42.1,55414239.0,2335536695.0,20628944429.0,0.0026862372522609116
5691,2026-01-05,42.48,42.8,42.27,42.35,84082964.0,3571507107.0,20628944429.0,0.004075970260591563
5692,2026-01-06,42.45,42.79,42.09,42.73,92371482.0,3918152819.0,20628944429.0,0.004477760959506243
5693,2026-01-07,42.75,43.02,42.14,42.15,88055952.0,3735889227.0,20628944429.0,0.0042685631493685
5694,2026-01-08,42.2,42.25,41.3,41.58,111572692.0,4642639925.0,20628944429.0,0.005408550708157031
5695,2026-01-09,41.54,41.76,41.12,41.3,98547074.0,4069939125.0,20628944429.0,0.0047771263497837215
5696,2026-01-12,41.3,41.43,41.0,41.12,118664058.0,4887859874.0,20628944429.0,0.005752308772192098
5697,2026-01-13,41.2,41.38,41.03,41.13,115936473.0,4772124912.0,20628944429.0,0.005620087513397799
5698,2026-01-14,41.13,41.17,40.06,40.07,191774380.0,7803195415.0,20628944429.0,0.009296373872160184
5699,2026-01-15,40.11,40.42,40.0,40.11,121727094.0,4886718463.0,20628944429.0,0.005900791212025229
5700,2026-01-16,39.49,39.5,38.65,38.72,152524530.0,5941062877.0,20628944429.0,0.007393714715988195
5701,2026-01-19,38.73,38.92,38.5,38.55,98870273.0,3825610922.0,20628944429.0,0.004792793608043705
5702,2026-01-20,38.57,39.13,38.51,38.73,111387322.0,4327688233.0,20628944429.0,0.005399564790305636
5703,2026-01-21,38.92,38.94,38.18,38.24,121499985.0,4683716085.0,20628944429.0,0.005889781972033253
5704,2026-01-22,38.27,38.58,37.8,37.85,187754633.0,7138121617.0,20628944429.0,0.009101514313842258
5705,2026-01-23,37.85,38.17,37.38,37.5,189211273.0,7135111003.0,20628944429.0,0.009172125779446491
5706,2026-01-26,37.5,38.3,37.31,38.02,216679416.0,8225997387.0,20628944429.0,0.010503659881665775
5707,2026-01-27,38.06,38.51,37.87,38.1,157240627.0,6017368290.0,20628944429.0,0.007622330242886903
5708,2026-01-28,38.12,38.44,37.7,37.8,204166688.0,7757392685.0,20628944429.0,0.009897098162375393
5709,2026-01-29,37.88,38.65,37.55,38.53,199998187.0,7627788339.0,20628944429.0,0.009695027667961731
5710,2026-01-30,38.53,39.17,38.53,38.67,166084303.0,6450474687.0,20628944429.0,0.008051032546605733
5711,2026-02-02,38.88,39.3,38.41,38.45,138497888.0,5374972304.0,20628944429.0,0.006713765140852326
5712,2026-02-03,38.67,38.67,38.14,38.3,84279156.0,3228439117.0,20628944429.0,0.004085480781145595
5713,2026-02-04,38.3,39.02,38.26,39.01,102131628.0,3961153583.0,20628944429.0,0.004950889675984787
5714,2026-02-05,38.94,39.92,38.91,39.71,121889452.0,4810048757.0,20628944429.0,0.00590866160988096
5715,2026-02-06,39.7,39.95,39.31,39.6,80297978.0,3178037639.0,20628944429.0,0.003892490877386715
5716,2026-02-09,39.6,39.74,39.33,39.48,65894891.0,2601539089.0,20628944429.0,0.003194292913376872
5717,2026-02-10,39.49,39.56,39.31,39.34,49596465.0,1953983696.0,20628944429.0,0.0024042172962702685
5718,2026-02-11,39.36,39.45,39.2,39.4,52881696.0,2080370293.0,20628944429.0,0.0025634707671062097
5719,2026-02-12,39.4,39.42,38.73,38.99,77752571.0,3028037809.0,20628944429.0,0.0037691008023995683
5720,2026-02-13,38.95,39.09,38.63,38.71,70537032.0,2738389980.0,20628944429.0,0.0034193233804459535
5721,2026-02-24,39.2,39.41,38.82,38.94,75467438.0,2950566959.0,20628944429.0,0.0036583276599411697
5722,2026-02-25,38.9,39.15,38.72,38.78,72397149.0,2817141580.0,20628944429.0,0.003509493626742466
5723,2026-02-26,38.8,39.02,38.5,38.7,59332534.0,2297277144.0,20628944429.0,0.0028761788662628233
5724,2026-02-27,38.75,38.95,38.64,38.75,63703472.0,2472164576.0,20628944429.0,0.0030880626112136976
5725,2026-03-02,38.6,38.87,38.42,38.67,68547313.0,2649577380.0,20628944429.0,0.003322870602319174
5726,2026-03-03,38.66,39.55,38.56,39.18,138465642.0,5423934800.0,20628944429.0,0.006712201997371526
5727,2026-03-04,39.01,39.03,38.01,38.6,115193902.0,4442287555.0,20628944429.0,0.005584090955136869
5728,2026-03-05,38.66,39.24,38.63,39.15,78336979.0,3058463948.0,20628944429.0,0.0037974303178535166
5729,2026-03-06,39.1,39.32,38.95,39.2,46595667.0,1822138719.0,20628944429.0,0.002258751879446444
5730,2026-03-09,38.9,39.18,38.75,38.79,76677490.0,2983734019.0,20628944429.0,0.0037169856297740284
5731,2026-03-10,38.94,39.24,38.8,39.22,61371700.0,2399803866.0,20628944429.0,0.002975028616283641
5732,2026-03-11,39.3,39.5,38.95,39.5,68940710.0,2710371064.0,20628944429.0,0.0033419407491875213
5733,2026-03-12,39.45,39.58,39.33,39.5,52772330.0,2081987130.0,20628944429.0,0.002558169187067715
5734,2026-03-13,39.46,40.05,39.35,39.76,76527668.0,3041555947.0,20628944429.0,0.0037097229217612337
5735,2026-03-16,39.77,40.04,39.64,39.91,61094451.0,2435208936.0,20628944429.0,0.002961588810822231
5736,2026-03-17,39.89,40.36,39.83,40.12,65622927.0,2637804783.0,20628944429.0,0.003181109301343981
5737,2026-03-18,40.13,40.32,39.79,39.92,70583141.0,2822439834.0,20628944429.0,0.003421558540861393
5738,2026-03-19,39.88,40.04,39.7,39.77,65024684.0,2591832050.0,20628944429.0,0.003152109126271572
5739,2026-03-20,39.85,40.08,39.66,39.75,61580273.0,2453063180.0,20628944429.0,0.002985139312966056
5740,2026-03-23,39.58,39.7,38.55,38.68,95773829.0,3730145439.0,20628944429.0,0.004642691696108403
5741,2026-03-24,38.8,39.32,38.73,39.25,61633642.0,2408674586.0,20628944429.0,0.002987726406076112
5742,2026-03-25,39.33,39.4,38.94,39.26,65381669.0,2556622045.0,20628944429.0,0.003169414180402124
5743,2026-03-26,39.15,39.69,39.14,39.56,61679007.0,2437289721.0,20628944429.0,0.0029899255006616897
5744,2026-03-27,39.5,39.7,39.25,39.44,46800671.0,1846335951.0,20628944429.0,0.002268689566791794
5745,2026-03-30,39.24,39.57,39.13,39.48,64605410.0,2544968867.0,20628944429.0,0.003131784576877247
5746,2026-03-31,39.54,39.73,39.28,39.32,66309671.0,2617257387.0,20628944429.0,0.0032143996135246943
5747,2026-04-01,39.56,40.04,39.42,39.82,88152581.0,3510509345.0,20628944429.0,0.004273247295972926
5748,2026-04-02,39.86,39.92,39.58,39.76,53462988.0,2124222801.0,20628944429.0,0.002591649232659824
5749,2026-04-03,39.76,39.82,39.36,39.4,46448537.0,1835962093.0,20628944429.0,0.0022516196676890085
5750,2026-04-07,39.39,39.6,38.96,38.99,52836661.0,2071766646.0,20628944429.0,0.002561287669461296
5751,2026-04-08,39.5,39.64,39.19,39.62,66949789.0,2643490434.0,20628944429.0,0.003245429703416261
5752,2026-04-09,39.48,39.52,39.12,39.26,53585405.0,2104306041.0,20628944429.0,0.002597583467463807
5753,2026-04-10,39.32,39.38,39.13,39.21,54320208.0,2130641529.0,20628944429.0,0.002633203467436613
5754,2026-04-13,39.13,39.16,38.92,38.98,52514495.0,2047706850.0,20628944429.0,0.00254567048647315
5755,2026-04-14,39.0,39.18,38.95,39.13,50399861.0,1967829540.0,20628944429.0,0.0024431623815491157
5756,2026-04-15,39.25,39.92,39.22,39.9,105210379.0,4177253342.0,20628944429.0,0.005100133909522589
5757,2026-04-16,39.9,40.15,39.75,39.91,61725776.0,2467044522.0,20628944429.0,0.002992192654958458
5758,2026-04-17,39.85,39.9,39.5,39.52,58792518.0,2331744880.0,20628944429.0,0.0028500012786572813
5759,2026-04-20,39.5,39.9,39.33,39.87,58877642.0,2337084804.0,20628944429.0,0.002854127713739453
5760,2026-04-21,39.91,40.15,39.86,39.87,54594915.0,2182431154.0,20628944429.0,0.0026465200479793296
5761,2026-04-22,39.87,40.03,39.62,39.74,50759455.0,2017733909.0,20628944429.0,0.002460593908462072
5762,2026-04-23,39.72,39.86,39.52,39.81,56948934.0,2260647913.0,20628944429.0,0.0027606324790880555
5763,2026-04-24,39.74,39.8,39.36,39.38,62941438.0,2485978699.0,20628944429.0,0.0030511225727826116
5764,2026-04-27,39.52,39.99,39.32,39.38,92616843.0,3669782211.0,20628944429.0,0.004489654975743693
5765,2026-04-28,39.38,39.63,39.26,39.6,66930520.0,2637104794.0,20628944429.0,0.003244495627508193
5766,2026-04-29,38.91,39.02,38.34,38.5,253311717.0,9780526575.0,20628944429.0,0.012279431837719068
5767,2026-04-30,38.4,38.51,38.12,38.27,116957410.0,4477499783.0,20628944429.0,0.00566957802434051
5768,2026-05-06,38.29,38.35,37.82,38.0,143177103.0,5437169068.0,20628944429.0,0.006940592791491687
5769,2026-05-07,38.05,38.16,37.94,37.95,79008987.0,3001814235.0,20628944429.0,0.0038300062939201976
5770,2026-05-08,38.03,38.18,37.9,37.94,86953912.0,3303687174.0,20628944429.0,0.004215141123641833
5771,2026-05-11,37.95,37.98,37.7,37.97,92548934.0,3502977208.0,20628944429.0,0.004486363047732848
5772,2026-05-12,37.98,38.14,37.86,37.9,96729929.0,3673345231.0,20628944429.0,0.0046890391960151805
5773,2026-05-13,37.96,38.09,37.85,37.88,71830416.0,2723485937.0,20628944429.0,0.0034820209171256187
5774,2026-05-14,37.81,38.02,37.73,37.81,86786790.0,3286217937.0,20628944429.0,0.004207039788133602
5775,2026-05-15,37.81,37.97,37.61,37.65,82173796.0,3101358446.0,20628944429.0,0.003983422238729809
5776,2026-05-18,37.65,37.66,37.35,37.47,70768410.0,2651016863.0,20628944429.0,0.0034305395626794337
5777,2026-05-19,37.48,37.74,37.34,37.37,71991007.0,2698787184.0,20628944429.0,0.0034898056586354287
5778,2026-05-20,37.37,37.44,37.17,37.17,69318422.0,2582329893.0,20628944429.0,0.003360250556618531
5779,2026-05-21,37.18,37.34,37.11,37.15,72519969.0,2698141548.0,20628944429.0,0.0035154473972042904
5780,2026-05-22,37.1,37.33,36.97,37.02,79761712.0,2961273370.0,20628944429.0,0.0038664950731978143
5781,2026-05-25,37.01,37.26,36.9,36.94,71066833.0,2631256789.0,20628944429.0,0.0034450057900245654
5782,2026-05-26,36.94,37.29,36.9,37.0,70620290.0,2617323723.0,20628944429.0,0.003423359360100005
5783,2026-05-27,37.01,37.19,36.78,37.0,84514627.0,3125360325.0,20628944429.0,0.004096895373918892
5784,2026-05-28,37.05,37.43,36.97,37.12,99579106.0,3701401975.0,20628944429.0,0.0048271546972618005
5785,2026-05-29,37.1,38.04,36.93,38.01,153138355.0,5769643134.0,20628944429.0,0.007423470237513431
5786,2026-06-01,38.0,38.2,37.8,38.2,96137886.0,3656722114.0,20628944429.0,0.004660339569524951
5787,2026-06-02,38.16,38.88,38.05,38.8,125696953.0,4860567502.0,20628944429.0,0.00609323242071932
5788,2026-06-03,38.81,38.81,38.25,38.5,88127454.0,3392945722.0,20628944429.0,0.004272029250130276
5789,2026-06-04,38.4,38.65,37.99,38.1,73884128.0,2826182655.0,20628944429.0,0.0035815757929006926
5790,2026-06-05,38.18,38.7,38.11,38.58,77870900.0,3000501535.0,20628944429.0,0.0037748368690416235
5791,2026-06-08,38.4,38.76,38.36,38.5,76947767.0,2965291902.0,20628944429.0,0.0037300874635072196
5792,2026-06-09,38.5,38.64,38.4,38.49,66450037.0,2559005933.0,20628944429.0,0.0032212039364740877
5793,2026-06-10,38.45,39.08,38.38,38.9,93586076.0,3632762822.0,20628944429.0,0.004536639105413337
5794,2026-06-11,38.93,39.09,38.57,38.73,59445402.0,2304178552.0,20628944429.0,0.0028816502077746715
5795,2026-06-12,38.59,39.35,38.34,39.34,111983390.0,4373132356.0,20628944429.0,0.005428459530996394
5796,2026-06-15,39.21,39.37,38.73,38.95,97740434.0,3811793413.0,20628944429.0,0.004738024009730586
5797,2026-06-16,38.81,38.89,38.41,38.57,78966910.0,3048039103.0,20628944429.0,0.003827966587034331
5798,2026-06-17,38.68,38.85,38.14,38.23,66045163.0,2530773389.0,20628944429.0,0.0032015774353996635
5799,2026-06-18,38.15,38.2,37.26,37.26,100346053.0,3765522215.0,20628944429.0,0.004864332896206475
5800,2026-06-22,37.01,37.9,36.95,37.65,110076764.0,4112247287.0,20628944429.0,0.005336034734053333
5801,2026-06-23,37.65,38.19,37.35,37.4,100800729.0,3804117446.0,20628944429.0,0.004886373578005047
5802,2026-06-24,37.49,37.58,36.75,36.76,123616556.0,4570750868.0,20628944429.0,0.005992383974151429
5803,2026-06-25,36.73,36.99,36.2,36.23,118116225.0,4308980708.0,20628944429.0,0.00572575225099512
5804,2026-06-26,36.38,36.47,35.88,36.0,105541023.0,3804353019.0,20628944429.0,0.0051161620684590774
5805,2026-06-29,35.9,36.72,35.4,36.42,108073461.0,3911537694.0,20628944429.0,0.005238923463678114
5806,2026-06-30,36.37,36.39,35.35,35.5,109903751.0,3919806245.0,20628944429.0,0.005327647828916452
5807,2026-07-01,35.52,36.12,35.28,35.91,89122129.0,3183805654.0,20628944429.0,0.004320246695449567
5808,2026-07-02,36.28,36.8,36.13,36.6,94461448.0,3442082753.0,20628944429.0,0.004579073268877824
5809,2026-07-03,36.67,37.06,36.35,36.83,85312390.0,3133647736.0,20628944429.0,0.004135567396268155
5810,2026-07-06,36.7,37.76,36.52,37.73,97154407.0,3625395505.0,20628944429.0,0.004709616012316226
5811,2026-07-07,37.72,37.86,37.3,37.55,65258740.0,2448739027.0,20628944429.0,0.0031634551261023225
5812,2026-07-08,37.36,37.97,37.15,37.94,76713452.0,2899053623.0,20628944429.0,0.0037187289085018264
5813,2026-07-09,37.7,37.81,37.37,37.55,76564557.0,2875450172.0,20628944429.0,0.003711511137349625
5814,2026-07-10,36.61,36.92,36.33,36.88,79377153.0,2911440764.0,20628944429.0,0.0038478533534858066
5815,2026-07-13,36.81,37.4,36.71,37.25,93308476.0,3469591941.0,20628944429.0,0.004523182285024129
5816,2026-07-14,37.1,37.24,36.82,37.18,80415432.0,2979122982.0,20628944429.0,0.003898184527898221
5817,2026-07-15,37.0,37.96,36.75,37.76,115462595.0,4337619113.0,20628944429.0,0.005597116003554871
5818,2026-07-16,37.7,38.12,37.5,37.67,76689870.0,2894610320.0,20628944429.0,0.0037175857574268324
5819,2026-07-17,37.76,38.2,37.68,38.02,115858449.0,4404072223.0,20628944429.0,0.0056163052549178015
5820,2026-07-20,37.95,38.91,37.89,38.91,143361015.0,5534176002.0,20628944429.0,0.006949508031950693
5821,2026-07-21,39.18,39.4,37.9,37.99,156012742.0,6018519241.0,20628944429.0,0.007562807808075655
5822,2026-07-22,37.85,38.71,37.63,38.71,108454598.0,4146124500.0,20628944429.0,0.005257399299962989
5823,2026-07-23,38.68,38.99,38.45,38.91,79493797.0,3087846398.0,20628944429.0,0.003853507738779318
5824,2026-07-24,39.18,39.25,38.9,39.2,98296005.0,3846185674.0,20628944429.0,0.004764955634948354
5825,2026-07-27,39.12,39.24,38.69,39.0,71584573.0,2791660618.0,20628944429.0,0.003470103535659682
5826,2026-07-28,39.17,39.59,38.95,39.59,105018681.0,4136021701.0,20628944429.0,0.005090841238215059
