index,date,open,high,low,close,volume,amount,outstanding_share,turnover
0,2010-07-15,2.74,2.74,2.69,2.7,4039725056.0,10949613568.0,10310325000.0,0.39181355156117775
1,2010-07-16,2.7,2.7,2.68,2.69,1378955136.0,3707551232.0,10310325000.0,0.1337450697237963
2,2010-07-19,2.68,2.71,2.68,2.71,1146738304.0,3088010496.0,10310325000.0,0.11122232364159229
3,2010-07-20,2.7,2.71,2.69,2.71,844226048.0,2278829312.0,10310325000.0,0.08188161362517671
4,2010-07-21,2.7,2.71,2.69,2.71,622094336.0,1678918016.0,10310325000.0,0.06033702487554951
5,2010-07-22,2.7,2.75,2.69,2.73,1065122560.0,2895028992.0,10310325000.0,0.10330640013772602
6,2010-07-23,2.73,2.84,2.73,2.81,1792782976.0,5001163776.0,10310325000.0,0.17388229527197252
7,2010-07-26,2.83,2.84,2.77,2.8,704693888.0,1974873472.0,10310325000.0,0.0683483680679319
8,2010-07-27,2.79,2.8,2.77,2.78,384484000.0,1070440000.0,10310325000.0,0.03729116201477645
9,2010-07-28,2.78,2.85,2.78,2.84,796917120.0,2248740096.0,10310325000.0,0.0772931134566563
10,2010-07-29,2.84,2.88,2.81,2.83,894588416.0,2542991616.0,10310325000.0,0.08676626740670153
11,2010-07-30,2.82,2.82,2.77,2.79,510624544.0,1423707776.0,10310325000.0,0.049525552686263526
12,2010-08-02,2.78,2.81,2.77,2.8,521574624.0,1454410880.0,10310325000.0,0.050587602621643836
13,2010-08-03,2.8,2.81,2.73,2.73,566704192.0,1568202112.0,10310325000.0,0.05496472633015933
14,2010-08-04,2.73,2.75,2.7,2.73,413863456.0,1127312000.0,10310325000.0,0.04014067994946813
15,2010-08-05,2.73,2.73,2.71,2.72,335500224.0,911158976.0,10310325000.0,0.03254021808235919
16,2010-08-06,2.72,2.73,2.7,2.72,328014912.0,891315200.0,10310325000.0,0.03181421652566723
17,2010-08-09,2.72,2.73,2.7,2.72,459887584.0,1246015616.0,10310325000.0,0.044604567169318134
18,2010-08-10,2.71,2.72,2.68,2.69,506683552.0,1364669824.0,10310325000.0,0.049143315268917326
19,2010-08-11,2.69,2.7,2.68,2.69,468119360.0,1258909824.0,10310325000.0,0.045402968383634855
20,2010-08-12,2.68,2.69,2.68,2.68,511566720.0,1372025984.0,10310325000.0,0.04961693448072684
21,2010-08-13,2.68,2.69,2.68,2.69,661554112.0,1774477696.0,10310325000.0,0.06416423459008325
22,2010-08-16,2.68,2.72,2.68,2.71,386549152.0,1043020800.0,10310325000.0,0.03749146142337899
23,2010-08-17,2.7,2.7,2.68,2.69,332728096.0,894785920.0,10310325000.0,0.0322713489632965
24,2010-08-18,2.69,2.71,2.68,2.69,395987072.0,1065636672.0,10310325000.0,0.03840684672888585
25,2010-08-19,2.69,2.7,2.68,2.69,414253728.0,1113238272.0,10310325000.0,0.0401785324904889
26,2010-08-20,2.68,2.69,2.68,2.68,429512128.0,1151677312.0,10310325000.0,0.041658447042164044
27,2010-08-23,2.68,2.69,2.68,2.68,146681520.0,393475936.0,10310325000.0,0.014226663078031002
28,2010-08-24,2.68,2.7,2.68,2.69,256305248.0,688912768.0,10310325000.0,0.024859085237371275
29,2010-08-25,2.68,2.69,2.68,2.68,336694528.0,902581632.0,10310325000.0,0.03265605381013693
30,2010-08-26,2.68,2.69,2.68,2.69,172732096.0,463500800.0,10310325000.0,0.016753312431955346
31,2010-08-27,2.69,2.69,2.68,2.69,153487808.0,411906560.0,10310325000.0,0.014886805993021559
32,2010-08-30,2.69,2.71,2.68,2.7,366137376.0,986902592.0,10310325000.0,0.03551172014461232
33,2010-08-31,2.7,2.7,2.68,2.69,228897712.0,615761216.0,10310325000.0,0.022200824125330677
34,2010-09-01,2.68,2.7,2.68,2.68,313642944.0,842476736.0,10310325000.0,0.03042027714936241
35,2010-09-02,2.69,2.69,2.68,2.69,167608896.0,449766176.0,10310325000.0,0.016256412479722995
36,2010-09-03,2.69,2.7,2.68,2.69,282524064.0,758869056.0,10310325000.0,0.02740205221464891
37,2010-09-06,2.69,2.7,2.68,2.7,243962032.0,656577600.0,10310325000.0,0.023661914828097076
38,2010-09-07,2.7,2.7,2.68,2.69,171286144.0,460782496.0,10310325000.0,0.016613069326136664
39,2010-09-08,2.68,2.7,2.68,2.7,225396512.0,605671744.0,10310325000.0,0.021861242201385505
40,2010-09-09,2.69,2.7,2.68,2.69,223250224.0,599339520.0,10310325000.0,0.021653073399723093
41,2010-09-10,2.68,2.7,2.68,2.69,284969600.0,765617280.0,10310325000.0,0.02763924512563862
42,2010-09-13,2.69,2.7,2.68,2.7,297385024.0,800205120.0,10310325000.0,0.028843418999886038
43,2010-09-14,2.69,2.7,2.68,2.69,218247120.0,587166592.0,10310325000.0,0.021167821576914405
44,2010-09-15,2.69,2.69,2.68,2.68,179704432.0,481997216.0,10310325000.0,0.01742956036788365
45,2010-09-16,2.68,2.69,2.61,2.63,543375104.0,1437568896.0,10310325000.0,0.05270203451394597
46,2010-09-17,2.62,2.63,2.57,2.6,260687408.0,676648576.0,10310325000.0,0.025284111606569144
47,2010-09-20,2.6,2.62,2.58,2.6,165395856.0,429141728.0,10310325000.0,0.01604176939136254
48,2010-09-21,2.6,2.61,2.59,2.59,75221896.0,195137104.0,10310325000.0,0.007295783207609847
49,2010-09-27,2.6,2.6,2.57,2.59,96103712.0,248183680.0,10310325000.0,0.009321113737927756
50,2010-09-28,2.58,2.59,2.57,2.57,88831032.0,228960480.0,10310325000.0,0.008615735391464381
51,2010-09-29,2.57,2.58,2.52,2.53,139475520.0,355972064.0,10310325000.0,0.013527752034974649
52,2010-09-30,2.53,2.64,2.53,2.61,252475760.0,657088000.0,10310325000.0,0.024487662610053515
53,2010-10-08,2.64,2.69,2.62,2.67,344211808.0,916298560.0,10310325000.0,0.03338515594804237
54,2010-10-11,2.67,2.73,2.65,2.7,572540480.0,1543154176.0,10310325000.0,0.05553078879666742
55,2010-10-12,2.68,2.69,2.66,2.68,219468576.0,587754688.0,10310325000.0,0.021286290781328425
56,2010-10-13,2.67,2.72,2.65,2.71,514126400.0,1383467264.0,10310325000.0,0.049865198235749114
57,2010-10-14,2.73,2.82,2.73,2.79,1327941248.0,3700756992.0,10310325000.0,0.12879722491774023
58,2010-10-15,2.81,2.95,2.81,2.95,1663792256.0,4798576128.0,15342353000.0,0.10844439936951
59,2010-10-18,2.98,3.1,2.94,2.95,1117860224.0,3365090048.0,15342353000.0,0.07286106792093755
60,2010-10-19,2.9,2.96,2.84,2.94,499667296.0,1455175040.0,15342353000.0,0.03256783988740189
61,2010-10-20,2.95,3.02,2.9,2.94,638194240.0,1884762880.0,15342353000.0,0.041596894557177765
62,2010-10-21,2.93,2.93,2.8,2.84,627321280.0,1782841344.0,15342353000.0,0.04088820534894485
63,2010-10-22,2.83,2.84,2.77,2.81,406010400.0,1136434048.0,15342353000.0,0.02646337233930154
64,2010-10-25,2.81,2.84,2.76,2.83,469943328.0,1319910912.0,15342353000.0,0.03063045987796005
65,2010-10-26,2.83,2.84,2.74,2.76,485825152.0,1351903616.0,15342353000.0,0.031665622085478025
66,2010-10-27,2.75,2.81,2.73,2.76,459110496.0,1273020800.0,15342353000.0,0.029924386174663038
67,2010-10-28,2.78,2.81,2.75,2.8,316519424.0,879640064.0,15342353000.0,0.020630435500995185
68,2010-10-29,2.79,2.8,2.74,2.76,251290864.0,693182400.0,15342353000.0,0.016378899898861668
69,2010-11-01,2.75,2.78,2.74,2.78,355333696.0,981577536.0,15342353000.0,0.0231603128933352
70,2010-11-02,2.77,2.79,2.72,2.77,361303360.0,993980992.0,15342353000.0,0.023549409924279542
71,2010-11-03,2.78,2.84,2.74,2.82,629196352.0,1762488448.0,15342353000.0,0.04101042076140472
72,2010-11-04,2.82,2.87,2.81,2.84,434913600.0,1234006272.0,15342353000.0,0.028347255469874797
73,2010-11-05,2.87,2.9,2.85,2.89,519955392.0,1494552960.0,15342353000.0,0.03389019871984434
74,2010-11-08,2.89,2.91,2.86,2.89,386973120.0,1116586112.0,15342353000.0,0.025222540506009736
75,2010-11-09,2.89,2.89,2.79,2.83,449443008.0,1278537856.0,15342353000.0,0.02929426848671778
76,2010-11-10,2.8,2.8,2.75,2.77,477843072.0,1323713024.0,15342353000.0,0.031145357690570672
77,2010-11-11,2.76,2.83,2.75,2.8,372595008.0,1034785792.0,15342353000.0,0.02428538881878158
78,2010-11-12,2.77,2.79,2.68,2.72,537364096.0,1467717504.0,15342353000.0,0.03502488151589264
79,2010-11-15,2.71,2.75,2.68,2.75,296372768.0,801901824.0,15342353000.0,0.019317295593446453
80,2010-11-16,2.73,2.73,2.66,2.67,365620448.0,984648128.0,15342353000.0,0.023830793620769904
81,2010-11-17,2.65,2.69,2.63,2.67,184958224.0,492908128.0,15342353000.0,0.012055401410722331
82,2010-11-18,2.67,2.69,2.66,2.67,171457024.0,457764448.0,15342353000.0,0.011175406014970454
83,2010-11-19,2.68,2.69,2.61,2.68,250148496.0,663721472.0,15342353000.0,0.01630444143737274
84,2010-11-22,2.65,2.66,2.63,2.65,159764464.0,422875200.0,15342353000.0,0.010413296056999862
85,2010-11-23,2.64,2.65,2.59,2.62,192567728.0,502820768.0,15342353000.0,0.012551381655734294
86,2010-11-24,2.61,2.66,2.6,2.64,133059568.0,350644704.0,15342353000.0,0.008672696293717138
87,2010-11-25,2.64,2.68,2.62,2.66,168015664.0,445511232.0,15342353000.0,0.010951101437960657
88,2010-11-26,2.66,2.66,2.62,2.64,150307056.0,395513760.0,15342353000.0,0.009796871183970282
89,2010-11-29,2.62,2.65,2.61,2.63,164297360.0,431283840.0,15342353000.0,0.010708745914006801
90,2010-11-30,2.62,2.64,2.58,2.61,200038896.0,521835840.0,15342353000.0,0.013038345291625085
91,2010-12-01,2.61,2.64,2.59,2.63,113611944.0,296564512.0,15342353000.0,0.007405118628153061
92,2010-12-02,2.64,2.69,2.64,2.68,307260544.0,818634624.0,15342353000.0,0.020026950494490645
93,2010-12-03,2.68,2.68,2.64,2.66,138243472.0,367390880.0,15342353000.0,0.009010578233990575
94,2010-12-06,2.66,2.68,2.64,2.66,135901600.0,361356000.0,15342353000.0,0.00885793724078699
95,2010-12-07,2.65,2.68,2.62,2.66,139717200.0,370037344.0,15342353000.0,0.009106634425632105
96,2010-12-08,2.66,2.67,2.62,2.63,178817248.0,472845184.0,15342353000.0,0.011655138426289631
97,2010-12-09,2.63,2.65,2.61,2.62,126567960.0,331966528.0,15342353000.0,0.008249579448471822
98,2010-12-10,2.61,2.63,2.59,2.63,244077472.0,637472640.0,15342353000.0,0.01590873785787617
99,2010-12-13,2.62,2.66,2.61,2.66,245473120.0,646737728.0,15342353000.0,0.015999704869259623
100,2010-12-14,2.65,2.66,2.63,2.65,157682704.0,417096512.0,15342353000.0,0.01027760891696339
101,2010-12-15,2.65,2.66,2.63,2.64,160781824.0,425025952.0,15342353000.0,0.010479606615751834
102,2010-12-16,2.63,2.64,2.62,2.63,75509800.0,198668864.0,15342353000.0,0.004921657062642216
103,2010-12-17,2.63,2.63,2.61,2.63,82384024.0,215932800.0,15342353000.0,0.005369712455449305
104,2010-12-20,2.63,2.64,2.59,2.61,168332480.0,438968640.0,15342353000.0,0.010971751204003715
105,2010-12-21,2.61,2.66,2.6,2.65,216849248.0,571284672.0,15342353000.0,0.014134028072486664
106,2010-12-22,2.65,2.65,2.62,2.62,98200144.0,258469264.0,15342353000.0,0.006400592138637405
107,2010-12-23,2.62,2.66,2.6,2.63,186599904.0,490913824.0,15342353000.0,0.012162404554242756
108,2010-12-24,2.61,2.65,2.6,2.63,162311648.0,426395904.0,15342353000.0,0.010579319091406645
109,2010-12-27,2.64,2.65,2.6,2.61,150050272.0,393704608.0,15342353000.0,0.009780134246683022
110,2010-12-28,2.6,2.61,2.55,2.56,229639840.0,594633728.0,15342353000.0,0.014967706713566035
111,2010-12-29,2.57,2.59,2.56,2.58,115971712.0,298438336.0,15342353000.0,0.007558926065643255
112,2010-12-30,2.58,2.61,2.56,2.6,215093952.0,554586624.0,15342353000.0,0.01401961954597186
113,2010-12-31,2.6,2.68,2.58,2.68,387689952.0,1022164928.0,15342353000.0,0.02526926293509216
114,2011-01-04,2.66,2.67,2.63,2.67,132367912.0,351364768.0,15342353000.0,0.0086276148124085
115,2011-01-05,2.65,2.67,2.62,2.63,136713376.0,362070944.0,15342353000.0,0.008910848029634046
116,2011-01-06,2.63,2.64,2.61,2.61,114108760.0,299025568.0,15342353000.0,0.007437500623274669
117,2011-01-07,2.6,2.68,2.6,2.65,307153024.0,814806208.0,15342353000.0,0.020019942442987722
118,2011-01-10,2.64,2.66,2.62,2.63,168495568.0,445055264.0,15342353000.0,0.010982381124981285
119,2011-01-11,2.63,2.65,2.61,2.63,147442160.0,388071392.0,15342353000.0,0.009610139983091251
120,2011-01-12,2.64,2.66,2.63,2.66,248191088.0,657342784.0,15342353000.0,0.016176859442616136
121,2011-01-13,2.66,2.68,2.64,2.67,154089600.0,410088384.0,15342353000.0,0.01004341381012417
122,2011-01-14,2.66,2.67,2.64,2.65,108555624.0,287917760.0,15342353000.0,0.0070755524918505
123,2011-01-17,2.63,2.64,2.58,2.59,181175008.0,472577280.0,15342353000.0,0.01180881498424655
124,2011-01-18,2.59,2.61,2.58,2.6,117040496.0,303898144.0,15342353000.0,0.0076285883918848696
125,2011-01-19,2.6,2.62,2.59,2.61,116573576.0,303377504.0,15342353000.0,0.007598154989655107
126,2011-01-20,2.61,2.62,2.57,2.58,118323568.0,306775072.0,15342353000.0,0.007712217806486397
127,2011-01-21,2.58,2.64,2.57,2.62,132121576.0,345327520.0,15342353000.0,0.0086115588658402
128,2011-01-24,2.61,2.61,2.58,2.59,128018408.0,332233920.0,15342353000.0,0.008344118271819191
129,2011-01-25,2.59,2.6,2.58,2.6,85809384.0,222379360.0,15342353000.0,0.005592974167652119
130,2011-01-26,2.6,2.61,2.59,2.61,50351660.0,131027784.0,15342353000.0,0.003281873386696291
131,2011-01-27,2.6,2.62,2.58,2.62,140061760.0,363989920.0,15342353000.0,0.009129092519250469
132,2011-01-28,2.61,2.61,2.59,2.61,74271224.0,193194256.0,15342353000.0,0.004840927855068906
133,2011-01-31,2.6,2.62,2.59,2.62,82919776.0,216339392.0,15342353000.0,0.005404632262078705
134,2011-02-01,2.61,2.63,2.6,2.62,83664056.0,218845856.0,15342353000.0,0.005453143725737506
135,2011-02-09,2.61,2.62,2.6,2.6,74017768.0,193027504.0,15342353000.0,0.004824407833661499
136,2011-02-10,2.62,2.62,2.6,2.61,83779256.0,218682800.0,15342353000.0,0.005460652352347778
137,2011-02-11,2.61,2.62,2.6,2.61,151543792.0,394979712.0,15342353000.0,0.009877480462090788
138,2011-02-14,2.61,2.69,2.61,2.68,393967648.0,1044478336.0,15342353000.0,0.025678437199300526
139,2011-02-15,2.67,2.68,2.65,2.66,201988416.0,539440704.0,15342353000.0,0.013165413154031849
140,2011-02-16,2.66,2.67,2.64,2.67,142377232.0,377158432.0,15342353000.0,0.009280012785522533
141,2011-02-17,2.66,2.68,2.65,2.67,96829464.0,257848048.0,15342353000.0,0.006311252517785244
142,2011-02-18,2.66,2.66,2.64,2.65,98643368.0,261419120.0,15342353000.0,0.006429481058088026
143,2011-02-21,2.64,2.65,2.62,2.65,144481936.0,380484896.0,15342353000.0,0.00941719539369222
144,2011-02-22,2.64,2.64,2.59,2.6,263860896.0,688278976.0,15342353000.0,0.017198202648576785
145,2011-02-23,2.6,2.61,2.59,2.6,103394992.0,268385392.0,15342353000.0,0.006739187398438818
146,2011-02-24,2.6,2.61,2.59,2.6,87094736.0,226025952.0,15342353000.0,0.005676752190488642
147,2011-02-25,2.6,2.62,2.59,2.61,86723712.0,225918624.0,15342353000.0,0.005652569198479529
148,2011-02-28,2.61,2.62,2.6,2.61,80204600.0,209170128.0,15342353000.0,0.005227659668631011
149,2011-03-01,2.61,2.63,2.61,2.62,144376288.0,377775424.0,15342353000.0,0.009410309357371714
150,2011-03-03,2.63,2.7,2.62,2.67,552478272.0,1471257216.0,15342353000.0,0.03601000915570121
151,2011-03-04,2.66,2.69,2.66,2.68,223421792.0,597488832.0,15342353000.0,0.0145624202493581
152,2011-03-07,2.68,2.72,2.68,2.7,359118048.0,968748416.0,15342353000.0,0.02340697336321228
153,2011-03-08,2.7,2.71,2.68,2.7,149308016.0,402090848.0,15342353000.0,0.009731754705422304
154,2011-03-09,2.7,2.72,2.68,2.69,178657616.0,482920384.0,15342353000.0,0.011644733764110368
155,2011-03-10,2.69,2.7,2.65,2.66,134664032.0,359229120.0,15342353000.0,0.008777273733696519
156,2011-03-11,2.65,2.67,2.64,2.64,124263504.0,329569088.0,15342353000.0,0.008099377194619365
157,2011-03-14,2.63,2.65,2.62,2.63,135093808.0,355687520.0,15342353000.0,0.008805286125276873
158,2011-03-15,2.63,2.64,2.6,2.63,192229632.0,503268032.0,15342353000.0,0.01252934487949795
159,2011-03-16,2.62,2.65,2.62,2.64,110482208.0,290647680.0,15342353000.0,0.007201125407556455
160,2011-03-17,2.63,2.63,2.61,2.62,123115712.0,322148672.0,15342353000.0,0.008024565201960873
161,2011-03-18,2.63,2.64,2.62,2.63,118883776.0,312711008.0,15342353000.0,0.007748731631973271
162,2011-03-21,2.63,2.65,2.62,2.65,120722288.0,317872128.0,15342353000.0,0.007868564098349191
163,2011-03-22,2.65,2.66,2.63,2.66,154554688.0,409820128.0,15342353000.0,0.010073727804333533
164,2011-03-23,2.65,2.68,2.65,2.67,138797824.0,370386144.0,15342353000.0,0.009046710370958092
165,2011-03-24,2.67,2.68,2.66,2.68,117044656.0,312496256.0,15342353000.0,0.0076288595367346845
166,2011-03-25,2.68,2.71,2.67,2.7,310371776.0,836316608.0,15342353000.0,0.020229737641937973
167,2011-03-28,2.71,2.74,2.7,2.72,363428352.0,990547392.0,15342353000.0,0.02368791488502448
168,2011-03-29,2.71,2.78,2.7,2.74,349966912.0,959689728.0,15342353000.0,0.022810511008317956
169,2011-03-30,2.75,2.77,2.72,2.75,237817168.0,653972480.0,15342353000.0,0.015500697187712993
170,2011-03-31,2.75,2.78,2.72,2.76,224126144.0,617135104.0,15342353000.0,0.014608329243891077
171,2011-04-01,2.76,2.8,2.75,2.79,210775008.0,585497216.0,15342353000.0,0.013738114877163888
172,2011-04-06,2.79,2.88,2.78,2.86,591280448.0,1680666112.0,15342353000.0,0.03853909814224715
173,2011-04-07,2.86,2.91,2.84,2.87,339076064.0,976058752.0,15342353000.0,0.022100655877230826
174,2011-04-08,2.86,2.87,2.83,2.86,133550824.0,380314496.0,15342353000.0,0.00870471589331832
175,2011-04-11,2.86,2.9,2.86,2.87,240611104.0,693642560.0,15342353000.0,0.015682803283173057
176,2011-04-12,2.86,2.88,2.84,2.84,133115728.0,380423808.0,15342353000.0,0.008676356749189646
177,2011-04-13,2.83,2.9,2.82,2.9,162740752.0,464399200.0,15342353000.0,0.010607287682665103
178,2011-04-14,2.9,3.0,2.89,2.96,483372800.0,1434704384.0,15342353000.0,0.03150578011078223
179,2011-04-15,2.96,3.0,2.94,2.98,233277072.0,694725952.0,15342353000.0,0.01520477804154291
180,2011-04-18,2.97,3.01,2.95,2.98,252996176.0,755336384.0,15342353000.0,0.01649005051571946
181,2011-04-19,2.96,2.97,2.91,2.91,160453088.0,470493056.0,15342353000.0,0.010458179915427575
182,2011-04-20,2.92,2.95,2.89,2.94,167188624.0,488434304.0,15342353000.0,0.01089719575608774
183,2011-04-21,2.95,2.96,2.91,2.92,170416640.0,499617536.0,15342353000.0,0.011107594773761234
184,2011-04-22,2.92,2.93,2.87,2.88,115207272.0,333473568.0,15342353000.0,0.007509100592327657
185,2011-04-25,2.88,2.91,2.86,2.88,138948720.0,400896608.0,15342353000.0,0.009056545628952743
186,2011-04-26,2.87,2.9,2.86,2.88,111671680.0,321634624.0,15342353000.0,0.007278654063037136
187,2011-04-27,2.89,2.94,2.88,2.9,226640528.0,661362496.0,15342353000.0,0.014772214405443546
188,2011-04-28,2.92,3.01,2.9,2.96,397912096.0,1183250560.0,15342353000.0,0.025935532574436267
189,2011-04-29,2.95,2.96,2.88,2.94,224555632.0,652935488.0,15342353000.0,0.014636322863904904
190,2011-05-03,2.92,2.93,2.89,2.92,110364912.0,321157472.0,15342353000.0,0.007193480165656467
191,2011-05-04,2.9,2.91,2.83,2.86,156344048.0,450222432.0,15342353000.0,0.010190356590022404
192,2011-05-05,2.84,2.94,2.83,2.93,231634240.0,670348608.0,15342353000.0,0.015097699811756385
193,2011-05-06,2.9,2.94,2.88,2.92,137392832.0,401458944.0,15342353000.0,0.008955134326527359
194,2011-05-09,2.92,2.94,2.88,2.89,72581792.0,210632272.0,15342353000.0,0.004730812281532044
195,2011-05-10,2.89,2.93,2.87,2.93,66342608.0,192236736.0,15342353000.0,0.004324148192914086
196,2011-05-11,2.92,2.93,2.89,2.91,68241720.0,198725024.0,15342353000.0,0.004447930509746452
197,2011-05-12,2.9,2.91,2.86,2.88,70266176.0,203040272.0,15342353000.0,0.004579882629476717
198,2011-05-13,2.88,2.91,2.84,2.9,102669664.0,294965664.0,15342353000.0,0.006691911208143888
199,2011-05-16,2.89,2.91,2.86,2.88,106519736.0,307041184.0,15342353000.0,0.006942855245215646
200,2011-05-17,2.88,2.9,2.84,2.89,127319296.0,365756288.0,15342353000.0,0.008298550815510503
201,2011-05-18,2.88,2.93,2.87,2.92,98916088.0,287402016.0,15342353000.0,0.00644725668872304
202,2011-05-19,2.92,2.95,2.91,2.92,89248160.0,261508896.0,15342353000.0,0.005817110321995589
203,2011-05-20,2.92,2.94,2.91,2.93,72741912.0,212983616.0,15342353000.0,0.00474124875108792
204,2011-05-23,2.92,2.93,2.86,2.87,103939624.0,299716928.0,15342353000.0,0.006774685995036094
205,2011-05-24,2.86,2.88,2.84,2.85,104104800.0,297517088.0,15342353000.0,0.006785452009870976
206,2011-05-25,2.85,2.86,2.77,2.78,168256688.0,471437888.0,15342353000.0,0.01096681115341304
207,2011-05-26,2.79,2.82,2.78,2.8,163296896.0,457262240.0,15342353000.0,0.010643536620491003
208,2011-05-27,2.8,2.82,2.77,2.78,128491024.0,359145408.0,15342353000.0,0.00837492293392024
209,2011-05-30,2.77,2.85,2.76,2.84,135059376.0,381157600.0,15342353000.0,0.008803041880212246
210,2011-05-31,2.82,2.85,2.81,2.84,128988240.0,365306912.0,15342353000.0,0.008407331000662023
211,2011-06-01,2.86,2.86,2.82,2.84,132291056.0,375967936.0,15342353000.0,0.008622605411308161
212,2011-06-02,2.81,2.83,2.73,2.77,214605248.0,593849152.0,15342353000.0,0.01398776628330739
213,2011-06-03,2.76,2.81,2.76,2.8,172621504.0,480962880.0,15342353000.0,0.01125130571562263
214,2011-06-07,2.79,2.8,2.76,2.78,98117960.0,272271808.0,15342353000.0,0.00639523546355634
215,2011-06-09,2.76,2.77,2.71,2.73,196066432.0,535193856.0,15342353000.0,0.012779423860212316
216,2011-06-10,2.73,2.75,2.7,2.73,99907000.0,271763424.0,15342353000.0,0.006511843391949071
217,2011-06-13,2.72,2.74,2.69,2.73,107736512.0,291790176.0,15342353000.0,0.007022163549489442
218,2011-06-14,2.72,2.75,2.71,2.73,170790768.0,466514272.0,15342353000.0,0.011131980081542902
219,2011-06-15,2.72,2.73,2.71,2.71,78918736.0,214590864.0,15342353000.0,0.005143848274120665
220,2011-06-16,2.7,2.72,2.69,2.71,105282408.0,284479200.0,15342353000.0,0.00686220738109728
221,2011-06-17,2.72,2.72,2.69,2.69,48619016.0,129117664.0,15342353000.0,0.0031689412960319713
222,2011-06-20,2.69,2.7,2.66,2.69,126521064.0,332456032.0,15342353000.0,0.008246522811722556
223,2011-06-21,2.68,2.72,2.68,2.7,103744400.0,274929536.0,15342353000.0,0.006761961480093699
224,2011-06-22,2.7,2.78,2.69,2.75,139957216.0,375587072.0,15342353000.0,0.009122278440601646
225,2011-06-23,2.74,2.79,2.73,2.79,89116032.0,241031104.0,15342353000.0,0.005808498344419529
226,2011-06-24,2.78,2.86,2.77,2.85,168321168.0,466503008.0,15342353000.0,0.010971013898585178
227,2011-06-27,2.85,2.86,2.83,2.86,107279216.0,299312960.0,15342353000.0,0.006992357430441081
228,2011-06-28,2.85,2.86,2.83,2.85,116087488.0,323670432.0,15342353000.0,0.0075664722353865795
229,2011-06-29,2.85,2.86,2.82,2.84,142343344.0,395380672.0,15342353000.0,0.009277803997861345
230,2011-06-30,2.83,2.86,2.82,2.86,110024208.0,306652256.0,15342353000.0,0.007171273402456585
231,2011-07-01,2.86,2.87,2.78,2.8,161490016.0,445271808.0,15342353000.0,0.010525765897838487
232,2011-07-04,2.81,2.84,2.79,2.83,133470600.0,367823264.0,15342353000.0,0.00869948696917611
233,2011-07-05,2.83,2.83,2.79,2.8,110641728.0,304055488.0,15342353000.0,0.007211522769682069
234,2011-07-06,2.8,2.8,2.72,2.75,217111712.0,584537152.0,15342353000.0,0.014151135226780404
235,2011-07-07,2.77,2.79,2.7,2.72,285278016.0,763537472.0,15342353000.0,0.018594150193259145
236,2011-07-08,2.73,2.75,2.7,2.74,147643440.0,395555040.0,15342353000.0,0.009623259222363088
237,2011-07-11,2.73,2.75,2.71,2.73,84512600.0,226337072.0,15342353000.0,0.005508451017911008
238,2011-07-12,2.72,2.73,2.68,2.71,192768528.0,510497792.0,15342353000.0,0.012564469609061922
239,2011-07-13,2.72,2.77,2.71,2.77,204725632.0,550570048.0,15342353000.0,0.01334382229375116
240,2011-07-14,2.75,2.77,2.73,2.75,148721824.0,400973568.0,15342353000.0,0.009693547267488892
241,2011-07-15,2.75,2.78,2.72,2.75,168332400.0,454436288.0,20456470500.0,0.008228809559303009
242,2011-07-18,2.75,2.79,2.74,2.79,243729952.0,661308992.0,20456470500.0,0.01191456522277389
243,2011-07-19,2.78,2.79,2.75,2.78,132658656.0,360476288.0,20456470500.0,0.006484923975521584
244,2011-07-20,2.78,2.8,2.75,2.78,129115720.0,350683424.0,20456470500.0,0.006311730070932813
245,2011-07-21,2.77,2.78,2.73,2.77,155456448.0,418908960.0,20456470500.0,0.007599377810556323
246,2011-07-22,2.75,2.77,2.73,2.74,102860416.0,276592928.0,20456470500.0,0.0050282582227466855
247,2011-07-25,2.73,2.74,2.68,2.69,134785808.0,358015680.0,20456470500.0,0.006588908286989195
248,2011-07-26,2.69,2.72,2.68,2.7,149280144.0,394957792.0,20456470500.0,0.007297453585651543
249,2011-07-27,2.69,2.71,2.68,2.7,73722264.0,195043840.0,20456470500.0,0.0036038604020180312
250,2011-07-28,2.69,2.7,2.68,2.69,58993544.0,155565296.0,20456470500.0,0.0028838574083442205
251,2011-07-29,2.69,2.78,2.68,2.73,134114064.0,358571456.0,20456470500.0,0.006556070559679394
252,2011-08-01,2.72,2.75,2.7,2.73,57426464.0,153636352.0,20456470500.0,0.0028072518179516844
253,2011-08-02,2.71,2.72,2.69,2.7,33675016.0,89295360.0,20456470500.0,0.0016461791881448953
254,2011-08-03,2.69,2.72,2.68,2.72,96388136.0,255751600.0,20456470500.0,0.004711865421750052
255,2011-08-04,2.72,2.72,2.7,2.71,23902908.0,63458064.0,20456470500.0,0.0011684766441014348
256,2011-08-05,2.68,2.69,2.66,2.67,83635464.0,219373200.0,20456470500.0,0.004088460128055815
257,2011-08-08,2.66,2.67,2.62,2.63,134383136.0,348849408.0,20456470500.0,0.006569223952880825
258,2011-08-09,2.6,2.64,2.58,2.64,139385360.0,356557920.0,20456470500.0,0.006813754112665721
259,2011-08-10,2.66,2.67,2.62,2.64,131527656.0,342178656.0,20456470500.0,0.0064296358455384565
260,2011-08-11,2.6,2.68,2.59,2.67,130443632.0,339673216.0,20456470500.0,0.006376644103879015
261,2011-08-12,2.68,2.68,2.65,2.67,90820760.0,237620016.0,20456470500.0,0.004439708208705896
262,2011-08-15,2.67,2.7,2.64,2.69,144515952.0,379242976.0,20456470500.0,0.007064559450761557
263,2011-08-16,2.69,2.71,2.67,2.68,87528568.0,231019456.0,20456470500.0,0.004278771746083959
264,2011-08-17,2.67,2.7,2.67,2.68,59964976.0,157957168.0,20456470500.0,0.0029313451702237684
265,2011-08-18,2.68,2.69,2.63,2.64,82376016.0,214913488.0,20456470500.0,0.004026892909018689
266,2011-08-19,2.6,2.64,2.59,2.62,86512040.0,221871072.0,20456470500.0,0.0042290794983425905
267,2011-08-22,2.62,2.64,2.61,2.62,64927424.0,167085424.0,20456470500.0,0.0031739309085602034
268,2011-08-23,2.63,2.65,2.61,2.65,49217216.0,127054848.0,20456470500.0,0.002405948572604448
269,2011-08-24,2.65,2.66,2.63,2.63,45265592.0,117625272.0,20456470500.0,0.0022127762460293432
270,2011-08-25,2.64,2.71,2.64,2.69,211875664.0,558981696.0,20456470500.0,0.010357391026961371
271,2011-08-26,2.69,2.7,2.65,2.67,134682576.0,353725600.0,20456470500.0,0.006583861864147092
272,2011-08-29,2.66,2.66,2.63,2.65,113925872.0,295869632.0,20456470500.0,0.005569185163198119
273,2011-08-30,2.66,2.69,2.64,2.65,147188368.0,384754528.0,20456470500.0,0.0071951986047641995
274,2011-08-31,2.64,2.66,2.63,2.66,89444720.0,232158208.0,20456470500.0,0.004372441472735974
275,2011-09-01,2.65,2.67,2.64,2.65,56096452.0,145877520.0,20456470500.0,0.002742235128000209
276,2011-09-02,2.64,2.65,2.62,2.63,70232784.0,181338704.0,20456470500.0,0.0034332796559406473
277,2011-09-05,2.62,2.63,2.6,2.6,115272792.0,295776032.0,20456470500.0,0.005635028388694912
278,2011-09-06,2.6,2.61,2.58,2.61,113208800.0,288070464.0,20456470500.0,0.005534131608871628
279,2011-09-07,2.61,2.64,2.6,2.63,104233256.0,267757392.0,20456470500.0,0.005095368528994285
280,2011-09-08,2.63,2.64,2.62,2.63,53784020.0,138618768.0,20456470500.0,0.002629193535610163
281,2011-09-09,2.63,2.65,2.62,2.63,67459072.0,174213760.0,20456470500.0,0.0032976887190779075
282,2011-09-13,2.61,2.63,2.6,2.62,54968840.0,140773344.0,20456470500.0,0.0026871126179855904
283,2011-09-14,2.62,2.63,2.58,2.61,113628344.0,289610432.0,20456470500.0,0.00555464071869094
284,2011-09-15,2.6,2.61,2.59,2.59,90680232.0,230868448.0,20456470500.0,0.004432838597450132
285,2011-09-16,2.6,2.61,2.59,2.6,82412912.0,210017696.0,20456470500.0,0.00402869654371706
286,2011-09-19,2.59,2.6,2.56,2.57,94923088.0,239747232.0,20456470500.0,0.004640247593053748
287,2011-09-20,2.57,2.59,2.56,2.58,54731288.0,138046912.0,20456470500.0,0.0026755000575490284
288,2011-09-21,2.58,2.63,2.57,2.61,141000544.0,360258048.0,20456470500.0,0.00689271123285906
289,2011-09-22,2.59,2.61,2.56,2.57,102458080.0,258935488.0,20456470500.0,0.0050085903137591595
290,2011-09-23,2.55,2.56,2.52,2.56,161772736.0,402610816.0,20456470500.0,0.007908145053664072
291,2011-09-26,2.55,2.56,2.51,2.53,83000208.0,206298048.0,20456470500.0,0.004057406090654788
292,2011-09-27,2.54,2.55,2.51,2.53,94188728.0,233429888.0,20456470500.0,0.004604348927152413
293,2011-09-28,2.54,2.55,2.5,2.52,84269432.0,208091248.0,20456470500.0,0.0041194512024936075
294,2011-09-29,2.51,2.52,2.49,2.51,75190040.0,184776224.0,20456470500.0,0.003675611587052615
295,2011-09-30,2.51,2.53,2.49,2.51,130944176.0,322135136.0,20456470500.0,0.006401112841044597
296,2011-10-10,2.5,2.53,2.48,2.52,111113136.0,272211040.0,20456470500.0,0.005431686565871664
297,2011-10-11,2.6,2.63,2.55,2.57,214753056.0,543984000.0,20456470500.0,0.01049805028682734
298,2011-10-12,2.56,2.65,2.55,2.63,299782688.0,768931136.0,20456470500.0,0.014654663325230029
299,2011-10-13,2.62,2.65,2.59,2.64,151881824.0,389246912.0,20456470500.0,0.00742463486064226
300,2011-10-14,2.62,2.66,2.59,2.65,165999872.0,426718912.0,20456470500.0,0.008114785588256781
301,2011-10-17,2.64,2.66,2.63,2.66,129111712.0,335204352.0,20456470500.0,0.006311534142705605
302,2011-10-18,2.63,2.68,2.61,2.67,216712368.0,561545600.0,20456470500.0,0.01059382985935917
303,2011-10-19,2.65,2.66,2.64,2.64,77799168.0,202397760.0,20456470500.0,0.0038031569522220367
304,2011-10-20,2.63,2.64,2.59,2.6,75762720.0,194318032.0,20456470500.0,0.003703606641233638
305,2011-10-21,2.61,2.64,2.59,2.63,76512112.0,196758848.0,20456470500.0,0.0037402401357555792
306,2011-10-24,2.63,2.7,2.63,2.68,179725152.0,470987872.0,20456470500.0,0.00878573613175352
307,2011-10-25,2.68,2.72,2.67,2.71,142416912.0,377086080.0,20456470500.0,0.006961949374404543
308,2011-10-26,2.7,2.74,2.69,2.7,143202896.0,381972544.0,20456470500.0,0.007000371642801235
309,2011-10-27,2.71,2.73,2.7,2.73,96478616.0,257687216.0,20456470500.0,0.004716288472148702
310,2011-10-28,2.74,2.78,2.72,2.73,188242368.0,507374880.0,20456470500.0,0.009202094173577011
311,2011-10-31,2.73,2.75,2.72,2.73,95929904.0,257103696.0,20456470500.0,0.00468946507658787
312,2011-11-01,2.71,2.74,2.69,2.72,94303176.0,251323568.0,20456470500.0,0.004609943636171255
313,2011-11-02,2.69,2.73,2.68,2.73,86583328.0,229497104.0,20456470500.0,0.004232564361481615
314,2011-11-03,2.73,2.73,2.7,2.71,168736544.0,449649760.0,20456470500.0,0.008248565851083646
315,2011-11-04,2.72,2.73,2.7,2.72,123715704.0,329377504.0,20456470500.0,0.006047754132366089
316,2011-11-07,2.71,2.72,2.68,2.69,57665748.0,152757008.0,20456470500.0,0.002818949045975453
317,2011-11-08,2.69,2.7,2.67,2.69,69175904.0,182232816.0,20456470500.0,0.0033816148294008
318,2011-11-09,2.69,2.72,2.68,2.71,90277224.0,238965040.0,20456470500.0,0.004413137838220919
319,2011-11-10,2.69,2.7,2.67,2.68,71983592.0,189202816.0,20456470500.0,0.003518866658840292
320,2011-11-11,2.67,2.7,2.67,2.7,48040028.0,126538360.0,20456470500.0,0.0023484025751167583
321,2011-11-14,2.7,2.73,2.69,2.71,93231496.0,248127808.0,20456470500.0,0.004557555322165669
322,2011-11-15,2.71,2.71,2.67,2.69,62708012.0,165232240.0,20456470500.0,0.0030654365326609006
323,2011-11-16,2.69,2.69,2.63,2.64,73819136.0,192623328.0,20456470500.0,0.0036085959207870196
324,2011-11-17,2.64,2.65,2.63,2.64,32704232.0,84691040.0,20456470500.0,0.0015987231032841174
325,2011-11-18,2.63,2.64,2.6,2.6,50680352.0,130042200.0,20456470500.0,0.002477472934541665
326,2011-11-21,2.61,2.61,2.58,2.59,28932644.0,73492392.0,20456470500.0,0.0014143517084239923
327,2011-11-22,2.58,2.6,2.57,2.59,31302508.0,79482392.0,20456470500.0,0.0015302008232554096
328,2011-11-23,2.6,2.61,2.58,2.61,48604368.0,123468072.0,20456470500.0,0.00237598993433398
329,2011-11-24,2.59,2.63,2.58,2.62,47586260.0,121835760.0,20456470500.0,0.0023262204494172148
330,2011-11-25,2.61,2.62,2.58,2.59,27175680.0,69178512.0,20456470500.0,0.0013284637738460309
331,2011-11-28,2.58,2.61,2.58,2.6,24454148.0,62251080.0,20456470500.0,0.0011954236191429016
332,2011-11-29,2.61,2.63,2.6,2.62,41291476.0,105813704.0,20456470500.0,0.0020185044140434687
333,2011-11-30,2.62,2.63,2.58,2.59,68929752.0,176132144.0,20456470500.0,0.003369581864085498
334,2011-12-01,2.63,2.68,2.61,2.65,115558320.0,299696320.0,20456470500.0,0.005648986221743384
335,2011-12-02,2.63,2.64,2.6,2.63,44245056.0,113682072.0,20456470500.0,0.002162888070060766
336,2011-12-05,2.63,2.65,2.62,2.65,67092920.0,173882800.0,20456470500.0,0.0032797896391755363
337,2011-12-06,2.64,2.65,2.6,2.61,46944500.0,120574304.0,20456470500.0,0.0022948484686055692
338,2011-12-07,2.6,2.63,2.6,2.62,26414722.0,67834128.0,20456470500.0,0.0012912648836464727
339,2011-12-08,2.62,2.64,2.6,2.63,40819536.0,105039176.0,20456470500.0,0.0019954339630582902
340,2011-12-09,2.62,2.65,2.62,2.64,43889360.0,113578680.0,20456470500.0,0.002145500124276082
341,2011-12-12,2.64,2.65,2.62,2.62,23646340.0,61025040.0,20456470500.0,0.001155934500039975
342,2011-12-13,2.62,2.64,2.58,2.59,72010616.0,185134832.0,20456470500.0,0.0035201877078453003
343,2011-12-14,2.59,2.6,2.57,2.59,31752090.0,80564936.0,20456470500.0,0.0015521783193244406
344,2011-12-15,2.59,2.6,2.56,2.58,44753624.0,113002312.0,20456470500.0,0.0021877490547550713
345,2011-12-16,2.57,2.63,2.56,2.62,98782104.0,251193232.0,20456470500.0,0.004828892843464858
346,2011-12-19,2.6,2.62,2.57,2.61,77553656.0,197608800.0,20456470500.0,0.0037911552728511987
347,2011-12-20,2.61,2.64,2.6,2.63,57551864.0,147816912.0,20456470500.0,0.0028133819076951714
348,2011-12-21,2.63,2.66,2.62,2.65,110575176.0,286884032.0,20456470500.0,0.005405388774177833
349,2011-12-22,2.64,2.67,2.63,2.65,127337872.0,330566336.0,20456470500.0,0.006224821236879548
350,2011-12-23,2.64,2.66,2.63,2.63,75772728.0,196594512.0,20456470500.0,0.0037040958751901995
351,2011-12-26,2.63,2.64,2.62,2.63,44124220.0,113750448.0,20456470500.0,0.0021569810882087407
352,2011-12-27,2.63,2.65,2.62,2.64,49399180.0,127537992.0,20456470500.0,0.002414843753227127
353,2011-12-28,2.63,2.64,2.6,2.64,77180216.0,198844256.0,20456470500.0,0.00377289992425624
354,2011-12-29,2.63,2.65,2.62,2.65,47704608.0,123674976.0,20456470500.0,0.0023320058071601354
355,2011-12-30,2.65,2.67,2.64,2.67,101892064.0,265189584.0,20456470500.0,0.004980921024474872
356,2012-01-04,2.67,2.68,2.64,2.65,79900880.0,208896544.0,20456470500.0,0.003905897647397189
357,2012-01-05,2.65,2.71,2.65,2.7,143180848.0,378868160.0,20456470500.0,0.0069992938420144375
358,2012-01-06,2.69,2.72,2.69,2.71,79769712.0,211840160.0,20456470500.0,0.0038994855930792167
359,2012-01-09,2.7,2.73,2.68,2.73,89918280.0,239344896.0,20456470500.0,0.0043955911162680775
360,2012-01-10,2.72,2.75,2.71,2.74,87197728.0,233754704.0,20456470500.0,0.00426259886816741
361,2012-01-11,2.74,2.75,2.72,2.72,76799624.0,206008080.0,20456470500.0,0.003754294955231891
362,2012-01-12,2.72,2.73,2.7,2.7,93682232.0,249596592.0,20456470500.0,0.004579589230703313
363,2012-01-13,2.7,2.71,2.69,2.7,69265136.0,183878400.0,20456470500.0,0.0033859768722077446
364,2012-01-17,2.7,2.75,2.69,2.74,122383768.0,326730912.0,25570588000.0,0.0047861147346318356
365,2012-01-18,2.74,2.75,2.71,2.74,126405640.0,339461952.0,25570588000.0,0.004943399815444212
366,2012-01-19,2.74,2.77,2.73,2.75,94004672.0,253916832.0,25570588000.0,0.0036762812024502527
367,2012-01-20,2.77,2.79,2.74,2.78,152252176.0,412517344.0,25570588000.0,0.005954191432750784
368,2012-01-30,2.79,2.79,2.72,2.73,116110752.0,312947744.0,25570588000.0,0.004540793195682477
369,2012-01-31,2.74,2.75,2.72,2.75,108784368.0,291857152.0,25570588000.0,0.004254277140596063
370,2012-02-01,2.74,2.77,2.73,2.73,68407520.0,184259152.0,25570588000.0,0.0026752423526592347
371,2012-02-02,2.74,2.79,2.73,2.79,109422768.0,296519840.0,25570588000.0,0.004279243324400675
372,2012-02-03,2.79,2.82,2.78,2.81,131592824.0,360612320.0,25570588000.0,0.005146257254623946
373,2012-02-06,2.81,2.82,2.79,2.81,65516664.0,179869824.0,25570588000.0,0.002562188401768469
374,2012-02-07,2.8,2.81,2.77,2.78,54997160.0,149949696.0,25570588000.0,0.002150797627336532
375,2012-02-08,2.78,2.83,2.77,2.81,72550672.0,199172576.0,25570588000.0,0.002837270382675596
376,2012-02-09,2.81,2.82,2.78,2.79,51126616.0,139719168.0,25570588000.0,0.001999430595807965
377,2012-02-10,2.78,2.81,2.77,2.78,82018896.0,223715728.0,25570588000.0,0.0032075482972859287
378,2012-02-13,2.77,2.78,2.75,2.77,60565216.0,164014640.0,25570588000.0,0.0023685499918891188
379,2012-02-14,2.77,2.77,2.74,2.75,57386848.0,154930016.0,25570588000.0,0.002244252185362339
380,2012-02-15,2.75,2.78,2.75,2.75,71977360.0,194801008.0,25570588000.0,0.002814849623325048
381,2012-02-16,2.75,2.77,2.74,2.74,55656640.0,150089120.0,25570588000.0,0.0021765881957818097
382,2012-02-17,2.75,2.77,2.74,2.75,41841836.0,113204496.0,25570588000.0,0.001636326704728104
383,2012-02-20,2.79,2.8,2.77,2.78,79268544.0,216279248.0,25570588000.0,0.0030999890968483007
384,2012-02-21,2.78,2.79,2.77,2.78,33052260.0,89963696.0,25570588000.0,0.0012925889697960797
385,2012-02-22,2.78,2.79,2.75,2.78,80748312.0,218980192.0,25570588000.0,0.0031578590214663815
386,2012-02-23,2.78,2.78,2.77,2.77,59718984.0,162052720.0,25570588000.0,0.0023354560325323766
387,2012-02-24,2.77,2.8,2.75,2.8,127666832.0,347006528.0,25570588000.0,0.0049927217942739525
388,2012-02-27,2.8,2.81,2.78,2.8,148939344.0,407709728.0,25570588000.0,0.0058246350846527266
389,2012-02-28,2.79,2.82,2.79,2.82,112472640.0,309419808.0,25570588000.0,0.004398515982503023
390,2012-02-29,2.81,2.82,2.79,2.81,59775488.0,164003936.0,25570588000.0,0.0023376657588006972
391,2012-03-01,2.8,2.81,2.79,2.8,35428076.0,97169680.0,25570588000.0,0.0013855010295422225
392,2012-03-02,2.8,2.81,2.79,2.8,74282560.0,203751216.0,25570588000.0,0.002905000072739821
393,2012-03-05,2.81,2.81,2.78,2.79,108813408.0,297624960.0,25570588000.0,0.004255412820385671
394,2012-03-06,2.79,2.8,2.75,2.77,75021592.0,203736496.0,25570588000.0,0.0029339017155178442
395,2012-03-07,2.75,2.77,2.73,2.74,86397072.0,232791568.0,25570588000.0,0.003378767512111962
396,2012-03-08,2.74,2.78,2.74,2.77,77402384.0,209339600.0,25570588000.0,0.0030270083738395065
397,2012-03-09,2.77,2.78,2.74,2.77,89240712.0,241321744.0,25570588000.0,0.0034899749665514143
398,2012-03-12,2.75,2.77,2.74,2.75,76810304.0,206918304.0,25570588000.0,0.003003853646228237
399,2012-03-13,2.77,2.78,2.74,2.77,69344544.0,187976928.0,25570588000.0,0.0027118869538705955
400,2012-03-14,2.78,2.8,2.75,2.75,157718960.0,428756704.0,25570588000.0,0.006167983309574266
401,2012-03-15,2.75,2.78,2.71,2.72,230373280.0,621654464.0,25570588000.0,0.00900930709923448
402,2012-03-16,2.72,2.73,2.71,2.73,119618888.0,319721280.0,25570588000.0,0.0046779873814399575
403,2012-03-19,2.72,2.73,2.69,2.7,133559680.0,354730848.0,25570588000.0,0.00522317593948172
404,2012-03-20,2.7,2.71,2.67,2.67,129373952.0,340791936.0,25570588000.0,0.005059482871492826
405,2012-03-21,2.68,2.69,2.66,2.67,135760400.0,355773440.0,25570588000.0,0.005309240444529473
406,2012-03-22,2.67,2.7,2.67,2.7,169436624.0,446258720.0,25570588000.0,0.006626231043259545
407,2012-03-23,2.7,2.71,2.68,2.69,109588920.0,289625216.0,25570588000.0,0.004285741102238243
408,2012-03-26,2.69,2.71,2.69,2.71,99912904.0,264515984.0,25570588000.0,0.003907336976373011
409,2012-03-27,2.71,2.71,2.7,2.7,68922576.0,182779360.0,25570588000.0,0.00269538486952275
410,2012-03-28,2.7,2.72,2.7,2.7,95292176.0,253326960.0,25570588000.0,0.0037266321759984555
411,2012-03-29,2.7,2.71,2.69,2.7,81570080.0,215946448.0,25570588000.0,0.0031899962566367267
412,2012-03-30,2.69,2.73,2.69,2.73,96216184.0,255435904.0,25570588000.0,0.0037627677548908926
413,2012-04-05,2.71,2.72,2.68,2.7,140306192.0,371017408.0,25570588000.0,0.005487014690471725
414,2012-04-06,2.7,2.71,2.68,2.69,44463976.0,117426056.0,25570588000.0,0.001738871863251639
415,2012-04-09,2.68,2.7,2.68,2.68,25765500.0,67821832.0,25570588000.0,0.0010076225075465609
416,2012-04-10,2.68,2.7,2.68,2.69,33085724.0,87320152.0,25570588000.0,0.0012938976608594217
417,2012-04-11,2.69,2.71,2.68,2.69,73589256.0,194501600.0,25570588000.0,0.0028778867345561235
418,2012-04-12,2.69,2.73,2.69,2.73,90991520.0,242298720.0,25570588000.0,0.003558444569205839
419,2012-04-13,2.72,2.74,2.72,2.73,62169652.0,166614384.0,25570588000.0,0.0024312953616866377
420,2012-04-16,2.72,2.73,2.71,2.71,49999476.0,133489640.0,25570588000.0,0.0019553510462880243
421,2012-04-17,2.71,2.73,2.71,2.73,52758440.0,140902304.0,25570588000.0,0.0020632470399194573
422,2012-04-18,2.73,2.78,2.72,2.77,108941296.0,294550400.0,25570588000.0,0.004260414191492194
423,2012-04-19,2.75,2.78,2.75,2.77,59553640.0,161329936.0,25570588000.0,0.0023289898534988715
424,2012-04-20,2.77,2.8,2.75,2.79,78028688.0,212170224.0,25570588000.0,0.0030515015141615045
425,2012-04-23,2.79,2.79,2.77,2.77,47812200.0,130024696.0,25570588000.0,0.0018698123015395657
426,2012-04-24,2.78,2.81,2.77,2.8,91645536.0,250534976.0,25570588000.0,0.003584021454649381
427,2012-04-25,2.79,2.8,2.78,2.8,47160128.0,128911232.0,25570588000.0,0.0018443114409414441
428,2012-04-26,2.79,2.81,2.78,2.79,48934620.0,133423552.0,25570588000.0,0.0019137072639862642
429,2012-04-27,2.79,2.8,2.78,2.78,53652240.0,146129872.0,25570588000.0,0.002098201261543145
430,2012-05-02,2.8,2.8,2.78,2.79,124189592.0,339059872.0,25570588000.0,0.004856735871697593
431,2012-05-03,2.79,2.79,2.77,2.79,61399868.0,167023360.0,25570588000.0,0.0024011910871975257
432,2012-05-04,2.79,2.81,2.78,2.79,99328056.0,271352832.0,25570588000.0,0.003884465073701082
433,2012-05-07,2.79,2.8,2.78,2.79,81140968.0,221749632.0,25570588000.0,0.0031732147888034485
434,2012-05-08,2.79,2.82,2.78,2.82,104131456.0,285364288.0,25570588000.0,0.004072313706669553
435,2012-05-09,2.81,2.81,2.78,2.78,75335040.0,205883952.0,25570588000.0,0.0029461598614783516
436,2012-05-10,2.79,2.81,2.78,2.8,55757364.0,152488400.0,25570588000.0,0.002180527252638852
437,2012-05-11,2.79,2.81,2.78,2.79,65724988.0,179590000.0,25570588000.0,0.0025703354181765394
438,2012-05-14,2.79,2.79,2.73,2.74,79791976.0,215838832.0,25570588000.0,0.003120459177551959
439,2012-05-15,2.74,2.75,2.72,2.74,64827768.0,173923088.0,25570588000.0,0.002535247449139613
440,2012-05-16,2.74,2.75,2.71,2.72,73893488.0,197565248.0,25570588000.0,0.00288978446643464
441,2012-05-17,2.72,2.77,2.71,2.75,56869820.0,152741024.0,25570588000.0,0.002224032548645342
442,2012-05-18,2.73,2.74,2.69,2.7,86998192.0,231640352.0,25570588000.0,0.0034022757708974077
443,2012-05-21,2.72,2.72,2.69,2.7,60731200.0,161301120.0,25570588000.0,0.0023750411996783178
444,2012-05-22,2.71,2.71,2.7,2.71,35815032.0,95100416.0,25570588000.0,0.0014006338845238913
445,2012-05-23,2.71,2.72,2.7,2.7,26776548.0,71126864.0,25570588000.0,0.001047161997213361
446,2012-05-24,2.7,2.71,2.69,2.7,35709596.0,94628320.0,25570588000.0,0.0013965105534530532
447,2012-05-25,2.7,2.71,2.69,2.69,30339232.0,80460664.0,25570588000.0,0.0011864894151045725
448,2012-05-28,2.7,2.72,2.7,2.71,59969288.0,159273504.0,25570588000.0,0.00234524477888424
449,2012-05-29,2.71,2.74,2.7,2.74,56048992.0,149678912.0,25570588000.0,0.0021919320744599223
450,2012-05-30,2.73,2.74,2.72,2.74,52553200.0,140802336.0,25570588000.0,0.0020552206308278873
451,2012-05-31,2.72,2.73,2.69,2.69,74093488.0,196877216.0,25570588000.0,0.0028976059525889666
452,2012-06-01,2.7,2.72,2.7,2.7,38416576.0,102195304.0,25570588000.0,0.0015023735864032536
453,2012-06-04,2.7,2.71,2.66,2.66,72754088.0,191653552.0,25570588000.0,0.002845225459813439
454,2012-06-05,2.67,2.68,2.66,2.67,37305088.0,97795432.0,25570588000.0,0.0014589061463897506
455,2012-06-06,2.68,2.69,2.67,2.69,28350648.0,74669768.0,25570588000.0,0.0011087210039909916
456,2012-06-07,2.69,2.7,2.67,2.68,36282796.0,95696112.0,25570588000.0,0.0014189269327713543
457,2012-06-11,2.67,2.68,2.66,2.67,101420992.0,265645488.0,25570588000.0,0.003966314423430544
458,2012-06-12,2.67,2.67,2.65,2.66,57605536.0,150400656.0,25570588000.0,0.0022528045111829265
459,2012-06-13,2.67,2.68,2.66,2.67,76652216.0,200400560.0,25570588000.0,0.0029976712307124105
460,2012-06-14,2.67,2.68,2.65,2.67,64759304.0,169062848.0,25570588000.0,0.0025325699979992637
461,2012-06-15,2.67,2.72,2.66,2.7,92104704.0,243480352.0,25570588000.0,0.0036019783354219307
462,2012-06-18,2.71,2.72,2.7,2.72,51567768.0,137480256.0,25570588000.0,0.002016682917107733
463,2012-06-19,2.72,2.73,2.7,2.72,62349032.0,166439600.0,25570588000.0,0.0024383104526184535
464,2012-06-20,2.76,2.76,2.73,2.74,45339876.0,115849368.0,25570588000.0,0.001773126061864514
465,2012-06-21,2.74,2.75,2.72,2.73,73693712.0,187559376.0,25570588000.0,0.0028819717403448055
466,2012-06-25,2.73,2.75,2.72,2.73,52361848.0,133621928.0,25570588000.0,0.002047737345734873
467,2012-06-26,2.73,2.75,2.73,2.74,35417864.0,90227072.0,25570588000.0,0.0013851016644591825
468,2012-06-27,2.74,2.75,2.73,2.75,37428908.0,95468928.0,25570588000.0,0.0014637484284678944
469,2012-06-28,2.75,2.76,2.74,2.74,36529432.0,93616960.0,25570588000.0,0.0014285722330671473
470,2012-06-29,2.74,2.78,2.74,2.78,66279120.0,170797984.0,25570588000.0,0.002592006097004887
471,2012-07-02,2.77,2.78,2.76,2.77,50291952.0,129756120.0,25570588000.0,0.001966789031210389
472,2012-07-03,2.77,2.78,2.76,2.76,29959284.0,77208384.0,25570588000.0,0.0011716306249977514
473,2012-07-04,2.76,2.77,2.75,2.76,36893152.0,94729544.0,25570588000.0,0.0014427963877874064
474,2012-07-05,2.75,2.76,2.75,2.76,35687036.0,91615912.0,25570588000.0,0.0013956282898148452
475,2012-07-06,2.74,2.75,2.73,2.74,33654472.0,85901120.0,25570588000.0,0.0013161399338959276
476,2012-07-09,2.74,2.76,2.68,2.69,77200224.0,196074048.0,25570588000.0,0.003019102415634713
477,2012-07-10,2.69,2.7,2.67,2.68,45583100.0,114142760.0,25570588000.0,0.001782637927606514
478,2012-07-11,2.68,2.69,2.65,2.66,50195772.0,124921512.0,25570588000.0,0.0019630276785187733
479,2012-07-12,2.66,2.67,2.63,2.64,77542200.0,191233984.0,25570588000.0,0.0030324762183802736
480,2012-07-13,2.64,2.66,2.64,2.65,35168220.0,86780168.0,25570588000.0,0.0013753387290116284
481,2012-07-16,2.66,2.66,2.64,2.66,60706404.0,150161728.0,25570588000.0,0.0023740714918249043
482,2012-07-17,2.66,2.68,2.65,2.67,44781616.0,111298216.0,25570588000.0,0.0017512939475619411
483,2012-07-18,2.68,2.69,2.66,2.67,37963584.0,94859776.0,25570588000.0,0.001484658233123149
484,2012-07-19,2.68,2.69,2.67,2.67,31775166.0,79383848.0,25570588000.0,0.0012426451046022094
485,2012-07-20,2.67,2.68,2.65,2.67,29811444.0,74093528.0,25570588000.0,0.0011658489824324728
486,2012-07-23,2.66,2.67,2.63,2.64,34312904.0,84743016.0,25570588000.0,0.0013418895177537567
487,2012-07-24,2.65,2.65,2.62,2.62,42578452.0,104499624.0,25570588000.0,0.0016651338639533826
488,2012-07-25,2.62,2.64,2.62,2.63,21008248.0,51371212.0,25570588000.0,0.0008215786042933389
489,2012-07-26,2.62,2.64,2.62,2.63,24477788.0,60068584.0,25570588000.0,0.0009572633996527573
490,2012-07-27,2.64,2.67,2.63,2.66,39118736.0,96730216.0,25570588000.0,0.0015298332599938647
491,2012-07-30,2.66,2.69,2.65,2.67,42110056.0,105079696.0,25570588000.0,0.001646816099809672
492,2012-07-31,2.68,2.7,2.67,2.7,41806792.0,104970952.0,25570588000.0,0.0016349562239241428
493,2012-08-01,2.69,2.7,2.68,2.68,29344716.0,73745456.0,25570588000.0,0.0011475964494832892
494,2012-08-02,2.68,2.7,2.68,2.69,23973558.0,60150164.0,25570588000.0,0.0009375442598347758
495,2012-08-03,2.69,2.72,2.69,2.7,22008294.0,55523392.0,25570588000.0,0.0008606878340067894
496,2012-08-06,2.7,2.72,2.68,2.68,41906372.0,105235856.0,25570588000.0,0.0016388505418803822
497,2012-08-07,2.69,2.7,2.68,2.68,30272212.0,75807272.0,25570588000.0,0.0011838684350942575
498,2012-08-08,2.68,2.72,2.68,2.69,48305564.0,121856672.0,25570588000.0,0.0018891065000147826
499,2012-08-09,2.69,2.72,2.69,2.72,34423184.0,86869968.0,25570588000.0,0.0013462022852192526
500,2012-08-10,2.72,2.73,2.7,2.72,31022692.0,78647176.0,25570588000.0,0.001213217779739754
501,2012-08-13,2.7,2.73,2.7,2.72,44744664.0,113574336.0,25570588000.0,0.0017498488497800677
502,2012-08-14,2.72,2.74,2.72,2.73,66267072.0,168674464.0,25570588000.0,0.0025915349306789505
503,2012-08-15,2.73,2.74,2.69,2.69,34835796.0,88009992.0,25570588000.0,0.0013623384804447986
504,2012-08-16,2.69,2.72,2.69,2.7,14674016.0,36929576.0,25570588000.0,0.0005738630648618639
505,2012-08-17,2.7,2.72,2.68,2.69,39085932.0,98199512.0,25570588000.0,0.001528550379834832
506,2012-08-20,2.68,2.7,2.66,2.68,30300170.0,75585704.0,25570588000.0,0.001184961800643771
507,2012-08-21,2.67,2.68,2.66,2.66,53374096.0,132665120.0,25570588000.0,0.002087323764318599
508,2012-08-22,2.66,2.67,2.65,2.67,39645032.0,98186312.0,25570588000.0,0.0015504153443792533
509,2012-08-23,2.66,2.67,2.65,2.66,55291012.0,137063632.0,25570588000.0,0.0021622894240836384
510,2012-08-24,2.66,2.66,2.65,2.66,49099640.0,121555024.0,25570588000.0,0.0019201607722121993
511,2012-08-27,2.65,2.68,2.65,2.67,53157116.0,132158664.0,25570588000.0,0.00207883823398977
512,2012-08-28,2.67,2.69,2.66,2.67,30847824.0,77043992.0,25570588000.0,0.00120637914153558
513,2012-08-29,2.68,2.69,2.66,2.68,20337364.0,50627680.0,25570588000.0,0.0007953420547075413
514,2012-08-30,2.66,2.68,2.66,2.67,62700580.0,156143456.0,25570588000.0,0.0024520585916913604
515,2012-08-31,2.67,2.67,2.65,2.66,41167560.0,102074504.0,25570588000.0,0.001609957502737129
516,2012-09-03,2.65,2.66,2.63,2.63,49676140.0,122287488.0,25570588000.0,0.001942706206052047
517,2012-09-04,2.63,2.64,2.62,2.63,46764248.0,114482280.0,25570588000.0,0.0018288295912475693
518,2012-09-05,2.63,2.63,2.59,2.6,66445984.0,161032496.0,25570588000.0,0.002598531719333165
519,2012-09-06,2.6,2.61,2.59,2.61,35686776.0,86172928.0,25570588000.0,0.0013956181218828445
520,2012-09-07,2.61,2.68,2.6,2.67,141317728.0,348722912.0,25570588000.0,0.0055265732645647415
521,2012-09-10,2.66,2.67,2.64,2.66,56756852.0,140452240.0,25570588000.0,0.002219614660405932
522,2012-09-11,2.65,2.65,2.62,2.65,38935764.0,95517168.0,25570588000.0,0.0015226776951707173
523,2012-09-12,2.65,2.66,2.62,2.64,40304760.0,98985512.0,25570588000.0,0.0015762156114673624
524,2012-09-13,2.63,2.65,2.62,2.63,30664298.0,75332416.0,25570588000.0,0.0011992019111957848
525,2012-09-14,2.64,2.67,2.63,2.66,62367160.0,154088048.0,25570588000.0,0.002439019392123482
526,2012-09-17,2.65,2.67,2.63,2.64,52193168.0,128960176.0,25570588000.0,0.0020411407043123136
527,2012-09-18,2.64,2.64,2.62,2.62,27545156.0,67379736.0,25570588000.0,0.0010772202813638858
528,2012-09-19,2.62,2.63,2.6,2.62,56159664.0,136685488.0,25570588000.0,0.002196260172038281
529,2012-09-20,2.6,2.62,2.59,2.61,54102912.0,131155720.0,25570588000.0,0.0021158258855838593
530,2012-09-21,2.6,2.61,2.59,2.59,62289792.0,150625248.0,25570588000.0,0.002435993728419542
531,2012-09-24,2.59,2.6,2.58,2.59,58130944.0,140051216.0,25570588000.0,0.0022733518681697894
532,2012-09-25,2.59,2.6,2.58,2.59,22952188.0,55224984.0,25570588000.0,0.000897601103267551
533,2012-09-26,2.58,2.59,2.55,2.58,35919504.0,86034432.0,25570588000.0,0.0014047195160314656
534,2012-09-27,2.56,2.64,2.56,2.63,89659984.0,218146512.0,25570588000.0,0.0035063716172658993
535,2012-09-28,2.61,2.65,2.61,2.64,72986064.0,178359952.0,25570588000.0,0.00285429744517412
536,2012-10-08,2.63,2.65,2.62,2.65,45962504.0,112792488.0,25570588000.0,0.0017974754432709956
537,2012-10-09,2.65,2.69,2.64,2.67,74725680.0,186064576.0,25570588000.0,0.002922329357463348
538,2012-10-10,2.67,2.67,2.64,2.66,44281336.0,109675024.0,25570588000.0,0.0017317292820955075
539,2012-10-11,2.66,2.68,2.64,2.67,48436140.0,119885064.0,25570588000.0,0.0018942129918952195
540,2012-10-12,2.67,2.7,2.67,2.68,62289692.0,156021008.0,25570588000.0,0.0024359898176764647
541,2012-10-15,2.68,2.7,2.67,2.69,42645468.0,106985960.0,25570588000.0,0.0016677546875339747
542,2012-10-16,2.69,2.7,2.67,2.68,31706070.0,79218752.0,25570588000.0,0.0012399429375656126
543,2012-10-17,2.68,2.7,2.68,2.69,35832284.0,89947664.0,25570588000.0,0.0014013085659195636
544,2012-10-18,2.7,2.72,2.68,2.69,62636076.0,157733392.0,25570588000.0,0.002449536005976867
545,2012-10-19,2.69,2.7,2.68,2.7,48359776.0,121613024.0,25570588000.0,0.0018912265920517746
546,2012-10-22,2.69,2.72,2.68,2.7,39921768.0,100669472.0,25570588000.0,0.0015612377783412723
547,2012-10-23,2.7,2.72,2.69,2.69,20417420.0,51423392.0,25570588000.0,0.0007984728391853954
548,2012-10-24,2.69,2.7,2.68,2.69,28275592.0,70945336.0,25570588000.0,0.0011057857566669957
549,2012-10-25,2.68,2.7,2.67,2.68,30565002.0,76598304.0,25570588000.0,0.0011953186997498845
550,2012-10-26,2.68,2.7,2.64,2.65,41716092.0,103694016.0,25570588000.0,0.0016314091799531556
551,2012-10-29,2.66,2.66,2.64,2.65,32231244.0,79662800.0,25570588000.0,0.0012604811434136752
552,2012-10-30,2.65,2.67,2.64,2.66,46823372.0,115817760.0,25570588000.0,0.0018311417789845113
553,2012-10-31,2.66,2.69,2.65,2.68,34747620.0,86516208.0,25570588000.0,0.0013588901436290789
554,2012-11-01,2.68,2.73,2.68,2.72,72312784.0,182520992.0,25570588000.0,0.0028279671941841933
555,2012-11-02,2.72,2.76,2.7,2.74,88186664.0,224221696.0,25570588000.0,0.003448753857361434
556,2012-11-05,2.74,2.76,2.72,2.75,48054404.0,122566472.0,25570588000.0,0.0018792842777021787
557,2012-11-06,2.75,2.76,2.72,2.76,66408068.0,169617248.0,25570588000.0,0.002597048921988028
558,2012-11-07,2.75,2.77,2.74,2.76,34792580.0,89354328.0,25570588000.0,0.0013606484137165715
559,2012-11-08,2.75,2.77,2.72,2.76,51590736.0,131693312.0,25570588000.0,0.0020175811365776963
560,2012-11-09,2.75,2.77,2.74,2.77,65293172.0,167540432.0,25570588000.0,0.002553448203850455
561,2012-11-12,2.75,2.78,2.75,2.77,74618336.0,192478912.0,25570588000.0,0.0029181314094145977
562,2012-11-13,2.77,2.77,2.74,2.76,74274016.0,190646336.0,25570588000.0,0.002904665938851308
563,2012-11-14,2.76,2.79,2.75,2.77,71584576.0,184864272.0,25570588000.0,0.0027994888502368425
564,2012-11-15,2.76,2.79,2.75,2.77,62201524.0,160295808.0,25570588000.0,0.0024325417937201914
565,2012-11-16,2.76,2.77,2.72,2.77,76516208.0,195627984.0,25570588000.0,0.002992352307268022
566,2012-11-19,2.75,2.77,2.73,2.75,39947496.0,102256024.0,25570588000.0,0.0015622439343201651
567,2012-11-20,2.75,2.76,2.73,2.76,33755716.0,86347928.0,25570588000.0,0.001320099326616971
568,2012-11-21,2.75,2.78,2.75,2.77,38529844.0,99283080.0,25570588000.0,0.0015068032068718952
569,2012-11-22,2.77,2.78,2.76,2.77,26906430.0,69414376.0,25570588000.0,0.0010522413485368424
570,2012-11-23,2.78,2.79,2.76,2.77,56000388.0,144810928.0,25570588000.0,0.002190031296894698
571,2012-11-26,2.76,2.8,2.75,2.8,49269456.0,127556736.0,25570588000.0,0.0019268018396761154
572,2012-11-27,2.79,2.81,2.78,2.8,54074588.0,141082208.0,25570588000.0,0.0021147182067146834
573,2012-11-28,2.8,2.83,2.79,2.83,78748552.0,206354720.0,25570588000.0,0.003079653545706497
574,2012-11-29,2.83,2.84,2.81,2.83,66760892.0,176335008.0,25570588000.0,0.002610846962142599
575,2012-11-30,2.82,2.84,2.79,2.79,51548024.0,135805296.0,25570588000.0,0.002015910779994578
576,2012-12-03,2.79,2.81,2.77,2.8,44719672.0,115975128.0,25570588000.0,0.001748871476870223
577,2012-12-04,2.79,2.8,2.77,2.77,58950080.0,153184544.0,25570588000.0,0.0023053861725823434
578,2012-12-05,2.78,2.83,2.77,2.81,128807896.0,336307072.0,25570588000.0,0.005037345875659957
579,2012-12-06,2.81,2.82,2.79,2.81,77340560.0,202659776.0,25570588000.0,0.003024590596039481
580,2012-12-07,2.81,2.84,2.8,2.81,194680416.0,511144128.0,25570588000.0,0.007613450891313098
581,2012-12-10,2.82,2.87,2.81,2.87,144023792.0,380876448.0,25570588000.0,0.005632400475108355
582,2012-12-11,2.84,2.89,2.84,2.87,75300464.0,201508496.0,25570588000.0,0.0029448076829519916
583,2012-12-12,2.87,2.89,2.85,2.88,93613904.0,250756176.0,25570588000.0,0.0036609992699424823
584,2012-12-13,2.88,2.89,2.85,2.88,61081372.0,163479456.0,25570588000.0,0.002388735526926483
585,2012-12-14,2.88,3.0,2.88,2.99,191904256.0,530947584.0,25570588000.0,0.007504882406302115
586,2012-12-17,2.98,3.0,2.92,2.94,158831872.0,437070944.0,25570588000.0,0.006211506438569187
587,2012-12-18,2.93,2.99,2.91,2.97,191191088.0,526175296.0,25570588000.0,0.0074769922381135705
588,2012-12-19,2.96,2.98,2.93,2.95,99547088.0,274450528.0,25570588000.0,0.003893030852477855
589,2012-12-20,2.95,2.96,2.92,2.94,60827696.0,166533264.0,25570588000.0,0.0023788149103180574
590,2012-12-21,2.94,2.96,2.9,2.91,112759696.0,307656224.0,25570588000.0,0.004409742005150605
591,2012-12-24,2.92,2.95,2.91,2.93,54838548.0,149796000.0,25570588000.0,0.0021445947195269815
592,2012-12-25,2.93,3.04,2.92,3.0,143619824.0,400844192.0,25570588000.0,0.005616602324514399
593,2012-12-26,3.0,3.0,2.95,2.97,107126544.0,296052384.0,25570588000.0,0.004189443903284508
594,2012-12-27,2.96,2.98,2.93,2.94,109688216.0,301428736.0,25570588000.0,0.0042896243136841435
595,2012-12-28,2.94,2.98,2.93,2.96,165537696.0,455348640.0,25570588000.0,0.0064737539864159555
596,2012-12-31,2.96,3.02,2.95,3.0,178108656.0,495313792.0,25570588000.0,0.006965371934348948
597,2013-01-04,3.04,3.11,3.0,3.1,368017248.0,1055235904.0,25570588000.0,0.01439220904892762
598,2013-01-07,3.09,3.11,3.07,3.08,139115904.0,400317184.0,25570588000.0,0.0054404655849134165
599,2013-01-08,3.09,3.1,3.03,3.05,103867376.0,295654592.0,25570588000.0,0.00406198621635138
600,2013-01-09,3.05,3.06,3.0,3.03,101774320.0,287554368.0,25570588000.0,0.003980132173730225
601,2013-01-10,3.03,3.04,3.02,3.03,124676464.0,351421856.0,25570588000.0,0.00487577618473224
602,2013-01-11,3.03,3.03,2.97,2.99,98337576.0,274844032.0,25570588000.0,0.0038457299456703927
603,2013-01-14,2.98,3.08,2.97,3.05,201038832.0,567769088.0,25570588000.0,0.007862112204850355
604,2013-01-15,3.05,3.07,3.03,3.05,181549520.0,513996576.0,25570588000.0,0.007099935285023559
605,2013-01-16,3.04,3.04,2.96,2.98,147653424.0,411938304.0,25570588000.0,0.005774346057274866
606,2013-01-17,2.98,2.98,2.95,2.97,83781232.0,231529888.0,25570588000.0,0.003276468730402289
607,2013-01-18,2.98,3.03,2.97,3.0,93251280.0,260399008.0,25570588000.0,0.003646817976966349
608,2013-01-21,3.02,3.02,2.96,2.98,149396640.0,414922816.0,25570588000.0,0.005842518756314872
609,2013-01-22,2.97,3.09,2.96,3.02,300367072.0,844795008.0,25570588000.0,0.011746584474318698
610,2013-01-23,3.02,3.05,2.99,3.04,231953808.0,653407424.0,25570588000.0,0.009071117488577111
611,2013-01-24,3.04,3.12,3.03,3.07,424746560.0,1217478144.0,25570588000.0,0.0166107466906901
612,2013-01-25,3.06,3.07,3.0,3.03,181620528.0,514305856.0,25570588000.0,0.007102712225467792
613,2013-01-28,3.03,3.13,3.02,3.12,390946976.0,1124930176.0,25570588000.0,0.01528893179930004
614,2013-01-29,3.11,3.14,3.09,3.12,313601952.0,908397248.0,25570588000.0,0.012264166627689595
615,2013-01-30,3.13,3.24,3.12,3.23,558564736.0,1661433088.0,25570588000.0,0.021844031744596565
616,2013-01-31,3.24,3.34,3.23,3.31,502788896.0,1542566144.0,25570588000.0,0.019662781943066778
617,2013-02-01,3.29,3.38,3.26,3.37,388129248.0,1202759168.0,25570588000.0,0.015178737696606742
618,2013-02-04,3.37,3.52,3.36,3.47,501872992.0,1614986624.0,25570588000.0,0.019626963290793314
619,2013-02-05,3.43,3.46,3.38,3.42,343187360.0,1093831040.0,25570588000.0,0.01342117592290017
620,2013-02-06,3.42,3.48,3.39,3.43,233170784.0,745610496.0,25570588000.0,0.009118710293247852
621,2013-02-07,3.42,3.44,3.31,3.37,315462016.0,990458048.0,25570588000.0,0.012336908951800405
622,2013-02-08,3.36,3.39,3.32,3.33,233158704.0,725853056.0,25570588000.0,0.009118237875484131
623,2013-02-18,3.35,3.4,3.31,3.32,253638928.0,794786176.0,25570588000.0,0.009919166817751707
624,2013-02-19,3.32,3.34,3.26,3.29,153695984.0,471430368.0,25570588000.0,0.006010655054158317
625,2013-02-20,3.29,3.32,3.23,3.27,182687904.0,555142912.0,25570588000.0,0.007144454558495096
626,2013-02-21,3.25,3.26,3.11,3.17,304538784.0,899360832.0,25570588000.0,0.011909729412557897
627,2013-02-22,3.16,3.16,3.09,3.12,140840000.0,410501280.0,25570588000.0,0.00550789054987707
628,2013-02-25,3.11,3.17,3.09,3.11,113446560.0,330343072.0,25570588000.0,0.004436603491480133
629,2013-02-26,3.1,3.2,3.07,3.08,210810752.0,618109120.0,25570588000.0,0.008244266889756309
630,2013-02-27,3.09,3.17,3.08,3.14,182134512.0,530276576.0,25570588000.0,0.007122812819165519
631,2013-02-28,3.16,3.24,3.12,3.22,224303296.0,666391232.0,25570588000.0,0.008771925620169548
632,2013-03-01,3.22,3.23,3.11,3.17,143711216.0,425484928.0,25570588000.0,0.005620176430827481
633,2013-03-04,3.1,3.17,3.0,3.06,252133392.0,722470528.0,25570588000.0,0.009860289172857504
634,2013-03-05,3.06,3.23,3.05,3.19,284866656.0,828992128.0,25570588000.0,0.011140403028667154
635,2013-03-06,3.19,3.2,3.12,3.16,198033008.0,582177856.0,25570588000.0,0.007744562150858635
636,2013-03-07,3.13,3.14,3.06,3.08,151992960.0,439762752.0,25570588000.0,0.0059440541609758835
637,2013-03-08,3.09,3.12,3.06,3.08,106002984.0,304208704.0,25570588000.0,0.00414550435836673
638,2013-03-11,3.07,3.08,3.03,3.06,113421952.0,322332160.0,25570588000.0,0.004435641135823705
639,2013-03-12,3.05,3.09,3.0,3.03,147414032.0,418276928.0,25570588000.0,0.005764984051207582
640,2013-03-13,3.02,3.05,2.97,3.0,137056848.0,383820672.0,25570588000.0,0.005359941194938498
641,2013-03-14,2.99,3.05,2.98,3.05,125330024.0,352081408.0,25570588000.0,0.00490133523718735
642,2013-03-15,3.05,3.1,3.0,3.08,197468496.0,564087616.0,25570588000.0,0.007722485536898878
643,2013-03-18,3.06,3.07,3.0,3.0,122096976.0,344937120.0,25570588000.0,0.0047748990363459766
644,2013-03-19,3.02,3.04,2.99,3.02,115664744.0,324261824.0,25570588000.0,0.004523350968698881
645,2013-03-20,3.02,3.12,3.02,3.1,217933888.0,626229120.0,25570588000.0,0.00852283443775325
646,2013-03-21,3.1,3.12,3.07,3.09,94853936.0,273727264.0,25570588000.0,0.0037094937355370942
647,2013-03-22,3.09,3.1,3.07,3.09,63032304.0,181191424.0,25570588000.0,0.00246503146505665
648,2013-03-25,3.1,3.13,3.1,3.11,73721208.0,213916272.0,25570588000.0,0.0028830470382613022
649,2013-03-26,3.1,3.11,3.04,3.07,107099864.0,306508672.0,25570588000.0,0.004188400517031521
650,2013-03-27,3.08,3.1,3.02,3.03,174173088.0,495851424.0,25570588000.0,0.006811461981241886
651,2013-03-28,3.0,3.0,2.83,2.9,396446240.0,1067750976.0,25570588000.0,0.015503993885474984
652,2013-03-29,2.9,2.92,2.89,2.9,90165200.0,244257088.0,25570588000.0,0.0035261293170106216
653,2013-04-01,2.89,2.91,2.88,2.88,83033784.0,223222000.0,25570588000.0,0.003247237959486892
654,2013-04-02,2.88,2.91,2.87,2.89,86506216.0,232918336.0,25570588000.0,0.0033830358535361016
655,2013-04-03,2.91,2.96,2.9,2.93,129304480.0,352956672.0,25570588000.0,0.005056766000062259
656,2013-04-08,2.9,2.92,2.89,2.91,100115776.0,270890528.0,25570588000.0,0.003915270779068514
657,2013-04-09,2.92,2.94,2.92,2.92,84066400.0,229251040.0,25570588000.0,0.0032876209182205744
658,2013-04-10,2.92,2.93,2.91,2.91,74964120.0,203995568.0,25570588000.0,0.0029316541332565366
659,2013-04-11,2.93,2.94,2.89,2.9,62444116.0,169528496.0,25570588000.0,0.002442028943565944
660,2013-04-12,2.91,2.92,2.9,2.91,48095716.0,130242384.0,25570588000.0,0.0018808998838822164
661,2013-04-15,2.92,2.93,2.91,2.92,98561688.0,268210992.0,25570588000.0,0.0038544943901954857
662,2013-04-16,2.92,2.93,2.9,2.91,64064772.0,173837536.0,25570588000.0,0.0025054086358905787
663,2013-04-17,2.92,2.92,2.88,2.89,71236872.0,191983584.0,25570588000.0,0.002785891040127822
664,2013-04-18,2.88,2.9,2.87,2.89,59191016.0,159070032.0,25570588000.0,0.0023148085605227383
665,2013-04-19,2.9,2.96,2.89,2.94,128326072.0,350434880.0,25570588000.0,0.005018502976935845
666,2013-04-22,2.94,2.95,2.92,2.93,70838480.0,193668912.0,25570588000.0,0.0027703109525678486
667,2013-04-23,2.93,2.94,2.88,2.89,75154024.0,202884864.0,25570588000.0,0.002939080790789793
668,2013-04-24,2.89,2.94,2.88,2.94,114833392.0,312241664.0,25570588000.0,0.004490838927912021
669,2013-04-25,2.94,2.94,2.89,2.91,116132264.0,314680480.0,25570588000.0,0.004541634474733236
670,2013-04-26,2.92,2.92,2.88,2.89,98526496.0,265189440.0,25570588000.0,0.00385311812149177
671,2013-05-02,2.89,2.91,2.85,2.9,116326000.0,311891200.0,25570588000.0,0.00454921099194121
672,2013-05-03,2.9,2.94,2.9,2.92,104708760.0,285196832.0,25570588000.0,0.004094890582883742
673,2013-05-06,2.92,2.95,2.91,2.92,90823088.0,247971808.0,25570588000.0,0.003551857626426111
674,2013-05-07,2.92,2.94,2.92,2.93,63628732.0,173651104.0,25570588000.0,0.002488356231776915
675,2013-05-08,2.94,2.96,2.93,2.95,85803032.0,235798432.0,25570588000.0,0.0033555361339363803
676,2013-05-09,2.95,2.96,2.93,2.94,59961272.0,164517792.0,25570588000.0,0.0023449312937191746
677,2013-05-10,2.94,2.96,2.92,2.94,102102392.0,279260864.0,25570588000.0,0.003992962226758336
678,2013-05-13,2.94,2.94,2.91,2.93,68128352.0,185628256.0,25570588000.0,0.002664324809425579
679,2013-05-14,2.92,2.93,2.89,2.9,83140144.0,225070256.0,25570588000.0,0.003251397425823763
680,2013-05-15,2.91,2.91,2.89,2.91,26566646.0,71793424.0,25570588000.0,0.0010389532692795331
681,2013-05-16,2.9,2.93,2.89,2.92,74500584.0,202233264.0,25570588000.0,0.0029135264312263763
682,2013-05-17,2.92,2.96,2.91,2.95,166120256.0,454307584.0,25570588000.0,0.006496536411286279
683,2013-05-20,2.96,3.0,2.95,2.96,112160848.0,311214688.0,25570588000.0,0.004386322598447873
684,2013-05-21,2.96,2.98,2.95,2.96,69171976.0,190779824.0,25570588000.0,0.002705138262757196
685,2013-05-22,2.96,2.98,2.94,2.96,60604012.0,167257984.0,25570588000.0,0.002370067203773335
686,2013-05-23,2.95,2.96,2.91,2.93,109718456.0,299669280.0,25570588000.0,0.004290806922390678
687,2013-05-24,2.93,2.94,2.91,2.93,95862456.0,261342048.0,25570588000.0,0.003748934361618904
688,2013-05-27,2.92,2.93,2.91,2.92,87805768.0,238780720.0,25570588000.0,0.0034338579934102414
689,2013-05-28,2.91,2.95,2.91,2.94,155911472.0,424869440.0,25570588000.0,0.006097297097743704
690,2013-05-29,2.95,2.96,2.93,2.94,135766496.0,372133632.0,25570588000.0,0.005309478843427457
691,2013-05-30,2.93,2.95,2.93,2.93,127680504.0,349311904.0,25570588000.0,0.0049932564710674626
692,2013-05-31,2.93,2.95,2.93,2.93,83002608.0,227337328.0,25570588000.0,0.0032460187462251553
693,2013-06-03,2.93,2.95,2.92,2.94,109532024.0,300406336.0,25570588000.0,0.004283516045857061
694,2013-06-04,2.94,2.95,2.93,2.93,109128880.0,298943840.0,25570588000.0,0.00426775011978606
695,2013-06-05,2.93,2.95,2.93,2.94,96319280.0,263784976.0,25570588000.0,0.003766799574573725
696,2013-06-06,2.94,2.95,2.92,2.92,70882304.0,193927280.0,25570588000.0,0.002772024796613985
697,2013-06-07,2.93,2.94,2.9,2.9,73833496.0,200550112.0,25570588000.0,0.0028874383334477876
698,2013-06-13,2.89,2.9,2.84,2.89,167106848.0,445669376.0,25570588000.0,0.0065351194896261285
699,2013-06-14,2.88,2.92,2.87,2.91,127995520.0,344050848.0,25570588000.0,0.00500557593747942
700,2013-06-17,2.91,2.92,2.87,2.87,75311072.0,202839184.0,25570588000.0,0.002945222534577617
701,2013-06-18,2.9,2.91,2.87,2.89,66292716.0,178215904.0,25570588000.0,0.002592537801633658
702,2013-06-19,2.89,2.9,2.85,2.87,57537476.0,153832192.0,25570588000.0,0.002250142859444609
703,2013-06-20,2.87,2.87,2.78,2.79,117388576.0,307844160.0,25570588000.0,0.0045907656093008105
704,2013-06-21,2.78,2.8,2.75,2.76,97462496.0,251967504.0,25570588000.0,0.0038115078151507507
705,2013-06-24,2.76,2.77,2.65,2.66,174631472.0,436416736.0,25570588000.0,0.006829388201788711
706,2013-06-25,2.65,2.73,2.61,2.69,180370688.0,446450048.0,25570588000.0,0.007053834194192171
707,2013-06-26,2.7,2.72,2.65,2.7,156376944.0,390549312.0,25570588000.0,0.006115500511759839
708,2013-06-27,2.7,2.78,2.69,2.75,189908192.0,484874272.0,25570588000.0,0.007426821471606363
709,2013-06-28,2.78,2.83,2.72,2.81,215581056.0,525116512.0,25570588000.0,0.008430821223195963
710,2013-07-01,2.8,2.86,2.75,2.85,123624056.0,303264672.0,25570588000.0,0.004834619211728725
711,2013-07-02,2.85,2.89,2.82,2.86,124937304.0,311567424.0,25570588000.0,0.004885976966974713
712,2013-07-03,2.86,2.86,2.79,2.82,111485856.0,274387808.0,25570588000.0,0.004359925395536465
713,2013-07-04,2.8,2.85,2.8,2.82,67818768.0,167596208.0,25570588000.0,0.002652217774577573
714,2013-07-05,2.83,2.83,2.82,2.83,35214164.0,87140032.0,25570588000.0,0.0013771354808110004
715,2013-07-08,2.82,2.85,2.8,2.85,83033736.0,205588304.0,25570588000.0,0.003247236082330215
716,2013-07-09,2.83,2.87,2.82,2.85,52090540.0,129861136.0,25570588000.0,0.0020371271869070824
717,2013-07-10,2.85,2.88,2.83,2.87,73986952.0,185032112.0,25570588000.0,0.0028934396033442797
718,2013-07-11,2.87,2.98,2.86,2.94,126513664.0,323263936.0,25570588000.0,0.004947624356545888
719,2013-07-12,2.93,2.94,2.87,2.87,124340936.0,316190240.0,25570588000.0,0.0048626545467002945
720,2013-07-15,2.88,2.91,2.86,2.88,103686288.0,261112192.0,25570588000.0,0.004054904329927806
721,2013-07-16,2.86,2.9,2.85,2.89,82071864.0,206333472.0,284163529197.0,0.00028881913253231954
722,2013-07-17,2.88,2.94,2.88,2.9,68861488.0,175598672.0,284163529197.0,0.00024233049256740084
723,2013-07-18,2.9,2.93,2.87,2.88,81118256.0,205767728.0,284163529197.0,0.00028546329020204324
724,2013-07-19,2.89,2.93,2.87,2.88,80342456.0,203265920.0,284163529197.0,0.0002827331720824088
725,2013-07-22,2.86,2.89,2.85,2.88,78505680.0,197446096.0,284163529197.0,0.00027626937285669386
726,2013-07-23,2.89,2.91,2.87,2.89,79473008.0,201591232.0,284163529197.0,0.00027967349724497656
727,2013-07-24,2.89,2.9,2.86,2.88,77398048.0,194974704.0,284163529197.0,0.00027237150460058797
728,2013-07-25,2.89,2.9,2.87,2.87,58800876.0,148111472.0,284163529197.0,0.00020692618847380497
729,2013-07-26,2.87,2.88,2.83,2.83,58016460.0,145019968.0,284163529197.0,0.00020416574978479856
730,2013-07-29,2.83,2.83,2.77,2.79,66468868.0,162960944.0,284163529197.0,0.0002339106224779451
731,2013-07-30,2.8,2.85,2.78,2.8,79840704.0,196396896.0,284163529197.0,0.00028096745639954876
732,2013-07-31,2.82,2.83,2.79,2.8,41718736.0,102439392.0,284163529197.0,0.00014681242212148186
733,2013-08-01,2.8,2.85,2.79,2.83,70328752.0,173541712.0,284163529197.0,0.0002474939419521486
734,2013-08-02,2.85,2.86,2.81,2.81,56825600.0,140840688.0,284163529197.0,0.00019997499383745662
735,2013-08-05,2.82,2.83,2.8,2.82,34822576.0,85716760.0,284163529197.0,0.00012254414244643901
736,2013-08-06,2.81,2.83,2.8,2.82,54746828.0,134721408.0,284163529197.0,0.00019265958638219917
737,2013-08-07,2.81,2.83,2.8,2.8,53456700.0,131546008.0,284163529197.0,0.0001881194963725991
738,2013-08-08,2.8,2.82,2.79,2.8,50788272.0,124712240.0,284163529197.0,0.00017872903022959848
739,2013-08-09,2.81,2.81,2.79,2.81,51368080.0,125916120.0,284163529197.0,0.00018076943281623034
740,2013-08-12,2.81,2.86,2.8,2.85,82349744.0,203885648.0,284163529197.0,0.00028979702016197154
741,2013-08-13,2.85,2.86,2.82,2.85,96002160.0,238523568.0,284163529197.0,0.00033784124328440924
742,2013-08-14,2.86,2.87,2.85,2.85,66726860.0,166918288.0,284163529197.0,0.00023481852223809042
743,2013-08-15,2.86,2.87,2.83,2.83,55277204.0,137947024.0,284163529197.0,0.0001945260327959904
744,2013-08-16,2.85,3.12,2.82,2.86,227717888.0,575640320.0,284163529197.0,0.0008013621193525214
745,2013-08-19,2.86,2.88,2.85,2.86,73750904.0,184801184.0,284163529197.0,0.0002595368385535191
746,2013-08-20,2.86,2.89,2.85,2.87,80998624.0,202904672.0,284163529197.0,0.00028504229317847
747,2013-08-21,2.88,2.88,2.83,2.85,54302556.0,135696016.0,284163529197.0,0.00019109614859250308
748,2013-08-22,2.85,2.86,2.82,2.83,63501800.0,157868928.0,284163529197.0,0.00022346921218020405
749,2013-08-23,2.85,2.85,2.79,2.82,75195992.0,185354608.0,284163529197.0,0.0002646222483669585
750,2013-08-26,2.81,2.85,2.8,2.83,74301856.0,183589360.0,284163529197.0,0.0002614756939779182
751,2013-08-27,2.83,2.85,2.8,2.82,59343600.0,146308848.0,284163529197.0,0.00020883608873980197
752,2013-08-28,2.82,2.82,2.8,2.8,68146752.0,167559072.0,284163529197.0,0.00023981526479689938
753,2013-08-29,2.82,2.82,2.79,2.81,59228808.0,145486704.0,284163529197.0,0.00020843212416234763
754,2013-08-30,2.8,2.82,2.8,2.82,67333888.0,165540080.0,284163529197.0,0.00023695471473863882
755,2013-09-02,2.82,2.82,2.8,2.81,87987064.0,216555200.0,284163529197.0,0.0003096353154419118
756,2013-09-03,2.82,2.85,2.81,2.85,81638968.0,202103824.0,284163529197.0,0.00028729572802920373
757,2013-09-04,2.83,2.85,2.81,2.83,67247680.0,166480416.0,284163529197.0,0.00023665134012809815
758,2013-09-05,2.83,2.83,2.81,2.82,54577932.0,134620032.0,284163529197.0,0.00019206522439465886
759,2013-09-06,2.81,2.83,2.81,2.82,73339280.0,181157408.0,284163529197.0,0.00025808829235491584
760,2013-09-09,2.86,3.11,2.86,3.11,652657216.0,1724344320.0,284163529197.0,0.0022967662945498437
761,2013-09-10,3.14,3.14,2.99,3.06,434423296.0,1160276736.0,284163529197.0,0.0015287792111380715
762,2013-09-11,3.04,3.05,2.99,3.02,253900224.0,671314368.0,284163529197.0,0.0008935003894323836
763,2013-09-12,3.02,3.13,2.98,3.05,498536000.0,1332753536.0,284163529197.0,0.0017543982558521209
764,2013-09-13,3.02,3.04,2.98,3.01,212479184.0,560167872.0,284163529197.0,0.0007477355894348289
765,2013-09-16,3.02,3.03,2.98,3.01,137279808.0,360898528.0,284163529197.0,0.0004831014324319889
766,2013-09-17,2.99,3.01,2.9,2.91,150837744.0,389683360.0,284163529197.0,0.0005308131709450645
767,2013-09-18,2.93,2.94,2.89,2.9,107176376.0,273063776.0,284163529197.0,0.00037716443170192544
768,2013-09-23,2.91,2.95,2.91,2.93,87058696.0,222987520.0,284163529197.0,0.00030636829520668517
769,2013-09-24,2.93,2.93,2.87,2.88,158177536.0,399175616.0,284163529197.0,0.0005566426361855233
770,2013-09-25,2.88,2.89,2.87,2.88,74729568.0,188472288.0,284163529197.0,0.00026298085546436455
771,2013-09-26,2.87,2.88,2.83,2.85,113412600.0,282394112.0,284163529197.0,0.00039911033031045747
772,2013-09-27,2.85,2.86,2.83,2.85,67336712.0,167810384.0,284163529197.0,0.00023696465267827513
773,2013-09-30,2.85,2.87,2.85,2.86,51735272.0,129242736.0,284163529197.0,0.0001820616183441819
774,2013-10-08,2.85,2.87,2.82,2.87,102511304.0,255282640.0,284163529197.0,0.00036074757478442185
775,2013-10-09,2.86,2.87,2.85,2.87,70254664.0,175723104.0,284163529197.0,0.0002472332188389139
776,2013-10-10,2.87,2.87,2.83,2.83,86991704.0,216421408.0,284163529197.0,0.00030613254363015703
777,2013-10-11,2.86,2.88,2.83,2.87,156052864.0,389718528.0,284163529197.0,0.0005491657020201715
778,2013-10-14,2.87,2.87,2.85,2.87,96617088.0,241764512.0,284163529197.0,0.0003400052366784161
779,2013-10-15,2.86,2.87,2.85,2.85,67168728.0,167618688.0,284163529197.0,0.00023637350011033407
780,2013-10-16,2.85,2.86,2.83,2.85,76399320.0,190001744.0,284163529197.0,0.00026885688045855875
781,2013-10-17,2.86,2.87,2.85,2.85,63216228.0,158074288.0,284163529197.0,0.0002224642556299846
782,2013-10-18,2.85,2.87,2.83,2.85,70740224.0,176430000.0,284163529197.0,0.0002489419532474853
783,2013-10-21,2.85,2.88,2.83,2.87,93050184.0,232863136.0,284163529197.0,0.0003274529432504752
784,2013-10-22,2.87,2.87,2.85,2.86,60978572.0,152406752.0,284163529197.0,0.00021458971942076995
785,2013-10-23,2.86,2.89,2.85,2.86,100231888.0,251555936.0,284163529197.0,0.0003527260809409253
786,2013-10-24,2.86,2.87,2.83,2.83,88537464.0,220122176.0,284163529197.0,0.0003115722283228692
787,2013-10-25,2.83,2.88,2.83,2.83,157899200.0,394393600.0,284163529197.0,0.0005556631438460716
788,2013-10-28,2.85,2.86,2.83,2.85,83874960.0,208838016.0,284163529197.0,0.0002951644084552899
789,2013-10-29,2.86,2.96,2.86,2.9,246150656.0,624805056.0,284163529197.0,0.0008662288812909306
790,2013-10-30,2.89,2.95,2.88,2.94,143111664.0,365371328.0,284163529197.0,0.0005036243194346942
791,2013-10-31,2.94,2.94,2.9,2.91,92830240.0,236716528.0,284163529197.0,0.0003266789382237868
792,2013-11-01,2.93,2.95,2.87,2.93,143969856.0,368032160.0,284163529197.0,0.0005066443832775988
793,2013-11-04,2.94,2.95,2.9,2.93,77765392.0,199245808.0,284163529197.0,0.0002736642250318061
794,2013-11-05,2.9,2.93,2.88,2.93,84573368.0,214826176.0,284163529197.0,0.0002976221763538432
795,2013-11-06,2.9,2.91,2.89,2.89,60966204.0,154817856.0,284163529197.0,0.00021454619518655542
796,2013-11-07,2.9,2.91,2.89,2.91,62301764.0,158200368.0,284163529197.0,0.00021924616496724498
797,2013-11-08,2.9,2.93,2.89,2.91,75763664.0,193307344.0,284163529197.0,0.0002666199431506774
798,2013-11-11,2.91,2.93,2.9,2.91,60539692.0,154460128.0,284163529197.0,0.0002130452566206344
799,2013-11-12,2.91,2.94,2.91,2.91,62335384.0,159559616.0,284163529197.0,0.00021936447712396335
800,2013-11-13,2.91,2.93,2.87,2.88,79285968.0,200576656.0,284163529197.0,0.00027901528469909305
801,2013-11-14,2.88,2.89,2.87,2.88,69984576.0,176398848.0,284163529197.0,0.00024628275203987315
802,2013-11-15,2.88,2.91,2.88,2.9,85882648.0,217816400.0,284163529197.0,0.00030222966417502774
803,2013-11-18,2.9,2.97,2.89,2.96,168711184.0,433184576.0,284163529197.0,0.0005937116014738077
804,2013-11-19,2.96,2.96,2.93,2.95,118013232.0,303988288.0,284163529197.0,0.00041530041639575014
805,2013-11-20,2.95,2.96,2.93,2.96,82630760.0,213083984.0,284163529197.0,0.0002907859436905964
806,2013-11-21,2.94,3.01,2.93,2.99,145150096.0,375905120.0,284163529197.0,0.0005107977663782915
807,2013-11-22,2.99,3.01,2.97,2.97,103053080.0,269630944.0,284163529197.0,0.00036265413894320385
808,2013-11-25,2.97,3.01,2.96,2.97,69730640.0,181951680.0,284163529197.0,0.0002453891257511035
809,2013-11-26,2.97,2.98,2.96,2.96,39787384.0,103504688.0,284163529197.0,0.00014001580045276284
810,2013-11-27,2.96,2.98,2.95,2.96,50118640.0,130225488.0,284163529197.0,0.0001763725279652429
811,2013-11-28,2.97,3.01,2.96,2.99,78515608.0,205361264.0,284163529197.0,0.00027630431048584017
812,2013-11-29,3.01,3.01,2.98,2.99,64896396.0,170112224.0,284163529197.0,0.00022837693557433875
813,2013-12-02,2.99,3.06,2.99,3.05,162731808.0,431870304.0,284163529197.0,0.0005726695767745202
814,2013-12-03,3.04,3.06,3.02,3.04,102204920.0,271403936.0,284163529197.0,0.0003596693787158912
815,2013-12-04,3.03,3.06,3.02,3.04,99424704.0,264133936.0,284163529197.0,0.00034988551937315134
816,2013-12-05,3.04,3.04,2.98,3.02,82654488.0,217680656.0,284163529197.0,0.0002908694449057842
817,2013-12-06,2.99,3.02,2.98,3.02,90672200.0,238073664.0,284163529197.0,0.00031908457871502693
818,2013-12-09,3.02,3.02,2.98,2.98,74080792.0,194118752.0,284163529197.0,0.00026069774755873947
819,2013-12-10,2.98,3.01,2.97,2.98,55477824.0,144976304.0,284163529197.0,0.00019523203472581905
820,2013-12-11,2.97,2.99,2.91,2.94,95646136.0,246098160.0,284163529197.0,0.00033658835907014685
821,2013-12-12,2.93,2.94,2.9,2.91,81003136.0,206430736.0,284163529197.0,0.0002850581713596453
822,2013-12-13,2.9,2.91,2.88,2.89,82596808.0,209322144.0,284163529197.0,0.00029066646319253275
823,2013-12-16,2.9,2.91,2.88,2.89,64550024.0,163572848.0,284163529197.0,0.00022715801771750193
824,2013-12-17,2.9,2.9,2.87,2.9,93901608.0,236937872.0,284163529197.0,0.0003304491898216168
825,2013-12-18,2.89,2.89,2.88,2.89,46034968.0,116151120.0,284163529197.0,0.00016200167604226814
826,2013-12-19,2.89,2.89,2.87,2.88,80112712.0,201692224.0,284163529197.0,0.00028192467987143006
827,2013-12-20,2.88,2.88,2.79,2.8,142569920.0,354088768.0,284163529197.0,0.0005017178678871263
828,2013-12-23,2.82,2.83,2.8,2.82,67986912.0,167878336.0,284163529197.0,0.00023925277178292364
829,2013-12-24,2.82,2.83,2.81,2.81,52862512.0,130463272.0,284163529197.0,0.00018602848912167188
830,2013-12-25,2.82,2.83,2.81,2.82,38640848.0,95292448.0,284163529197.0,0.00013598102511322535
831,2013-12-26,2.81,2.82,2.77,2.79,69320928.0,169672688.0,284163529197.0,0.0002439473080725373
832,2013-12-27,2.79,2.83,2.78,2.81,99197712.0,243832912.0,284163529197.0,0.0003490867117265774
833,2013-12-30,2.82,2.83,2.8,2.81,67745328.0,166797680.0,284163529197.0,0.00023840261342276153
834,2013-12-31,2.81,2.86,2.8,2.83,77204464.0,191125648.0,284163529197.0,0.0002716902630614396
835,2014-01-02,2.83,2.83,2.8,2.82,58007160.0,143059488.0,284163529197.0,0.00020413302215072714
836,2014-01-03,2.81,2.82,2.79,2.81,65319036.0,160306368.0,284163529197.0,0.00022986424818336468
837,2014-01-06,2.81,2.81,2.75,2.79,103628248.0,251799952.0,284163529197.0,0.0003646782129038044
838,2014-01-07,2.77,2.78,2.75,2.78,62578368.0,151461184.0,284163529197.0,0.00022021956222473838
839,2014-01-08,2.77,2.78,2.75,2.77,80706712.0,195345376.0,284163529197.0,0.00028401502553147503
840,2014-01-09,2.77,2.78,2.75,2.75,62909568.0,151940704.0,284163529197.0,0.00022138508828973313
841,2014-01-10,2.75,2.77,2.73,2.75,91387728.0,219846240.0,284163529197.0,0.00032160259361307513
842,2014-01-13,2.74,2.77,2.73,2.75,67092204.0,161369664.0,284163529197.0,0.00023610420446843294
843,2014-01-14,2.75,2.77,2.74,2.75,60804752.0,146415024.0,284163529197.0,0.00021397802938267398
844,2014-01-15,2.75,2.77,2.73,2.73,61573128.0,147586352.0,284163529197.0,0.0002166820217006583
845,2014-01-16,2.73,2.74,2.7,2.72,121063056.0,287050432.0,284163529197.0,0.0004260330533693206
846,2014-01-17,2.71,2.72,2.69,2.7,67601328.0,159441344.0,284163529197.0,0.00023789586295972032
847,2014-01-20,2.7,2.72,2.69,2.7,59263004.0,140303680.0,284163529197.0,0.00020855246332091818
848,2014-01-21,2.71,2.72,2.7,2.71,52002072.0,123117936.0,284163529197.0,0.00018300051434098322
849,2014-01-22,2.71,2.74,2.71,2.73,118387536.0,282175296.0,284163529197.0,0.0004166176297660152
850,2014-01-23,2.72,2.72,2.7,2.7,80176960.0,190007568.0,284163529197.0,0.000282150775036357
851,2014-01-24,2.7,2.72,2.7,2.71,66719628.0,158055728.0,284163529197.0,0.00023479307210372434
852,2014-01-27,2.7,2.71,2.69,2.7,48672064.0,114855264.0,284163529197.0,0.00017128188173035208
853,2014-01-28,2.71,2.72,2.7,2.71,72620768.0,172146864.0,284163529197.0,0.0002555597764611613
854,2014-01-29,2.72,2.74,2.71,2.74,68347384.0,163177024.0,284163529197.0,0.00024052130895593326
855,2014-01-30,2.73,2.74,2.71,2.72,33810844.0,80524568.0,284163529197.0,0.00011898375592231683
856,2014-02-07,2.71,2.71,2.69,2.71,52286492.0,123542056.0,284163529197.0,0.00018400141688749833
857,2014-02-10,2.71,2.73,2.71,2.72,94072424.0,223925520.0,284163529197.0,0.00033105030848199765
858,2014-02-11,2.72,2.77,2.71,2.75,175977024.0,422409664.0,284163529197.0,0.0006192808221986913
859,2014-02-12,2.74,2.77,2.73,2.75,92337400.0,222048944.0,284163529197.0,0.0003249445847640283
860,2014-02-13,2.74,2.78,2.73,2.75,119629368.0,288029376.0,284163529197.0,0.00042098776130087195
861,2014-02-14,2.75,2.75,2.73,2.75,66736372.0,160181568.0,284163529197.0,0.00023485199592145463
862,2014-02-17,2.75,2.75,2.74,2.74,61490712.0,147881296.0,284163529197.0,0.0002163919915189777
863,2014-02-18,2.74,2.75,2.72,2.72,66523488.0,158780592.0,284163529197.0,0.000234102835743857
864,2014-02-19,2.72,2.78,2.71,2.75,143612592.0,344063424.0,284163529197.0,0.0005053871353787936
865,2014-02-20,2.74,2.77,2.71,2.72,120760768.0,289235232.0,284163529197.0,0.00042496927153618316
866,2014-02-21,2.72,2.73,2.71,2.72,61346536.0,145904976.0,284163529197.0,0.00021588462169425948
867,2014-02-24,2.71,2.71,2.66,2.69,108632664.0,255211392.0,284163529197.0,0.00038228925544026807
868,2014-02-25,2.69,2.7,2.66,2.67,98793216.0,231436032.0,284163529197.0,0.00034766324967589466
869,2014-02-26,2.66,2.69,2.65,2.67,69147664.0,161699008.0,284163529197.0,0.0002433375746542847
870,2014-02-27,2.67,2.69,2.65,2.67,96786672.0,226151392.0,284163529197.0,0.00034060201980705765
871,2014-02-28,2.67,2.67,2.65,2.66,75320112.0,175688848.0,284163529197.0,0.00026505903911329653
872,2014-03-03,2.67,2.67,2.65,2.66,104470688.0,243347520.0,284163529197.0,0.0003676428438766129
873,2014-03-04,2.65,2.67,2.64,2.67,106243280.0,247214880.0,284163529197.0,0.000373880773159829
874,2014-03-05,2.66,2.67,2.65,2.65,53351920.0,124000504.0,284163529197.0,0.00018775076502872788
875,2014-03-06,2.65,2.66,2.64,2.65,55706964.0,129327056.0,284163529197.0,0.00019603840140013334
876,2014-03-07,2.66,2.67,2.65,2.66,71083240.0,165369440.0,284163529197.0,0.0002501490610032529
877,2014-03-10,2.65,2.66,2.61,2.62,89045400.0,204907696.0,284163529197.0,0.00031335970612283656
878,2014-03-11,2.62,2.62,2.61,2.62,64490540.0,147325552.0,284163529197.0,0.00022694868754706066
879,2014-03-12,2.62,2.63,2.59,2.62,90609176.0,206872224.0,284163529197.0,0.0003188627909290359
880,2014-03-13,2.63,2.79,2.62,2.7,273061312.0,645265728.0,284163529197.0,0.0009609301826016412
881,2014-03-14,2.69,2.72,2.65,2.7,184976224.0,433875488.0,284163529197.0,0.0006509499108584159
882,2014-03-17,2.69,2.7,2.66,2.67,94974160.0,222266704.0,284163529197.0,0.00033422360803436513
883,2014-03-18,2.67,2.67,2.65,2.67,93141224.0,217275648.0,284163529197.0,0.00032777332215433127
884,2014-03-19,2.66,2.67,2.65,2.66,56793852.0,132144672.0,284163529197.0,0.00019986326943675778
885,2014-03-20,2.66,2.69,2.65,2.66,96472240.0,225817360.0,284163529197.0,0.0003394955020182037
886,2014-03-21,2.66,2.77,2.65,2.74,306111552.0,729938880.0,284163529197.0,0.001077237296654576
887,2014-03-24,2.75,2.77,2.72,2.74,172079568.0,412987488.0,284163529197.0,0.0006055652830828394
888,2014-03-25,2.73,2.75,2.72,2.74,91715584.0,219660240.0,284163529197.0,0.0003227563518062059
889,2014-03-26,2.74,2.75,2.73,2.74,101473576.0,243881520.0,284163529197.0,0.000357095705725319
890,2014-03-27,2.74,2.78,2.72,2.74,116135824.0,279295392.0,284163529197.0,0.00040869362908104703
891,2014-03-28,2.74,2.8,2.74,2.78,136644448.0,331737088.0,284163529197.0,0.00048086553677783716
892,2014-03-31,2.78,2.79,2.75,2.77,95415440.0,231781984.0,284163529197.0,0.0003357765166755514
893,2014-04-01,2.77,2.79,2.75,2.77,55792288.0,135405456.0,284163529197.0,0.00019633866512588701
894,2014-04-02,2.78,2.79,2.77,2.79,64383048.0,156321120.0,284163529197.0,0.00022657041240280214
895,2014-04-03,2.79,2.79,2.7,2.73,190123968.0,455949632.0,284163529197.0,0.0006690653390224265
896,2014-04-04,2.72,2.75,2.71,2.74,65625516.0,157119072.0,284163529197.0,0.00023094278208553735
897,2014-04-08,2.74,2.81,2.73,2.79,172573024.0,419845152.0,284163529197.0,0.0006073018043084676
898,2014-04-09,2.79,2.8,2.78,2.8,76897136.0,187962224.0,284163529197.0,0.0002706087449620957
899,2014-04-10,2.79,2.85,2.78,2.81,160322896.0,393646784.0,284163529197.0,0.000564192373500732
900,2014-04-11,2.81,2.83,2.8,2.82,134009776.0,330214048.0,284163529197.0,0.00047159386138921443
901,2014-04-14,2.82,2.83,2.8,2.82,61366796.0,151045728.0,284163529197.0,0.000215955918669129
902,2014-04-15,2.8,2.81,2.77,2.78,68512984.0,167110672.0,284163529197.0,0.00024110407198843064
903,2014-04-16,2.78,2.8,2.77,2.79,54125128.0,131841776.0,284163529197.0,0.00019047176164002758
904,2014-04-17,2.8,2.8,2.78,2.79,40772856.0,99412072.0,284163529197.0,0.00014348377539938876
905,2014-04-18,2.78,2.78,2.75,2.77,76094496.0,183960480.0,284163529197.0,0.00026778417418671103
906,2014-04-21,2.77,2.79,2.74,2.74,67548040.0,163600224.0,284163529197.0,0.0002377083371355916
907,2014-04-22,2.74,2.77,2.74,2.75,55624172.0,133921656.0,284163529197.0,0.00019574704803668817
908,2014-04-23,2.75,2.77,2.74,2.77,54581488.0,131324736.0,284163529197.0,0.00019207773831581563
909,2014-04-24,2.75,2.77,2.74,2.74,51559032.0,124134224.0,284163529197.0,0.00018144141208302646
910,2014-04-25,2.75,2.78,2.74,2.75,86433808.0,208540176.0,284163529197.0,0.0003041692515723179
911,2014-04-28,2.75,2.78,2.74,2.77,92814168.0,224233088.0,284163529197.0,0.0003266223792415507
912,2014-04-29,2.77,2.79,2.75,2.78,85845208.0,207904656.0,284163529197.0,0.00030209790905463704
913,2014-04-30,2.78,2.79,2.75,2.77,47872944.0,115707336.0,284163529197.0,0.00016846969818850845
914,2014-05-05,2.75,2.75,2.72,2.73,106293752.0,254313056.0,284163529197.0,0.0003740583891971249
915,2014-05-06,2.73,2.74,2.72,2.73,63954880.0,152813248.0,284163529197.0,0.00022506364620655616
916,2014-05-07,2.72,2.73,2.72,2.72,46398824.0,110709632.0,284163529197.0,0.00016328212185115924
917,2014-05-08,2.73,2.75,2.72,2.73,51441080.0,123195400.0,284163529197.0,0.00018102632714818873
918,2014-05-09,2.74,2.77,2.73,2.74,78057648.0,187861760.0,284163529197.0,0.00027469270324935165
919,2014-05-12,2.75,2.79,2.74,2.77,93779088.0,227191456.0,284163529197.0,0.00033001802963597923
920,2014-05-13,2.77,2.79,2.77,2.78,63140504.0,153562000.0,284163529197.0,0.0002221977752684337
921,2014-05-14,2.78,2.79,2.77,2.78,38293172.0,93116536.0,284163529197.0,0.00013475751834941764
922,2014-05-15,2.78,2.79,2.78,2.79,44806888.0,109172704.0,284163529197.0,0.00015767993917663182
923,2014-05-16,2.79,2.81,2.78,2.8,73314384.0,179277104.0,284163529197.0,0.0002580006808304167
924,2014-05-19,2.8,2.8,2.77,2.79,57990500.0,141172048.0,284163529197.0,0.00020407439393743362
925,2014-05-20,2.79,2.8,2.78,2.8,69663648.0,170000336.0,284163529197.0,0.00024515337417457535
926,2014-05-21,2.79,2.81,2.78,2.81,48794716.0,119346616.0,284163529197.0,0.0001717135064372474
927,2014-05-22,2.8,2.83,2.8,2.81,52063588.0,128238944.0,284163529197.0,0.00018321699532351405
928,2014-05-23,2.81,2.82,2.8,2.82,31764280.0,78182800.0,284163529197.0,0.0001117816916539596
929,2014-05-26,2.82,2.83,2.81,2.81,43154996.0,106464512.0,284163529197.0,0.0001518667653162565
930,2014-05-27,2.81,2.83,2.8,2.82,56066896.0,138503472.0,284163529197.0,0.00019730503825890656
931,2014-05-28,2.82,2.86,2.81,2.83,66213104.0,164321488.0,284163529197.0,0.00023301056327357518
932,2014-05-29,2.85,2.86,2.83,2.85,44196536.0,110132920.0,284163529197.0,0.0001555320491862282
933,2014-05-30,2.85,2.86,2.83,2.85,45785204.0,114062080.0,284163529197.0,0.00016112273144052494
934,2014-06-03,2.85,2.87,2.83,2.87,60776680.0,151914848.0,284163529197.0,0.00021387924119518445
935,2014-06-04,2.86,2.87,2.83,2.83,61728948.0,153772608.0,284163529197.0,0.00021723036793087411
936,2014-06-05,2.83,2.89,2.83,2.88,68929128.0,172840688.0,284163529197.0,0.0002425685245210127
937,2014-06-06,2.88,2.9,2.85,2.87,79721928.0,200538208.0,284163529197.0,0.0002805494717259503
938,2014-06-09,2.86,2.9,2.86,2.88,62253592.0,156987872.0,284163529197.0,0.00021907664286095597
939,2014-06-10,2.88,2.91,2.87,2.91,80869848.0,204846336.0,284163529197.0,0.0002845891175004937
940,2014-06-11,2.9,2.93,2.89,2.91,61825568.0,157335376.0,284163529197.0,0.000217570383415173
941,2014-06-12,2.9,2.91,2.9,2.91,46601288.0,118639032.0,284163529197.0,0.00016399461300219516
942,2014-06-13,2.9,2.95,2.9,2.95,107204472.0,274615840.0,284163529197.0,0.00037726330434782545
943,2014-06-16,2.95,2.96,2.91,2.95,126600144.0,324848992.0,284163529197.0,0.00044551862217418066
944,2014-06-17,2.94,2.95,2.91,2.94,87823416.0,224914368.0,284163529197.0,0.00030905942169346897
945,2014-06-18,2.93,2.94,2.87,2.88,122176720.0,309148576.0,284163529197.0,0.00042995214883926724
946,2014-06-19,2.88,2.89,2.83,2.85,86149344.0,215339152.0,284163529197.0,0.0003031681941853835
947,2014-06-20,2.85,2.88,2.83,2.87,57660436.0,144374080.0,284163529197.0,0.0002029128655705362
948,2014-06-23,2.88,2.88,2.85,2.86,58205880.0,145764576.0,284163529197.0,0.000204832337789724
949,2014-06-24,2.87,2.87,2.86,2.86,34026304.0,85230400.0,284163529197.0,0.00011974198130264222
950,2014-06-25,2.86,2.87,2.86,2.87,36246000.0,90796208.0,284163529197.0,0.00012755331446799424
951,2014-06-26,2.87,2.89,2.86,2.89,53135820.0,134067848.0,284163529197.0,0.00018699028742412231
952,2014-06-27,2.89,2.89,2.87,2.88,45202760.0,114066128.0,284163529197.0,0.00015907305250513907
953,2014-06-30,2.89,2.9,2.88,2.88,59697624.0,150746848.0,284163529197.0,0.00021008193475318874
954,2014-07-01,2.89,2.89,2.87,2.89,74836400.0,188721008.0,284163529197.0,0.0002633568080023341
955,2014-07-02,2.88,2.9,2.87,2.88,115497352.0,291701536.0,284163529197.0,0.00040644678198633287
956,2014-07-03,2.89,2.91,2.88,2.9,96506264.0,227454496.0,284163529197.0,0.0003396152358914989
957,2014-07-04,2.9,2.91,2.89,2.9,51629880.0,121876384.0,284163529197.0,0.00018169073331084274
958,2014-07-07,2.9,2.91,2.89,2.91,87780480.0,207422864.0,284163529197.0,0.0003089083255970722
959,2014-07-08,2.91,2.93,2.89,2.91,67936536.0,160722880.0,284163529197.0,0.00023907549357926974
960,2014-07-09,2.91,2.91,2.89,2.89,67700112.0,159685056.0,284163529197.0,0.00023824349377736659
961,2014-07-10,2.89,2.9,2.89,2.9,45614800.0,107414912.0,284163529197.0,0.00016052306264952444
962,2014-07-11,2.9,2.91,2.89,2.89,54611032.0,128745288.0,284163529197.0,0.00019218170661914957
963,2014-07-14,2.9,2.9,2.89,2.9,83630536.0,196895200.0,284163529197.0,0.00029430425584988447
964,2014-07-15,2.9,2.91,2.9,2.91,69094816.0,163346256.0,284163529197.0,0.00024315159723434858
965,2014-07-16,2.91,2.91,2.9,2.91,87282032.0,206409040.0,284163529197.0,0.0003071542370220586
966,2014-07-17,2.91,2.91,2.89,2.91,65306184.0,154285984.0,284163529197.0,0.00022981902070453824
967,2014-07-18,2.9,2.91,2.89,2.9,63066428.0,148953616.0,284163529197.0,0.00022193709438440425
968,2014-07-21,2.9,2.91,2.89,2.9,57422012.0,135363648.0,284163529197.0,0.0002020738275677575
969,2014-07-22,2.9,2.91,2.89,2.9,128271712.0,302632096.0,284163529197.0,0.00045140103785476987
970,2014-07-23,2.9,2.91,2.89,2.9,140037312.0,331037088.0,284163529197.0,0.0004928053659655858
971,2014-07-24,2.9,2.96,2.9,2.95,181943424.0,434659680.0,284163529197.0,0.0006402771830506983
972,2014-07-25,2.96,3.02,2.95,3.01,145703808.0,354514432.0,284163529197.0,0.0005127463345198989
973,2014-07-28,3.02,3.12,3.01,3.11,296383136.0,744034944.0,284163529197.0,0.001043002023650011
974,2014-07-29,3.11,3.12,3.07,3.1,179429152.0,452431008.0,284163529197.0,0.0006314292073547849
975,2014-07-30,3.09,3.11,3.05,3.06,193424960.0,485527616.0,284163529197.0,0.0006806818614147549
976,2014-07-31,3.06,3.1,3.04,3.1,183175168.0,456023360.0,284163529197.0,0.0006446118139003386
977,2014-08-01,3.09,3.16,3.07,3.1,240168000.0,609343808.0,284163529197.0,0.0008451753139422071
978,2014-08-04,3.11,3.12,3.09,3.11,154113968.0,390031136.0,284163529197.0,0.0005423425322577498
979,2014-08-05,3.12,3.14,3.1,3.11,134652976.0,341018848.0,284163529197.0,0.00047385734679079844
980,2014-08-06,3.11,3.12,3.07,3.11,137825792.0,347621632.0,284163529197.0,0.0004850228049654131
981,2014-08-07,3.11,3.12,3.06,3.06,125412904.0,314622176.0,284163529197.0,0.0004413406053704235
982,2014-08-08,3.07,3.09,3.05,3.07,108872960.0,271338080.0,284163529197.0,0.0003831348811990663
983,2014-08-11,3.09,3.11,3.07,3.1,80385792.0,202147216.0,284163529197.0,0.0002828856758189807
984,2014-08-12,3.1,3.11,3.07,3.09,77972800.0,195597424.0,284163529197.0,0.0002743941146154064
985,2014-08-13,3.09,3.1,3.06,3.09,128507424.0,322007360.0,284163529197.0,0.0004522305320571613
986,2014-08-14,3.07,3.1,3.06,3.07,123949248.0,311071552.0,284163529197.0,0.0004361898529000553
987,2014-08-15,3.09,3.1,3.06,3.1,95062664.0,238190880.0,284163529197.0,0.00033453506249951095
988,2014-08-18,3.1,3.1,3.07,3.07,96714848.0,242418272.0,284163529197.0,0.0003403492639372141
989,2014-08-19,3.07,3.1,3.07,3.09,152261760.0,381490784.0,284163529197.0,0.0005358244262740789
990,2014-08-20,3.09,3.09,3.06,3.07,69961728.0,175113216.0,284163529197.0,0.0002462023476330706
991,2014-08-21,3.07,3.09,3.04,3.05,119562624.0,296747392.0,284163529197.0,0.0004207528824612524
992,2014-08-22,3.05,3.06,3.04,3.05,112642376.0,278974240.0,284163529197.0,0.00039639983469486414
993,2014-08-25,3.05,3.06,3.02,3.02,98612288.0,243214560.0,284163529197.0,0.0003470265458718869
994,2014-08-26,3.02,3.04,3.01,3.02,95495824.0,234537088.0,284163529197.0,0.00033605939604514236
995,2014-08-27,3.01,3.02,3.0,3.01,55448848.0,135819648.0,284163529197.0,0.00019513006527153377
996,2014-08-28,3.0,3.01,2.96,2.96,75657680.0,183771520.0,284163529197.0,0.00026624697480987907
997,2014-08-29,2.98,3.0,2.96,2.99,90323040.0,219073344.0,284163529197.0,0.00031785584960616957
998,2014-09-01,3.0,3.01,2.98,3.0,110201072.0,268740000.0,284163529197.0,0.00038780864071969525
999,2014-09-02,3.0,3.05,3.0,3.04,146745472.0,360034048.0,284163529197.0,0.0005164120547583248
1000,2014-09-03,3.05,3.09,3.04,3.07,140760400.0,351110496.0,284163529197.0,0.0004953499852629437
1001,2014-09-04,3.07,3.1,3.06,3.09,95434552.0,238804000.0,284163529197.0,0.00033584377372311835
1002,2014-09-05,3.1,3.11,3.09,3.1,111097256.0,280200992.0,284163529197.0,0.00039096240222643214
1003,2014-09-09,3.11,3.11,3.09,3.09,87943424.0,221355744.0,284163529197.0,0.0003094817418988068
1004,2014-09-10,3.09,3.09,3.05,3.06,118472544.0,295283584.0,284163529197.0,0.0004169167814560305
1005,2014-09-11,3.06,3.09,3.05,3.05,156334160.0,389347296.0,284163529197.0,0.000550155610896919
1006,2014-09-12,3.05,3.07,3.04,3.07,74291408.0,184589152.0,284163529197.0,0.00026143892641654424
1007,2014-09-15,3.06,3.06,3.04,3.05,113939968.0,282818144.0,284163529197.0,0.00040096619127013184
1008,2014-09-16,3.06,3.11,3.05,3.07,271938208.0,681078272.0,284163529197.0,0.0009569778668235618
1009,2014-09-17,3.06,3.07,3.05,3.06,174592384.0,434954272.0,284163529197.0,0.0006144081349685153
1010,2014-09-18,3.05,3.09,3.04,3.07,176363920.0,439395968.0,284163529197.0,0.0006206423480816691
1011,2014-09-19,3.07,3.07,3.05,3.07,126936856.0,316308896.0,284163529197.0,0.0004467035455207885
1012,2014-09-22,3.06,3.06,3.01,3.01,121634840.0,299989216.0,284163529197.0,0.0004280452186940397
1013,2014-09-23,3.01,3.04,3.01,3.02,88711696.0,218136720.0,284163529197.0,0.00031218536823034556
1014,2014-09-24,3.02,3.07,3.01,3.05,181587216.0,450154944.0,284163529197.0,0.0006390236513219553
1015,2014-09-25,3.07,3.09,3.05,3.06,156237200.0,390265504.0,284163529197.0,0.0005498143989184712
1016,2014-09-26,3.05,3.07,3.05,3.06,83087176.0,206939200.0,284163529197.0,0.00029239211743600904
1017,2014-09-29,3.06,3.07,3.04,3.05,143507136.0,356577728.0,284163529197.0,0.0005050160251230264
1018,2014-09-30,3.06,3.06,3.04,3.06,136327920.0,338154624.0,284163529197.0,0.0004797516429544656
1019,2014-10-08,3.06,3.06,3.04,3.06,125732848.0,312015840.0,284163529197.0,0.00044246652044089055
1020,2014-10-09,3.06,3.07,3.05,3.06,108967224.0,271100416.0,284163529197.0,0.00038346660568273374
1021,2014-10-10,3.05,3.06,3.04,3.05,124969592.0,309615520.0,284163529197.0,0.0004397805459171477
1022,2014-10-13,3.04,3.05,3.01,3.02,130343200.0,320408512.0,284163529197.0,0.0004586908121824385
1023,2014-10-14,3.01,3.05,3.01,3.02,133029512.0,327593824.0,284163529197.0,0.0004681442139176685
1024,2014-10-15,3.02,3.05,3.01,3.04,134971664.0,333146592.0,284163529197.0,0.0004749788418711156
1025,2014-10-16,3.04,3.07,3.02,3.05,196460272.0,487185728.0,284163529197.0,0.0006913634292027722
1026,2014-10-17,3.05,3.05,3.01,3.02,165356144.0,407595168.0,284163529197.0,0.0005819048787410179
1027,2014-10-20,3.04,3.05,3.02,3.04,117215104.0,289533088.0,284163529197.0,0.0004124917238015408
1028,2014-10-21,3.04,3.05,3.01,3.02,157141152.0,386993984.0,284163529197.0,0.0005529954967974088
1029,2014-10-22,3.02,3.04,3.01,3.04,120985864.0,298254496.0,284163529197.0,0.000425761406968327
1030,2014-10-23,3.04,3.04,3.01,3.01,125577456.0,308833344.0,284163529197.0,0.00044191968038566207
1031,2014-10-24,3.01,3.02,3.0,3.01,72385256.0,177480752.0,284163529197.0,0.0002547309860788574
1032,2014-10-27,3.0,3.01,2.98,2.99,116632832.0,284057920.0,284163529197.0,0.0004104426501514302
1033,2014-10-28,2.99,3.01,2.98,3.01,108501440.0,264768864.0,284163529197.0,0.00038182746500442
1034,2014-10-29,3.01,3.05,3.01,3.05,182275200.0,448913216.0,284163529197.0,0.0006414447361175452
1035,2014-10-30,3.04,3.1,3.02,3.07,293295232.0,729196736.0,284163529197.0,0.0010321353793317698
1036,2014-10-31,3.07,3.18,3.07,3.15,636079744.0,1613815808.0,284163529197.0,0.0022384285055772573
1037,2014-11-03,3.14,3.15,3.11,3.12,317516544.0,808566592.0,284163529197.0,0.0011173726089947229
1038,2014-11-04,3.12,3.14,3.1,3.12,220868368.0,558848960.0,284163529197.0,0.0007772579705218968
1039,2014-11-05,3.11,3.12,3.06,3.07,332531904.0,833384512.0,284163529197.0,0.0011702131689442384
1040,2014-11-06,3.07,3.09,3.06,3.07,155934880.0,389878720.0,284163529197.0,0.0005487505044741197
1041,2014-11-07,3.07,3.12,3.05,3.06,346261248.0,868852928.0,284163529197.0,0.0012185281094251542
1042,2014-11-10,3.09,3.15,3.07,3.14,494305664.0,1251339136.0,284163529197.0,0.0017395112785825386
1043,2014-11-11,3.15,3.41,3.15,3.31,1288103936.0,3440600576.0,284163529197.0,0.004532967125091571
1044,2014-11-12,3.26,3.27,3.21,3.26,452892352.0,1193759232.0,284163529197.0,0.0015937736741931672
1045,2014-11-13,3.27,3.32,3.23,3.25,506919008.0,1352212608.0,284163529197.0,0.001783898902974885
1046,2014-11-14,3.26,3.29,3.22,3.28,350516480.0,927565056.0,284163529197.0,0.0012335026982192355
1047,2014-11-17,3.32,3.33,3.2,3.21,361587936.0,959668288.0,284163529197.0,0.0012724642638757648
1048,2014-11-18,3.22,3.22,3.11,3.12,438078272.0,1126491776.0,284163529197.0,0.001541641438779769
1049,2014-11-19,3.12,3.14,3.1,3.12,197656960.0,501369472.0,284163529197.0,0.0006955746944674655
1050,2014-11-20,3.11,3.14,3.1,3.12,220368640.0,558325184.0,284163529197.0,0.0007754993774983229
1051,2014-11-21,3.12,3.17,3.1,3.16,278777440.0,709691008.0,284163529197.0,0.0009810458111488825
1052,2014-11-24,3.11,3.17,3.1,3.15,502357856.0,1283593984.0,284163529197.0,0.0017678477509748762
1053,2014-11-25,3.15,3.22,3.14,3.21,436383552.0,1126493568.0,284163529197.0,0.0015356775488858442
1054,2014-11-26,3.21,3.31,3.2,3.27,456933888.0,1210393216.0,284163529197.0,0.0016079962453000953
1055,2014-11-27,3.31,3.33,3.25,3.31,594608704.0,1592453504.0,284163529197.0,0.002092487750557813
1056,2014-11-28,3.29,3.52,3.28,3.5,1486854144.0,4124558848.0,284163529197.0,0.005232389069074446
1057,2014-12-01,3.52,3.64,3.45,3.47,1069536832.0,3064508928.0,284163529197.0,0.003763807533719536
1058,2014-12-02,3.44,3.7,3.42,3.64,1100345088.0,3168654848.0,284163529197.0,0.003872224880896562
1059,2014-12-03,3.65,3.74,3.53,3.59,1215175040.0,3592873472.0,284163529197.0,0.004276323015250716
1060,2014-12-04,3.61,3.76,3.57,3.75,1079702272.0,3216189440.0,284163529197.0,0.003799580738073824
1061,2014-12-05,3.79,4.09,3.7,4.07,1802728576.0,5726925824.0,284163529197.0,0.006343982921011075
1062,2014-12-08,4.0,4.24,3.86,4.13,1508335744.0,4945467392.0,284163529197.0,0.005307984977038792
1063,2014-12-09,4.03,4.14,3.71,3.75,1829491840.0,5916902400.0,284163529197.0,0.0064381655350700595
1064,2014-12-10,3.75,3.85,3.57,3.81,1190955648.0,3594745600.0,284163529197.0,0.004191092542260604
1065,2014-12-11,3.75,3.84,3.7,3.75,738801280.0,2253379072.0,284163529197.0,0.0025999159078849156
1066,2014-12-12,3.75,3.81,3.73,3.74,537403712.0,1644183296.0,284163529197.0,0.001891177638167064
1067,2014-12-15,3.71,3.71,3.64,3.69,502633120.0,1498517888.0,284163529197.0,0.001768816432637783
1068,2014-12-16,3.69,3.81,3.68,3.81,729979968.0,2228124672.0,284163529197.0,0.002568872824963868
1069,2014-12-17,3.82,4.06,3.79,3.98,1611248128.0,5128502784.0,284163529197.0,0.005670143992626801
1070,2014-12-18,4.0,4.01,3.85,3.88,802369216.0,2558192384.0,284163529197.0,0.002823617859291673
1071,2014-12-19,3.88,4.01,3.86,3.98,947006656.0,3042794240.0,284163529197.0,0.003332611537715931
1072,2014-12-22,4.04,4.38,4.02,4.38,2362692352.0,8248902656.0,284163529197.0,0.008314551690277021
1073,2014-12-23,4.2,4.33,4.08,4.13,1433843840.0,4931225088.0,284163529197.0,0.005045840485060873
1074,2014-12-24,4.13,4.17,3.88,3.95,922113280.0,2994357504.0,284163529197.0,0.0032450092473363576
1075,2014-12-25,4.02,4.13,3.95,4.11,936537088.0,3085447168.0,284163529197.0,0.0032957680763837
1076,2014-12-26,4.11,4.28,4.06,4.25,950674880.0,3222118656.0,284163529197.0,0.0033455203864002285
1077,2014-12-29,4.38,4.45,4.16,4.23,1227369600.0,4328634880.0,284163529197.0,0.004319236896685325
1078,2014-12-30,4.23,4.41,4.19,4.35,934092224.0,3281640704.0,284163529197.0,0.0032871643544109723
1079,2014-12-31,4.36,4.63,4.3,4.56,1363736704.0,4973496320.0,284163529197.0,0.004799126432071345
1080,2015-01-05,4.62,4.82,4.57,4.78,1440479616.0,5486170624.0,284163529197.0,0.005069192447287523
1081,2015-01-06,4.68,5.08,4.65,4.86,1509285888.0,5975994880.0,284163529197.0,0.005311328629205151
1082,2015-01-07,4.79,4.91,4.7,4.78,963318720.0,3760354560.0,284163529197.0,0.0033900153292795257
1083,2015-01-08,4.79,4.83,4.56,4.59,845680832.0,3190135040.0,284163529197.0,0.0029760357861184955
1084,2015-01-09,4.55,4.94,4.48,4.62,1649017856.0,6249768960.0,284163529197.0,0.005803059458966662
1085,2015-01-12,4.55,4.62,4.43,4.51,825547136.0,3037865984.0,284163529197.0,0.002905183287710644
1086,2015-01-13,4.49,4.55,4.45,4.5,437598432.0,1603502080.0,284163529197.0,0.001539952833625702
1087,2015-01-14,4.51,4.66,4.51,4.59,650140992.0,2427109376.0,284163529197.0,0.002287911449569876
1088,2015-01-15,4.57,4.76,4.52,4.75,800204224.0,3024979968.0,284163529197.0,0.0028159990349966696
1089,2015-01-16,4.78,4.91,4.75,4.84,1003820032.0,3950040320.0,284163529197.0,0.0035325435140696362
1090,2015-01-19,4.51,4.65,4.36,4.36,1024136192.0,3735646976.0,284163529197.0,0.003604038121619768
1091,2015-01-20,4.34,4.48,4.28,4.39,750624512.0,2672988928.0,284163529197.0,0.002641523048792162
1092,2015-01-21,4.41,4.7,4.36,4.63,1012054016.0,3720674816.0,284163529197.0,0.0035615197307687597
1093,2015-01-22,4.62,4.62,4.5,4.59,706251392.0,2627961856.0,284163529197.0,0.002485369582774228
1094,2015-01-23,4.6,4.72,4.56,4.6,896948160.0,3374609152.0,284163529197.0,0.0031564506625274182
1095,2015-01-26,4.59,4.59,4.49,4.56,539173248.0,1988524416.0,284163529197.0,0.0018974048130793422
1096,2015-01-27,4.56,4.56,4.36,4.45,666068032.0,2413402880.0,284163529197.0,0.002343960303006512
1097,2015-01-28,4.41,4.49,4.38,4.4,376861152.0,1355516544.0,284163529197.0,0.0013262122449877662
1098,2015-01-29,4.32,4.36,4.27,4.3,525151040.0,1841374208.0,284163529197.0,0.0018480592547678147
1099,2015-01-30,4.33,4.36,4.24,4.25,365558784.0,1278243200.0,284163529197.0,0.0012864380768109467
1100,2015-02-02,4.16,4.2,4.07,4.09,415574624.0,1401030272.0,284163529197.0,0.0014624488412511853
1101,2015-02-03,4.12,4.2,4.09,4.18,372506400.0,1255367552.0,284163529197.0,0.0013108874353181164
1102,2015-02-04,4.19,4.24,4.12,4.13,315805984.0,1074703488.0,284163529197.0,0.0011113529765498635
1103,2015-02-05,4.38,4.39,4.06,4.08,1161271936.0,4001022720.0,284163529197.0,0.004086632578366288
1104,2015-02-06,4.04,4.07,3.91,3.96,569160576.0,1853260544.0,284163529197.0,0.002002933232172177
1105,2015-02-09,3.93,4.01,3.87,3.97,502297952.0,1606961664.0,284163529197.0,0.001767636942782251
1106,2015-02-10,3.96,4.04,3.93,4.02,477545792.0,1553913344.0,284163529197.0,0.0016805316056901
1107,2015-02-11,4.02,4.03,3.98,4.01,267805264.0,872335552.0,284163529197.0,0.0009424336217838165
1108,2015-02-12,4.01,4.02,3.95,4.0,265354160.0,859453376.0,284163529197.0,0.0009338079406243573
1109,2015-02-13,4.01,4.12,4.0,4.07,849197056.0,2797240064.0,284163529197.0,0.0029884097315362496
1110,2015-02-16,4.06,4.07,4.02,4.04,320472800.0,1053116160.0,284163529197.0,0.0011277759707785306
1111,2015-02-17,4.06,4.11,4.04,4.07,369734272.0,1223977472.0,284163529197.0,0.0013011320384597174
1112,2015-02-25,4.07,4.08,4.02,4.04,344364736.0,1133252352.0,284163529197.0,0.0012118540932156876
1113,2015-02-26,4.03,4.13,4.0,4.12,579857792.0,1922318720.0,284163529197.0,0.0020405778096808692
1114,2015-02-27,4.12,4.14,4.08,4.11,433135328.0,1448644480.0,284163529197.0,0.001524246722385417
1115,2015-03-02,4.13,4.13,4.08,4.13,522923520.0,1747305472.0,284163529197.0,0.0018402203881606376
1116,2015-03-03,4.11,4.11,3.98,3.98,574248512.0,1886501120.0,284163529197.0,0.0020208381899772046
1117,2015-03-04,3.98,4.01,3.92,3.96,474576992.0,1529228928.0,284163529197.0,0.0016700841003104007
1118,2015-03-05,3.93,3.95,3.81,3.86,610891392.0,1922215552.0,284163529197.0,0.0021497881650269475
1119,2015-03-06,3.85,3.88,3.84,3.87,443968192.0,1396009856.0,284163529197.0,0.001562368658830294
1120,2015-03-09,3.87,4.09,3.81,4.04,1175954304.0,3775232768.0,284163529197.0,0.004138301306022824
1121,2015-03-10,4.0,4.0,3.92,3.93,722650176.0,2324410368.0,284163529197.0,0.002543078550727787
1122,2015-03-11,3.93,4.02,3.92,3.96,666394048.0,2152089600.0,284163529197.0,0.0023451075860548374
1123,2015-03-12,4.01,4.13,3.98,4.08,1237632512.0,4087800320.0,284163529197.0,0.004355353114797485
1124,2015-03-13,4.09,4.17,4.04,4.08,923046464.0,3081767424.0,284163529197.0,0.0032482932155592924
1125,2015-03-16,4.11,4.14,4.07,4.13,826117184.0,2759869440.0,284163529197.0,0.002907189343877003
1126,2015-03-17,4.16,4.19,4.13,4.18,1002348160.0,3391451904.0,284163529197.0,0.003527363848670071
1127,2015-03-18,4.19,4.34,4.18,4.33,1339413120.0,4641740800.0,284163529197.0,0.004713529296968418
1128,2015-03-19,4.34,4.35,4.25,4.28,1053768640.0,3677978624.0,284163529197.0,0.0037083176823492414
1129,2015-03-20,4.28,4.41,4.28,4.38,1265646080.0,4464006656.0,284163529197.0,0.004453935674210235
1130,2015-03-23,4.43,4.46,4.39,4.45,1186262400.0,4271454720.0,284163529197.0,0.004174576531169165
1131,2015-03-24,4.45,4.72,4.4,4.59,2121240448.0,7820087296.0,284163529197.0,0.0074648581892063385
1132,2015-03-25,4.56,4.66,4.45,4.48,1769961984.0,6535026176.0,284163529197.0,0.006228673992759118
1133,2015-03-26,4.43,4.54,4.36,4.49,1264754432.0,4588904448.0,284163529197.0,0.004450797875343084
1134,2015-03-27,4.49,4.51,4.43,4.48,1007100480.0,3658351104.0,284163529197.0,0.0035440877400625707
1135,2015-03-30,4.5,4.61,4.46,4.6,1612000768.0,5965906432.0,284163529197.0,0.005672792608380296
1136,2015-03-31,4.65,4.68,4.49,4.51,1550134272.0,5785938432.0,284163529197.0,0.0054550781952224054
1137,2015-04-01,4.49,4.56,4.48,4.54,1022280704.0,3761058816.0,284163529197.0,0.0035975084729866613
1138,2015-04-02,4.55,4.56,4.45,4.49,1034508352.0,3783034368.0,284163529197.0,0.003640538794416555
1139,2015-04-03,4.45,4.5,4.44,4.5,936586240.0,3407118592.0,284163529197.0,0.003295941047208418
1140,2015-04-07,4.55,4.63,4.54,4.63,1718875648.0,6411085824.0,284163529197.0,0.00604889604537663
1141,2015-04-08,4.63,4.68,4.56,4.68,1622981248.0,6114279936.0,284163529197.0,0.0057114340203553975
1142,2015-04-09,4.68,4.77,4.62,4.63,1611898496.0,6122229760.0,284163529197.0,0.005672432702940323
1143,2015-04-10,4.62,4.7,4.6,4.68,1339776000.0,5066601984.0,284163529197.0,0.004714806308135282
1144,2015-04-13,4.77,4.87,4.71,4.82,2474038272.0,9601556480.0,284163529197.0,0.008706389166094715
1145,2015-04-14,4.79,4.79,4.72,4.76,1530056064.0,5920129024.0,284163529197.0,0.005384420964659646
1146,2015-04-15,4.76,4.89,4.73,4.79,2391276032.0,9340788736.0,284163529197.0,0.008415140531078558
1147,2015-04-16,4.77,4.88,4.72,4.88,1791901184.0,6996960256.0,284163529197.0,0.006305880241083793
1148,2015-04-17,4.95,4.99,4.88,4.95,2204310016.0,8858037248.0,284163529197.0,0.007757188342321839
1149,2015-04-20,5.03,5.03,4.83,4.86,2846928640.0,11478212608.0,284163529197.0,0.010018627823369727
1150,2015-04-21,4.83,4.92,4.81,4.91,1262194304.0,4987734016.0,284163529197.0,0.004441788527777496
1151,2015-04-22,4.93,4.98,4.89,4.97,1592638208.0,6386851328.0,284163529197.0,0.005604653815007636
1152,2015-04-23,4.97,4.97,4.89,4.93,1301567872.0,5214446080.0,284163529197.0,0.004580348068163495
1153,2015-04-24,4.86,4.87,4.76,4.82,1380512384.0,5413919232.0,284163529197.0,0.004858161734903504
1154,2015-04-27,4.83,4.94,4.82,4.92,1506752128.0,5999519232.0,284163529197.0,0.005302412073279907
1155,2015-04-28,4.94,5.23,4.92,5.05,3004523776.0,12330604544.0,284163529197.0,0.010573220935460283
1156,2015-04-29,4.95,4.98,4.87,4.94,1354372992.0,5434724352.0,284163529197.0,0.004766174589072842
1157,2015-04-30,4.94,4.97,4.86,4.87,1139362688.0,4540166656.0,284163529197.0,0.004009531734137924
1158,2015-05-04,4.87,4.87,4.81,4.86,955254720.0,3758818560.0,284163529197.0,0.0033616373033492184
1159,2015-05-05,4.84,4.84,4.6,4.63,1340400768.0,5159307264.0,284163529197.0,0.004717004929477597
1160,2015-05-06,4.63,4.73,4.54,4.57,1025812800.0,3879876096.0,284163529197.0,0.0036099382735665635
1161,2015-05-07,4.57,4.59,4.48,4.49,897443968.0,3300842496.0,284163529197.0,0.003158195460677276
1162,2015-05-08,4.52,4.55,4.48,4.55,713341760.0,2623303168.0,284163529197.0,0.002510321299907092
1163,2015-05-11,4.55,4.61,4.49,4.6,1016831936.0,3756128512.0,284163529197.0,0.0035783337111324667
1164,2015-05-12,4.61,4.63,4.56,4.61,889964992.0,3325401856.0,284163529197.0,0.0031318761929614845
1165,2015-05-13,4.62,4.65,4.56,4.57,811695232.0,3035582720.0,284163529197.0,0.002856437046280073
1166,2015-05-14,4.59,4.6,4.55,4.56,660773888.0,2457321472.0,284163529197.0,0.0023253296785384096
1167,2015-05-15,4.55,4.56,4.46,4.5,706681856.0,2589704192.0,294055293904.0,0.0024032277964385496
1168,2015-05-18,4.46,4.48,4.43,4.44,596731136.0,2162340864.0,294055293904.0,0.0020293160788828184
1169,2015-05-19,4.43,4.56,4.41,4.55,786131840.0,2884873984.0,294055293904.0,0.002673415021926617
1170,2015-05-20,4.55,4.6,4.51,4.54,909401216.0,3363989504.0,294055293904.0,0.0030926197720381513
1171,2015-05-21,4.54,4.54,4.5,4.52,693155392.0,2548179712.0,294055293904.0,0.0023572280668624655
1172,2015-05-22,4.56,4.66,4.55,4.66,1209892224.0,4532768768.0,294055293904.0,0.00411450583982682
1173,2015-05-25,4.67,4.79,4.66,4.78,1228721664.0,4733161472.0,294055293904.0,0.004178539511011626
1174,2015-05-26,4.83,4.83,4.72,4.79,1023789696.0,3975272192.0,294055293904.0,0.0034816230730205316
1175,2015-05-27,4.78,4.81,4.72,4.76,956347136.0,3702639360.0,294055293904.0,0.0032522697459485897
1176,2015-05-28,4.75,4.77,4.5,4.51,1654293120.0,6262441984.0,294055293904.0,0.005625789279413809
1177,2015-05-29,4.5,4.55,4.4,4.48,1163127168.0,4229698304.0,294055293904.0,0.0039554709339112435
1178,2015-06-01,4.48,4.65,4.44,4.63,1332846336.0,4934180352.0,294055293904.0,0.004532638465047098
1179,2015-06-02,4.61,4.66,4.55,4.62,1204272512.0,4501666816.0,294055293904.0,0.004095394767465598
1180,2015-06-03,4.65,4.66,4.54,4.6,983487680.0,3673114368.0,294055293904.0,0.003344567162667979
1181,2015-06-04,4.61,4.78,4.56,4.73,1991367296.0,7579292672.0,294055293904.0,0.006772084493231807
1182,2015-06-05,4.79,4.83,4.66,4.73,1571894784.0,6059918336.0,294055293904.0,0.005345575531495703
1183,2015-06-08,4.75,5.1,4.71,5.07,3602374400.0,14449961984.0,294055293904.0,0.012250670110962411
1184,2015-06-09,5.07,5.13,4.89,4.97,2486029568.0,10124687360.0,294055293904.0,0.008454292847424853
1185,2015-06-10,4.92,4.93,4.87,4.91,1437692928.0,5729672704.0,294055293904.0,0.004889192467554631
1186,2015-06-11,4.89,4.92,4.82,4.86,1185249024.0,4680097280.0,294055293904.0,0.004030701193180856
1187,2015-06-12,4.86,4.88,4.81,4.88,1234531584.0,4865945600.0,294055293904.0,0.0041982974277043165
1188,2015-06-15,4.87,4.88,4.75,4.76,1239574656.0,4857626624.0,294055293904.0,0.004215447508333868
1189,2015-06-16,4.72,4.81,4.65,4.7,1193247232.0,4593277440.0,294055293904.0,0.004057900866731406
1190,2015-06-17,4.76,4.78,4.67,4.75,1159486976.0,4458039808.0,294055293904.0,0.003943091656695481
1191,2015-06-18,4.72,4.72,4.57,4.6,998386176.0,3777946112.0,294055293904.0,0.0033952327902178232
1192,2015-06-19,4.55,4.6,4.35,4.38,1017721152.0,3726162176.0,294055293904.0,0.0034609856482714935
1193,2015-06-23,4.41,4.55,4.33,4.55,1004187648.0,3634878720.0,294055293904.0,0.0034149619776198837
1194,2015-06-24,4.56,4.61,4.51,4.61,963995264.0,3575187968.0,294055293904.0,0.0032782788951071047
1195,2015-06-25,4.7,4.73,4.5,4.54,1108228096.0,4173775872.0,294055293904.0,0.0037687745093336164
1196,2015-06-26,4.48,4.55,4.2,4.34,1434696448.0,5154144768.0,294055293904.0,0.004879002275226456
1197,2015-06-29,4.43,4.46,4.12,4.35,1619700352.0,5728415744.0,294055293904.0,0.005508148928373935
1198,2015-06-30,4.35,4.57,4.27,4.56,1676155264.0,6054932992.0,294055293904.0,0.005700136330642675
1199,2015-07-01,4.5,4.54,4.39,4.41,1132060032.0,4125991424.0,294055293904.0,0.0038498202734944904
1200,2015-07-02,4.44,4.51,4.24,4.46,1416172288.0,5063489536.0,294055293904.0,0.0048160067761348875
1201,2015-07-03,4.4,4.48,4.24,4.32,1407513472.0,5004755968.0,294055293904.0,0.0047865605591154905
1202,2015-07-06,4.67,4.75,4.49,4.75,4372087808.0,16565088256.0,294055293904.0,0.01486825062713325
1203,2015-07-07,4.67,5.15,4.63,5.07,3741099264.0,15103792128.0,294055293904.0,0.012722434662990131
1204,2015-07-08,4.86,5.07,4.56,4.83,3975365120.0,15730203648.0,294055293904.0,0.013519107468603624
1205,2015-07-09,4.83,5.19,4.66,5.08,3028478720.0,12172961792.0,294055293904.0,0.010299011045822917
1206,2015-07-10,4.98,5.35,4.9,5.07,3427356160.0,13750050816.0,294055293904.0,0.011655481914632445
1207,2015-07-13,4.94,4.95,4.82,4.86,2140817664.0,8130583040.0,294055293904.0,0.007280323491468618
1208,2015-07-14,4.78,4.85,4.66,4.77,1519114496.0,5630057984.0,294055293904.0,0.005166084500066658
1209,2015-07-15,4.73,4.9,4.71,4.89,1551969152.0,5826074624.0,294055293904.0,0.005277814017205452
1210,2015-07-16,4.89,4.99,4.78,4.84,1216628992.0,4605126144.0,294055293904.0,0.004137415707935501
1211,2015-07-17,4.85,4.86,4.77,4.84,813272384.0,3047237120.0,294055293904.0,0.0027657124386460063
1212,2015-07-20,4.82,4.84,4.77,4.8,731852928.0,2730769152.0,294055293904.0,0.002488827588456637
1213,2015-07-21,4.77,4.8,4.71,4.76,729855168.0,2695851264.0,294055293904.0,0.0024820337641609513
1214,2015-07-22,4.73,4.76,4.71,4.72,547586560.0,2013604864.0,294055293904.0,0.0018621890894396553
1215,2015-07-23,4.72,4.77,4.71,4.76,634324032.0,2339719680.0,294055293904.0,0.0021571590280809135
1216,2015-07-24,4.75,4.76,4.69,4.69,641667968.0,2357488128.0,294055293904.0,0.0021821337051305895
1217,2015-07-27,4.66,4.67,4.37,4.39,1037223424.0,3668295168.0,294055293904.0,0.0035273074333381036
1218,2015-07-28,4.35,4.55,4.32,4.44,861345536.0,2975242752.0,294055293904.0,0.0029291958140403446
1219,2015-07-29,4.42,4.46,4.39,4.45,521866304.0,1792869120.0,294055293904.0,0.0017747216758844454
1220,2015-07-30,4.44,4.45,4.37,4.39,425132000.0,1457605504.0,294055293904.0,0.0014457553011740455
1221,2015-07-31,4.36,4.44,4.33,4.42,543469504.0,1853947136.0,294055293904.0,0.001848188130826259
1222,2015-08-03,4.4,4.54,4.39,4.51,878813696.0,3050816256.0,294055293904.0,0.0029886001518031014
1223,2015-08-04,4.5,4.53,4.46,4.53,332668096.0,1164673408.0,294055293904.0,0.0011313113652312136
1224,2015-08-05,4.5,4.51,4.44,4.44,281082080.0,977560000.0,294055293904.0,0.0009558817196189117
1225,2015-08-06,4.41,4.46,4.4,4.41,220807616.0,760566720.0,294055293904.0,0.0007509050868238641
1226,2015-08-07,4.42,4.46,4.41,4.44,248147744.0,857078528.0,294055293904.0,0.0008438812330343986
1227,2015-08-10,4.41,4.53,4.4,4.51,556307904.0,1933286272.0,294055293904.0,0.001891847946738947
1228,2015-08-11,4.49,4.5,4.44,4.48,429786976.0,1493925248.0,294055293904.0,0.0014615855756037238
1229,2015-08-12,4.45,4.45,4.41,4.42,298020064.0,1027993472.0,294055293904.0,0.0010134830767484647
1230,2015-08-13,4.42,4.44,4.37,4.44,337145184.0,1156421632.0,294055293904.0,0.001146536692211593
1231,2015-08-14,4.41,4.42,4.4,4.41,292240864.0,1002360640.0,294055293904.0,0.000993829630203521
1232,2015-08-17,4.4,4.41,4.36,4.39,389115872.0,1323575296.0,294055293904.0,0.0013232744999552171
1233,2015-08-18,4.37,4.41,4.31,4.32,559367616.0,1897134720.0,294055293904.0,0.001902253173454569
1234,2015-08-19,4.28,4.32,4.19,4.3,615498688.0,2041158912.0,294055293904.0,0.002093139286249141
1235,2015-08-20,4.32,4.36,4.27,4.27,383943520.0,1288910336.0,294055293904.0,0.0013056847741205629
1236,2015-08-21,4.24,4.33,4.22,4.27,598079168.0,1985216640.0,294055293904.0,0.0020339003595536507
1237,2015-08-24,4.22,4.22,3.85,3.87,973909760.0,3015321344.0,294055293904.0,0.0033119953294156695
1238,2015-08-25,3.73,3.88,3.49,3.52,934437696.0,2676473856.0,294055293904.0,0.0031777618542214213
1239,2015-08-26,3.6,3.74,3.52,3.64,850767872.0,2390387200.0,294055293904.0,0.0028932241304172866
1240,2015-08-27,3.65,3.86,3.58,3.83,799960768.0,2298336512.0,294055293904.0,0.0027204433471657292
1241,2015-08-28,3.85,3.9,3.78,3.87,691107392.0,2057450240.0,294055293904.0,0.0023502633903459847
1242,2015-08-31,3.83,3.86,3.74,3.85,552897280.0,1632999680.0,294055293904.0,0.0018802493662314543
1243,2015-09-01,3.83,4.13,3.79,4.06,1449030016.0,4502529024.0,294055293904.0,0.004927746740288457
1244,2015-09-02,3.94,4.36,3.91,4.33,1995668864.0,6450391040.0,294055293904.0,0.00678671292567011
1245,2015-09-07,4.19,4.21,3.99,4.01,644333568.0,2055250560.0,294055293904.0,0.0021911986669090715
1246,2015-09-08,3.99,4.09,3.95,4.05,429955712.0,1346175616.0,294055293904.0,0.0014621593996548394
1247,2015-09-09,4.04,4.09,4.0,4.08,404205280.0,1272402688.0,294055293904.0,0.001374589365944082
1248,2015-09-10,4.04,4.1,4.03,4.08,279667328.0,885797504.0,294055293904.0,0.000951070542845941
1249,2015-09-11,4.05,4.08,4.01,4.04,184052592.0,579384256.0,294055293904.0,0.0006259115064940388
1250,2015-09-14,4.04,4.14,3.94,4.04,521679840.0,1643864960.0,294055293904.0,0.001774087563852234
1251,2015-09-15,4.0,4.08,3.99,4.06,486950944.0,1530771584.0,294055293904.0,0.0016559842794701546
1252,2015-09-16,4.04,4.13,3.99,4.08,336386048.0,1057267712.0,294055293904.0,0.0011439550825084607
1253,2015-09-17,4.05,4.1,4.03,4.05,255866064.0,809539520.0,294055293904.0,0.0008701290855982086
1254,2015-09-18,4.05,4.08,4.03,4.04,254358720.0,801315008.0,294055293904.0,0.0008650030292705436
1255,2015-09-21,4.03,4.04,3.99,4.01,263096176.0,820965760.0,294055293904.0,0.0008947166789858672
1256,2015-09-22,4.01,4.05,4.0,4.04,191081584.0,599526976.0,294055293904.0,0.0006498151468831649
1257,2015-09-23,4.01,4.03,3.97,3.99,182413712.0,567271744.0,294055293904.0,0.0006203381329347958
1258,2015-09-24,3.99,4.0,3.96,3.97,141032320.0,436291552.0,294055293904.0,0.00047961156600038194
1259,2015-09-25,3.96,4.0,3.94,4.0,206546992.0,636519744.0,294055293904.0,0.0007024086839512273
1260,2015-09-28,3.97,3.99,3.95,3.96,92848536.0,286040768.0,294055293904.0,0.0003157519620453158
1261,2015-09-29,3.95,3.95,3.88,3.9,194315248.0,589769792.0,294055293904.0,0.0006608119358104056
1262,2015-09-30,3.9,3.94,3.88,3.9,147061792.0,447049280.0,294055293904.0,0.0005001161177802538
1263,2015-10-08,3.96,3.99,3.94,3.96,217589328.0,670450560.0,294055293904.0,0.0007399605873820323
1264,2015-10-09,3.96,3.99,3.95,3.97,183710096.0,567440960.0,294055293904.0,0.000624746773169728
1265,2015-10-12,3.99,4.06,3.97,4.05,330039968.0,1033755520.0,294055293904.0,0.0011223738352683693
1266,2015-10-13,4.04,4.05,4.01,4.03,162429568.0,508734656.0,294055293904.0,0.000552377635660007
1267,2015-10-14,4.01,4.03,3.99,3.99,162436576.0,505713728.0,294055293904.0,0.0005524014679124619
1268,2015-10-15,3.99,4.04,3.97,4.03,170440448.0,531347712.0,294055293904.0,0.0005796204031465034
1269,2015-10-16,4.04,4.05,4.01,4.04,246333664.0,772921024.0,294055293904.0,0.0008377120531637848
1270,2015-10-19,4.05,4.05,4.0,4.03,282719872.0,886733504.0,294055293904.0,0.0009614513931937553
1271,2015-10-20,4.01,4.04,4.01,4.04,188113440.0,588837056.0,294055293904.0,0.000639721317383979
1272,2015-10-21,4.04,4.12,4.01,4.1,606820544.0,1915113216.0,294055293904.0,0.002063627340095119
1273,2015-10-22,4.05,4.09,4.03,4.05,312783232.0,985771072.0,294055293904.0,0.0010636884915328684
1274,2015-10-23,4.05,4.08,4.04,4.06,259948544.0,819079936.0,294055293904.0,0.0008840124608838541
1275,2015-10-26,4.09,4.1,4.05,4.08,268570112.0,851196672.0,294055293904.0,0.0009133320078491084
1276,2015-10-27,4.06,4.08,4.04,4.05,226456256.0,714450368.0,294055293904.0,0.0007701145352408822
1277,2015-10-28,4.05,4.06,4.03,4.05,196550496.0,618862336.0,294055293904.0,0.0006684133905243266
1278,2015-10-29,4.04,4.05,4.03,4.03,148840400.0,467279552.0,294055293904.0,0.0005061646672771408
1279,2015-10-30,4.03,4.05,4.01,4.04,161541680.0,507044192.0,294055293904.0,0.0005493581763324363
1280,2015-11-02,4.03,4.05,4.0,4.0,215639904.0,675040704.0,294055293904.0,0.0007333311403344427
1281,2015-11-03,4.0,4.01,3.94,3.95,216745120.0,668600192.0,294055293904.0,0.0007370896715457897
1282,2015-11-04,3.95,4.05,3.94,4.05,406719328.0,1263851520.0,294055293904.0,0.0013831389416603442
1283,2015-11-05,4.04,4.18,4.01,4.12,812518464.0,2599442688.0,294055293904.0,0.002763148567103377
1284,2015-11-06,4.09,4.13,4.06,4.12,489429056.0,1558232704.0,294055293904.0,0.0016644116468781669
1285,2015-11-09,4.15,4.35,4.15,4.28,1016779456.0,3385888256.0,294055293904.0,0.0034577832029507594
1286,2015-11-10,4.24,4.28,4.21,4.23,464592416.0,1531133568.0,294055293904.0,0.0015799491647706064
1287,2015-11-11,4.23,4.23,4.15,4.21,362290912.0,1182061056.0,294055293904.0,0.0012320502963577892
1288,2015-11-12,4.19,4.21,4.14,4.15,221999856.0,719395328.0,294055293904.0,0.0007549595623756262
1289,2015-11-13,4.14,4.18,4.12,4.13,232790704.0,749385280.0,294055293904.0,0.0007916562252948216
1290,2015-11-16,4.1,4.15,4.09,4.15,205150000.0,658117184.0,294055293904.0,0.000697657903982423
1291,2015-11-17,4.15,4.22,4.14,4.17,387493856.0,1259699712.0,294055293904.0,0.0013177584761541645
1292,2015-11-18,4.15,4.21,4.13,4.18,361593824.0,1170345216.0,294055293904.0,0.001229679694588492
1293,2015-11-19,4.17,4.18,4.13,4.17,264656768.0,854566912.0,294055293904.0,0.0009000238169029608
1294,2015-11-20,4.17,4.18,4.13,4.15,312610784.0,1007683968.0,294055293904.0,0.0010631020440055666
1295,2015-11-23,4.14,4.15,4.12,4.13,222600480.0,715854912.0,294055293904.0,0.00075700211699869
1296,2015-11-24,4.12,4.13,4.09,4.12,308058208.0,983831808.0,294055293904.0,0.0010476200034017123
1297,2015-11-25,4.1,4.15,4.09,4.15,274433248.0,880851520.0,294055293904.0,0.0009332708973081573
1298,2015-11-26,4.14,4.17,4.13,4.14,198603824.0,640015936.0,294055293904.0,0.0006753961860820572
1299,2015-11-27,4.13,4.14,3.99,4.03,304923264.0,963799552.0,294055293904.0,0.0010369589336471801
1300,2015-11-30,4.03,4.08,4.0,4.05,327124000.0,1027774784.0,294055293904.0,0.0011124574417857476
1301,2015-12-01,4.04,4.04,4.0,4.01,205291456.0,641232512.0,294055293904.0,0.0006981389563658777
1302,2015-12-02,4.01,4.18,4.0,4.17,663576768.0,2119992576.0,294055293904.0,0.002256639420396347
1303,2015-12-03,4.14,4.36,4.13,4.3,1064056422.0,3523961513.0,294055293904.0,0.0036185589719305703
1304,2015-12-04,4.27,4.3,4.22,4.24,549862400.0,1817714432.0,294055293904.0,0.0018699285862185944
1305,2015-12-07,4.24,4.26,4.19,4.21,177933178.0,582602711.0,294055293904.0,0.0006051010870700042
1306,2015-12-08,4.18,4.19,4.09,4.13,239619888.0,770157184.0,294055293904.0,0.0008148803744313086
1307,2015-12-09,4.1,4.18,4.09,4.15,160781232.0,518588911.0,294055293904.0,0.0005467721048834105
1308,2015-12-10,4.14,4.19,4.12,4.15,175665680.0,567761280.0,294055293904.0,0.0005973899591052744
1309,2015-12-11,4.13,4.17,4.1,4.15,242398576.0,778045952.0,294055293904.0,0.0008243299169411848
1310,2015-12-14,4.12,4.22,4.12,4.22,277725632.0,901848960.0,294055293904.0,0.0009444673765698939
1311,2015-12-15,4.21,4.22,4.15,4.17,127982776.0,416591840.0,294055293904.0,0.0004352337082623054
1312,2015-12-16,4.18,4.19,4.15,4.17,112936080.0,366282336.0,294055293904.0,0.0003840640938668839
1313,2015-12-17,4.17,4.22,4.17,4.21,211274048.0,688339456.0,294055293904.0,0.0007184840823473645
1314,2015-12-18,4.18,4.3,4.18,4.22,271338752.0,892574016.0,294055293904.0,0.0009227473799148256
1315,2015-12-21,4.19,4.3,4.19,4.26,357199456.0,1180666240.0,294055293904.0,0.0012147356752455361
1316,2015-12-22,4.26,4.27,4.22,4.26,181691228.0,599348479.0,294055293904.0,0.0006178811664561176
1317,2015-12-23,4.24,4.3,4.22,4.24,263533872.0,870971584.0,294055293904.0,0.0008962051609451238
1318,2015-12-24,4.24,4.26,4.18,4.22,247053920.0,809165184.0,294055293904.0,0.0008401614428361745
1319,2015-12-25,4.22,4.23,4.19,4.21,121916669.0,399167787.0,294055293904.0,0.00041460457107023565
1320,2015-12-28,4.21,4.22,4.12,4.12,254659904.0,825957691.0,294055293904.0,0.0008660272720107485
1321,2015-12-29,4.13,4.17,4.12,4.17,145928282.0,469657579.0,294055293904.0,0.0004962613665701972
1322,2015-12-30,4.15,4.17,4.13,4.15,126880332.0,408871376.0,294055293904.0,0.0004314846038494465
1323,2015-12-31,4.15,4.18,4.14,4.15,158248128.0,511938664.0,294055293904.0,0.0005381577250286239
1324,2016-01-04,4.17,4.17,4.0,4.01,191312700.0,609918488.0,294055293904.0,0.000650601107907473
1325,2016-01-05,3.99,4.08,3.96,4.06,321545621.0,1010967560.0,294055293904.0,0.0010934869314237706
1326,2016-01-06,4.05,4.1,4.04,4.09,168419990.0,534016660.0,294055293904.0,0.0005727493892865739
1327,2016-01-07,4.06,4.08,3.99,4.0,67693020.0,213026028.0,294055293904.0,0.00023020507164240916
1328,2016-01-08,4.04,4.08,4.0,4.06,269691052.0,848424984.0,294055293904.0,0.0009171440119967567
1329,2016-01-11,4.04,4.05,3.97,3.97,286388562.0,896360974.0,294055293904.0,0.0009739275841553019
1330,2016-01-12,4.0,4.04,3.97,4.03,176341923.0,549730284.0,294055293904.0,0.000599689672846258
1331,2016-01-13,4.03,4.05,4.0,4.01,153620760.0,481542859.0,294055293904.0,0.0005224213377030799
1332,2016-01-14,3.97,4.01,3.94,4.01,273862605.0,847415495.0,294055293904.0,0.0009313302997000548
1333,2016-01-15,4.0,4.0,3.94,3.95,214673803.0,662801858.0,294055293904.0,0.000730045700418794
1334,2016-01-18,3.92,4.0,3.9,3.95,213964440.0,658513766.0,294055293904.0,0.0007276333547997704
1335,2016-01-19,3.96,4.01,3.94,4.0,143495734.0,444661212.0,294055293904.0,0.00048798894961179286
1336,2016-01-20,3.99,4.01,3.96,4.0,188436819.0,583696285.0,294055293904.0,0.0006408210391257871
1337,2016-01-21,3.96,4.03,3.96,3.97,172707114.0,536059056.0,294055293904.0,0.0005873287017113984
1338,2016-01-22,3.99,4.0,3.95,4.0,151552019.0,468537718.0,294055293904.0,0.0005153861268332651
1339,2016-01-25,3.97,3.99,3.95,3.99,161366523.0,497810325.0,294055293904.0,0.0005487625162520665
1340,2016-01-26,3.96,3.97,3.77,3.79,220748676.0,666917439.0,294055293904.0,0.0007507046483307579
1341,2016-01-27,3.79,3.82,3.72,3.79,239965022.0,706129895.0,294055293904.0,0.0008160540788574995
1342,2016-01-28,3.79,3.81,3.74,3.74,159022593.0,466818216.0,294055293904.0,0.0005407914643832802
1343,2016-01-29,3.74,3.86,3.74,3.85,198777082.0,589150158.0,294055293904.0,0.0006759853881933328
1344,2016-02-01,3.85,3.85,3.76,3.78,100792967.0,297433564.0,294055293904.0,0.00034276875502505254
1345,2016-02-02,3.78,3.82,3.77,3.81,118978571.0,351511338.0,294055293904.0,0.000404612919632873
1346,2016-02-03,3.78,3.79,3.73,3.76,104308968.0,304478321.0,294055293904.0,0.00035472569330465334
1347,2016-02-04,3.77,3.79,3.76,3.77,86465184.0,253707501.0,294055293904.0,0.0002940439631337779
1348,2016-02-05,3.77,3.78,3.74,3.76,65693012.0,192073205.0,294055293904.0,0.0002234036025260159
1349,2016-02-15,3.69,3.74,3.67,3.72,91231105.0,262813137.0,294055293904.0,0.00031025153054984326
1350,2016-02-16,3.73,3.79,3.72,3.78,128065212.0,375299480.0,294055293904.0,0.00043551405009497756
1351,2016-02-17,3.78,3.83,3.77,3.82,138060751.0,407818892.0,294055293904.0,0.000469506089031924
1352,2016-02-18,3.83,3.83,3.79,3.82,146301356.0,433664671.0,294055293904.0,0.0004975300871398796
1353,2016-02-19,3.81,3.83,3.78,3.79,122387769.0,361889195.0,294055293904.0,0.0004162066507122835
1354,2016-02-22,3.83,3.9,3.81,3.86,167722947.0,501775828.0,294055293904.0,0.0005703789405497198
1355,2016-02-23,3.86,3.86,3.81,3.83,126381163.0,375741974.0,294055293904.0,0.000429787069370904
1356,2016-02-24,3.81,3.85,3.81,3.83,95247885.0,283044317.0,294055293904.0,0.0003239114784687247
1357,2016-02-25,3.83,3.83,3.73,3.76,231515194.0,684747427.0,294055293904.0,0.0007873185717091106
1358,2016-02-26,3.77,3.82,3.76,3.81,140532474.0,414976642.0,294055293904.0,0.0004779117292337526
1359,2016-02-29,3.79,3.85,3.74,3.85,260584606.0,768176780.0,294055293904.0,0.0008861755302561322
1360,2016-03-01,3.83,3.87,3.81,3.85,142663210.0,425758795.0,294055293904.0,0.000485157767799192
1361,2016-03-02,3.86,3.92,3.85,3.92,220580175.0,667956178.0,294055293904.0,0.0007501316234490668
1362,2016-03-03,3.91,3.96,3.9,3.96,186818827.0,570413782.0,294055293904.0,0.0006353186998258586
1363,2016-03-04,3.95,4.13,3.92,4.12,527131148.0,1659320328.0,294055293904.0,0.0017926259412016983
1364,2016-03-07,4.09,4.1,4.05,4.09,170029581.0,539430703.0,294055293904.0,0.0005782231591297568
1365,2016-03-08,4.08,4.1,3.97,4.09,224940796.0,705773304.0,294055293904.0,0.000764960878661944
1366,2016-03-09,4.05,4.14,4.01,4.13,231588339.0,735275220.0,294055293904.0,0.0007875673174433869
1367,2016-03-10,4.09,4.1,4.04,4.05,117998586.0,374240110.0,294055293904.0,0.0004012802641074808
1368,2016-03-11,4.04,4.12,4.03,4.1,138208556.0,437020684.0,294055293904.0,0.000470008732592724
1369,2016-03-14,4.09,4.12,4.06,4.1,147144611.0,468904398.0,294055293904.0,0.0005003977620890518
1370,2016-03-15,4.1,4.12,4.04,4.1,178768173.0,567050112.0,294055293904.0,0.0006079406720640857
1371,2016-03-16,4.08,4.18,4.08,4.18,452161580.0,1459107021.0,294055293904.0,0.0015376753602933495
1372,2016-03-17,4.17,4.18,4.12,4.13,178954399.0,575115936.0,294055293904.0,0.0006085739747247097
1373,2016-03-18,4.14,4.14,4.1,4.14,229670454.0,735884594.0,294055293904.0,0.0007810451257340068
1374,2016-03-21,4.13,4.15,4.12,4.13,244457300.0,785307574.0,294055293904.0,0.0008313310627891902
1375,2016-03-22,4.13,4.14,4.09,4.09,120630301.0,385505502.0,294055293904.0,0.0004102299924563918
1376,2016-03-23,4.09,4.12,4.08,4.09,92469604.0,294433437.0,294055293904.0,0.00031446332005227723
1377,2016-03-24,4.09,4.09,4.05,4.06,80972356.0,256274605.0,294055293904.0,0.00027536438785024894
1378,2016-03-25,4.06,4.09,4.05,4.06,56264415.0,177930540.0,294055293904.0,0.0001913395751289164
1379,2016-03-28,4.06,4.09,4.05,4.05,85593474.0,271224817.0,294055293904.0,0.00029107952066982217
1380,2016-03-29,4.06,4.08,4.04,4.05,107390436.0,338801454.0,294055293904.0,0.0003652049061053792
1381,2016-03-30,4.06,4.13,4.05,4.12,125128853.0,398683149.0,294055293904.0,0.0004255283125113562
1382,2016-03-31,4.12,4.13,4.09,4.12,82084460.0,262022897.0,294055293904.0,0.00027914634322753616
1383,2016-04-01,4.1,4.13,4.06,4.12,115540568.0,367538427.0,294055293904.0,0.0003929212307863447
1384,2016-04-05,4.09,4.14,4.08,4.13,154261933.0,492795197.0,294055293904.0,0.0005246017881601607
1385,2016-04-06,4.1,4.12,4.09,4.09,80577683.0,256831966.0,294055293904.0,0.00027402221510865275
1386,2016-04-07,4.1,4.1,4.05,4.06,85265479.0,270220564.0,294055293904.0,0.00028996410120008437
1387,2016-04-08,4.05,4.08,4.04,4.06,77771453.0,245251873.0,294055293904.0,0.0002644790099422253
1388,2016-04-11,4.05,4.1,4.05,4.08,98695041.0,313141157.0,294055293904.0,0.00033563429411415693
1389,2016-04-12,4.08,4.09,4.05,4.06,61799224.0,195532773.0,294055293904.0,0.00021016191607887034
1390,2016-04-13,4.06,4.13,4.06,4.1,190848393.0,609347470.0,294055293904.0,0.0006490221293628747
1391,2016-04-14,4.12,4.13,4.09,4.1,74704127.0,238319170.0,294055293904.0,0.0002540478901372495
1392,2016-04-15,4.1,4.12,4.08,4.09,72866592.0,231944337.0,294055293904.0,0.0002477989463566288
1393,2016-04-18,4.08,4.09,4.05,4.06,77449645.0,244885719.0,294055293904.0,0.000263384630733038
1394,2016-04-19,4.06,4.08,4.05,4.06,68066749.0,214976040.0,294055293904.0,0.00023147601968431726
1395,2016-04-20,4.06,4.08,3.96,4.04,238400690.0,744209576.0,294055293904.0,0.0008107342222440331
1396,2016-04-21,4.03,4.04,4.0,4.0,77542574.0,242419876.0,294055293904.0,0.0002637006563306943
1397,2016-04-22,4.0,4.04,4.0,4.03,84042303.0,262848760.0,294055293904.0,0.00028580442094484866
1398,2016-04-25,4.03,4.04,3.99,4.03,80715873.0,251872828.0,294055293904.0,0.00027449216073746743
1399,2016-04-26,4.03,4.04,4.01,4.03,55355835.0,173221573.0,294055293904.0,0.00018824974808333828
1400,2016-04-27,4.04,4.04,4.01,4.01,40773997.0,127478572.0,294055293904.0,0.00013866098602976164
1401,2016-04-28,4.03,4.04,4.01,4.03,60728490.0,189872524.0,294055293904.0,0.00020652064852750443
1402,2016-04-29,4.01,4.03,4.0,4.01,70840648.0,220888435.0,294055293904.0,0.00024090927614153852
1403,2016-05-03,4.01,4.05,4.0,4.04,108140341.0,338916445.0,294055293904.0,0.00036775512375337305
1404,2016-05-04,4.03,4.04,4.01,4.03,70887845.0,221774529.0,294055293904.0,0.0002410697799684664
1405,2016-05-05,4.03,4.03,4.0,4.03,67952928.0,212122276.0,294055293904.0,0.0002310889462244626
1406,2016-05-06,4.03,4.03,3.99,3.99,114428566.0,355918336.0,294055293904.0,0.0003891396222825949
1407,2016-05-09,3.99,3.99,3.94,3.95,97234757.0,299759243.0,294055293904.0,0.0003306682757146489
1408,2016-05-10,3.94,3.96,3.92,3.95,85097736.0,260850517.0,294055293904.0,0.00028939365406487733
1409,2016-05-11,3.95,3.96,3.92,3.95,94672027.0,289997062.0,294055293904.0,0.0003219531461008401
1410,2016-05-12,3.94,3.95,3.91,3.92,83904533.0,256352910.0,294055293904.0,0.0002853359036188352
1411,2016-05-13,3.92,3.95,3.91,3.92,69974225.0,213618831.0,294055293904.0,0.0002379628132892735
1412,2016-05-16,3.92,3.94,3.91,3.94,47121242.0,143851711.0,294055293904.0,0.0001602461951097661
1413,2016-05-17,3.94,3.94,3.92,3.94,57909586.0,176906292.0,294055293904.0,0.00019693434262368933
1414,2016-05-18,3.92,3.95,3.9,3.94,137448774.0,419347273.0,294055293904.0,0.0004674249260238545
1415,2016-05-19,3.94,3.96,3.92,3.95,90608094.0,278206057.0,294055293904.0,0.0003081328439867529
1416,2016-05-20,3.95,3.96,3.94,3.96,76828475.0,236177895.0,294055293904.0,0.00026127220489722636
1417,2016-05-23,3.96,3.99,3.95,3.97,84463424.0,261191720.0,294055293904.0,0.00028723653595427094
1418,2016-05-24,3.99,3.99,3.96,3.97,55033433.0,170037803.0,294055293904.0,0.00018715334884590351
1419,2016-05-25,3.99,4.0,3.97,3.99,44418676.0,137575577.0,294055293904.0,0.00015105552228045018
1420,2016-05-26,3.99,4.0,3.97,3.99,70441921.0,218462674.0,294055293904.0,0.0002395533168771895
1421,2016-05-27,3.99,4.0,3.97,3.99,66533373.0,206348354.0,294055293904.0,0.00022626143578874353
1422,2016-05-30,4.0,4.03,3.97,4.03,78085853.0,243241363.0,294055293904.0,0.00026554819661057564
1423,2016-05-31,4.01,4.12,4.01,4.1,153315787.0,486419574.0,294055293904.0,0.0005213842096311753
1424,2016-06-01,4.1,4.1,4.06,4.06,110451631.0,350670738.0,294055293904.0,0.00037561517609017796
1425,2016-06-02,4.06,4.08,4.06,4.06,63400105.0,200569093.0,294055293904.0,0.00021560606564253247
1426,2016-06-03,4.08,4.1,4.05,4.1,83598677.0,265104432.0,294055293904.0,0.00028429577271032704
1427,2016-06-06,4.1,4.1,4.08,4.09,67287944.0,213730363.0,294055293904.0,0.00022882752120071485
1428,2016-06-07,4.1,4.1,4.08,4.08,49912395.0,158483687.0,294055293904.0,0.00016973812760635033
1429,2016-06-08,4.09,4.09,4.06,4.09,61774463.0,195863978.0,294055293904.0,0.00021007771082729584
1430,2016-06-13,4.06,4.09,4.04,4.05,95433991.0,301915680.0,294055293904.0,0.0003245443730428341
1431,2016-06-14,4.04,4.09,4.04,4.06,88728185.0,280555862.0,294055293904.0,0.0003017397980563717
1432,2016-06-15,4.05,4.09,4.04,4.06,75842421.0,239639523.0,294055293904.0,0.00025791891039635633
1433,2016-06-16,4.06,4.08,4.05,4.06,59561973.0,187998531.0,294055293904.0,0.0002025536497208758
1434,2016-06-17,4.06,4.09,4.05,4.08,67923175.0,215253670.0,294055293904.0,0.0002309877645738792
1435,2016-06-20,4.09,4.09,4.06,4.09,40558594.0,128543958.0,294055293904.0,0.0001379284605338244
1436,2016-06-21,4.08,4.09,4.06,4.08,55378295.0,175749933.0,294055293904.0,0.00018832612827599462
1437,2016-06-22,4.08,4.09,4.06,4.08,71536468.0,227194904.0,294055293904.0,0.00024327556579666426
1438,2016-06-23,4.09,4.1,4.08,4.09,56892488.0,180926474.0,294055293904.0,0.00019347547614148258
1439,2016-06-24,4.09,4.1,4.05,4.08,82645973.0,261932182.0,294055293904.0,0.0002810558922533167
1440,2016-06-27,4.06,4.08,4.05,4.08,56943797.0,180061384.0,294055293904.0,0.00019364996373297873
1441,2016-06-28,4.06,4.08,4.05,4.08,49843140.0,157481336.0,294055293904.0,0.00016950261067659014
1442,2016-06-29,4.08,4.1,4.06,4.09,68868497.0,218727825.0,294055293904.0,0.00023420254090879739
1443,2016-06-30,4.1,4.13,4.09,4.12,108019322.0,345820917.0,294055293904.0,0.00036734357190408204
1444,2016-07-01,4.13,4.15,4.12,4.14,80896224.0,260182890.0,294055293904.0,0.0002751054841624791
1445,2016-07-04,4.14,4.21,4.13,4.21,109684873.0,356835446.0,294055293904.0,0.0003730076460919242
1446,2016-07-05,4.21,4.22,4.18,4.21,89546909.0,292457665.0,294055293904.0,0.00030452404991978925
1447,2016-07-06,4.21,4.23,4.18,4.22,153789504.0,502353577.0,294055293904.0,0.0005229951889599632
1448,2016-07-07,4.23,4.23,4.19,4.2,159307876.0,493495044.0,294055293904.0,0.0005417616322595746
1449,2016-07-08,4.19,4.2,4.16,4.16,86560614.0,266268999.0,294055293904.0,0.0002943684939345434
1450,2016-07-11,4.17,4.2,4.16,4.17,76033200.0,234514869.0,294055293904.0,0.00025856769653948995
1451,2016-07-12,4.17,4.25,4.17,4.24,147877927.0,459801499.0,294055293904.0,0.000502891565177118
1452,2016-07-13,4.23,4.28,4.21,4.27,177260784.0,556056006.0,294055293904.0,0.0006028144627039777
1453,2016-07-14,4.25,4.25,4.21,4.23,104013117.0,324395502.0,294055293904.0,0.0003537195866093031
1454,2016-07-15,4.23,4.24,4.21,4.23,88991442.0,277159289.0,294055293904.0,0.0003026350616529045
1455,2016-07-18,4.21,4.25,4.21,4.23,122083081.0,381092000.0,294055293904.0,0.0004151704918458512
1456,2016-07-19,4.23,4.24,4.2,4.2,95579130.0,296970696.0,294055293904.0,0.0003250379502815673
1457,2016-07-20,4.2,4.21,4.17,4.19,67466723.0,208466750.0,294055293904.0,0.00022943549869238472
1458,2016-07-21,4.19,4.21,4.17,4.2,65674020.0,203489938.0,294055293904.0,0.0002233390160336326
1459,2016-07-22,4.2,4.2,4.17,4.19,59655938.0,184198452.0,294055293904.0,0.00020287319846544176
1460,2016-07-25,4.17,4.2,4.17,4.2,72608616.0,224610884.0,294055293904.0,0.000246921641967461
1461,2016-07-26,4.19,4.23,4.19,4.23,72561301.0,225438783.0,294055293904.0,0.00024676073685546033
1462,2016-07-27,4.23,4.23,4.17,4.23,161162063.0,500079966.0,294055293904.0,0.0005480672048455433
1463,2016-07-28,4.21,4.21,4.2,4.2,62827748.0,195008215.0,294055293904.0,0.00021365963919871248
1464,2016-07-29,4.21,4.21,4.2,4.21,48203837.0,149674065.0,294055293904.0,0.00016392779861238297
1465,2016-08-01,4.2,4.23,4.2,4.23,111596431.0,346705844.0,294055293904.0,0.0003795083214398201
1466,2016-08-02,4.21,4.23,4.21,4.23,61500970.0,191685570.0,294055293904.0,0.00020914763745106448
1467,2016-08-03,4.21,4.23,4.21,4.21,45542309.0,141817615.0,294055293904.0,0.00015487668456963118
1468,2016-08-04,4.23,4.23,4.2,4.23,92000551.0,285953301.0,294055293904.0,0.0003128682016860249
1469,2016-08-05,4.21,4.23,4.2,4.23,62573060.0,194770477.0,294055293904.0,0.00021279351638004579
1470,2016-08-08,4.21,4.23,4.2,4.23,74935412.0,233256900.0,294055293904.0,0.00025483442588339903
1471,2016-08-09,4.23,4.25,4.21,4.24,134206982.0,419161278.0,294055293904.0,0.0004564004960366891
1472,2016-08-10,4.24,4.25,4.23,4.25,71929204.0,225299052.0,294055293904.0,0.00024461115134177
1473,2016-08-11,4.25,4.32,4.24,4.28,204257332.0,646227992.0,294055293904.0,0.0006946221892086858
1474,2016-08-12,4.28,4.35,4.27,4.35,222881675.0,711113700.0,294055293904.0,0.0007579583827277193
1475,2016-08-15,4.36,4.46,4.35,4.4,268905612.0,875524979.0,294055293904.0,0.0009144729497296159
1476,2016-08-16,4.42,4.42,4.31,4.34,319968648.0,1026235824.0,294055293904.0,0.0010881240862967083
1477,2016-08-17,4.34,4.34,4.3,4.31,95122068.0,302882140.0,294055293904.0,0.0003234836099602901
1478,2016-08-18,4.31,4.32,4.3,4.31,91453652.0,291081890.0,294055293904.0,0.0003110083507962853
1479,2016-08-19,4.31,4.32,4.3,4.31,60776699.0,193290018.0,294055293904.0,0.00020668459388403912
1480,2016-08-22,4.31,4.35,4.3,4.34,151831428.0,484234938.0,294055293904.0,0.0005163363188746682
1481,2016-08-23,4.34,4.38,4.32,4.35,127377522.0,409479463.0,294055293904.0,0.00043317540830121846
1482,2016-08-24,4.35,4.36,4.34,4.35,85073061.0,272762911.0,294055293904.0,0.00028930974127530494
1483,2016-08-25,4.34,4.36,4.32,4.36,90156645.0,288929334.0,294055293904.0,0.0003065975919121979
1484,2016-08-26,4.35,4.36,4.34,4.34,55690783.0,178849778.0,294055293904.0,0.0001893888127658784
1485,2016-08-29,4.34,4.35,4.3,4.31,95611937.0,304310095.0,294055293904.0,0.0003251495177339482
1486,2016-08-30,4.31,4.35,4.3,4.35,106156065.0,338987741.0,294055293904.0,0.00036100715477904873
1487,2016-08-31,4.35,4.35,4.32,4.35,61647959.0,197342605.0,294055293904.0,0.00020964750602356494
1488,2016-09-01,4.34,4.35,4.31,4.31,115587683.0,369546668.0,294055293904.0,0.00039308145575415424
1489,2016-09-02,4.31,4.34,4.31,4.32,122936770.0,392450616.0,294055293904.0,0.0004180736499174712
1490,2016-09-05,4.32,4.35,4.31,4.32,101759298.0,325155391.0,294055293904.0,0.0003460549771065209
1491,2016-09-06,4.34,4.36,4.32,4.34,112287622.0,359619359.0,294055293904.0,0.0003818588691576437
1492,2016-09-07,4.34,4.35,4.32,4.34,95702628.0,306391623.0,294055293904.0,0.0003254579325181065
1493,2016-09-08,4.34,4.35,4.32,4.34,81824367.0,261475968.0,294055293904.0,0.00027826183951210596
1494,2016-09-09,4.32,4.34,4.31,4.32,68568390.0,218915294.0,294055293904.0,0.00023318196074506134
1495,2016-09-12,4.31,4.31,4.24,4.25,160720621.0,506920114.0,294055293904.0,0.0005465659837855881
1496,2016-09-13,4.27,4.28,4.24,4.27,85634337.0,268934144.0,294055293904.0,0.0002912184843302191
1497,2016-09-14,4.25,4.27,4.2,4.21,93511753.0,291772781.0,294055293904.0,0.00031800737799513555
1498,2016-09-19,4.21,4.24,4.21,4.23,69143781.0,215504662.0,294055293904.0,0.0002351387049762597
1499,2016-09-20,4.23,4.24,4.21,4.23,71121001.0,222096246.0,294055293904.0,0.00024186267846352331
1500,2016-09-21,4.23,4.25,4.23,4.24,75293125.0,235646260.0,294055293904.0,0.0002560509079784868
1501,2016-09-22,4.25,4.27,4.24,4.25,62899824.0,197707126.0,294055293904.0,0.00021390474956228762
1502,2016-09-23,4.25,4.27,4.25,4.27,40569999.0,127601455.0,294055293904.0,0.00013796724575631974
1503,2016-09-26,4.25,4.27,4.21,4.23,84775159.0,265509385.0,294055293904.0,0.0002882966597012754
1504,2016-09-27,4.23,4.27,4.21,4.27,86341547.0,270228298.0,294055293904.0,0.0002936235081970259
1505,2016-09-28,4.25,4.27,4.24,4.24,47569839.0,149038826.0,294055293904.0,0.00016177174832815656
1506,2016-09-29,4.24,4.25,4.24,4.25,45060002.0,141277815.0,294055293904.0,0.00015323649304783713
1507,2016-09-30,4.25,4.25,4.24,4.24,33962241.0,106403593.0,294055293904.0,0.00011549610465808388
1508,2016-10-10,4.25,4.27,4.24,4.27,114761876.0,360419573.0,294055293904.0,0.00039027311658421023
1509,2016-10-11,4.27,4.27,4.25,4.25,65399176.0,205828949.0,294055293904.0,0.0002224043482833906
1510,2016-10-12,4.25,4.27,4.25,4.25,59452884.0,186797806.0,294055293904.0,0.00020218266847258167
1511,2016-10-13,4.25,4.27,4.24,4.25,64381473.0,202120106.0,294055293904.0,0.0002189434243650059
1512,2016-10-14,4.25,4.25,4.24,4.25,39449642.0,123676420.0,294055293904.0,0.00013415722422898836
1513,2016-10-17,4.25,4.25,4.23,4.24,64333366.0,201414677.0,294055293904.0,0.00021877982588200864
1514,2016-10-18,4.24,4.27,4.23,4.25,96381049.0,302068091.0,294055293904.0,0.00032776505302933075
1515,2016-10-19,4.25,4.27,4.25,4.25,51461301.0,161886997.0,294055293904.0,0.00017500552469836006
1516,2016-10-20,4.27,4.27,4.25,4.25,35978872.0,113091127.0,294055293904.0,0.00012235410395891732
1517,2016-10-21,4.25,4.27,4.24,4.25,61694054.0,193750132.0,294055293904.0,0.00020980426225600008
1518,2016-10-24,4.25,4.32,4.25,4.3,158085860.0,500307377.0,294055293904.0,0.0005376058968406471
1519,2016-10-25,4.3,4.32,4.28,4.31,122688277.0,390123161.0,294055293904.0,0.0004172285945651227
1520,2016-10-26,4.31,4.32,4.28,4.28,58386844.0,185014005.0,294055293904.0,0.00019855736390538
1521,2016-10-27,4.28,4.3,4.25,4.27,60076542.0,189496695.0,294055293904.0,0.00020430355530213015
1522,2016-10-28,4.27,4.3,4.27,4.3,75342845.0,238358003.0,294055293904.0,0.00025621999182438496
1523,2016-10-31,4.28,4.3,4.25,4.28,58793007.0,185447480.0,294055293904.0,0.00019993861093075272
1524,2016-11-01,4.28,4.3,4.27,4.3,58970735.0,186457550.0,294055293904.0,0.00020054301426469857
1525,2016-11-02,4.28,4.3,4.27,4.28,56221316.0,177332083.0,294055293904.0,0.00019119300745646338
1526,2016-11-03,4.27,4.28,4.25,4.27,61370320.0,193382311.0,294055293904.0,0.00020870333325825286
1527,2016-11-04,4.27,4.28,4.25,4.27,78585054.0,247542000.0,294055293904.0,0.0002672458399121888
1528,2016-11-07,4.27,4.28,4.25,4.28,84575746.0,266365150.0,294055293904.0,0.0002876185117334136
1529,2016-11-08,4.28,4.32,4.27,4.31,162749332.0,516092905.0,294055293904.0,0.0005534650637955617
1530,2016-11-09,4.31,4.31,4.25,4.27,159785367.0,503668320.0,294055293904.0,0.000543385445909248
1531,2016-11-10,4.28,4.3,4.27,4.3,66484276.0,210425180.0,294055293904.0,0.00022609447059200052
1532,2016-11-11,4.28,4.3,4.27,4.3,118755354.0,375127590.0,294055293904.0,0.0004038538209033909
1533,2016-11-14,4.28,4.31,4.27,4.3,112898670.0,357509103.0,294055293904.0,0.00038393687289594566
1534,2016-11-15,4.3,4.31,4.27,4.28,121691539.0,385049347.0,294055293904.0,0.00041383896676156607
1535,2016-11-16,4.28,4.3,4.28,4.28,70128054.0,221892443.0,294055293904.0,0.00023848594279310832
1536,2016-11-17,4.28,4.3,4.27,4.28,61158518.0,193096475.0,294055293904.0,0.0002079830537584757
1537,2016-11-18,4.28,4.3,4.27,4.3,61143604.0,193339235.0,294055293904.0,0.00020793233540614814
1538,2016-11-21,4.28,4.31,4.27,4.31,165474105.0,524742014.0,294055293904.0,0.0005627312564351323
1539,2016-11-22,4.31,4.34,4.3,4.32,205152956.0,653396458.0,294055293904.0,0.0006976679565135669
1540,2016-11-23,4.32,4.36,4.31,4.35,382595132.0,1225589488.0,294055293904.0,0.0013010992827930707
1541,2016-11-24,4.34,4.35,4.31,4.32,130423726.0,416597874.0,294055293904.0,0.0004435346980781762
1542,2016-11-25,4.32,4.36,4.32,4.36,217657407.0,698011144.0,294055293904.0,0.000740192105063949
1543,2016-11-28,4.36,4.42,4.34,4.36,576308093.0,1862053660.0,294055293904.0,0.0019598630085814637
1544,2016-11-29,4.35,4.39,4.34,4.38,235999225.0,760254547.0,294055293904.0,0.0008025675098950828
1545,2016-11-30,4.38,4.38,4.34,4.35,192196689.0,618284773.0,294055293904.0,0.000653607307824039
1546,2016-12-01,4.35,4.38,4.34,4.36,188386350.0,606668073.0,294055293904.0,0.0006406494081398934
1547,2016-12-02,4.36,4.38,4.32,4.36,328466512.0,1054982996.0,294055293904.0,0.0011170229504769067
1548,2016-12-05,4.35,4.4,4.34,4.39,269141242.0,867532401.0,294055293904.0,0.0009152742616083162
1549,2016-12-06,4.39,4.4,4.38,4.4,190380683.0,616778409.0,294055293904.0,0.0006474315781648652
1550,2016-12-07,4.39,4.4,4.38,4.39,114615593.0,370593417.0,294055293904.0,0.0003897756489207042
1551,2016-12-08,4.39,4.4,4.36,4.39,159378394.0,514993649.0,294055293904.0,0.0005420014442999014
1552,2016-12-09,4.38,4.46,4.38,4.43,406737161.0,1328464009.0,294055293904.0,0.0013831995867171403
1553,2016-12-12,4.42,4.49,4.35,4.42,529845531.0,1726650755.0,294055293904.0,0.0018018568003505431
1554,2016-12-13,4.39,4.4,4.32,4.35,317417258.0,1019685721.0,294055293904.0,0.0010794475208585326
1555,2016-12-14,4.35,4.38,4.34,4.35,262273108.0,843580460.0,294055293904.0,0.0008919176543906198
1556,2016-12-15,4.34,4.35,4.27,4.3,279745546.0,887614384.0,294055293904.0,0.0009513365404376237
1557,2016-12-16,4.27,4.3,4.25,4.27,222400531.0,700680408.0,294055293904.0,0.0007563221462443962
1558,2016-12-19,4.27,4.28,4.24,4.25,131827552.0,414247200.0,294055293904.0,0.0004483087185739891
1559,2016-12-20,4.25,4.27,4.2,4.23,186491997.0,581996919.0,294055293904.0,0.0006342072421960336
1560,2016-12-21,4.23,4.25,4.23,4.24,153741767.0,480680855.0,294055293904.0,0.0005228328487437195
1561,2016-12-22,4.24,4.24,4.21,4.24,77549700.0,242055442.0,294055293904.0,0.0002637248898682218
1562,2016-12-23,4.23,4.24,4.21,4.23,92872276.0,289653736.0,294055293904.0,0.00031583269516079497
1563,2016-12-26,4.21,4.24,4.19,4.24,150179606.0,467041033.0,294055293904.0,0.0005107189331848214
1564,2016-12-27,4.23,4.24,4.21,4.21,69413045.0,216126238.0,294055293904.0,0.00023605439670357106
1565,2016-12-28,4.21,4.23,4.19,4.2,129494611.0,401771768.0,294055293904.0,0.0004403750372277807
1566,2016-12-29,4.19,4.2,4.19,4.19,165922943.0,513537181.0,294055293904.0,0.0005642576292272729
1567,2016-12-30,4.2,4.21,4.19,4.2,208957655.0,646713172.0,294055293904.0,0.0007106066761315246
1568,2017-01-03,4.2,4.24,4.19,4.23,196745138.0,612871310.0,294055293904.0,0.0006690753136525106
1569,2017-01-04,4.23,4.25,4.21,4.23,170690299.0,533118732.0,294055293904.0,0.0005804700766779092
1570,2017-01-05,4.24,4.25,4.23,4.24,109437941.0,342385656.0,294055293904.0,0.00037216789926498693
1571,2017-01-06,4.24,4.24,4.23,4.24,102296721.0,319656733.0,294055293904.0,0.000347882602764488
1572,2017-01-09,4.24,4.24,4.23,4.24,119532777.0,373443668.0,294055293904.0,0.0004064976195906331
1573,2017-01-10,4.23,4.24,4.23,4.24,111609416.0,348515073.0,294055293904.0,0.00037955247980142484
1574,2017-01-11,4.23,4.24,4.21,4.23,133704108.0,417271612.0,294055293904.0,0.0004546903618870071
1575,2017-01-12,4.23,4.23,4.21,4.23,70075474.0,218353375.0,294055293904.0,0.00023830713288527797
1576,2017-01-13,4.21,4.24,4.21,4.23,191591852.0,598121455.0,294055293904.0,0.0006515504259635906
1577,2017-01-16,4.23,4.32,4.21,4.28,591583755.0,1860811367.0,294055293904.0,0.0020118112724511394
1578,2017-01-17,4.27,4.27,4.25,4.27,109513815.0,344443214.0,294055293904.0,0.0003724259255667503
1579,2017-01-18,4.27,4.28,4.25,4.27,129814355.0,408892100.0,294055293904.0,0.00044146239734891624
1580,2017-01-19,4.27,4.3,4.27,4.28,167112903.0,527737334.0,294055293904.0,0.000568304351135257
1581,2017-01-20,4.27,4.3,4.27,4.28,104237950.0,329419595.0,294055293904.0,0.00035448418090384894
1582,2017-01-23,4.28,4.3,4.28,4.3,119371911.0,377792811.0,294055293904.0,0.00040595055921343573
1583,2017-01-24,4.28,4.32,4.28,4.31,144529885.0,458756984.0,294055293904.0,0.0004915058085884506
1584,2017-01-25,4.31,4.32,4.31,4.32,84775030.0,270061288.0,294055293904.0,0.00028829622100827213
1585,2017-01-26,4.32,4.35,4.32,4.35,98947846.0,316891174.0,294055293904.0,0.0003364940133752648
1586,2017-02-03,4.35,4.35,4.31,4.31,88652597.0,282798926.0,294055293904.0,0.00030148274436080156
1587,2017-02-06,4.32,4.32,4.3,4.31,106306087.0,338270754.0,294055293904.0,0.0003615173377382067
1588,2017-02-07,4.31,4.32,4.3,4.3,91980936.0,292144056.0,294055293904.0,0.00031280149654448644
1589,2017-02-08,4.3,4.31,4.28,4.31,116506103.0,369554117.0,294055293904.0,0.00039620474589393265
1590,2017-02-09,4.3,4.32,4.3,4.31,113199983.0,360295335.0,294055293904.0,0.00038496155432915383
1591,2017-02-10,4.32,4.34,4.31,4.34,149270768.0,476614943.0,294055293904.0,0.0005076282287532368
1592,2017-02-13,4.34,4.38,4.32,4.36,176128841.0,566727877.0,294055293904.0,0.000598965040423658
1593,2017-02-14,4.36,4.38,4.35,4.36,86673124.0,278732905.0,294055293904.0,0.00029475110904922565
1594,2017-02-15,4.36,4.47,4.35,4.46,497143912.0,1622176472.0,294055293904.0,0.0016906477193445876
1595,2017-02-16,4.46,4.47,4.43,4.46,243804235.0,800442505.0,294055293904.0,0.0008291101709585088
1596,2017-02-17,4.46,4.46,4.4,4.42,214869941.0,702251980.0,294055293904.0,0.0007307127110255271
1597,2017-02-20,4.4,4.49,4.39,4.42,912210255.0,2979528099.0,294055293904.0,0.003102172529829742
1598,2017-02-21,4.43,4.46,4.42,4.43,350056784.0,1145646642.0,294055293904.0,0.00119044544089821
1599,2017-02-22,4.42,4.43,4.4,4.43,221398308.0,722512616.0,294055293904.0,0.0007529138654863998
1600,2017-02-23,4.43,4.46,4.42,4.44,202438748.0,663106830.0,294055293904.0,0.0006884376924908893
1601,2017-02-24,4.43,4.44,4.42,4.43,125103305.0,408741061.0,294055293904.0,0.00042544143089238984
1602,2017-02-27,4.42,4.43,4.39,4.4,158222143.0,514586437.0,294055293904.0,0.0005380693572946
1603,2017-02-28,4.39,4.42,4.39,4.4,144799906.0,471085736.0,294055293904.0,0.0004924240746615251
1604,2017-03-01,4.4,4.43,4.4,4.42,174962270.0,570124907.0,294055293904.0,0.0005949978579780979
1605,2017-03-02,4.42,4.43,4.4,4.42,113370365.0,369043891.0,294055293904.0,0.00038554097596696195
1606,2017-03-03,4.39,4.4,4.38,4.39,116940438.0,378675892.0,294055293904.0,0.0003976817980300584
1607,2017-03-06,4.39,4.4,4.38,4.39,135016647.0,437901816.0,294055293904.0,0.00045915394076897245
1608,2017-03-07,4.39,4.4,4.38,4.39,113073542.0,365734056.0,294055293904.0,0.00038453156377084313
1609,2017-03-08,4.38,4.4,4.38,4.4,116928433.0,379157941.0,294055293904.0,0.0003976409723749899
1610,2017-03-09,4.39,4.4,4.38,4.38,171183467.0,554045259.0,294055293904.0,0.0005821472034299988
1611,2017-03-10,4.38,4.39,4.36,4.39,130213879.0,420649183.0,294055293904.0,0.0004428210669878667
1612,2017-03-13,4.38,4.42,4.36,4.42,150292826.0,486671355.0,294055293904.0,0.0005111039628113819
1613,2017-03-14,4.4,4.43,4.4,4.42,121986936.0,397921017.0,294055293904.0,0.0004148435295296026
1614,2017-03-15,4.42,4.42,4.39,4.42,118779168.0,386271763.0,294055293904.0,0.0004039348056722208
1615,2017-03-16,4.42,4.46,4.4,4.44,257193708.0,840401012.0,294055293904.0,0.0008746440323702039
1616,2017-03-17,4.43,4.44,4.39,4.42,178306031.0,581361240.0,294055293904.0,0.0006063690560803555
1617,2017-03-20,4.42,4.42,4.39,4.42,150539076.0,489726706.0,294055293904.0,0.0005119413903466277
1618,2017-03-21,4.42,4.42,4.4,4.4,153049006.0,498060851.0,294055293904.0,0.000520476961893996
1619,2017-03-22,4.39,4.4,4.36,4.39,180504099.0,583535549.0,294055293904.0,0.000613844071989158
1620,2017-03-23,4.38,4.4,4.38,4.39,167456328.0,541951341.0,294055293904.0,0.0005694722437293352
1621,2017-03-24,4.39,4.4,4.38,4.4,149426652.0,483890447.0,294055293904.0,0.0005081583467386349
1622,2017-03-27,4.39,4.46,4.39,4.44,300351233.0,981747767.0,294055293904.0,0.0010214107320171404
1623,2017-03-28,4.44,4.46,4.43,4.44,113115553.0,370795593.0,294055293904.0,0.0003846744314588968
1624,2017-03-29,4.44,4.47,4.43,4.46,284878423.0,937769817.0,294055293904.0,0.0009687920228125668
1625,2017-03-30,4.46,4.47,4.42,4.46,269849549.0,884358887.0,294055293904.0,0.0009176830160660109
1626,2017-03-31,4.44,4.55,4.43,4.53,418130518.0,1387281482.0,294055293904.0,0.0014219452146184
1627,2017-04-05,4.51,4.55,4.5,4.54,252120653.0,840554341.0,294055293904.0,0.0008573919879242495
1628,2017-04-06,4.54,4.54,4.5,4.53,187654165.0,625583754.0,294055293904.0,0.0006381594512672277
1629,2017-04-07,4.53,4.57,4.5,4.55,267581871.0,894763408.0,294055293904.0,0.0009099712759715091
1630,2017-04-10,4.55,4.55,4.53,4.53,177405735.0,593621513.0,294055293904.0,0.0006033074006071712
1631,2017-04-11,4.51,4.53,4.49,4.53,145569874.0,484191407.0,294055293904.0,0.0004950425209740454
1632,2017-04-12,4.51,4.51,4.47,4.5,221404407.0,734138606.0,294055293904.0,0.0007529346064835062
1633,2017-04-13,4.5,4.51,4.49,4.5,157260791.0,521740420.0,294055293904.0,0.0005348000674027681
1634,2017-04-14,4.5,4.5,4.44,4.49,188707104.0,622558934.0,294055293904.0,0.0006417402029891938
1635,2017-04-17,4.46,4.49,4.43,4.47,226674407.0,745123584.0,294055293904.0,0.0007708564059180047
1636,2017-04-18,4.46,4.47,4.43,4.43,128958406.0,423039099.0,294055293904.0,0.0004385515536479372
1637,2017-04-19,4.42,4.43,4.38,4.4,274228718.0,890876406.0,294055293904.0,0.0009325753478511672
1638,2017-04-20,4.4,4.43,4.39,4.42,144801914.0,471469359.0,294055293904.0,0.0004924309033092033
1639,2017-04-21,4.42,4.47,4.4,4.46,327792364.0,1076741662.0,294055293904.0,0.0011147303612463243
1640,2017-04-24,4.44,4.5,4.44,4.5,257519002.0,851249367.0,294055293904.0,0.0008757502664926414
1641,2017-04-25,4.49,4.51,4.47,4.51,150161559.0,497906049.0,294055293904.0,0.0005106575603737409
1642,2017-04-26,4.5,4.55,4.49,4.54,279794567.0,934723078.0,294055293904.0,0.000951503247179574
1643,2017-04-27,4.53,4.59,4.53,4.58,305639947.0,1027246254.0,294055293904.0,0.0010393961725435965
1644,2017-04-28,4.57,4.58,4.54,4.58,163982182.0,551495891.0,294055293904.0,0.0005576576426253191
1645,2017-05-02,4.57,4.57,4.51,4.51,146888877.0,491426257.0,294055293904.0,0.0004995280821162659
1646,2017-05-03,4.51,4.51,4.47,4.49,102842676.0,341014337.0,294055293904.0,0.0003497392433736458
1647,2017-05-04,4.49,4.5,4.47,4.5,85642843.0,283634115.0,294055293904.0,0.00029124741086266503
1648,2017-05-05,4.49,4.51,4.46,4.51,168709183.0,558892151.0,294055293904.0,0.0005737328539818036
1649,2017-05-08,4.5,4.57,4.49,4.57,267158553.0,895536091.0,294055293904.0,0.000908531689578148
1650,2017-05-09,4.55,4.57,4.54,4.55,111072299.0,372929967.0,294055293904.0,0.00037772589476407005
1651,2017-05-10,4.54,4.59,4.54,4.58,174072806.0,586779512.0,294055293904.0,0.0005919730391143014
1652,2017-05-11,4.57,4.65,4.57,4.62,213515245.0,727267021.0,294055293904.0,0.0007261057679502486
1653,2017-05-12,4.61,4.7,4.59,4.69,286483804.0,983341311.0,294055293904.0,0.0009742514756205279
1654,2017-05-15,4.69,4.73,4.65,4.66,150600502.0,520017548.0,294055293904.0,0.0005121502830320288
1655,2017-05-16,4.66,4.66,4.59,4.62,199943004.0,681753373.0,294055293904.0,0.000679950363570993
1656,2017-05-17,4.61,4.62,4.59,4.62,187748373.0,638709059.0,294055293904.0,0.0006384798263869858
1657,2017-05-18,4.59,4.65,4.59,4.63,136762409.0,466499711.0,294055293904.0,0.00046509079018536124
1658,2017-05-19,4.63,4.66,4.62,4.65,101788160.0,349190127.0,294055293904.0,0.00034615312871473313
1659,2017-05-22,4.65,4.69,4.63,4.67,128055556.0,441265672.0,294055293904.0,0.000435481212733433
1660,2017-05-23,4.67,4.76,4.67,4.74,239176843.0,832326321.0,294055293904.0,0.000813373702015662
1661,2017-05-24,4.73,4.76,4.7,4.74,161139599.0,562239423.0,294055293904.0,0.0005479908110500031
1662,2017-05-25,4.73,4.86,4.69,4.72,548672678.0,1931159584.0,294055293904.0,0.0018658826736821978
1663,2017-05-26,4.73,4.77,4.72,4.76,222596426.0,778812032.0,294055293904.0,0.0007569883304759372
1664,2017-05-31,4.74,4.84,4.74,4.8,249434623.0,885255755.0,294055293904.0,0.0008482575494166506
1665,2017-06-01,4.81,4.85,4.8,4.85,193849111.0,690342707.0,294055293904.0,0.0006592267339464589
1666,2017-06-02,4.85,4.89,4.81,4.84,163338277.0,585238056.0,294055293904.0,0.0005554679013985884
1667,2017-06-05,4.82,4.84,4.65,4.69,369873795.0,1288701998.0,294055293904.0,0.0012578375654775744
1668,2017-06-06,4.67,4.72,4.66,4.7,147043046.0,509141782.0,294055293904.0,0.0005000523678652254
1669,2017-06-07,4.7,4.77,4.69,4.76,224811959.0,785677990.0,294055293904.0,0.0007645227399762243
1670,2017-06-08,4.74,4.77,4.7,4.76,150493947.0,525481336.0,294055293904.0,0.0005117879192106354
1671,2017-06-09,4.76,4.8,4.73,4.74,266314346.0,936179086.0,294055293904.0,0.0009056607771426263
1672,2017-06-12,4.74,4.76,4.7,4.72,190704416.0,665646994.0,294055293904.0,0.0006485325037618915
1673,2017-06-13,4.72,4.74,4.69,4.73,135701581.0,472332437.0,294055293904.0,0.0004614832101757787
1674,2017-06-14,4.73,4.74,4.69,4.72,115998982.0,403374066.0,294055293904.0,0.00039448016888235347
1675,2017-06-15,4.7,4.72,4.65,4.66,171284917.0,591038960.0,294055293904.0,0.0005824922065709154
1676,2017-06-16,4.66,4.69,4.65,4.67,114531244.0,394857894.0,294055293904.0,0.00038948880150884455
1677,2017-06-19,4.67,4.69,4.63,4.65,217112776.0,747571779.0,294055293904.0,0.0007383399670093362
1678,2017-06-20,4.66,4.7,4.65,4.7,152705858.0,527539314.0,294055293904.0,0.0005193100112996223
1679,2017-06-21,4.7,4.73,4.69,4.7,116429111.0,404100906.0,294055293904.0,0.0003959429175861412
1680,2017-06-22,4.7,4.78,4.7,4.74,355651605.0,1243702519.0,294055293904.0,0.0012094718659141342
1681,2017-06-23,4.73,4.77,4.7,4.76,237970010.0,832859516.0,294055293904.0,0.0008092695997429989
1682,2017-06-26,4.76,4.82,4.73,4.74,335907076.0,1185554999.0,294055293904.0,0.0011423262323910527
1683,2017-06-27,4.74,4.76,4.69,4.73,274646178.0,956043277.0,294055293904.0,0.000933995012821172
1684,2017-06-28,4.72,4.76,4.7,4.7,191537305.0,668180115.0,294055293904.0,0.000651364926837641
1685,2017-06-29,4.72,4.76,4.7,4.74,121992099.0,425856276.0,294055293904.0,0.0004148610874518949
1686,2017-06-30,4.73,4.77,4.73,4.77,145882974.0,511661651.0,294055293904.0,0.0004961072867051538
1687,2017-07-03,4.76,4.78,4.74,4.77,153121656.0,538454598.0,294055293904.0,0.0005207240242713994
1688,2017-07-04,4.77,4.78,4.74,4.77,209252144.0,735924731.0,294055293904.0,0.0007116081510449337
1689,2017-07-05,4.77,4.78,4.74,4.77,162387326.0,570060273.0,294055293904.0,0.0005522339824054127
1690,2017-07-06,4.77,4.8,4.76,4.78,175888322.0,619484796.0,294055293904.0,0.0005981471024202071
1691,2017-07-07,4.77,4.8,4.77,4.8,119731530.0,422703228.0,294055293904.0,0.00040717352308266435
1692,2017-07-10,4.8,4.8,4.77,4.78,134611066.0,475218153.0,294055293904.0,0.00045777467296319573
1693,2017-07-11,4.78,4.85,4.77,4.85,278889688.0,989757556.0,294055293904.0,0.0009484260062022515
1694,2017-07-12,4.84,4.91,4.82,4.86,359688933.0,1295239908.0,294055293904.0,0.0012232016918472053
1695,2017-07-13,4.89,4.96,4.88,4.94,312294837.0,1080649369.0,294055293904.0,0.0010620275964218983
1696,2017-07-14,4.94,4.99,4.92,4.96,209720100.0,730028243.0,294055293904.0,0.000713199538820298
1697,2017-07-17,4.98,5.16,4.96,5.12,529429225.0,1886160368.0,294055293904.0,0.0018004410598125207
1698,2017-07-18,5.11,5.13,5.02,5.08,319321791.0,1141525627.0,294055293904.0,0.0010859243061417175
1699,2017-07-19,5.06,5.12,5.06,5.06,300478191.0,1075526219.0,294055293904.0,0.001021842480748185
1700,2017-07-20,5.09,5.11,5.05,5.11,184857777.0,660266618.0,294055293904.0,0.0006286497159964424
1701,2017-07-21,5.09,5.15,5.08,5.12,194029631.0,697965928.0,294055293904.0,0.000659840632093312
1702,2017-07-24,5.12,5.21,5.11,5.13,235767756.0,855815084.0,294055293904.0,0.0008017803484162775
1703,2017-07-25,5.15,5.29,5.15,5.25,344109012.0,1265641659.0,294055293904.0,0.0011702187280203872
1704,2017-07-26,5.25,5.4,5.23,5.32,309487569.0,1159126994.0,294055293904.0,0.0010524808613071191
1705,2017-07-27,5.32,5.33,5.23,5.29,197838004.0,734429546.0,294055293904.0,0.0006727918459600595
1706,2017-07-28,5.26,5.32,5.22,5.29,146075224.0,541058047.0,294055293904.0,0.0004967610753088128
1707,2017-07-31,5.29,5.33,5.26,5.28,159243782.0,593983709.0,294055293904.0,0.0005415436664506649
1708,2017-08-01,5.28,5.32,5.26,5.32,161328897.0,601004294.0,294055293904.0,0.000548634560725402
1709,2017-08-02,5.32,5.42,5.31,5.39,269735129.0,1020910592.0,294055293904.0,0.000917293905574304
1710,2017-08-03,5.39,5.46,5.32,5.35,216760280.0,820778635.0,294055293904.0,0.0007371412264754721
1711,2017-08-04,5.35,5.38,5.32,5.35,141457412.0,531899637.0,294055293904.0,0.00048105718527271775
1712,2017-08-07,5.33,5.35,5.25,5.31,207749825.0,773488308.0,294055293904.0,0.0007064991833400691
1713,2017-08-08,5.31,5.32,5.23,5.29,207954629.0,771416994.0,294055293904.0,0.000707195664594601
1714,2017-08-09,5.28,5.29,5.18,5.19,210667795.0,774064593.0,294055293904.0,0.0007164223850660433
1715,2017-08-10,5.18,5.21,5.12,5.18,193745317.0,703484537.0,294055293904.0,0.0006588737595156232
1716,2017-08-11,5.15,5.21,5.08,5.19,320361924.0,1156620395.0,294055293904.0,0.0010894615082311298
1717,2017-08-14,5.15,5.16,5.12,5.13,191594673.0,691841173.0,294055293904.0,0.0006515600193974055
1718,2017-08-15,5.12,5.29,5.12,5.19,358819445.0,1317423514.0,294055293904.0,0.0012202448057852123
1719,2017-08-16,5.19,5.22,5.15,5.16,184352501.0,670815996.0,294055293904.0,0.0006269314133150257
1720,2017-08-17,5.16,5.19,5.15,5.19,106143039.0,386224067.0,294055293904.0,0.00036096285698788484
1721,2017-08-18,5.16,5.21,5.15,5.18,107758358.0,392090391.0,294055293904.0,0.0003664561061606998
1722,2017-08-21,5.18,5.21,5.13,5.19,139332104.0,506765290.0,294055293904.0,0.0004738296058206238
1723,2017-08-22,5.21,5.26,5.18,5.25,124643220.0,457479423.0,294055293904.0,0.00042387681019166474
1724,2017-08-23,5.25,5.36,5.23,5.33,172980994.0,646617487.0,294055293904.0,0.0005882600911666394
1725,2017-08-24,5.33,5.42,5.32,5.39,203189931.0,767177138.0,294055293904.0,0.000690992256260264
1726,2017-08-25,5.38,5.59,5.38,5.56,391557205.0,1506461489.0,294055293904.0,0.0013315767922472137
1727,2017-08-28,5.56,5.63,5.45,5.49,336839110.0,1311405629.0,294055293904.0,0.0011454958199459168
1728,2017-08-29,5.49,5.56,5.45,5.55,159194312.0,616739765.0,294055293904.0,0.0005413754327850055
1729,2017-08-30,5.55,5.59,5.43,5.48,205764709.0,796773432.0,294055293904.0,0.0006997483577601424
1730,2017-08-31,5.46,5.5,5.32,5.36,493372589.0,1868739015.0,294055293904.0,0.0016778225021892345
1731,2017-09-01,5.36,5.42,5.23,5.26,471051991.0,1762167870.0,294055293904.0,0.0016019163768355212
1732,2017-09-04,5.25,5.36,5.23,5.33,241436188.0,902794328.0,294055293904.0,0.0008210571039024432
1733,2017-09-05,5.35,5.49,5.33,5.48,299517950.0,1144843348.0,294055293904.0,0.0010185769690573344
1734,2017-09-06,5.45,5.52,5.42,5.48,157280387.0,604062218.0,294055293904.0,0.0005348667079306085
1735,2017-09-07,5.46,5.48,5.4,5.45,121672875.0,465094895.0,294055293904.0,0.0004137754957056561
1736,2017-09-08,5.43,5.46,5.39,5.4,131726131.0,501670840.0,294055293904.0,0.0004479638140539804
1737,2017-09-11,5.43,5.5,5.39,5.43,255797303.0,981765661.0,294055293904.0,0.0008698952486246004
1738,2017-09-12,5.45,5.48,5.4,5.46,159537877.0,609746980.0,294055293904.0,0.0005425438014800176
1739,2017-09-13,5.46,5.48,5.43,5.43,162726096.0,624443311.0,294055293904.0,0.000553386044643444
1740,2017-09-14,5.45,5.48,5.33,5.39,191787932.0,729945479.0,294055293904.0,0.0006522172393285083
1741,2017-09-15,5.36,5.39,5.29,5.35,197382934.0,739975252.0,294055293904.0,0.0006712442798749253
1742,2017-09-18,5.35,5.38,5.23,5.26,211488512.0,791539316.0,294055293904.0,0.0007192134145663246
1743,2017-09-19,5.29,5.32,5.21,5.29,326338970.0,1207160636.0,294055293904.0,0.0011097877738141984
1744,2017-09-20,5.28,5.35,5.26,5.28,189805650.0,707463237.0,294055293904.0,0.0006454760513917688
1745,2017-09-21,5.29,5.38,5.26,5.36,181981501.0,681354871.0,294055293904.0,0.0006188683039299791
1746,2017-09-22,5.35,5.42,5.35,5.39,173774977.0,657691572.0,294055293904.0,0.0005909602057929016
1747,2017-09-25,5.38,5.5,5.35,5.48,248580730.0,948472670.0,294055293904.0,0.0008453536975979557
1748,2017-09-26,5.45,5.52,5.45,5.48,152669676.0,588754819.0,294055293904.0,0.0005191869664140172
1749,2017-09-27,5.46,5.49,5.4,5.43,123295039.0,471370770.0,294055293904.0,0.00041929202281341016
1750,2017-09-28,5.43,5.48,5.39,5.46,137598084.0,524104636.0,294055293904.0,0.0004679326876696923
1751,2017-09-29,5.45,5.48,5.42,5.43,118830975.0,454450116.0,294055293904.0,0.00040411098682275264
1752,2017-10-09,5.56,5.59,5.32,5.39,570390271.0,2185634411.0,294055293904.0,0.0019397381472962525
1753,2017-10-10,5.38,5.42,5.32,5.38,313181771.0,1182039917.0,294055293904.0,0.0010650438114616777
1754,2017-10-11,5.38,5.49,5.36,5.46,260060775.0,991211400.0,294055293904.0,0.0008843941271973897
1755,2017-10-12,5.45,5.49,5.38,5.4,287907508.0,1101956967.0,294055293904.0,0.0009790930956474905
1756,2017-10-13,5.4,5.42,5.35,5.35,241286705.0,913638088.0,294055293904.0,0.0008205487539318802
1757,2017-10-16,5.36,5.42,5.35,5.4,205655022.0,779222078.0,294055293904.0,0.000699375342880717
1758,2017-10-17,5.4,5.42,5.35,5.35,201405339.0,761728684.0,294055293904.0,0.0006849233568491803
1759,2017-10-18,5.38,5.45,5.35,5.43,283180977.0,1073955714.0,294055293904.0,0.0009630194826298549
1760,2017-10-19,5.42,5.48,5.4,5.48,213462065.0,817873097.0,294055293904.0,0.0007259249176098452
1761,2017-10-20,5.45,5.48,5.42,5.45,167208611.0,641058387.0,294055293904.0,0.000568629827336448
1762,2017-10-23,5.43,5.46,5.38,5.38,183068633.0,697334122.0,294055293904.0,0.0006225653365035702
1763,2017-10-24,5.39,5.42,5.38,5.4,151674473.0,575895601.0,294055293904.0,0.000515802558717127
1764,2017-10-25,5.4,5.42,5.33,5.36,167610932.0,632567673.0,294055293904.0,0.0005699980087919104
1765,2017-10-26,5.35,5.35,5.23,5.26,464512645.0,1720552193.0,294055293904.0,0.0015796778858592803
1766,2017-10-27,5.25,5.33,5.23,5.29,433694548.0,1612201890.0,294055293904.0,0.0014748741375885173
1767,2017-10-30,5.29,5.36,5.28,5.32,352471989.0,1317859998.0,294055293904.0,0.0011986588791530863
1768,2017-10-31,5.33,5.38,5.31,5.32,255221592.0,960555351.0,294055293904.0,0.0008679374161626963
1769,2017-11-01,5.32,5.33,5.25,5.31,266254957.0,988864446.0,294055293904.0,0.0009054588117258112
1770,2017-11-02,5.29,5.31,5.23,5.29,253702751.0,939266905.0,294055293904.0,0.000862772261746208
1771,2017-11-03,5.29,5.31,5.23,5.29,281564641.0,1043007281.0,294055293904.0,0.0009575227749238284
1772,2017-11-06,5.26,5.28,5.21,5.23,211838164.0,779819113.0,294055293904.0,0.0007204024834497917
1773,2017-11-07,5.23,5.29,5.21,5.28,309800326.0,1142444100.0,294055293904.0,0.00105354446059094
1774,2017-11-08,5.26,5.29,5.23,5.28,288301543.0,1067408094.0,294055293904.0,0.000980433098729117
1775,2017-11-09,5.26,5.26,5.22,5.23,179893578.0,663025521.0,294055293904.0,0.0006117678604307995
1776,2017-11-10,5.22,5.23,5.13,5.16,280435397.0,1019758965.0,294055293904.0,0.0009536825311893671
1777,2017-11-13,5.16,5.22,5.11,5.18,621472564.0,2254873792.0,294055293904.0,0.0021134547715467816
1778,2017-11-14,5.16,5.16,5.12,5.13,179561824.0,648693255.0,294055293904.0,0.0006106396576509907
1779,2017-11-15,5.13,5.15,5.09,5.13,262014266.0,944492741.0,294055293904.0,0.0008910374049771047
1780,2017-11-16,5.13,5.13,5.06,5.08,216688269.0,775063718.0,294055293904.0,0.0007368963371587592
1781,2017-11-17,5.08,5.22,5.06,5.21,586414026.0,2119303190.0,294055293904.0,0.001994230466707551
1782,2017-11-20,5.18,5.25,5.15,5.22,332776931.0,1216118095.0,294055293904.0,0.001131681482696385
1783,2017-11-21,5.22,5.29,5.18,5.21,528448604.0,1945353033.0,294055293904.0,0.0017971062414286008
1784,2017-11-22,5.23,5.42,5.22,5.4,592729933.0,2225047332.0,294055293904.0,0.0020157091039942577
1785,2017-11-23,5.42,5.52,5.33,5.39,579685967.0,2218887917.0,294055293904.0,0.00197135021547767
1786,2017-11-24,5.36,5.45,5.35,5.4,266517546.0,1010581386.0,294055293904.0,0.0009063518036407458
1787,2017-11-27,5.39,5.42,5.28,5.4,442469838.0,1666859950.0,294055293904.0,0.0015047164501804642
1788,2017-11-28,5.36,5.38,5.31,5.33,194356450.0,728022361.0,294055293904.0,0.0006609520523152064
1789,2017-11-29,5.33,5.38,5.31,5.33,170367257.0,638845882.0,294055293904.0,0.000579371500979063
1790,2017-11-30,5.33,5.36,5.32,5.32,200157471.0,752065225.0,294055293904.0,0.0006806797059921161
1791,2017-12-01,5.33,5.35,5.26,5.32,274105035.0,1023099056.0,294055293904.0,0.0009321547364812512
1792,2017-12-04,5.31,5.33,5.28,5.32,139679886.0,521297796.0,294055293904.0,0.0004750123153559044
1793,2017-12-05,5.32,5.46,5.31,5.42,470299636.0,1782744776.0,294055293904.0,0.0015993578274211867
1794,2017-12-06,5.4,5.43,5.35,5.4,268523210.0,1018528919.0,294055293904.0,0.0009131725072348623
1795,2017-12-07,5.39,5.4,5.31,5.38,196836672.0,740074696.0,294055293904.0,0.0006693865952444343
1796,2017-12-08,5.35,5.36,5.29,5.32,219147720.0,819907922.0,294055293904.0,0.0007452602437130242
1797,2017-12-11,5.31,5.32,5.28,5.31,185331150.0,690067058.0,294055293904.0,0.0006302595254772217
1798,2017-12-12,5.31,5.32,5.26,5.26,147030831.0,546576313.0,294055293904.0,0.0005000108280587563
1799,2017-12-13,5.26,5.29,5.23,5.28,151063294.0,558933012.0,294055293904.0,0.0005137241094843799
1800,2017-12-14,5.29,5.33,5.25,5.28,173303719.0,644235323.0,294055293904.0,0.0005893575888369427
1801,2017-12-15,5.28,5.28,5.21,5.22,201482986.0,740607329.0,294055293904.0,0.0006851874126291975
1802,2017-12-18,5.23,5.25,5.21,5.22,163353929.0,599373108.0,294055293904.0,0.000555521129482981
1803,2017-12-19,5.22,5.28,5.21,5.28,207420630.0,763993783.0,294055293904.0,0.0007053796830051849
1804,2017-12-20,5.26,5.29,5.23,5.28,201968025.0,747292778.0,294055293904.0,0.0006868368949206415
1805,2017-12-21,5.26,5.29,5.25,5.26,181089656.0,670453091.0,294055293904.0,0.0006158353879495882
1806,2017-12-22,5.26,5.28,5.21,5.22,154276662.0,567833877.0,294055293904.0,0.0005246518773791115
1807,2017-12-25,5.23,5.28,5.22,5.23,203594676.0,751869001.0,294055293904.0,0.000692368681063322
1808,2017-12-26,5.23,5.35,5.23,5.35,284825589.0,1062487115.0,294055293904.0,0.0009686123491216138
1809,2017-12-27,5.35,5.4,5.29,5.33,308549244.0,1162208824.0,294055293904.0,0.0010492898798167252
1810,2017-12-28,5.32,5.4,5.31,5.38,303524040.0,1144477308.0,294055293904.0,0.0010322005632692035
1811,2017-12-29,5.39,5.49,5.39,5.45,316021711.0,1210267267.0,294055293904.0,0.0010747016549315087
1812,2018-01-02,5.46,5.6,5.36,5.48,798519102.0,3073323622.0,294055293904.0,0.0027155406433889673
1813,2018-01-03,5.45,5.55,5.45,5.52,307349820.0,1189311775.0,294055293904.0,0.0010452109734856202
1814,2018-01-04,5.52,5.56,5.48,5.5,315142711.0,1221849043.0,294055293904.0,0.0010717124212117888
1815,2018-01-05,5.5,5.55,5.48,5.5,245416444.0,950348793.0,294055293904.0,0.0008345928438891528
1816,2018-01-08,5.52,5.53,5.46,5.49,232632304.0,899692716.0,294055293904.0,0.0007911175510955
1817,2018-01-09,5.48,5.52,5.43,5.45,252669509.0,973208742.0,294055293904.0,0.0008592584940248987
1818,2018-01-10,5.43,5.58,5.42,5.56,419277096.0,1627388329.0,294055293904.0,0.0014258444064499008
1819,2018-01-11,5.56,5.69,5.55,5.68,400649025.0,1588690559.0,294055293904.0,0.0013624955350431459
1820,2018-01-12,5.69,5.75,5.68,5.7,345296151.0,1387864269.0,294055293904.0,0.0011742558564945564
1821,2018-01-15,5.72,5.93,5.7,5.86,551516422.0,2262276471.0,294055293904.0,0.0018755534534945428
1822,2018-01-16,5.85,5.95,5.76,5.9,842961967.0,3454334129.0,294055293904.0,0.0028666784257086056
1823,2018-01-17,5.9,6.14,5.89,6.0,854712838.0,3620705013.0,294055293904.0,0.002906639858961483
1824,2018-01-18,6.07,6.24,6.06,6.22,807656817.0,3480417181.0,294055293904.0,0.0027466154622731434
1825,2018-01-19,6.29,6.37,6.19,6.36,605978854.0,2687820890.0,294055293904.0,0.0020607649872742416
1826,2018-01-22,6.32,6.44,6.17,6.2,801325467.0,3545959686.0,294055293904.0,0.0027250843076527236
1827,2018-01-23,6.22,6.43,6.16,6.37,1634806191.0,7219026017.0,294055293904.0,0.005559519671608816
1828,2018-01-24,6.46,6.66,6.37,6.44,1209899069.0,5515567723.0,294055293904.0,0.004114529117761759
1829,2018-01-25,6.43,6.51,6.29,6.46,743198079.0,3347409136.0,294055293904.0,0.0025274092812035253
1830,2018-01-26,6.43,6.6,6.29,6.37,1872299833.0,8467111235.0,294055293904.0,0.006367169276711775
1831,2018-01-29,6.41,6.56,6.34,6.41,927279362.0,4201461260.0,294055293904.0,0.003153418357782493
1832,2018-01-30,6.41,6.43,6.27,6.29,541575208.0,2410301768.0,294055293904.0,0.0018417461587234938
1833,2018-01-31,6.27,6.36,6.23,6.34,501671611.0,2221010869.0,294055293904.0,0.0017060451602132363
1834,2018-02-01,6.33,6.46,6.3,6.41,723162950.0,3247557851.0,294055293904.0,0.00245927539817083
1835,2018-02-02,6.37,6.41,6.27,6.41,489790553.0,2187841224.0,294055293904.0,0.0016656409973013495
1836,2018-02-05,6.34,6.77,6.32,6.76,988659824.0,4551366284.0,294055293904.0,0.0033621561811526747
1837,2018-02-06,6.61,6.74,6.53,6.7,1094262169.0,5108326637.0,294055293904.0,0.0037212802887243474
1838,2018-02-07,6.69,6.86,6.27,6.34,1121848552.0,5173766266.0,294055293904.0,0.0038150938794737324
1839,2018-02-08,6.3,6.34,5.93,6.13,949595158.0,4081431869.0,294055293904.0,0.0032293081528741788
1840,2018-02-09,5.93,6.02,5.69,5.92,1043073097.0,4287138581.0,294055293904.0,0.0035472005388909314
1841,2018-02-12,5.89,5.92,5.76,5.82,568372852.0,2329221743.0,294055293904.0,0.0019328774682273065
1842,2018-02-13,5.87,6.05,5.85,5.9,643302114.0,2680564566.0,294055293904.0,0.00218769097967683
1843,2018-02-14,5.9,5.96,5.83,5.92,263621773.0,1092055792.0,294055293904.0,0.0008965040877178167
1844,2018-02-22,6.07,6.14,6.05,6.13,538001201.0,2307025364.0,294055293904.0,0.001829591958224159
1845,2018-02-23,6.13,6.19,6.07,6.17,336781464.0,1451094946.0,294055293904.0,0.0011452997819857268
1846,2018-02-26,6.22,6.29,6.06,6.14,678188769.0,2932758951.0,294055293904.0,0.0023063307583960986
1847,2018-02-27,6.13,6.14,5.93,5.97,637944839.0,2697143396.0,294055293904.0,0.002169472382320957
1848,2018-02-28,5.89,5.93,5.83,5.87,398306847.0,1646072271.0,294055293904.0,0.0013545304412374733
1849,2018-03-01,5.83,5.93,5.8,5.87,341324990.0,1410150148.0,294055293904.0,0.0011607510460649353
1850,2018-03-02,5.82,5.89,5.79,5.85,282575780.0,1158641592.0,294055293904.0,0.0009609613765098624
1851,2018-03-05,5.83,5.87,5.75,5.79,382280471.0,1556840957.0,294055293904.0,0.001300029208536551
1852,2018-03-06,5.83,5.85,5.69,5.75,1074824873.0,4338624022.0,294055293904.0,0.00365517946890253
1853,2018-03-07,5.77,5.85,5.75,5.76,606135909.0,2469408070.0,294055293904.0,0.0020612990875038787
1854,2018-03-08,5.75,5.77,5.69,5.72,514695212.0,2074853609.0,294055293904.0,0.0017503347930475693
1855,2018-03-09,5.73,5.76,5.68,5.72,380517393.0,1527722768.0,294055293904.0,0.0012940334722361
1856,2018-03-12,5.75,5.77,5.7,5.73,641826057.0,2588505414.0,294055293904.0,0.002182671321705694
1857,2018-03-13,5.8,5.93,5.79,5.87,1035192962.0,4270441788.0,294055293904.0,0.0035204023986657373
1858,2018-03-14,5.86,5.86,5.79,5.82,398079971.0,1630078370.0,294055293904.0,0.0013537588992700157
1859,2018-03-15,5.79,5.89,5.79,5.87,385821742.0,1587712807.0,294055293904.0,0.0013120720830346925
1860,2018-03-16,5.86,5.87,5.77,5.79,355618753.0,1453850865.0,294055293904.0,0.0012093601454293101
1861,2018-03-19,5.77,5.8,5.73,5.8,283758637.0,1150696031.0,294055293904.0,0.0009649839430969009
1862,2018-03-20,5.76,5.85,5.76,5.83,309835597.0,1265184059.0,294055293904.0,0.0010536644074197548
1863,2018-03-21,5.83,5.89,5.82,5.83,429239931.0,1765375928.0,294055293904.0,0.0014597252282087247
1864,2018-03-22,5.85,5.85,5.72,5.77,418370567.0,1697211574.0,294055293904.0,0.001422761554283002
1865,2018-03-23,5.65,5.66,5.56,5.62,743976979.0,2933802975.0,294055293904.0,0.002530058102755618
1866,2018-03-26,5.59,5.62,5.39,5.43,633863321.0,2438461127.0,294055293904.0,0.0021555922785288706
1867,2018-03-27,5.5,5.53,5.4,5.46,498773221.0,1916506366.0,294055293904.0,0.0016961885446035673
1868,2018-03-28,5.42,5.56,5.42,5.49,486014334.0,1878739837.0,294055293904.0,0.001652799130216199
1869,2018-03-29,5.48,5.68,5.43,5.63,500473017.0,1951364916.0,294055293904.0,0.0017019690764805242
1870,2018-03-30,5.62,5.66,5.55,5.56,296604016.0,1166737444.0,294055293904.0,0.001008667492641136
1871,2018-04-02,5.55,5.59,5.45,5.46,386442724.0,1494678733.0,294055293904.0,0.0013141838695349647
1872,2018-04-03,5.42,5.49,5.42,5.45,341661925.0,1307374982.0,294055293904.0,0.0011618968679800138
1873,2018-04-04,5.45,5.49,5.42,5.42,289406163.0,1109491617.0,294055293904.0,0.0009841896031107748
1874,2018-04-09,5.43,5.46,5.4,5.45,221068224.0,844269206.0,294055293904.0,0.0007517913419105862
1875,2018-04-10,5.45,5.62,5.42,5.6,462527542.0,1794284604.0,294055293904.0,0.0015729271044887258
1876,2018-04-11,5.58,5.72,5.56,5.68,506444601.0,2008746413.0,294055293904.0,0.0017222767673257349
1877,2018-04-12,5.66,5.68,5.53,5.55,303296288.0,1191961555.0,294055293904.0,0.001031426042270189
1878,2018-04-13,5.59,5.6,5.49,5.5,258994406.0,1007392421.0,294055293904.0,0.0008807677037929938
1879,2018-04-16,5.48,5.48,5.32,5.33,602186025.0,2280826252.0,294055293904.0,0.0020478666342140235
1880,2018-04-17,5.33,5.36,5.29,5.31,326388736.0,1222250736.0,294055293904.0,0.0011099570140932606
1881,2018-04-18,5.36,5.39,5.31,5.36,367428339.0,1380132078.0,294055293904.0,0.001249521252013079
1882,2018-04-19,5.35,5.42,5.33,5.38,310849222.0,1174626249.0,294055293904.0,0.0010571114631980837
1883,2018-04-20,5.35,5.36,5.28,5.32,309258138.0,1156097572.0,294055293904.0,0.001051700630497621
1884,2018-04-23,5.31,5.36,5.28,5.35,232439519.0,870895231.0,294055293904.0,0.0007904619431061301
1885,2018-04-24,5.36,5.5,5.35,5.46,455273272.0,1742952481.0,294055293904.0,0.0015482573564842288
1886,2018-04-25,5.43,5.45,5.39,5.42,176251591.0,671518044.0,294055293904.0,0.0005993824789209226
1887,2018-04-26,5.42,5.43,5.33,5.39,209466790.0,792297733.0,294055293904.0,0.0007123381021951078
1888,2018-04-27,5.39,5.42,5.36,5.42,175445075.0,665337676.0,294055293904.0,0.0005966397430589276
1889,2018-05-02,5.48,5.53,5.45,5.49,291520797.0,1124863895.0,294055293904.0,0.0009913808832673918
1890,2018-05-03,5.48,5.52,5.45,5.46,199810002.0,769484932.0,294055293904.0,0.0006794980608824945
1891,2018-05-04,5.45,5.48,5.42,5.45,162354037.0,621039120.0,294055293904.0,0.0005521207758055313
1892,2018-05-07,5.46,5.5,5.43,5.49,236547559.0,910243503.0,294055293904.0,0.0008044322408193933
1893,2018-05-08,5.48,5.59,5.46,5.55,294574631.0,1148087662.0,294055293904.0,0.0010017661205452386
1894,2018-05-09,5.55,5.56,5.5,5.55,168319473.0,653707819.0,294055293904.0,0.0005724075590183088
1895,2018-05-10,5.56,5.58,5.49,5.53,158532093.0,616719103.0,294055293904.0,0.0005391234107546992
1896,2018-05-11,5.55,5.59,5.52,5.56,225616023.0,882037572.0,294055293904.0,0.0007672571372704369
1897,2018-05-14,5.58,5.63,5.58,5.6,246056766.0,970220677.0,294055293904.0,0.0008367704003327005
1898,2018-05-15,5.62,5.63,5.53,5.58,257400675.0,1006940266.0,294055293904.0,0.0008753478693841622
1899,2018-05-16,5.55,5.55,5.45,5.48,272397046.0,1054382923.0,294055293904.0,0.0009263463424975074
1900,2018-05-17,5.49,5.49,5.45,5.48,159198059.0,612022589.0,294055293904.0,0.0005413881752864251
1901,2018-05-18,5.46,5.55,5.45,5.55,242118150.0,933856382.0,294055293904.0,0.0008233762663665702
1902,2018-05-21,5.56,5.59,5.55,5.58,272470182.0,1066366652.0,294055293904.0,0.0009265950576252952
1903,2018-05-22,5.56,5.56,5.49,5.53,250203739.0,969874480.0,294055293904.0,0.000850873098314917
1904,2018-05-23,5.5,5.52,5.43,5.45,269919631.0,1039300394.0,294055293904.0,0.0009179213453920012
1905,2018-05-24,5.46,5.46,5.38,5.39,284082938.0,1082557589.0,294055293904.0,0.0009660868003034298
1906,2018-05-25,5.43,5.45,5.39,5.42,214018724.0,777477973.0,294055293904.0,0.0007278179595361086
1907,2018-05-28,5.42,5.42,5.37,5.39,165698683.0,598636113.0,294055293904.0,0.0005634949835458345
1908,2018-05-29,5.37,5.42,5.3,5.4,279521501.0,1002061033.0,294055293904.0,0.0009505746259111905
1909,2018-05-30,5.36,5.37,5.3,5.31,188621715.0,674377646.0,294055293904.0,0.0006414498188275406
1910,2018-05-31,5.36,5.37,5.31,5.36,230815831.0,826234810.0,294055293904.0,0.0007849402332996402
1911,2018-06-01,5.33,5.42,5.33,5.37,200551413.0,721807233.0,294055293904.0,0.0006820193928066939
1912,2018-06-04,5.39,5.49,5.37,5.46,261490283.0,953994757.0,294055293904.0,0.000889255485008777
1913,2018-06-05,5.48,5.49,5.43,5.48,189377865.0,694336461.0,294055293904.0,0.0006440212739779004
1914,2018-06-06,5.48,5.48,5.4,5.43,183499373.0,668233261.0,294055293904.0,0.0006240301630478617
1915,2018-06-07,5.45,5.49,5.42,5.46,170552477.0,622611521.0,294055293904.0,0.000580001382514406
1916,2018-06-08,5.43,5.45,5.34,5.36,206044530.0,742394438.0,294055293904.0,0.0007006999508985789
1917,2018-06-11,5.34,5.37,5.3,5.37,199983283.0,714308396.0,294055293904.0,0.0006800873412103521
1918,2018-06-12,5.36,5.39,5.34,5.37,123617543.0,444362487.0,294055293904.0,0.0004203887689243824
1919,2018-06-13,5.37,5.37,5.31,5.36,166430791.0,595061892.0,294055293904.0,0.0005659846785629867
1920,2018-06-14,5.34,5.4,5.33,5.39,221058734.0,794744730.0,294055293904.0,0.0007517590690687203
1921,2018-06-15,5.37,5.46,5.36,5.42,240162677.0,872612885.0,294055293904.0,0.0008167262483579218
1922,2018-06-19,5.39,5.45,5.33,5.42,622179037.0,2252600483.0,294055293904.0,0.0021158572890822443
1923,2018-06-20,5.39,5.4,5.34,5.34,194687167.0,698903010.0,294055293904.0,0.0006620767285473846
1924,2018-06-21,5.34,5.39,5.33,5.36,201454769.0,723569933.0,294055293904.0,0.0006850914544860014
1925,2018-06-22,5.33,5.34,5.3,5.34,174533790.0,622454327.0,294055293904.0,0.0005935407170631654
1926,2018-06-25,5.36,5.37,5.25,5.27,201040446.0,714982838.0,294055293904.0,0.0006836824575776334
1927,2018-06-26,5.24,5.24,5.1,5.16,286805371.0,992423739.0,294055293904.0,0.0009753450352559649
1928,2018-06-27,5.15,5.16,5.06,5.12,293027533.0,1003286679.0,294055293904.0,0.0009965048719567159
1929,2018-06-28,5.07,5.12,5.04,5.06,207258963.0,705239088.0,294055293904.0,0.0007048298986505023
1930,2018-06-29,5.04,5.15,5.04,5.13,203746659.0,696418007.0,294055293904.0,0.0006928855328362733
1931,2018-07-02,5.12,5.12,4.94,4.96,274961664.0,927034118.0,294055293904.0,0.0009350678926724799
1932,2018-07-03,4.96,4.97,4.85,4.94,357701551.0,1174574427.0,294055293904.0,0.0012164431602335937
1933,2018-07-04,4.93,5.02,4.91,4.96,271614699.0,905174959.0,294055293904.0,0.0009236857986602813
1934,2018-07-05,4.96,5.03,4.91,5.02,316403552.0,1054451733.0,294055293904.0,0.0010760001896218065
1935,2018-07-06,4.99,5.09,4.96,5.06,297744985.0,1002629795.0,294055293904.0,0.0010125476098287983
1936,2018-07-09,5.07,5.27,5.06,5.25,337278461.0,1169149351.0,294055293904.0,0.0011469899300983544
1937,2018-07-10,5.24,5.27,5.16,5.22,197795245.0,690714857.0,294055293904.0,0.0006726464345327314
1938,2018-07-11,5.15,5.19,5.1,5.16,199419425.0,688430018.0,294055293904.0,0.0006781698174939312
1939,2018-07-12,5.16,5.3,5.15,5.27,243266113.0,857313173.0,294055293904.0,0.000827280168196594
1940,2018-07-13,5.28,5.28,5.21,5.22,137258482.0,481429786.0,294055293904.0,0.00046677779603182616
1941,2018-07-16,5.21,5.22,5.09,5.1,198456962.0,682197639.0,294055293904.0,0.000674896749401118
1942,2018-07-17,5.1,5.12,5.06,5.09,133322141.0,453804805.0,294055293904.0,0.00045339139870586914
1943,2018-07-18,5.1,5.19,5.09,5.09,171987786.0,591851990.0,294055293904.0,0.0005848824679080552
1944,2018-07-19,5.1,5.12,5.0,5.03,215490867.0,728824361.0,294055293904.0,0.0007328243070854256
1945,2018-07-20,5.02,5.31,4.99,5.28,454729804.0,1577430260.0,294055293904.0,0.0015464091734680868
1946,2018-07-23,5.24,5.43,5.22,5.37,478078732.0,1714898650.0,294055293904.0,0.001625812362201777
1947,2018-07-24,5.37,5.45,5.34,5.4,364771344.0,1322356394.0,294055293904.0,0.0012404855534384176
1948,2018-07-25,5.43,5.45,5.39,5.43,208247007.0,756201300.0,294055293904.0,0.0007081899605860735
1949,2018-07-26,5.43,5.46,5.33,5.36,234360935.0,845817195.0,294055293904.0,0.0007969961427612034
1950,2018-07-27,5.36,5.37,5.3,5.36,149993976.0,536185186.0,294055293904.0,0.0005100876573538867
1951,2018-07-30,5.34,5.45,5.31,5.39,227224077.0,818543463.0,294055293904.0,0.0007727256802055115
1952,2018-07-31,5.36,5.43,5.34,5.43,177942944.0,642991389.0,294055293904.0,0.0006051342985108538
1953,2018-08-01,5.43,5.51,5.36,5.37,249580600.0,909676996.0,294055293904.0,0.0008487539764595443
1954,2018-08-02,5.36,5.37,5.19,5.22,286634240.0,1011259248.0,294055293904.0,0.0009747630664781612
1955,2018-08-03,5.22,5.34,5.21,5.27,291308699.0,1032874506.0,294055293904.0,0.0009906595971542118
1956,2018-08-06,5.27,5.43,5.27,5.31,370226615.0,1332767673.0,294055293904.0,0.001259037407845028
1957,2018-08-07,5.33,5.42,5.28,5.42,219173618.0,786158724.0,294055293904.0,0.0007453483155843249
1958,2018-08-08,5.42,5.42,5.33,5.34,151853473.0,546121316.0,294055293904.0,0.000516411287768128
1959,2018-08-09,5.31,5.43,5.3,5.42,202161571.0,731146600.0,294055293904.0,0.0006874950908586585
1960,2018-08-10,5.42,5.42,5.36,5.39,141156083.0,509255964.0,294055293904.0,0.0004800324494279743
1961,2018-08-13,5.34,5.36,5.24,5.31,226469144.0,803003349.0,294055293904.0,0.0007701583637325543
1962,2018-08-14,5.3,5.31,5.24,5.3,151039798.0,533788221.0,294055293904.0,0.0005136442061448138
1963,2018-08-15,5.28,5.3,5.21,5.21,185955652.0,653161390.0,294055293904.0,0.0006323832825152564
1964,2018-08-16,5.18,5.24,5.15,5.24,217783097.0,757197366.0,294055293904.0,0.0007406195416808224
1965,2018-08-17,5.25,5.28,5.21,5.22,178054486.0,626711465.0,294055293904.0,0.0006055136217276514
1966,2018-08-20,5.24,5.33,5.22,5.33,173729502.0,615448186.0,294055293904.0,0.0005908055580074587
1967,2018-08-21,5.33,5.4,5.31,5.36,174802351.0,629329732.0,294055293904.0,0.0005944540180836452
1968,2018-08-22,5.36,5.36,5.3,5.33,105746244.0,377234924.0,294055293904.0,0.0003596134679164215
1969,2018-08-23,5.33,5.37,5.3,5.33,132731997.0,474486542.0,294055293904.0,0.000451384483638417
1970,2018-08-24,5.31,5.43,5.3,5.39,217332460.0,780965015.0,294055293904.0,0.000739087050991683
1971,2018-08-27,5.4,5.43,5.36,5.43,222435206.0,804944833.0,294055293904.0,0.0007564400662435217
1972,2018-08-28,5.43,5.46,5.39,5.4,119002748.0,432253680.0,294055293904.0,0.0004046951388634096
1973,2018-08-29,5.42,5.45,5.4,5.43,167476035.0,608283785.0,294055293904.0,0.0005695392617372016
1974,2018-08-30,5.42,5.45,5.37,5.37,133069639.0,481383163.0,294055293904.0,0.00045253270986321076
1975,2018-08-31,5.37,5.45,5.36,5.42,209631344.0,759973636.0,294055293904.0,0.0007128977044311883
1976,2018-09-03,5.4,5.45,5.4,5.43,148081451.0,538766209.0,294055293904.0,0.000503583693508827
1977,2018-09-04,5.43,5.48,5.39,5.45,177334906.0,645012805.0,294055293904.0,0.0006030665309426274
1978,2018-09-05,5.43,5.45,5.36,5.37,170748913.0,617880738.0,294055293904.0,0.0005806694065359839
1979,2018-09-06,5.37,5.4,5.31,5.33,153655364.0,552103949.0,294055293904.0,0.0005225390162510176
1980,2018-09-07,5.34,5.39,5.33,5.36,105213549.0,377530168.0,294055293904.0,0.0003578019208671311
1981,2018-09-10,5.34,5.39,5.33,5.37,150185816.0,539932284.0,294055293904.0,0.0005107400516619539
1982,2018-09-11,5.36,5.42,5.34,5.36,104978364.0,378567367.0,294055293904.0,0.0003570021223092559
1983,2018-09-12,5.34,5.36,5.31,5.33,92921865.0,331851657.0,294055293904.0,0.000316001333512248
1984,2018-09-13,5.36,5.42,5.34,5.42,151202179.0,545321660.0,294055293904.0,0.0005141964186142585
1985,2018-09-14,5.42,5.43,5.39,5.42,137008350.0,497232222.0,294055293904.0,0.00046592716689783186
1986,2018-09-17,5.4,5.42,5.37,5.4,87544812.0,316633305.0,294055293904.0,0.00029771547669732033
1987,2018-09-18,5.4,5.45,5.39,5.43,152371181.0,552884764.0,294055293904.0,0.0005181718682124611
1988,2018-09-19,5.43,5.48,5.42,5.45,236821341.0,865116227.0,294055293904.0,0.0008053632970039808
1989,2018-09-20,5.45,5.52,5.45,5.48,214560058.0,788894134.0,294055293904.0,0.0007296588854137319
1990,2018-09-21,5.49,5.87,5.48,5.87,634606314.0,2416146768.0,294055293904.0,0.002158118990393621
1991,2018-09-25,5.76,5.79,5.7,5.76,303368552.0,1168792548.0,294055293904.0,0.0010316717919693038
1992,2018-09-26,5.76,5.85,5.72,5.75,443585943.0,1717691886.0,294055293904.0,0.0015085120118422937
1993,2018-09-27,5.73,5.76,5.67,5.73,301259526.0,1152842443.0,294055293904.0,0.0010244995830558043
1994,2018-09-28,5.73,5.88,5.73,5.81,346135041.0,1346751326.0,294055293904.0,0.0011771086872967586
1995,2018-10-08,5.69,5.72,5.6,5.66,301125903.0,1141005073.0,294055293904.0,0.0010240451685195925
1996,2018-10-09,5.63,5.66,5.57,5.6,189849834.0,712987989.0,294055293904.0,0.0006456263088464584
1997,2018-10-10,5.6,5.66,5.55,5.61,196747371.0,738722064.0,294055293904.0,0.0006690829074624038
1998,2018-10-11,5.46,5.57,5.4,5.45,319757060.0,1177383392.0,294055293904.0,0.0010874045345512155
1999,2018-10-12,5.46,5.61,5.43,5.58,279280889.0,1031217031.0,294055293904.0,0.0009497563716406908
2000,2018-10-15,5.58,5.58,5.46,5.52,200300039.0,740616822.0,294055293904.0,0.0006811645399772731
2001,2018-10-16,5.52,5.63,5.52,5.58,188043159.0,702479720.0,294055293904.0,0.0006394823113145187
2002,2018-10-17,5.61,5.66,5.52,5.63,256452060.0,963513726.0,294055293904.0,0.0008721218944751381
2003,2018-10-18,5.61,5.61,5.49,5.49,198848864.0,738715924.0,294055293904.0,0.000676229498744947
2004,2018-10-19,5.49,5.7,5.45,5.66,359411714.0,1343377784.0,294055293904.0,0.0012222589473846945
2005,2018-10-22,5.69,5.85,5.66,5.81,452242063.0,1755086633.0,294055293904.0,0.001537949060517996
2006,2018-10-23,5.78,5.81,5.67,5.69,229529201.0,882185993.0,294055293904.0,0.000780564763696906
2007,2018-10-24,5.67,5.87,5.67,5.78,354661593.0,1371223773.0,294055293904.0,0.001206105111359723
2008,2018-10-25,5.69,5.81,5.67,5.79,243831810.0,936227863.0,294055293904.0,0.0008292039458388516
2009,2018-10-26,5.79,5.84,5.72,5.84,275911214.0,1066834900.0,294055293904.0,0.0009382970472555972
2010,2018-10-29,5.82,5.87,5.67,5.7,273838406.0,1055114163.0,294055293904.0,0.0009312480056536571
2011,2018-10-30,5.7,5.78,5.69,5.73,267306425.0,1027688824.0,294055293904.0,0.000909034560987252
2012,2018-10-31,5.75,5.79,5.7,5.78,251974031.0,971634638.0,294055293904.0,0.0008568933674163396
2013,2018-11-01,5.78,5.79,5.69,5.7,258187840.0,992372717.0,294055293904.0,0.000878024797894951
2014,2018-11-02,5.76,5.82,5.67,5.78,516992958.0,1989854635.0,294055293904.0,0.0017581487860197555
2015,2018-11-05,5.75,5.76,5.66,5.7,297731815.0,1136522936.0,294055293904.0,0.001012502822333817
2016,2018-11-06,5.69,5.7,5.61,5.66,218909340.0,829144906.0,294055293904.0,0.0007444495798516967
2017,2018-11-07,5.67,5.7,5.61,5.64,193498226.0,732459077.0,294055293904.0,0.0006580334719740541
2018,2018-11-08,5.69,5.69,5.63,5.66,165084080.0,626390643.0,294055293904.0,0.0005614048902445363
2019,2018-11-09,5.61,5.61,5.42,5.45,512566416.0,1877729549.0,294055293904.0,0.0017430953518807833
2020,2018-11-12,5.43,5.45,5.39,5.43,310294892.0,1126745499.0,294055293904.0,0.0010552263415509252
2021,2018-11-13,5.39,5.46,5.37,5.45,256412783.0,931221019.0,294055293904.0,0.0008719883243581763
2022,2018-11-14,5.43,5.43,5.34,5.36,319015822.0,1150340039.0,294055293904.0,0.0010848837909517414
2023,2018-11-15,5.36,5.39,5.34,5.39,220732798.0,794177127.0,294055293904.0,0.0007506506516834295
2024,2018-11-16,5.39,5.42,5.34,5.37,289304412.0,1042756525.0,294055293904.0,0.0009838435763528507
2025,2018-11-19,5.39,5.46,5.37,5.45,272481558.0,990402229.0,294055293904.0,0.0009266337442268829
2026,2018-11-20,5.43,5.43,5.36,5.37,245105155.0,884861638.0,294055293904.0,0.0008335342368636944
2027,2018-11-21,5.34,5.4,5.34,5.4,162048935.0,584314315.0,294055293904.0,0.0005510832090406234
2028,2018-11-22,5.4,5.4,5.36,5.37,104892646.0,377587760.0,294055293904.0,0.0003567106193104084
2029,2018-11-23,5.36,5.37,5.31,5.33,185915135.0,666022971.0,294055293904.0,0.00063224549550431
2030,2018-11-26,5.34,5.37,5.33,5.36,164640904.0,590280336.0,294055293904.0,0.0005598977723344446
2031,2018-11-27,5.37,5.37,5.31,5.33,115391951.0,413222979.0,294055293904.0,0.00039241582584012894
2032,2018-11-28,5.33,5.36,5.31,5.34,145702869.0,521337177.0,294055293904.0,0.0004954947998574973
2033,2018-11-29,5.36,5.37,5.3,5.3,160272721.0,572212971.0,294055293904.0,0.0005450428008697035
2034,2018-11-30,5.31,5.33,5.28,5.33,164599831.0,585552787.0,294055293904.0,0.0005597580945226471
2035,2018-12-03,5.4,5.42,5.37,5.4,304720205.0,1102419447.0,294055293904.0,0.0010362683866507153
2036,2018-12-04,5.39,5.4,5.37,5.39,142843262.0,515570984.0,294055293904.0,0.000485770074408638
2037,2018-12-05,5.36,5.4,5.34,5.37,159251823.0,573391690.0,294055293904.0,0.0005415710116478665
2038,2018-12-06,5.36,5.37,5.31,5.33,233534573.0,835142007.0,294055293904.0,0.0007941859161911291
2039,2018-12-07,5.34,5.36,5.33,5.34,119030593.0,425767063.0,294055293904.0,0.00040478983193841027
2040,2018-12-10,5.31,5.33,5.3,5.31,122183090.0,435129286.0,294055293904.0,0.00041551059454787107
2041,2018-12-11,5.31,5.33,5.3,5.31,108471143.0,385923252.0,294055293904.0,0.00036888008904683244
2042,2018-12-12,5.33,5.34,5.31,5.33,108516834.0,387118625.0,294055293904.0,0.00036903547138800164
2043,2018-12-13,5.33,5.39,5.31,5.36,167477390.0,601135349.0,294055293904.0,0.000569543869714096
2044,2018-12-14,5.34,5.36,5.33,5.33,163037865.0,583258910.0,294055293904.0,0.000554446284014961
2045,2018-12-17,5.31,5.34,5.3,5.34,201917455.0,719998266.0,294055293904.0,0.0006866649204619313
2046,2018-12-18,5.31,5.33,5.27,5.3,178317755.0,633391954.0,294055293904.0,0.0006064089261328356
2047,2018-12-19,5.3,5.3,5.27,5.27,161101002.0,570960612.0,294055293904.0,0.000547859553423291
2048,2018-12-20,5.27,5.28,5.15,5.24,288997870.0,1009301994.0,294055293904.0,0.0009828011125497672
2049,2018-12-21,5.22,5.25,5.16,5.24,281734035.0,980590958.0,294055293904.0,0.0009580988366493326
2050,2018-12-24,5.21,5.3,5.18,5.27,220042303.0,773518462.0,294055293904.0,0.0007483024708673908
2051,2018-12-25,5.25,5.34,5.24,5.31,319300873.0,1131610999.0,294055293904.0,0.0010858531698607742
2052,2018-12-26,5.3,5.37,5.3,5.36,216006167.0,773461051.0,294055293904.0,0.0007345766985936984
2053,2018-12-27,5.39,5.4,5.36,5.37,268651346.0,968539454.0,294055293904.0,0.0009136082620151923
2054,2018-12-28,5.39,5.46,5.37,5.37,205642311.0,746424190.0,294055293904.0,0.000699332116316654
2055,2019-01-02,5.39,5.4,5.24,5.25,198899698.0,704292538.0,294055293904.0,0.0006764023709939894
2056,2019-01-03,5.24,5.3,5.22,5.28,147048862.0,518947481.0,294055293904.0,0.0005000721464583016
2057,2019-01-04,5.27,5.37,5.24,5.36,204976550.0,728741218.0,294055293904.0,0.000697068048932724
2058,2019-01-07,5.39,5.39,5.3,5.33,226877469.0,809767455.0,294055293904.0,0.0007715469631166325
2059,2019-01-08,5.33,5.33,5.25,5.27,195106588.0,689125409.0,294055293904.0,0.0006635030623311828
2060,2019-01-09,5.28,5.34,5.27,5.3,289708174.0,1031939364.0,294055293904.0,0.0009852166582472097
2061,2019-01-10,5.3,5.31,5.22,5.24,273770773.0,964822777.0,294055293904.0,0.0009310180046932865
2062,2019-01-11,5.24,5.27,5.22,5.27,206216594.0,725203785.0,294055293904.0,0.0007012850925490339
2063,2019-01-14,5.27,5.28,5.21,5.22,165913296.0,581765776.0,294055293904.0,0.0005642248224722171
2064,2019-01-15,5.22,5.27,5.21,5.27,173063112.0,608349348.0,294055293904.0,0.0005885393515700478
2065,2019-01-16,5.25,5.27,5.22,5.25,148983626.0,523314379.0,294055293904.0,0.0005066517389366864
2066,2019-01-17,5.27,5.3,5.25,5.27,249369770.0,881590922.0,294055293904.0,0.0008480370024605357
2067,2019-01-18,5.28,5.37,5.27,5.34,353170342.0,1260595510.0,294055293904.0,0.001201033782834392
2068,2019-01-21,5.34,5.42,5.34,5.34,291304550.0,1047007348.0,294055293904.0,0.0009906454875629681
2069,2019-01-22,5.36,5.36,5.31,5.33,136111972.0,485998433.0,294055293904.0,0.00046287883544935044
2070,2019-01-23,5.33,5.37,5.31,5.36,165453400.0,593241007.0,294055293904.0,0.0005626608445077524
2071,2019-01-24,5.37,5.4,5.36,5.39,155817732.0,562125153.0,294055293904.0,0.0005298926264217154
2072,2019-01-25,5.42,5.49,5.4,5.48,276101150.0,1010418186.0,294055293904.0,0.0009389429665909655
2073,2019-01-28,5.51,5.55,5.45,5.49,220707245.0,816000061.0,294055293904.0,0.0007505637530608585
2074,2019-01-29,5.48,5.54,5.45,5.51,165201103.0,607016143.0,294055293904.0,0.0005618028528128899
2075,2019-01-30,5.51,5.52,5.48,5.49,159900539.0,589541813.0,294055293904.0,0.0005437771137431132
2076,2019-01-31,5.52,5.58,5.51,5.55,251356505.0,934017917.0,294055293904.0,0.0008547933338076891
2077,2019-02-01,5.57,5.58,5.52,5.55,176772422.0,656657256.0,294055293904.0,0.0006011536798167992
2078,2019-02-11,5.52,5.54,5.49,5.52,203141064.0,750709178.0,294055293904.0,0.0006908260732293406
2079,2019-02-12,5.54,5.57,5.51,5.55,186859970.0,692541914.0,294055293904.0,0.000635458615688123
2080,2019-02-13,5.55,5.63,5.52,5.61,246742300.0,921640141.0,294055293904.0,0.00083910171017208
2081,2019-02-14,5.61,5.61,5.54,5.54,220081343.0,820136608.0,294055293904.0,0.0007484352350134862
2082,2019-02-15,5.54,5.55,5.45,5.45,266914752.0,979209238.0,294055293904.0,0.0009077025904085218
2083,2019-02-18,5.48,5.54,5.46,5.52,349713973.0,1291055661.0,294055293904.0,0.0011892796363467983
2084,2019-02-19,5.54,5.57,5.48,5.51,302487986.0,1117491322.0,294055293904.0,0.0010286772327205678
2085,2019-02-20,5.52,5.54,5.49,5.52,201068400.0,743050055.0,294055293904.0,0.0006837775213312182
2086,2019-02-21,5.52,5.55,5.49,5.49,216428418.0,799653602.0,294055293904.0,0.0007360126564178002
2087,2019-02-22,5.48,5.51,5.42,5.49,353510569.0,1292181771.0,294055293904.0,0.001202190799922855
2088,2019-02-25,5.52,5.82,5.51,5.79,950189816.0,3582437090.0,294055293904.0,0.003231330418796023
2089,2019-02-26,5.75,5.78,5.64,5.66,735600412.0,2810293681.0,294055293904.0,0.0025015717358251367
2090,2019-02-27,5.66,5.81,5.64,5.7,604074661.0,2310185160.0,294055293904.0,0.002054289358236182
2091,2019-02-28,5.7,5.72,5.66,5.67,347213872.0,1321442929.0,294055293904.0,0.0011807774904856998
2092,2019-03-01,5.7,5.75,5.63,5.75,524432633.0,1994732136.0,294055293904.0,0.0017834490446929723
2093,2019-03-04,5.78,5.88,5.72,5.78,914699980.0,3546599963.0,294055293904.0,0.003110639389810208
2094,2019-03-05,5.75,5.76,5.7,5.73,460860398.0,1768245166.0,294055293904.0,0.0015672576129524018
2095,2019-03-06,5.73,5.76,5.7,5.75,540351574.0,2074415613.0,294055293904.0,0.0018375849209380606
2096,2019-03-07,5.73,5.75,5.66,5.67,530042371.0,2020204223.0,294055293904.0,0.0018025261982633869
2097,2019-03-08,5.63,5.63,5.51,5.51,556763570.0,2077322380.0,294055293904.0,0.0018933975396537707
2098,2019-03-11,5.51,5.55,5.49,5.54,430845277.0,1592813314.0,294055293904.0,0.0014651845619914523
2099,2019-03-12,5.55,5.64,5.54,5.58,451901902.0,1691736304.0,294055293904.0,0.0015367922678771158
2100,2019-03-13,5.58,5.58,5.51,5.54,367129728.0,1361750690.0,294055293904.0,0.001248505759327892
2101,2019-03-14,5.52,5.57,5.51,5.52,299745598.0,1112082344.0,294055293904.0,0.0010193511363813695
2102,2019-03-15,5.52,5.58,5.52,5.54,274260627.0,1019270502.0,294055293904.0,0.0009326838614561303
2103,2019-03-18,5.55,5.61,5.52,5.6,374789081.0,1398613754.0,294055293904.0,0.00127455308157913
2104,2019-03-19,5.61,5.63,5.57,5.58,240269726.0,900121440.0,294055293904.0,0.0008170902921354671
2105,2019-03-20,5.57,5.6,5.54,5.57,239019783.0,891184055.0,294055293904.0,0.0008128395847824205
2106,2019-03-21,5.57,5.58,5.54,5.54,251745348.0,937959126.0,294055293904.0,0.0008561156803461158
2107,2019-03-22,5.55,5.57,5.51,5.55,228546009.0,848079474.0,294055293904.0,0.00077722120205941
2108,2019-03-25,5.51,5.52,5.46,5.46,339843323.0,1251644964.0,294055293904.0,0.00115571231004924
2109,2019-03-26,5.49,5.49,5.45,5.48,246438583.0,903353790.0,294055293904.0,0.0008380688534056953
2110,2019-03-27,5.48,5.54,5.48,5.51,262892504.0,969409852.0,294055293904.0,0.0008940240473474567
2111,2019-03-28,5.49,5.51,5.46,5.48,206865101.0,758626075.0,294055293904.0,0.0007034904838936009
2112,2019-03-29,5.48,5.58,5.46,5.57,390197104.0,1448110804.0,294055293904.0,0.001326951468275172
2113,2019-04-01,5.57,5.64,5.55,5.63,587266643.0,2209430219.0,294055293904.0,0.001997129979206307
2114,2019-04-02,5.64,5.66,5.57,5.6,495862088.0,1862471399.0,294055293904.0,0.0016862885936067646
2115,2019-04-03,5.55,5.6,5.52,5.58,446371399.0,1660829372.0,294055293904.0,0.0015179845704315954
2116,2019-04-04,5.6,5.66,5.58,5.66,675944536.0,2546212670.0,294055293904.0,0.002298698748204394
2117,2019-04-08,5.67,5.75,5.63,5.66,627843137.0,2395207173.0,294055293904.0,0.0021351193126452313
2118,2019-04-09,5.64,5.67,5.61,5.64,270014712.0,1019951478.0,294055293904.0,0.0009182446893411533
2119,2019-04-10,5.63,5.66,5.6,5.63,255750265.0,961966854.0,294055293904.0,0.0008697352855123043
2120,2019-04-11,5.63,5.66,5.57,5.57,277319532.0,1041563747.0,294055293904.0,0.0009430863437899414
2121,2019-04-12,5.57,5.6,5.55,5.58,222190608.0,829476480.0,294055293904.0,0.000755608256699294
2122,2019-04-15,5.63,5.72,5.63,5.64,550800450.0,2094156581.0,294055293904.0,0.0018731186325107257
2123,2019-04-16,5.61,5.81,5.61,5.81,757167479.0,2907947114.0,294055293904.0,0.002574915312516672
2124,2019-04-17,5.78,5.85,5.75,5.79,502880017.0,1953144232.0,294055293904.0,0.001710154611819962
2125,2019-04-18,5.78,5.78,5.72,5.73,245128346.0,943008095.0,294055293904.0,0.000833613102983369
2126,2019-04-19,5.73,5.78,5.72,5.75,250975387.0,966724858.0,294055293904.0,0.0008534972578386422
2127,2019-04-22,5.75,5.76,5.63,5.64,328456286.0,1250717190.0,294055293904.0,0.0011169881747044176
2128,2019-04-23,5.64,5.67,5.61,5.63,301897122.0,1140412264.0,294055293904.0,0.001026667869134028
2129,2019-04-24,5.64,5.66,5.58,5.63,329860442.0,1243211445.0,294055293904.0,0.0011217633174381457
2130,2019-04-25,5.63,5.63,5.57,5.58,306619171.0,1148725440.0,294055293904.0,0.001042726240120342
2131,2019-04-26,5.57,5.58,5.54,5.55,262923716.0,979407237.0,294055293904.0,0.000894130190649914
2132,2019-04-29,5.57,5.61,5.55,5.58,324717149.0,1214220866.0,294055293904.0,0.001104272413153732
2133,2019-04-30,5.57,5.64,5.55,5.61,292760694.0,1098346536.0,294055293904.0,0.0009955974269777212
2134,2019-05-06,5.54,5.55,5.4,5.45,610123206.0,2238637428.0,294055293904.0,0.0020748587719668344
2135,2019-05-07,5.48,5.49,5.43,5.46,275761947.0,1009782207.0,294055293904.0,0.0009377894318407605
2136,2019-05-08,5.43,5.43,5.39,5.39,245611404.0,889276151.0,294055293904.0,0.0008352558484466005
2137,2019-05-09,5.37,5.4,5.34,5.36,239386564.0,861096841.0,294055293904.0,0.0008140869046151312
2138,2019-05-10,5.39,5.48,5.34,5.45,313570503.0,1137771485.0,294055293904.0,0.0010663657805200784
2139,2019-05-13,5.42,5.42,5.36,5.37,189496607.0,683006796.0,294055293904.0,0.0006444250823855761
2140,2019-05-14,5.34,5.39,5.34,5.34,227471068.0,816498843.0,294055293904.0,0.0007735656276749852
2141,2019-05-15,5.37,5.42,5.34,5.39,255584178.0,920488407.0,294055293904.0,0.0008691704699709992
2142,2019-05-16,5.37,5.43,5.36,5.4,246612382.0,891685824.0,294055293904.0,0.0008386598953070076
2143,2019-05-17,5.4,5.43,5.37,5.39,289635862.0,1049746466.0,294055293904.0,0.0009849707453134893
2144,2019-05-20,5.37,5.46,5.37,5.45,312331077.0,1137925425.0,294055293904.0,0.0010621508385493187
2145,2019-05-21,5.45,5.51,5.43,5.48,227540672.0,834813442.0,294055293904.0,0.0007738023314563588
2146,2019-05-22,5.48,5.51,5.46,5.48,165985902.0,610510274.0,294055293904.0,0.0005644717352178985
2147,2019-05-23,5.48,5.51,5.45,5.49,240320900.0,882344374.0,294055293904.0,0.0008172643206296343
2148,2019-05-24,5.49,5.54,5.48,5.51,209079771.0,772260075.0,294055293904.0,0.0007110219585717035
2149,2019-05-27,5.49,5.54,5.46,5.52,230033685.0,848980854.0,294055293904.0,0.000782280373007326
2150,2019-05-28,5.52,5.57,5.51,5.55,321528176.0,1194350256.0,294055293904.0,0.0010934276058467054
2151,2019-05-29,5.54,5.55,5.48,5.49,228557639.0,843866600.0,294055293904.0,0.0007772607524441204
2152,2019-05-30,5.51,5.55,5.48,5.54,204351116.0,754138264.0,294055293904.0,0.0006949411224227588
2153,2019-05-31,5.54,5.54,5.48,5.49,207123887.0,764866598.0,294055293904.0,0.0007043705428667425
2154,2019-06-03,5.51,5.57,5.49,5.57,246018844.0,912694460.0,294055293904.0,0.0008366414381926332
2155,2019-06-04,5.57,5.6,5.55,5.6,212909361.0,795835030.0,294055293904.0,0.00072404532553496
2156,2019-06-05,5.61,5.67,5.6,5.63,255237134.0,964493513.0,294055293904.0,0.0008679902701677837
2157,2019-06-06,5.64,5.64,5.6,5.63,143683130.0,540935087.0,294055293904.0,0.0004886262311159347
2158,2019-06-10,5.61,5.67,5.61,5.66,227794172.0,862129142.0,294055293904.0,0.0007746644142185306
2159,2019-06-11,5.67,5.7,5.66,5.69,271599122.0,1033547800.0,294055293904.0,0.0009236328256299604
2160,2019-06-12,5.67,5.72,5.66,5.69,220016021.0,837916344.0,294055293904.0,0.0007482130931192433
2161,2019-06-13,5.7,5.7,5.64,5.64,199022585.0,754366875.0,294055293904.0,0.000676820275390025
2162,2019-06-14,5.66,5.67,5.6,5.61,219216215.0,826364547.0,294055293904.0,0.0007454931760948584
2163,2019-06-17,5.61,5.69,5.6,5.67,240431940.0,911372460.0,294055293904.0,0.0008176419366845122
2164,2019-06-18,5.67,5.72,5.66,5.7,320183506.0,1221080956.0,294055293904.0,0.0010888547583997247
2165,2019-06-19,5.79,5.79,5.69,5.71,482920206.0,1765824684.0,294055293904.0,0.001642276864288179
2166,2019-06-20,5.71,5.77,5.68,5.74,557328071.0,2039371554.0,294055293904.0,0.0018953172500337657
2167,2019-06-21,5.72,5.74,5.68,5.69,418751318.0,1527189301.0,294055293904.0,0.0014240563821874583
2168,2019-06-24,5.69,5.72,5.68,5.72,211389155.0,770958792.0,294055293904.0,0.0007188755291343676
2169,2019-06-25,5.71,5.72,5.66,5.69,316850550.0,1153432515.0,294055293904.0,0.0010775203050873894
2170,2019-06-26,5.69,5.69,5.63,5.66,241612737.0,873957556.0,294055293904.0,0.0008216574977863827
2171,2019-06-27,5.66,5.69,5.65,5.66,293532986.0,1062950858.0,294055293904.0,0.0009982237765657417
2172,2019-06-28,5.66,5.66,5.6,5.63,283583756.0,1020321794.0,294055293904.0,0.0009643892216155149
2173,2019-07-01,5.66,5.68,5.65,5.66,343989287.0,1245433995.0,294055293904.0,0.0011698115767040124
2174,2019-07-02,5.66,5.69,5.65,5.69,297112690.0,1077676578.0,294055293904.0,0.0010103973509723587
2175,2019-07-03,5.69,5.72,5.66,5.72,292418636.0,1065842123.0,294055293904.0,0.0009944341831691888
2176,2019-07-04,5.72,5.74,5.69,5.72,225548232.0,824233467.0,294055293904.0,0.0007670265989961553
2177,2019-07-05,5.72,5.72,5.69,5.71,159652038.0,581968132.0,294055293904.0,0.0005429320311849971
2178,2019-07-08,5.69,5.69,5.61,5.63,315446519.0,1137592277.0,294055293904.0,0.0010727455874437804
2179,2019-07-09,5.63,5.63,5.6,5.6,185049896.0,663897759.0,294055293904.0,0.0006293030591056561
2180,2019-07-10,5.61,5.63,5.58,5.61,122350036.0,438552289.0,294055293904.0,0.0004160783313084767
2181,2019-07-11,5.61,5.63,5.6,5.61,128905193.0,462915218.0,294055293904.0,0.00043837059108374217
2182,2019-07-12,5.63,5.65,5.6,5.63,165900185.0,596835236.0,294055293904.0,0.0005641802356197719
2183,2019-07-15,5.63,5.63,5.57,5.61,279921905.0,1002448228.0,294055293904.0,0.0009519362881845817
2184,2019-07-16,5.6,5.61,5.58,5.6,127118988.0,454757508.0,294055293904.0,0.0004322962063097576
2185,2019-07-17,5.6,5.6,5.57,5.58,125189039.0,446960448.0,294055293904.0,0.00042573298830277264
2186,2019-07-18,5.57,5.58,5.55,5.55,183895031.0,653650698.0,294055293904.0,0.0006253756854995988
2187,2019-07-19,5.57,5.6,5.55,5.58,164821689.0,587878389.0,294055293904.0,0.0005605125716723508
2188,2019-07-22,5.58,5.61,5.55,5.58,217378877.0,776691853.0,294055293904.0,0.0007392449022562658
2189,2019-07-23,5.58,5.63,5.58,5.61,210022699.0,752749895.0,294055293904.0,0.0007142285935806547
2190,2019-07-24,5.63,5.65,5.58,5.61,277058569.0,995020281.0,294055293904.0,0.0009421988814472801
2191,2019-07-25,5.6,5.63,5.58,5.61,215801553.0,773177384.0,294055293904.0,0.000733880863476148
2192,2019-07-26,5.61,5.63,5.58,5.61,202154415.0,725407514.0,294055293904.0,0.0006874707552995022
2193,2019-07-29,5.61,5.65,5.6,5.63,200120401.0,719928400.0,294055293904.0,0.0006805536412663026
2194,2019-07-30,5.63,5.66,5.61,5.65,229704558.0,828801719.0,294055293904.0,0.0007811611039214668
2195,2019-07-31,5.65,5.65,5.61,5.63,236235988.0,850440196.0,294055293904.0,0.0008033726747906255
2196,2019-08-01,5.61,5.63,5.58,5.6,212269241.0,761097721.0,294055293904.0,0.0007218684560370451
2197,2019-08-02,5.55,5.57,5.54,5.55,264946137.0,940406384.0,294055293904.0,0.0009010078801250786
2198,2019-08-05,5.54,5.54,5.47,5.47,303806487.0,1067129948.0,294055293904.0,0.0010331610867008688
2199,2019-08-06,5.41,5.43,5.36,5.41,293539625.0,1011962014.0,294055293904.0,0.000998246353952164
2200,2019-08-07,5.41,5.43,5.35,5.36,184721682.0,635453792.0,294055293904.0,0.0006281868948780291
2201,2019-08-08,5.38,5.41,5.36,5.41,232095186.0,800443540.0,294055293904.0,0.0007892909626574244
2202,2019-08-09,5.41,5.44,5.39,5.41,209008028.0,724502766.0,294055293904.0,0.0007107779806482065
2203,2019-08-12,5.39,5.44,5.39,5.44,179997357.0,623460668.0,294055293904.0,0.0006121207838508209
2204,2019-08-13,5.41,5.43,5.38,5.39,161807887.0,558790303.0,294055293904.0,0.0005502634720557872
2205,2019-08-14,5.43,5.44,5.36,5.38,273300635.0,944194246.0,294055293904.0,0.0009294191965447976
2206,2019-08-15,5.32,5.36,5.32,5.36,207257165.0,707984300.0,294055293904.0,0.0007048237841542247
2207,2019-08-16,5.36,5.38,5.35,5.35,199304121.0,682761844.0,294055293904.0,0.0006777777007648998
2208,2019-08-19,5.35,5.38,5.29,5.36,461904833.0,1572070942.0,294055293904.0,0.0015708094449433639
2209,2019-08-20,5.35,5.38,5.35,5.36,198732350.0,681648607.0,294055293904.0,0.0006758332671435597
2210,2019-08-21,5.36,5.36,5.35,5.35,108424751.0,371366758.0,294055293904.0,0.00036872232280027353
2211,2019-08-22,5.36,5.36,5.32,5.33,160324045.0,546552902.0,294055293904.0,0.0005452173394720139
2212,2019-08-23,5.33,5.35,5.3,5.33,134898887.0,460119830.0,294055293904.0,0.00045875347186927483
2213,2019-08-26,5.29,5.32,5.29,5.29,196295693.0,664712272.0,294055293904.0,0.0006675468766227501
2214,2019-08-27,5.3,5.36,5.3,5.33,270240520.0,922881937.0,294055293904.0,0.0009190125993386306
2215,2019-08-28,5.35,5.35,5.3,5.32,156862885.0,534005477.0,294055293904.0,0.0005334469001303235
2216,2019-08-29,5.32,5.33,5.3,5.3,112191675.0,380867371.0,294055293904.0,0.0003815325801841443
2217,2019-08-30,5.33,5.35,5.32,5.32,179458761.0,611382263.0,294055293904.0,0.0006102891691471732
2218,2019-09-02,5.32,5.35,5.3,5.33,233125497.0,793792701.0,294055293904.0,0.0007927947628656137
2219,2019-09-03,5.35,5.35,5.32,5.33,166996557.0,568786469.0,294055293904.0,0.0005679086908549902
2220,2019-09-04,5.33,5.39,5.32,5.39,248845930.0,852846903.0,294055293904.0,0.0008462555687953047
2221,2019-09-05,5.39,5.47,5.38,5.44,358071894.0,1246075894.0,294055293904.0,0.0012177025934343472
2222,2019-09-06,5.46,5.47,5.43,5.46,214380851.0,746846728.0,294055293904.0,0.0007290494524134932
2223,2019-09-09,5.49,5.5,5.43,5.46,326948859.0,1139491086.0,294055293904.0,0.0011118618361169131
2224,2019-09-10,5.46,5.46,5.39,5.44,268309081.0,930804738.0,294055293904.0,0.0009124443142574222
2225,2019-09-11,5.46,5.5,5.44,5.5,270219081.0,947002297.0,294055293904.0,0.0009189396912820696
2226,2019-09-12,5.52,5.54,5.49,5.52,190130750.0,671393653.0,294055293904.0,0.000646581625774341
2227,2019-09-16,5.52,5.54,5.49,5.5,131800173.0,464418080.0,294055293904.0,0.0004482156102349536
2228,2019-09-17,5.5,5.52,5.44,5.46,198459239.0,695113654.0,294055293904.0,0.0006749044928427332
2229,2019-09-18,5.46,5.49,5.44,5.44,138553315.0,484246586.0,294055293904.0,0.0004711811617485567
2230,2019-09-19,5.46,5.47,5.44,5.44,127115598.0,443315035.0,294055293904.0,0.00043228467786571913
2231,2019-09-20,5.46,5.46,5.44,5.46,207473601.0,723372146.0,294055293904.0,0.0007055598225949088
2232,2019-09-23,5.44,5.46,5.41,5.43,127952037.0,444295714.0,294055293904.0,0.00043512917350086003
2233,2019-09-24,5.43,5.44,5.41,5.43,101762519.0,353624637.0,294055293904.0,0.000346065930828718
2234,2019-09-25,5.44,5.44,5.41,5.41,111001765.0,385284922.0,294055293904.0,0.00037748602831220806
2235,2019-09-26,5.43,5.5,5.41,5.47,235863523.0,823912709.0,294055293904.0,0.0008021060252600049
2236,2019-09-27,5.46,5.47,5.41,5.46,211009713.0,734986706.0,294055293904.0,0.0007175851527736419
2237,2019-09-30,5.44,5.47,5.41,5.41,150646837.0,524605784.0,294055293904.0,0.0005123078554374931
2238,2019-10-08,5.41,5.46,5.41,5.44,172507730.0,599779641.0,294055293904.0,0.0005866506523644443
2239,2019-10-09,5.43,5.47,5.41,5.46,218890908.0,763141181.0,294055293904.0,0.0007443868977630485
2240,2019-10-10,5.46,5.49,5.43,5.46,191470591.0,669202369.0,294055293904.0,0.0006511380511398284
2241,2019-10-11,5.47,5.54,5.46,5.52,254183971.0,894671146.0,294055293904.0,0.0008644087566843236
2242,2019-10-14,5.54,5.63,5.54,5.57,405927642.0,1450354244.0,294055293904.0,0.0013804466384901163
2243,2019-10-15,5.58,5.63,5.57,5.6,245334954.0,878475038.0,294055293904.0,0.0008343157191385042
2244,2019-10-16,5.63,5.68,5.6,5.61,248873379.0,895803758.0,294055293904.0,0.0008463489151848071
2245,2019-10-17,5.61,5.65,5.58,5.61,160213283.0,575562009.0,294055293904.0,0.0005448406688175615
2246,2019-10-18,5.63,5.66,5.57,5.58,213512765.0,766366100.0,294055293904.0,0.0007260973341622795
2247,2019-10-21,5.57,5.63,5.57,5.63,189666747.0,679747461.0,294055293904.0,0.000645003681048913
2248,2019-10-22,5.65,5.66,5.61,5.65,186703305.0,673046772.0,294055293904.0,0.0006349258417396589
2249,2019-10-23,5.65,5.71,5.63,5.69,270733781.0,984142330.0,294055293904.0,0.0009206900423577691
2250,2019-10-24,5.71,5.77,5.69,5.71,279708136.0,1024675795.0,294055293904.0,0.0009512093194666854
2251,2019-10-25,5.72,5.72,5.63,5.72,191549935.0,696798119.0,294055293904.0,0.0006514078779433067
2252,2019-10-28,5.72,5.74,5.69,5.71,202277829.0,738636459.0,294055293904.0,0.0006878904518754812
2253,2019-10-29,5.71,5.71,5.63,5.65,202899906.0,734787627.0,294055293904.0,0.0006900059621651993
2254,2019-10-30,5.65,5.69,5.63,5.66,151780110.0,549863364.0,294055293904.0,0.0005161618006766834
2255,2019-10-31,5.68,5.69,5.66,5.69,185131164.0,672228241.0,294055293904.0,0.0006295794288962525
2256,2019-11-01,5.68,5.74,5.66,5.72,173021019.0,631805008.0,294055293904.0,0.0005883962050228759
2257,2019-11-04,5.72,5.75,5.71,5.71,134023151.0,491428495.0,294055293904.0,0.000455775338102753
2258,2019-11-05,5.71,5.77,5.71,5.72,219858746.0,806199680.0,294055293904.0,0.0007476782447309964
2259,2019-11-06,5.72,5.77,5.72,5.75,138561150.0,509271020.0,294055293904.0,0.0004712078063972416
2260,2019-11-07,5.75,5.77,5.72,5.72,145672679.0,535041882.0,294055293904.0,0.0004953921320918563
2261,2019-11-08,5.74,5.77,5.63,5.65,204312415.0,744468567.0,294055293904.0,0.0006948095111210672
2262,2019-11-11,5.63,5.65,5.55,5.55,260894477.0,931220402.0,294055293904.0,0.000887229315059276
2263,2019-11-12,5.58,5.6,5.55,5.57,145827949.0,519416273.0,294055293904.0,0.0004959201620345877
2264,2019-11-13,5.55,5.6,5.55,5.58,172842094.0,616486719.0,294055293904.0,0.0005877877310259465
2265,2019-11-14,5.58,5.6,5.54,5.57,174748455.0,621983036.0,294055293904.0,0.0005942707328270376
2266,2019-11-15,5.58,5.6,5.57,5.58,138611707.0,494270616.0,294055293904.0,0.0004713797366465793
2267,2019-11-18,5.58,5.61,5.55,5.61,169752843.0,605886870.0,294055293904.0,0.0005772820504140254
2268,2019-11-19,5.58,5.65,5.58,5.63,148638436.0,534375038.0,294055293904.0,0.000505477844070122
2269,2019-11-20,5.63,5.63,5.58,5.6,157592961.0,564947677.0,294055293904.0,0.0005359296848824945
2270,2019-11-21,5.58,5.65,5.57,5.61,189956378.0,681485282.0,294055293904.0,0.0006459886352599213
2271,2019-11-22,5.63,5.66,5.61,5.63,154868189.0,559348417.0,294055293904.0,0.0005266634956436449
2272,2019-11-25,5.65,5.71,5.63,5.69,194810621.0,708803374.0,294055293904.0,0.0006624965611522018
2273,2019-11-26,5.71,5.74,5.69,5.69,254088670.0,927983581.0,294055293904.0,0.0008640846645765613
2274,2019-11-27,5.71,5.72,5.69,5.72,109121239.0,398620440.0,294055293904.0,0.0003710908841369975
2275,2019-11-28,5.72,5.72,5.68,5.69,137938467.0,503229609.0,294055293904.0,0.0004690902352706245
2276,2019-11-29,5.69,5.72,5.66,5.66,216240805.0,787910282.0,294055293904.0,0.000735374636957211
2277,2019-12-02,5.66,5.69,5.66,5.66,120396297.0,436889170.0,294055293904.0,0.0004094342101499648
2278,2019-12-03,5.66,5.69,5.65,5.68,126300404.0,457965705.0,294055293904.0,0.00042951243054727383
2279,2019-12-04,5.66,5.68,5.65,5.65,116511990.0,421969317.0,294055293904.0,0.0003962247659381966
2280,2019-12-05,5.68,5.68,5.65,5.66,144662203.0,524023578.0,294055293904.0,0.0004919557851838156
2281,2019-12-06,5.68,5.68,5.63,5.65,91737829.0,331591719.0,294055293904.0,0.0003119747574752032
2282,2019-12-09,5.65,5.66,5.61,5.65,133984769.0,483294321.0,294055293904.0,0.0004556448116310462
2283,2019-12-10,5.65,5.66,5.63,5.65,152707709.0,551363339.0,294055293904.0,0.0005193163060341106
2284,2019-12-11,5.66,5.66,5.63,5.65,157484384.0,568755885.0,294055293904.0,0.0005355604448033294
2285,2019-12-12,5.66,5.66,5.61,5.65,196178457.0,707307067.0,294055293904.0,0.0006671481897008331
2286,2019-12-13,5.66,5.74,5.65,5.72,259315828.0,944034247.0,294055293904.0,0.0008818607703238923
2287,2019-12-16,5.71,5.72,5.68,5.69,152624950.0,555984379.0,294055293904.0,0.0005190348657685698
2288,2019-12-17,5.71,5.77,5.68,5.72,207725824.0,760747304.0,294055293904.0,0.0007064175626364206
2289,2019-12-18,5.72,5.75,5.72,5.75,159226990.0,584517501.0,294055293904.0,0.0005414865615443832
2290,2019-12-19,5.75,5.79,5.74,5.77,166233146.0,613298436.0,294055293904.0,0.0005653125430697738
2291,2019-12-20,5.77,5.8,5.75,5.8,132013445.0,488142707.0,294055293904.0,0.0004489408887945351
2292,2019-12-23,5.8,5.82,5.75,5.77,184262426.0,681410396.0,294055293904.0,0.000626625093374976
2293,2019-12-24,5.77,5.77,5.75,5.75,76969896.0,283456597.0,294055293904.0,0.00026175313825544766
2294,2019-12-25,5.75,5.77,5.72,5.74,97558103.0,358254137.0,294055293904.0,0.0003317678852326655
2295,2019-12-26,5.74,5.8,5.72,5.8,127617677.0,470280665.0,294055293904.0,0.00043399210844224164
2296,2019-12-27,5.79,5.86,5.79,5.83,216008974.0,805405646.0,294055293904.0,0.00073458624441742
2297,2019-12-30,5.83,5.83,5.75,5.82,216000829.0,800089493.0,294055293904.0,0.0007345585455452389
2298,2019-12-31,5.8,5.82,5.75,5.77,196703080.0,726579621.0,294055293904.0,0.000668932286130572
2299,2020-01-02,5.8,5.86,5.79,5.83,205512470.0,766905878.0,294055293904.0,0.0006988905633070952
2300,2020-01-03,5.85,5.85,5.8,5.82,111814276.0,416711492.0,294055293904.0,0.0003802491514963302
2301,2020-01-06,5.8,5.82,5.74,5.77,251080218.0,928482812.0,294055293904.0,0.0008538537588171086
2302,2020-01-07,5.77,5.86,5.75,5.82,291294955.0,1084517480.0,294055293904.0,0.000990612857645402
2303,2020-01-08,5.8,5.82,5.75,5.77,168214884.0,621621269.0,294055293904.0,0.0005720518810143135
2304,2020-01-09,5.79,5.8,5.74,5.75,129099347.0,476337098.0,294055293904.0,0.00043903085466009994
2305,2020-01-10,5.77,5.79,5.74,5.75,102724818.0,378111731.0,294055293904.0,0.00034933844120329453
2306,2020-01-13,5.75,5.75,5.71,5.75,166226509.0,608708756.0,294055293904.0,0.0005652899724847934
2307,2020-01-14,5.75,5.77,5.74,5.75,131418569.0,483396754.0,294055293904.0,0.00044691788151552243
2308,2020-01-15,5.74,5.75,5.71,5.71,103306490.0,377725946.0,294055293904.0,0.00035131654536281324
2309,2020-01-16,5.72,5.72,5.65,5.65,182015981.0,660037502.0,294055293904.0,0.0006189855607885182
2310,2020-01-17,5.65,5.69,5.63,5.66,99263777.0,359412850.0,294055293904.0,0.00033756840654739775
2311,2020-01-20,5.66,5.68,5.65,5.66,87250009.0,315896931.0,294055293904.0,0.0002967129339575313
2312,2020-01-21,5.66,5.66,5.58,5.6,195067423.0,700428526.0,294055293904.0,0.000663369873094968
2313,2020-01-22,5.58,5.6,5.54,5.58,178800980.0,637001446.0,294055293904.0,0.0006080522395164666
2314,2020-01-23,5.57,5.57,5.49,5.5,243127436.0,857675293.0,294055293904.0,0.000826808566416674
2315,2020-02-03,5.16,5.32,5.11,5.27,477726568.0,1595441033.0,294055293904.0,0.0016246147507072701
2316,2020-02-04,5.24,5.36,5.24,5.35,321948123.0,1090924298.0,294055293904.0,0.001094855728409726
2317,2020-02-05,5.35,5.38,5.3,5.35,248194123.0,848611553.0,294055293904.0,0.000844038955071585
2318,2020-02-06,5.36,5.38,5.32,5.36,191076262.0,653402516.0,294055293904.0,0.0006497970482462408
2319,2020-02-07,5.33,5.33,5.29,5.32,199168477.0,675907245.0,294055293904.0,0.0006773164133716374
2320,2020-02-10,5.29,5.32,5.27,5.3,158609776.0,537274726.0,294055293904.0,0.0005393875889606708
2321,2020-02-11,5.32,5.36,5.3,5.35,179148338.0,611598369.0,294055293904.0,0.0006092335071460622
2322,2020-02-12,5.35,5.36,5.32,5.36,123211353.0,421327484.0,294055293904.0,0.00041900743007954386
2323,2020-02-13,5.36,5.36,5.32,5.33,123277241.0,421511186.0,294055293904.0,0.00041923149678184754
2324,2020-02-14,5.32,5.36,5.32,5.36,112313558.0,384310498.0,294055293904.0,0.00038194707025634067
2325,2020-02-17,5.35,5.44,5.35,5.43,189505766.0,654233739.0,294055293904.0,0.0006444562295888058
2326,2020-02-18,5.41,5.43,5.38,5.39,159354952.0,550310896.0,294055293904.0,0.000541921724599267
2327,2020-02-19,5.39,5.46,5.38,5.44,158263116.0,549791442.0,294055293904.0,0.0005382086950343021
2328,2020-02-20,5.44,5.49,5.41,5.49,199422933.0,694356259.0,294055293904.0,0.0006781817472230425
2329,2020-02-21,5.46,5.49,5.44,5.46,143243525.0,500496622.0,294055293904.0,0.0004871312571803744
2330,2020-02-24,5.44,5.47,5.41,5.41,186010540.0,646737000.0,294055293904.0,0.0006325699412870517
2331,2020-02-25,5.38,5.38,5.35,5.36,210579001.0,722304368.0,294055293904.0,0.0007161204214495372
2332,2020-02-26,5.33,5.41,5.32,5.39,218918963.0,751298878.0,294055293904.0,0.0007444823049894497
2333,2020-02-27,5.38,5.43,5.38,5.41,170022334.0,587500586.0,294055293904.0,0.0005781985141049936
2334,2020-02-28,5.38,5.44,5.33,5.33,253585883.0,873845647.0,294055293904.0,0.0008623748262896024
2335,2020-03-02,5.35,5.43,5.35,5.41,181282521.0,625109750.0,294055293904.0,0.0006164912679966346
2336,2020-03-03,5.43,5.46,5.41,5.44,190756755.0,663521382.0,294055293904.0,0.0006487104940959716
2337,2020-03-04,5.44,5.47,5.43,5.46,140680791.0,490358167.0,294055293904.0,0.00047841611396368176
2338,2020-03-05,5.46,5.52,5.46,5.5,229182326.0,805454594.0,294055293904.0,0.0007793851386155319
2339,2020-03-06,5.49,5.5,5.44,5.47,151993255.0,531961833.0,294055293904.0,0.0005168866473447035
2340,2020-03-09,5.43,5.43,5.35,5.36,282171772.0,969290056.0,294055293904.0,0.0009595874580381485
2341,2020-03-10,5.33,5.43,5.33,5.41,207809322.0,717049480.0,294055293904.0,0.0007067015160347474
2342,2020-03-11,5.43,5.43,5.36,5.36,158365714.0,546167911.0,294055293904.0,0.0005385576022028753
2343,2020-03-12,5.35,5.38,5.32,5.36,185871971.0,635881206.0,294055293904.0,0.0006320987067849949
2344,2020-03-13,5.29,5.36,5.24,5.32,290398330.0,982450803.0,294055293904.0,0.0009875636862188447
2345,2020-03-16,5.33,5.36,5.27,5.27,259602687.0,882059711.0,294055293904.0,0.0008828362977364124
2346,2020-03-17,5.27,5.35,5.25,5.32,279297235.0,947833294.0,294055293904.0,0.0009498119598254264
2347,2020-03-18,5.32,5.33,5.24,5.25,214330968.0,724544442.0,294055293904.0,0.0007288798142500793
2348,2020-03-19,5.24,5.29,5.16,5.18,253594646.0,844013965.0,294055293904.0,0.0008624046268073339
2349,2020-03-20,5.21,5.27,5.18,5.22,245826690.0,819868368.0,294055293904.0,0.000835987976058186
2350,2020-03-23,5.18,5.18,5.13,5.13,176363185.0,580377844.0,294055293904.0,0.0005997619789752098
2351,2020-03-24,5.18,5.24,5.16,5.24,213795149.0,710821941.0,294055293904.0,0.0007270576433485245
2352,2020-03-25,5.29,5.3,5.24,5.27,167423154.0,564134458.0,294055293904.0,0.0005693594282123638
2353,2020-03-26,5.24,5.3,5.22,5.27,135757601.0,456921085.0,294055293904.0,0.0004616737185636953
2354,2020-03-27,5.3,5.35,5.27,5.3,168381375.0,572400859.0,294055293904.0,0.0005726180704468845
2355,2020-03-30,5.27,5.33,5.25,5.33,218104609.0,741562654.0,294055293904.0,0.000741712914276607
2356,2020-03-31,5.35,5.36,5.24,5.27,165190034.0,560225312.0,294055293904.0,0.0005617652102326355
2357,2020-04-01,5.27,5.33,5.27,5.29,111666535.0,378709988.0,294055293904.0,0.00037974672558167133
2358,2020-04-02,5.27,5.32,5.25,5.32,104786774.0,354395711.0,294055293904.0,0.0003563505781814275
2359,2020-04-03,5.3,5.33,5.29,5.32,115780429.0,393195603.0,294055293904.0,0.000393736931115407
2360,2020-04-07,5.36,5.36,5.33,5.35,122096677.0,417633426.0,294055293904.0,0.0004152167280479596
2361,2020-04-08,5.33,5.33,5.3,5.32,96615864.0,328551720.0,294055293904.0,0.00032856359332045253
2362,2020-04-09,5.33,5.35,5.3,5.32,72232000.0,246074441.0,294055293904.0,0.0002456408760441549
2363,2020-04-10,5.33,5.33,5.3,5.33,90758039.0,308890893.0,294055293904.0,0.00030864276509039726
2364,2020-04-13,5.32,5.35,5.3,5.32,92047901.0,313557115.0,294055293904.0,0.00031302922582325895
2365,2020-04-14,5.33,5.35,5.32,5.35,83178366.0,283848143.0,294055293904.0,0.00028286641228487854
2366,2020-04-15,5.33,5.35,5.33,5.35,86267240.0,294681019.0,294055293904.0,0.0002933708108249995
2367,2020-04-16,5.32,5.38,5.32,5.36,106371186.0,364102590.0,294055293904.0,0.0003617387212716766
2368,2020-04-17,5.38,5.38,5.35,5.38,123078194.0,422558249.0,294055293904.0,0.00041855459347785537
2369,2020-04-20,5.36,5.38,5.35,5.35,112027490.0,383753286.0,294055293904.0,0.00038097423281409625
2370,2020-04-21,5.33,5.35,5.32,5.33,103995997.0,354646092.0,294055293904.0,0.00035366136626654814
2371,2020-04-22,5.33,5.36,5.32,5.35,84810504.0,289662295.0,294055293904.0,0.0002884168581834409
2372,2020-04-23,5.35,5.35,5.29,5.32,117940836.0,401006107.0,294055293904.0,0.00040108387247231146
2373,2020-04-24,5.32,5.32,5.29,5.32,61244538.0,207830195.0,294055293904.0,0.0002082755837750517
2374,2020-04-27,5.3,5.36,5.3,5.33,137867838.0,470462195.0,294055293904.0,0.0004688500457502717
2375,2020-04-28,5.33,5.33,5.29,5.32,122904867.0,417684598.0,294055293904.0,0.00041796515671683386
2376,2020-04-29,5.33,5.38,5.32,5.38,144993202.0,496514820.0,294055293904.0,0.0004930814204193032
2377,2020-04-30,5.39,5.43,5.38,5.41,118473509.0,409683816.0,294055293904.0,0.0004028953447057408
2378,2020-05-06,5.35,5.36,5.32,5.35,226361303.0,772368083.0,294055293904.0,0.0007697916265840125
2379,2020-05-07,5.33,5.35,5.32,5.33,131475071.0,447967324.0,294055293904.0,0.0004471100290509395
2380,2020-05-08,5.35,5.35,5.32,5.35,134273116.0,458120130.0,294055293904.0,0.0004566253993163478
2381,2020-05-11,5.35,5.36,5.32,5.35,131582721.0,450101014.0,294055293904.0,0.00044747611666177896
2382,2020-05-12,5.35,5.36,5.33,5.33,78839002.0,269083214.0,294055293904.0,0.00026810944619734854
2383,2020-05-13,5.33,5.33,5.32,5.33,69012112.0,234943045.0,294055293904.0,0.00023469093544879464
2384,2020-05-14,5.32,5.33,5.3,5.3,79468142.0,269921486.0,294055293904.0,0.00027024897577917405
2385,2020-05-15,5.32,5.32,5.3,5.3,93688825.0,317917521.0,294055293904.0,0.0003186095504561347
2386,2020-05-18,5.3,5.32,5.29,5.3,96288527.0,326556313.0,294055293904.0,0.0003274504115251033
2387,2020-05-19,5.32,5.33,5.3,5.32,89759979.0,304941062.0,294055293904.0,0.00030524864153373774
2388,2020-05-20,5.32,5.33,5.3,5.33,96843403.0,329110650.0,294055293904.0,0.00032933738996590345
2389,2020-05-21,5.33,5.33,5.3,5.32,82631670.0,281045009.0,294055293904.0,0.0002810072517414929
2390,2020-05-22,5.32,5.32,5.27,5.27,127162933.0,430605905.0,294055293904.0,0.00043244565099213883
2391,2020-05-25,5.29,5.3,5.27,5.3,70311257.0,237553638.0,294055293904.0,0.0002391089650742845
2392,2020-05-26,5.3,5.3,5.29,5.29,83279123.0,281915956.0,294055293904.0,0.000283209058726173
2393,2020-05-27,5.3,5.33,5.29,5.32,103589163.0,351900045.0,294055293904.0,0.0003522778373574144
2394,2020-05-28,5.33,5.36,5.32,5.36,162505708.0,555961358.0,294055293904.0,0.0005526365665535445
2395,2020-05-29,5.35,5.36,5.32,5.32,106125618.0,361974826.0,294055293904.0,0.00036090361302812233
2396,2020-06-01,5.33,5.36,5.32,5.35,109345482.0,374091110.0,294055293904.0,0.0003718534720061797
2397,2020-06-02,5.35,5.36,5.33,5.36,90373963.0,309272978.0,294055293904.0,0.00030733662978876456
2398,2020-06-03,5.36,5.39,5.35,5.35,148983016.0,511561100.0,294055293904.0,0.0005066496644969036
2399,2020-06-04,5.36,5.38,5.33,5.33,98478704.0,336384861.0,294055293904.0,0.00033489859234484747
2400,2020-06-05,5.35,5.35,5.33,5.35,73067661.0,249401187.0,294055293904.0,0.0002484827259183926
2401,2020-06-08,5.33,5.35,5.32,5.33,117445201.0,400272454.0,294055293904.0,0.000399398356141625
2402,2020-06-09,5.33,5.35,5.32,5.35,147120706.0,502056927.0,294055293904.0,0.0005003164678546151
2403,2020-06-10,5.35,5.35,5.32,5.32,107119972.0,364829390.0,294055293904.0,0.0003642851335129215
2404,2020-06-11,5.32,5.33,5.29,5.29,184507195.0,625612582.0,294055293904.0,0.0006274574844424869
2405,2020-06-12,5.27,5.29,5.25,5.29,300063791.0,1010857257.0,294055293904.0,0.0010204332219843034
2406,2020-06-15,5.25,5.27,5.21,5.21,234611693.0,785210857.0,294055293904.0,0.0007978489007465157
2407,2020-06-16,5.24,5.25,5.22,5.24,133918000.0,448360212.0,294055293904.0,0.0004554177488935809
2408,2020-06-17,5.24,5.25,5.22,5.25,90960316.0,304841342.0,294055293904.0,0.0003093306527230751
2409,2020-06-18,5.24,5.25,5.21,5.24,168454316.0,564152597.0,294055293904.0,0.000572866122434086
2410,2020-06-19,5.24,5.25,5.22,5.24,201198910.0,674556626.0,294055293904.0,0.0006842213494230961
2411,2020-06-22,5.24,5.27,5.22,5.25,199926753.0,670955061.0,294055293904.0,0.0006798950984547482
2412,2020-06-23,5.24,5.25,5.22,5.24,122107607.0,409165849.0,294055293904.0,0.0004152538979280012
2413,2020-06-24,5.25,5.29,5.24,5.27,171274838.0,575751018.0,294055293904.0,0.0005824579307044068
2414,2020-06-29,5.27,5.29,5.24,5.27,164591544.0,553830166.0,294055293904.0,0.0005597299127480905
2415,2020-06-30,5.27,5.29,5.25,5.29,152992065.0,516158076.0,294055293904.0,0.0005202833214420795
2416,2020-07-01,5.29,5.32,5.27,5.3,179974646.0,608516221.0,294055293904.0,0.0006120435500772048
2417,2020-07-02,5.3,5.39,5.29,5.39,327696423.0,1119935745.0,294055293904.0,0.0011144040926771507
2418,2020-07-03,5.39,5.49,5.39,5.49,371692267.0,1297519102.0,294055293904.0,0.001264021681314624
2419,2020-07-06,5.52,5.91,5.5,5.88,692382560.0,2536366328.0,294055293904.0,0.002354599880885129
2420,2020-07-07,5.94,6.04,5.82,5.83,501185052.0,1890890092.0,294055293904.0,0.0017043905088259404
2421,2020-07-08,5.82,5.88,5.77,5.8,461270911.0,1716524658.0,294055293904.0,0.0015686536531139303
2422,2020-07-09,5.8,5.82,5.68,5.69,531172647.0,1941304587.0,294055293904.0,0.001806369951541874
2423,2020-07-10,5.71,5.73,5.53,5.53,548927959.0,1871966253.0,294055293904.0,0.001866750813128391
2424,2020-07-13,5.51,5.56,5.48,5.51,629893377.0,2109860548.0,294055293904.0,0.002142091606776652
2425,2020-07-14,5.5,5.51,5.43,5.45,451347504.0,1500919718.0,294055293904.0,0.0015349069149809323
2426,2020-07-15,5.46,5.48,5.4,5.4,405786647.0,1337402699.0,294055293904.0,0.001379967153839022
2427,2020-07-16,5.42,5.45,5.37,5.38,395619375.0,1301205782.0,294055293904.0,0.001345391098890257
2428,2020-07-17,5.4,5.42,5.37,5.4,242578693.0,793969981.0,294055293904.0,0.0008249424445974929
2429,2020-07-20,5.4,5.48,5.38,5.46,350214702.0,1157688889.0,294055293904.0,0.001190982475950031
2430,2020-07-21,5.48,5.48,5.42,5.43,208622973.0,689014596.0,294055293904.0,0.0007094685160407586
2431,2020-07-22,5.43,5.48,5.4,5.42,258983062.0,856429964.0,294055293904.0,0.0008807291260144768
2432,2020-07-23,5.4,5.42,5.35,5.38,338177527.0,1105252625.0,294055293904.0,0.0011500474026847635
2433,2020-07-24,5.38,5.38,5.3,5.32,310450471.0,1007868215.0,294055293904.0,0.0010557554223164318
2434,2020-07-27,5.33,5.35,5.3,5.3,181384780.0,586004785.0,294055293904.0,0.0006168390223208038
2435,2020-07-28,5.32,5.35,5.3,5.32,166485812.0,538053646.0,294055293904.0,0.0005661717896306689
2436,2020-07-29,5.3,5.37,5.3,5.35,201071042.0,651657711.0,294055293904.0,0.0006837865060359821
2437,2020-07-30,5.33,5.35,5.3,5.32,203399995.0,657702729.0,294055293904.0,0.0006917066253070207
2438,2020-07-31,5.32,5.35,5.3,5.32,219950570.0,710196694.0,294055293904.0,0.0007479905125319971
2439,2020-08-03,5.33,5.33,5.3,5.33,210190867.0,679416930.0,294055293904.0,0.0007148004860222678
2440,2020-08-04,5.32,5.4,5.32,5.38,398255740.0,1296351433.0,294055293904.0,0.00135435664059161
2441,2020-08-05,5.35,5.37,5.32,5.33,203689022.0,660015714.0,294055293904.0,0.000692689525482572
2442,2020-08-06,5.35,5.37,5.32,5.35,190830091.0,618619104.0,294055293904.0,0.0006489598893679504
2443,2020-08-07,5.35,5.35,5.3,5.32,178201649.0,575845444.0,294055293904.0,0.0006060140820255981
2444,2020-08-10,5.32,5.35,5.3,5.32,190710047.0,616734087.0,294055293904.0,0.0006485516532215909
2445,2020-08-11,5.33,5.35,5.32,5.32,231982530.0,751648645.0,294055293904.0,0.0007889078510374826
2446,2020-08-12,5.32,5.33,5.3,5.33,195918381.0,633499803.0,294055293904.0,0.000666263743797659
2447,2020-08-13,5.33,5.35,5.32,5.33,154615735.0,500882225.0,294055293904.0,0.0005258049700355923
2448,2020-08-14,5.33,5.37,5.32,5.35,168527897.0,547064589.0,294055293904.0,0.0005731163508826988
2449,2020-08-17,5.37,5.45,5.35,5.43,458069327.0,1503856805.0,294055293904.0,0.0015577659593149359
2450,2020-08-18,5.42,5.43,5.37,5.38,278792146.0,911777481.0,294055293904.0,0.0009480942930788284
2451,2020-08-19,5.38,5.38,5.35,5.35,198384408.0,646751427.0,294055293904.0,0.0006746500134929262
2452,2020-08-20,5.35,5.35,5.32,5.33,159807213.0,517432664.0,294055293904.0,0.0005434597380592377
2453,2020-08-21,5.35,5.35,5.32,5.33,142477178.0,462232655.0,294055293904.0,0.0004845251248784333
2454,2020-08-24,5.35,5.35,5.32,5.32,129657506.0,419885076.0,294055293904.0,0.0004409289976677964
2455,2020-08-25,5.33,5.33,5.32,5.32,110487145.0,357338243.0,294055293904.0,0.00037573594929418496
2456,2020-08-26,5.33,5.33,5.3,5.32,141627305.0,457418101.0,294055293904.0,0.0004816349439579787
2457,2020-08-27,5.32,5.32,5.28,5.3,194114700.0,625207071.0,294055293904.0,0.0006601299280242595
2458,2020-08-28,5.3,5.33,5.28,5.32,173854818.0,560958154.0,294055293904.0,0.0005912317227546947
2459,2020-08-31,5.32,5.33,5.28,5.28,228893501.0,738580712.0,294055293904.0,0.0007784029253856136
2460,2020-09-01,5.28,5.3,5.27,5.28,144609423.0,464127492.0,294055293904.0,0.0004917762951317942
2461,2020-09-02,5.28,5.28,5.23,5.25,248703068.0,793202624.0,294055293904.0,0.0008457697349981868
2462,2020-09-03,5.23,5.27,5.22,5.22,176171754.0,560161592.0,294055293904.0,0.0005991109755620134
2463,2020-09-04,5.2,5.22,5.17,5.2,158929975.0,501555801.0,294055293904.0,0.000540476496409841
2464,2020-09-07,5.18,5.22,5.17,5.17,133297141.0,420761767.0,294055293904.0,0.0004533063806819863
2465,2020-09-08,5.18,5.23,5.17,5.23,154322460.0,488188785.0,294055293904.0,0.0005248076235974229
2466,2020-09-09,5.2,5.23,5.2,5.22,132893077.0,421409149.0,294055293904.0,0.00045193227176989884
2467,2020-09-10,5.23,5.23,5.18,5.2,124434460.0,393619997.0,294055293904.0,0.00042316687568503365
2468,2020-09-11,5.2,5.22,5.18,5.2,103323266.0,326099896.0,294055293904.0,0.00035137359585755957
2469,2020-09-14,5.2,5.22,5.18,5.2,92604120.0,292356461.0,294055293904.0,0.0003149207714323021
2470,2020-09-15,5.2,5.22,5.18,5.2,86195014.0,272191011.0,294055293904.0,0.000293125190353281
2471,2020-09-16,5.2,5.22,5.18,5.22,106070970.0,335613671.0,294055293904.0,0.0003607177704293564
2472,2020-09-17,5.22,5.23,5.2,5.22,107962823.0,342011010.0,294055293904.0,0.0003671514345708278
2473,2020-09-18,5.22,5.27,5.2,5.27,204192290.0,649979706.0,294055293904.0,0.0006944009995163104
2474,2020-09-21,5.27,5.28,5.23,5.25,147606024.0,471177788.0,294055293904.0,0.0005019668989472056
2475,2020-09-22,5.23,5.25,5.2,5.22,133495158.0,424001601.0,294055293904.0,0.0004539797812433945
2476,2020-09-23,5.22,5.22,5.2,5.2,94759450.0,299938744.0,294055293904.0,0.0003222504473289165
2477,2020-09-24,5.2,5.2,5.17,5.18,135611697.0,426824412.0,294055293904.0,0.0004611775397734313
2478,2020-09-25,5.18,5.2,5.17,5.18,170132720.0,536114252.0,294055293904.0,0.0005785739060883669
2479,2020-09-28,5.18,5.25,5.17,5.25,234250419.0,741824972.0,294055293904.0,0.000796620308684106
2480,2020-09-29,5.25,5.25,5.22,5.22,96549668.0,306809422.0,294055293904.0,0.00032833847919609466
2481,2020-09-30,5.23,5.25,5.18,5.22,186881015.0,591727862.0,294055293904.0,0.0006355301838606276
2482,2020-10-09,5.23,5.25,5.2,5.22,113031530.0,358822341.0,294055293904.0,0.00038438869268206854
2483,2020-10-12,5.22,5.27,5.2,5.25,197601332.0,629606300.0,294055293904.0,0.0006719869905301237
2484,2020-10-13,5.23,5.25,5.2,5.22,180409485.0,572529588.0,294055293904.0,0.0006135223161766921
2485,2020-10-14,5.22,5.22,5.18,5.22,206025071.0,650313688.0,294055293904.0,0.0007006337762695095
2486,2020-10-15,5.2,5.23,5.18,5.23,139277502.0,442070923.0,294055293904.0,0.00047364391965502183
2487,2020-10-16,5.23,5.28,5.22,5.25,366034090.0,1169282385.0,294055293904.0,0.001244779800221855
2488,2020-10-19,5.27,5.33,5.25,5.28,405585266.0,1305690501.0,294055293904.0,0.0013792823132523203
2489,2020-10-20,5.27,5.28,5.23,5.23,210863092.0,672656889.0,294055293904.0,0.000717086535666453
2490,2020-10-21,5.25,5.28,5.22,5.28,192068951.0,613255826.0,294055293904.0,0.0006531729065306493
2491,2020-10-22,5.28,5.32,5.27,5.28,211567497.0,680157405.0,294055293904.0,0.0007194820205109801
2492,2020-10-23,5.28,5.33,5.28,5.32,227266763.0,733803336.0,294055293904.0,0.00077287084338021
2493,2020-10-26,5.32,5.35,5.28,5.32,196192411.0,633154221.0,294055293904.0,0.0006671956433610435
2494,2020-10-27,5.3,5.3,5.27,5.28,113615245.0,364914839.0,294055293904.0,0.00038637374451449896
2495,2020-10-28,5.27,5.28,5.23,5.23,123130771.0,392608704.0,294055293904.0,0.00041873339318352287
2496,2020-10-29,5.22,5.22,5.18,5.18,167850048.0,530863825.0,294055293904.0,0.000570811175583861
2497,2020-10-30,5.2,5.22,5.18,5.18,161391215.0,510162443.0,294055293904.0,0.0005488464868538952
2498,2020-11-02,5.2,5.23,5.18,5.22,144823849.0,458994265.0,294055293904.0,0.0004925054981233582
2499,2020-11-03,5.25,5.27,5.22,5.23,160954920.0,512433600.0,294055293904.0,0.0005473627693046969
2500,2020-11-04,5.25,5.25,5.22,5.22,119375737.0,379338884.0,294055293904.0,0.0004059635703718108
2501,2020-11-05,5.25,5.25,5.22,5.23,134203551.0,427017806.0,294055293904.0,0.00045638882816309144
2502,2020-11-06,5.25,5.27,5.22,5.27,153600891.0,489940552.0,294055293904.0,0.0005223537687784188
2503,2020-11-09,5.27,5.3,5.25,5.28,187192263.0,600107004.0,294055293904.0,0.0006365886514565267
2504,2020-11-10,5.3,5.32,5.28,5.28,157541147.0,507299556.0,294055293904.0,0.0005357534799269158
2505,2020-11-11,5.3,5.33,5.27,5.32,244281435.0,787374392.0,294055293904.0,0.0008307329949983841
2506,2020-11-12,5.32,5.32,5.28,5.28,127584149.0,410273275.0,294055293904.0,0.0004338780890700519
2507,2020-11-13,5.28,5.28,5.23,5.23,154093460.0,491152322.0,294055293904.0,0.0005240288584986562
2508,2020-11-16,5.25,5.27,5.23,5.25,108945517.0,347353225.0,294055293904.0,0.00037049330264928796
2509,2020-11-17,5.25,5.27,5.23,5.25,123346530.0,393847023.0,294055293904.0,0.0004194671293361202
2510,2020-11-18,5.27,5.32,5.25,5.28,204092112.0,655170438.0,294055293904.0,0.000694060322092449
2511,2020-11-19,5.28,5.32,5.27,5.32,143500394.0,461444969.0,294055293904.0,0.0004880047969714446
2512,2020-11-20,5.3,5.32,5.27,5.27,127999308.0,410750753.0,294055293904.0,0.0004352899289811386
2513,2020-11-23,5.27,5.33,5.27,5.33,249323252.0,803791001.0,294055293904.0,0.0008478788077231365
2514,2020-11-24,5.32,5.35,5.32,5.32,128675905.0,416519385.0,294055293904.0,0.00043759084657734036
2515,2020-11-25,5.33,5.35,5.28,5.3,153247443.0,495838256.0,294055293904.0,0.0005211517907582054
2516,2020-11-26,5.3,5.33,5.28,5.32,136631201.0,440760236.0,294055293904.0,0.00046464458839025655
2517,2020-11-27,5.33,5.46,5.32,5.46,578934062.0,1898792190.0,294055293904.0,0.001968793196387766
2518,2020-11-30,5.5,5.68,5.42,5.42,750705220.0,2526251853.0,294055293904.0,0.002552938972916713
2519,2020-12-01,5.4,5.56,5.38,5.53,409982894.0,1362547747.0,294055293904.0,0.0013942374189455905
2520,2020-12-02,5.53,5.53,5.45,5.48,244126446.0,814366338.0,294055293904.0,0.0008302059206582411
2521,2020-12-03,5.46,5.5,5.42,5.45,231280748.0,766849165.0,294055293904.0,0.0007865212862840213
2522,2020-12-04,5.45,5.45,5.37,5.38,201699058.0,660684443.0,294055293904.0,0.0006859222132074539
2523,2020-12-07,5.38,5.4,5.32,5.33,264575580.0,858639131.0,294055293904.0,0.0008997477191700408
2524,2020-12-08,5.33,5.37,5.28,5.3,195223444.0,630839453.0,294055293904.0,0.0006639004569791369
2525,2020-12-09,5.3,5.33,5.3,5.32,143305533.0,462833678.0,294055293904.0,0.00048734212908537144
2526,2020-12-10,5.32,5.35,5.3,5.32,193437946.0,625492581.0,294055293904.0,0.0006578284765148678
2527,2020-12-11,5.33,5.33,5.28,5.3,208543599.0,672289962.0,294055293904.0,0.0007091985872156516
2528,2020-12-14,5.32,5.33,5.3,5.3,139590321.0,450445576.0,294055293904.0,0.0004747077297835418
2529,2020-12-15,5.3,5.32,5.23,5.25,187867461.0,600478013.0,294055293904.0,0.000638884811444112
2530,2020-12-16,5.25,5.27,5.2,5.23,209685906.0,666185672.0,294055293904.0,0.0007130832545679521
2531,2020-12-17,5.22,5.25,5.2,5.23,176380111.0,559778695.0,294055293904.0,0.0005998195395780995
2532,2020-12-18,5.23,5.25,5.2,5.22,163284776.0,517815228.0,294055293904.0,0.0005552859594267582
2533,2020-12-21,5.22,5.23,5.2,5.22,137205954.0,434816530.0,294055293904.0,0.00046659916296148545
2534,2020-12-22,5.2,5.22,5.17,5.18,266340713.0,839956525.0,294055293904.0,0.000905750443952055
2535,2020-12-23,5.18,5.18,5.15,5.17,234051821.0,734506875.0,294055293904.0,0.0007959449323038228
2536,2020-12-24,5.18,5.18,5.15,5.17,89172343.0,280258470.0,294055293904.0,0.00030325025547444154
2537,2020-12-25,5.17,5.18,5.15,5.18,120116303.0,377372917.0,294055293904.0,0.00040848202868680293
2538,2020-12-28,5.17,5.18,5.15,5.17,162816555.0,511158067.0,294055293904.0,0.0005536936704603406
2539,2020-12-29,5.17,5.18,5.15,5.17,163133678.0,511778746.0,294055293904.0,0.0005547721172918524
2540,2020-12-30,5.17,5.17,5.14,5.15,244114200.0,762922290.0,294055293904.0,0.0008301642754294223
2541,2020-12-31,5.15,5.2,5.14,5.17,259822373.0,815906095.0,294055293904.0,0.0008835833885202012
2542,2021-01-04,5.15,5.17,5.14,5.15,253791724.0,793752014.0,294055293904.0,0.000863074834091765
2543,2021-01-05,5.15,5.15,5.12,5.15,212200506.0,662545244.0,294055293904.0,0.0007216347074821816
2544,2021-01-06,5.15,5.17,5.14,5.15,223077047.0,697914306.0,294055293904.0,0.0007586227883822006
2545,2021-01-07,5.15,5.18,5.14,5.17,265171731.0,831256699.0,294055293904.0,0.0009017750623682715
2546,2021-01-08,5.17,5.18,5.15,5.17,194969059.0,612250755.0,294055293904.0,0.0006630353645789196
2547,2021-01-11,5.17,5.2,5.15,5.18,287207519.0,905005937.0,294055293904.0,0.000976712628386702
2548,2021-01-12,5.18,5.2,5.15,5.18,235845629.0,741236459.0,294055293904.0,0.0008020451727592306
2549,2021-01-13,5.18,5.22,5.17,5.2,235177366.0,742591646.0,294055293904.0,0.0007997725967714704
2550,2021-01-14,5.2,5.27,5.2,5.23,241565920.0,767493093.0,294055293904.0,0.0008214982862334179
2551,2021-01-15,5.23,5.33,5.22,5.27,445389509.0,1430323153.0,294055293904.0,0.0015146454365327835
2552,2021-01-18,5.25,5.28,5.2,5.25,298821506.0,951438081.0,294055293904.0,0.0010162085573523327
2553,2021-01-19,5.23,5.3,5.22,5.27,321825623.0,1027603183.0,294055293904.0,0.0010944391400927002
2554,2021-01-20,5.25,5.28,5.22,5.23,193065581.0,614986566.0,294055293904.0,0.0006565621670563427
2555,2021-01-21,5.23,5.25,5.2,5.2,175611002.0,556578399.0,294055293904.0,0.0005972040144848798
2556,2021-01-22,5.2,5.22,5.17,5.17,164904192.0,518800124.0,294055293904.0,0.000560793141353327
2557,2021-01-25,5.17,5.18,5.15,5.17,171858466.0,538823061.0,294055293904.0,0.0005844426866741141
2558,2021-01-26,5.17,5.18,5.15,5.15,159395974.0,500440710.0,294055293904.0,0.0005420612289742958
2559,2021-01-27,5.17,5.22,5.15,5.18,167316787.0,527768283.0,294055293904.0,0.0005689977037265099
2560,2021-01-28,5.17,5.18,5.15,5.17,137600722.0,431267936.0,294055293904.0,0.0004679416587715724
2561,2021-01-29,5.17,5.22,5.15,5.18,234836660.0,739558156.0,294055293904.0,0.0007986139507376696
2562,2021-02-01,5.18,5.23,5.17,5.22,212143605.0,670585614.0,294055293904.0,0.0007214412030591035
2563,2021-02-02,5.23,5.25,5.18,5.18,157196193.0,497510997.0,294055293904.0,0.0005345803876304968
2564,2021-02-03,5.18,5.2,5.17,5.17,152066367.0,478646957.0,294055293904.0,0.0005171352808551883
2565,2021-02-04,5.17,5.2,5.15,5.18,188994996.0,594794167.0,294055293904.0,0.0006427192433464607
2566,2021-02-05,5.18,5.28,5.17,5.25,437397816.0,1392368564.0,294055293904.0,0.0014874679186792567
2567,2021-02-08,5.25,5.27,5.2,5.23,282975356.0,900743192.0,294055293904.0,0.0009623202229863025
2568,2021-02-09,5.22,5.23,5.17,5.2,315499247.0,995369493.0,294055293904.0,0.0010729249006583123
2569,2021-02-10,5.22,5.32,5.2,5.28,389293614.0,1246597464.0,294055293904.0,0.0013238789508992564
2570,2021-02-18,5.33,5.37,5.28,5.3,371403378.0,1201778128.0,294055293904.0,0.0012630392504385647
2571,2021-02-19,5.3,5.33,5.28,5.32,235821273.0,761089423.0,294055293904.0,0.000801962344799643
2572,2021-02-22,5.33,5.38,5.28,5.37,403266343.0,1308227166.0,294055293904.0,0.0013713963032124634
2573,2021-02-23,5.35,5.42,5.33,5.35,405909706.0,1325090630.0,294055293904.0,0.0013803856431590618
2574,2021-02-24,5.35,5.37,5.3,5.3,317561432.0,1028278387.0,294055293904.0,0.001079937816401544
2575,2021-02-25,5.32,5.38,5.32,5.38,309709272.0,1006812002.0,294055293904.0,0.001053234811345075
2576,2021-02-26,5.35,5.4,5.33,5.37,380885823.0,1243933932.0,294055293904.0,0.001295286399857666
2577,2021-03-01,5.37,5.4,5.33,5.35,215737184.0,702767266.0,294055293904.0,0.0007336619624689754
2578,2021-03-02,5.37,5.37,5.28,5.28,256137101.0,826614804.0,294055293904.0,0.0008710508068037737
2579,2021-03-03,5.28,5.42,5.28,5.4,364578628.0,1189810854.0,294055293904.0,0.0012398301800987937
2580,2021-03-04,5.38,5.48,5.38,5.43,453185406.0,1496531107.0,294055293904.0,0.0015411571068261437
2581,2021-03-05,5.43,5.53,5.42,5.51,437777386.0,1455744993.0,294055293904.0,0.0014887587303322647
2582,2021-03-08,5.53,5.6,5.48,5.53,456822788.0,1541819601.0,294055293904.0,0.0015535268280160214
2583,2021-03-09,5.55,5.61,5.48,5.48,387930235.0,1306684002.0,294055293904.0,0.0013192424793639229
2584,2021-03-10,5.48,5.55,5.45,5.53,206706777.0,690845348.0,294055293904.0,0.000702952068149072
2585,2021-03-11,5.56,5.65,5.5,5.56,398670980.0,1351246154.0,294055293904.0,0.001355768755961094
2586,2021-03-12,5.55,5.6,5.5,5.56,222746942.0,750899731.0,294055293904.0,0.0007575001933912471
2587,2021-03-15,5.56,5.66,5.53,5.63,310914793.0,1060902772.0,294055293904.0,0.0010573344518718447
2588,2021-03-16,5.63,5.66,5.58,5.61,218045807.0,745458059.0,294055293904.0,0.0007415129450829926
2589,2021-03-17,5.6,5.61,5.51,5.6,224101293.0,757567094.0,294055293904.0,0.0007621059632177959
2590,2021-03-18,5.58,5.63,5.56,5.58,175002219.0,594572047.0,294055293904.0,0.0005951337133795416
2591,2021-03-19,5.58,5.61,5.46,5.5,269543900.0,904510479.0,294055293904.0,0.0009166435891067406
2592,2021-03-22,5.5,5.58,5.48,5.58,209832595.0,707819484.0,294055293904.0,0.000713582102924166
2593,2021-03-23,5.58,5.63,5.53,5.58,176861044.0,599073412.0,294055293904.0,0.0006014550585093009
2594,2021-03-24,5.58,5.6,5.53,5.6,223654717.0,756465222.0,294055293904.0,0.0007605872828564562
2595,2021-03-25,5.6,5.61,5.5,5.5,232617936.0,784273781.0,294055293904.0,0.0007910686895368141
2596,2021-03-26,5.51,5.53,5.45,5.48,213906069.0,712846268.0,294055293904.0,0.0007274348513168879
2597,2021-03-29,5.46,5.58,5.45,5.56,252092496.0,845565819.0,294055293904.0,0.0008572962338243107
2598,2021-03-30,5.56,5.58,5.51,5.56,207678889.0,699563311.0,294055293904.0,0.000706257949798383
2599,2021-03-31,5.55,5.6,5.53,5.6,215634028.0,728751728.0,294055293904.0,0.0007333111576981092
2600,2021-04-01,5.6,5.6,5.55,5.56,131927119.0,446595992.0,294055293904.0,0.00044864731815734676
2601,2021-04-02,5.56,5.58,5.48,5.51,222853120.0,746448640.0,294055293904.0,0.0007578612751408403
2602,2021-04-06,5.5,5.51,5.48,5.5,98961506.0,329969715.0,294055293904.0,0.00033654046722351435
2603,2021-04-07,5.48,5.51,5.45,5.51,179495928.0,597906568.0,294055293904.0,0.0006104155637429193
2604,2021-04-08,5.5,5.51,5.48,5.5,136878645.0,457078811.0,294055293904.0,0.000465486076386323
2605,2021-04-09,5.5,5.53,5.48,5.53,168993883.0,565661118.0,294055293904.0,0.0005747010392377813
2606,2021-04-12,5.53,5.6,5.51,5.6,192694200.0,651566893.0,294055293904.0,0.0006552992039072377
2607,2021-04-13,5.6,5.61,5.55,5.58,174065200.0,589527680.0,294055293904.0,0.0005919471732307154
2608,2021-04-14,5.58,5.58,5.5,5.51,169921172.0,570667959.0,294055293904.0,0.0005778544903717124
2609,2021-04-15,5.5,5.53,5.48,5.51,129151123.0,431303914.0,294055293904.0,0.00043920693038828224
2610,2021-04-16,5.51,5.53,5.5,5.51,86774400.0,290948499.0,294055293904.0,0.0002950955204646959
2611,2021-04-19,5.51,5.55,5.5,5.51,157188622.0,526956225.0,294055293904.0,0.0005345546407721442
2612,2021-04-20,5.51,5.51,5.48,5.48,160963782.0,537071339.0,294055293904.0,0.0005473929064938029
2613,2021-04-21,5.48,5.5,5.46,5.48,111339053.0,370964367.0,294055293904.0,0.0003786330506817836
2614,2021-04-22,5.5,5.5,5.42,5.43,192221877.0,635994446.0,294055293904.0,0.0006536929651834615
2615,2021-04-23,5.43,5.45,5.37,5.37,200712826.0,657527612.0,294055293904.0,0.0006825683133782538
2616,2021-04-26,5.38,5.4,5.33,5.33,183402970.0,596824727.0,294055293904.0,0.0006237023233456067
2617,2021-04-27,5.33,5.35,5.3,5.32,135003064.0,436020181.0,294055293904.0,0.00045910774877623643
2618,2021-04-28,5.33,5.33,5.28,5.3,159644455.0,513947762.0,294055293904.0,0.0005429062435179929
2619,2021-04-29,5.3,5.33,5.28,5.32,285228224.0,920097886.0,294055293904.0,0.0009699815984034562
2620,2021-04-30,5.32,5.33,5.25,5.27,260285200.0,834869085.0,294055293904.0,0.0008851573339977858
2621,2021-05-06,5.27,5.3,5.27,5.28,152610095.0,490538702.0,294055293904.0,0.0005189843480587787
2622,2021-05-07,5.28,5.37,5.28,5.35,220665130.0,713876484.0,294055293904.0,0.0007504205316978254
2623,2021-05-10,5.35,5.35,5.3,5.33,150554246.0,487477194.0,294055293904.0,0.0005119929792835198
2624,2021-05-11,5.33,5.38,5.32,5.37,161816273.0,526391641.0,294055293904.0,0.0005502919905017185
2625,2021-05-12,5.35,5.4,5.33,5.38,131970748.0,430882767.0,294055293904.0,0.0004487956882119061
2626,2021-05-13,5.37,5.38,5.35,5.38,105838097.0,344811777.0,294055293904.0,0.00035992583433832985
2627,2021-05-14,5.38,5.42,5.37,5.42,141880300.0,464528203.0,294055293904.0,0.0004824953093560681
2628,2021-05-17,5.4,5.42,5.37,5.38,151239919.0,495123572.0,294055293904.0,0.000514324761823112
2629,2021-05-18,5.38,5.38,5.33,5.35,170160941.0,552730940.0,294055293904.0,0.0005786698778344467
2630,2021-05-19,5.35,5.35,5.32,5.33,155371942.0,503004286.0,294055293904.0,0.0005283766190270465
2631,2021-05-20,5.33,5.37,5.32,5.35,159066900.0,516593162.0,294055293904.0,0.0005409421401266473
2632,2021-05-21,5.35,5.37,5.32,5.33,117533798.0,381308664.0,294055293904.0,0.00039969964981610283
2633,2021-05-24,5.33,5.35,5.32,5.33,93092807.0,301950239.0,294055293904.0,0.00031658265955379107
2634,2021-05-25,5.35,5.4,5.33,5.38,382064232.0,1246905946.0,294055293904.0,0.0012992938400378951
2635,2021-05-26,5.38,5.42,5.37,5.4,236646078.0,774875778.0,294055293904.0,0.0008047672764471898
2636,2021-05-27,5.4,5.42,5.38,5.38,172984660.0,566782069.0,294055293904.0,0.0005882725582096616
2637,2021-05-28,5.4,5.42,5.37,5.4,209558119.0,686023460.0,294055293904.0,0.0007126486866392356
2638,2021-05-31,5.4,5.4,5.35,5.37,187245978.0,610437747.0,294055293904.0,0.0006367713211826414
2639,2021-06-01,5.37,5.37,5.33,5.35,178310087.0,578933139.0,294055293904.0,0.0006063828494045503
2640,2021-06-02,5.35,5.42,5.32,5.42,361495367.0,1178549611.0,294055293904.0,0.0012293448698053949
2641,2021-06-03,5.42,5.45,5.4,5.42,267426255.0,881657465.0,294055293904.0,0.0009094420693793272
2642,2021-06-04,5.42,5.48,5.42,5.46,281208513.0,929936856.0,294055293904.0,0.0009563116829714547
2643,2021-06-07,5.46,5.48,5.42,5.46,280517455.0,929602911.0,294055293904.0,0.0009539615875495182
2644,2021-06-08,5.46,5.51,5.42,5.51,368124274.0,1224758699.0,294055293904.0,0.0012518879327511145
2645,2021-06-09,5.5,5.55,5.5,5.51,278743063.0,935474904.0,294055293904.0,0.0009479273754921788
2646,2021-06-10,5.5,5.55,5.45,5.46,254124399.0,848384185.0,294055293904.0,0.0008642061689355737
2647,2021-06-11,5.46,5.5,5.43,5.46,201129402.0,667013066.0,294055293904.0,0.0006839849721109342
2648,2021-06-15,5.46,5.48,5.38,5.4,220972569.0,726180845.0,294055293904.0,0.0007514660459476059
2649,2021-06-16,5.4,5.42,5.37,5.38,224681186.0,735860554.0,294055293904.0,0.0007640780174947351
2650,2021-06-17,5.39,5.46,5.36,5.37,309272058.0,957602900.0,294055293904.0,0.0010517479685333189
2651,2021-06-18,5.37,5.37,5.32,5.32,260288949.0,796759284.0,294055293904.0,0.0008851700833006473
2652,2021-06-21,5.34,5.34,5.27,5.29,253213497.0,768721575.0,294055293904.0,0.0008611084454159374
2653,2021-06-22,5.29,5.32,5.27,5.3,198914404.0,603739622.0,294055293904.0,0.0006764523819963583
2654,2021-06-23,5.29,5.32,5.29,5.3,177425824.0,538371845.0,294055293904.0,0.0006033757176904425
2655,2021-06-24,5.3,5.34,5.29,5.34,207003086.0,630475766.0,294055293904.0,0.0007039597323746198
2656,2021-06-25,5.32,5.37,5.32,5.36,132684697.0,407175311.0,294055293904.0,0.0004512236295372307
2657,2021-06-28,5.36,5.37,5.3,5.32,142609236.0,435127585.0,294055293904.0,0.00048497421728635
2658,2021-06-29,5.3,5.32,5.29,5.29,132939514.0,403513909.0,294055293904.0,0.0004520901910489007
2659,2021-06-30,5.29,5.32,5.29,5.29,164799333.0,500193189.0,294055293904.0,0.0005604365451546739
2660,2021-07-01,5.3,5.32,5.29,5.3,110927527.0,337187181.0,294055293904.0,0.0003772335655899275
2661,2021-07-02,5.3,5.32,5.29,5.29,130582829.0,396332635.0,294055293904.0,0.0004440757629843293
2662,2021-07-05,5.29,5.3,5.27,5.3,149388107.0,453152294.0,294055293904.0,0.0005080272659494123
2663,2021-07-06,5.3,5.32,5.29,5.32,131020315.0,398330191.0,294055293904.0,0.00044556353079218527
2664,2021-07-07,5.3,5.32,5.29,5.29,113428662.0,345052276.0,294055293904.0,0.0003857392277964938
2665,2021-07-08,5.3,5.32,5.27,5.27,176351173.0,534833016.0,294055293904.0,0.0005997211295150946
2666,2021-07-09,5.29,5.3,5.27,5.29,195685650.0,592508600.0,294055293904.0,0.0006654722906090082
2667,2021-07-12,5.3,5.3,5.27,5.27,204729217.0,619426611.0,294055293904.0,0.0006962269384166835
2668,2021-07-13,5.27,5.29,5.25,5.27,185575962.0,560973042.0,294055293904.0,0.0006310920627757337
2669,2021-07-14,5.29,5.29,5.2,5.22,297413002.0,891945013.0,294055293904.0,0.0010114186282838907
2670,2021-07-15,5.22,5.25,5.22,5.23,158234441.0,475074658.0,294055293904.0,0.0005381111793609085
2671,2021-07-16,5.23,5.25,5.22,5.22,135014220.0,404410282.0,294055293904.0,0.0004591456872192139
2672,2021-07-19,5.22,5.25,5.22,5.23,133880534.0,401263608.0,294055293904.0,0.00045529033748226914
2673,2021-07-20,5.23,5.23,5.22,5.23,103930321.0,311169848.0,294055293904.0,0.000353438020517087
2674,2021-07-21,5.22,5.23,5.2,5.22,187615757.0,560996122.0,294055293904.0,0.000638028836376776
2675,2021-07-22,5.22,5.23,5.2,5.23,129534451.0,387639237.0,294055293904.0,0.0004405105219506404
2676,2021-07-23,5.22,5.23,5.2,5.22,163241891.0,487867172.0,294055293904.0,0.0005551401195085896
2677,2021-07-26,5.22,5.23,5.18,5.2,219835199.0,655192320.0,294055293904.0,0.0007475981679546617
2678,2021-07-27,5.2,5.22,5.16,5.16,227911352.0,677285857.0,294055293904.0,0.0007750629107000741
2679,2021-07-28,5.16,5.2,5.15,5.18,306646937.0,910517894.0,294055293904.0,0.001042820664538387
2680,2021-07-29,5.18,5.2,5.15,5.15,163406246.0,483543971.0,294055293904.0,0.0005556990450012
2681,2021-07-30,5.15,5.16,5.09,5.11,191968801.0,562566712.0,294055293904.0,0.0006528323243269747
2682,2021-08-02,5.09,5.15,5.06,5.13,236233754.0,691216078.0,294055293904.0,0.0008033650775800113
2683,2021-08-03,5.11,5.11,5.08,5.09,159535785.0,465289282.0,294055293904.0,0.000542536687171779
2684,2021-08-04,5.08,5.11,5.08,5.09,132448861.0,386261293.0,294055293904.0,0.0004504216171100136
2685,2021-08-05,5.08,5.09,5.06,5.06,152128600.0,442859839.0,294055293904.0,0.0005173469179224003
2686,2021-08-06,5.08,5.08,5.06,5.08,102400332.0,297518448.0,294055293904.0,0.00034823495486338893
2687,2021-08-09,5.06,5.11,5.06,5.09,167823486.0,489971753.0,294055293904.0,0.000570720845633846
2688,2021-08-10,5.09,5.11,5.08,5.09,142364007.0,415376861.0,294055293904.0,0.00048414026188719957
2689,2021-08-11,5.09,5.16,5.09,5.15,308205959.0,907452856.0,294055293904.0,0.0010481224633235807
2690,2021-08-12,5.13,5.15,5.11,5.13,121160392.0,355821440.0,294055293904.0,0.00041203268402831457
2691,2021-08-13,5.11,5.13,5.09,5.11,90128249.0,264155209.0,294055293904.0,0.00030650102503995084
2692,2021-08-16,5.11,5.13,5.09,5.11,101268763.0,297216636.0,294055293904.0,0.00034438680445270656
2693,2021-08-17,5.11,5.15,5.11,5.11,178037724.0,523495107.0,294055293904.0,0.0006054566188429984
2694,2021-08-18,5.09,5.18,5.09,5.16,236552293.0,697692525.0,294055293904.0,0.0008044483398323958
2695,2021-08-19,5.16,5.16,5.11,5.13,151186552.0,445044156.0,294055293904.0,0.0005141432755478898
2696,2021-08-20,5.13,5.18,5.11,5.16,211841377.0,624720227.0,294055293904.0,0.0007204134099662212
2697,2021-08-23,5.16,5.16,5.15,5.15,127369000.0,376144236.0,294055293904.0,0.0004331464273572373
2698,2021-08-24,5.15,5.16,5.13,5.13,117760376.0,346800506.0,294055293904.0,0.00040047017836871573
2699,2021-08-25,5.13,5.13,5.11,5.11,109946575.0,322486139.0,294055293904.0,0.0003738976215673715
2700,2021-08-26,5.11,5.13,5.09,5.09,122231834.0,357327494.0,294055293904.0,0.00041567635929011683
2701,2021-08-27,5.09,5.11,5.09,5.11,128252501.0,375021949.0,299284538234.0,0.00042853032688151734
2702,2021-08-30,5.09,5.11,5.08,5.09,197291201.0,575297465.0,299284538234.0,0.0006592094672319657
2703,2021-08-31,5.09,5.16,5.08,5.16,266424336.0,783608128.0,299284538234.0,0.0008902041434285263
2704,2021-09-01,5.15,5.22,5.15,5.22,338156721.0,1004927620.0,299284538234.0,0.0011298836986213007
2705,2021-09-02,5.2,5.22,5.18,5.2,160218107.0,477514053.0,299284538234.0,0.0005353370673453606
2706,2021-09-03,5.22,5.25,5.18,5.25,217275144.0,651084662.0,299284538234.0,0.0007259818541982955
2707,2021-09-06,5.23,5.27,5.22,5.25,160102315.0,481247254.0,299284538234.0,0.0005349501713143018
2708,2021-09-07,5.25,5.3,5.22,5.27,245622390.0,739318330.0,299284538234.0,0.0008206985614738191
2709,2021-09-08,5.29,5.32,5.25,5.3,208800294.0,633163500.0,299284538234.0,0.0006976648216846619
2710,2021-09-09,5.29,5.32,5.27,5.3,171636994.0,521023459.0,299284538234.0,0.0005734910163177327
2711,2021-09-10,5.3,5.37,5.29,5.3,326372357.0,996707802.0,299284538234.0,0.001090508580649833
2712,2021-09-13,5.29,5.32,5.27,5.29,233139516.0,706945440.0,299284538234.0,0.0007789895107034111
2713,2021-09-14,5.3,5.32,5.22,5.22,283614513.0,855457651.0,299284538234.0,0.0009476417147158194
2714,2021-09-15,5.22,5.23,5.18,5.2,200771159.0,599470140.0,299284538234.0,0.0006708370575529836
2715,2021-09-16,5.2,5.23,5.18,5.18,263277400.0,785118731.0,299284538234.0,0.0008796892801530319
2716,2021-09-17,5.18,5.22,5.18,5.2,189527408.0,564732417.0,299284538234.0,0.0006332682908323691
2717,2021-09-22,5.15,5.16,5.13,5.15,231919577.0,684075436.0,299284538234.0,0.0007749133261895083
2718,2021-09-23,5.16,5.2,5.15,5.16,198436817.0,588201530.0,299284538234.0,0.0006630373161638216
2719,2021-09-24,5.16,5.18,5.13,5.13,172857251.0,510736359.0,299284538234.0,0.0005775682633656438
2720,2021-09-27,5.13,5.15,5.09,5.11,230452993.0,675746280.0,299284538234.0,0.0007700130262653828
2721,2021-09-28,5.11,5.16,5.11,5.15,216021109.0,636695310.0,299284538234.0,0.0007217917446543822
2722,2021-09-29,5.13,5.18,5.11,5.16,248050713.0,731292488.0,299284538234.0,0.0008288123217580252
2723,2021-09-30,5.15,5.16,5.11,5.13,206052263.0,606750339.0,299284538234.0,0.000688482820448596
2724,2021-10-08,5.15,5.18,5.13,5.16,260039610.0,768969528.0,299284538234.0,0.000868870846233574
2725,2021-10-11,5.16,5.23,5.15,5.22,308489727.0,920163173.0,299284538234.0,0.001030757314829284
2726,2021-10-12,5.2,5.22,5.18,5.2,240611496.0,716972180.0,299284538234.0,0.0008039556517679987
2727,2021-10-13,5.2,5.2,5.16,5.16,142343745.0,422339010.0,299284538234.0,0.00047561342740902457
2728,2021-10-14,5.18,5.18,5.15,5.15,133277879.0,393993683.0,299284538234.0,0.0004453216320042392
2729,2021-10-15,5.16,5.16,5.15,5.15,161284978.0,476510435.0,299284538234.0,0.0005389018054581122
2730,2021-10-18,5.15,5.16,5.13,5.16,201259136.0,594658945.0,299284538234.0,0.0006724675360363675
2731,2021-10-19,5.15,5.16,5.15,5.15,148527619.0,438564134.0,299284538234.0,0.000496275617432236
2732,2021-10-20,5.15,5.16,5.13,5.15,148281400.0,437032269.0,299284538234.0,0.0004954529254166282
2733,2021-10-21,5.15,5.18,5.13,5.18,235727462.0,697813563.0,299284538234.0,0.0007876366196228053
2734,2021-10-22,5.18,5.2,5.15,5.16,167106255.0,495329577.0,299284538234.0,0.0005583524494317362
2735,2021-10-25,5.16,5.18,5.15,5.16,143950637.0,425766332.0,299284538234.0,0.0004809825387218971
2736,2021-10-26,5.16,5.16,5.13,5.13,217735467.0,641859772.0,299284538234.0,0.0007275199323185896
2737,2021-10-27,5.13,5.15,5.11,5.13,161775136.0,474975183.0,299284538234.0,0.0005405395713209672
2738,2021-10-28,5.13,5.13,5.09,5.11,158669249.0,465108127.0,299284538234.0,0.0005301618651476814
2739,2021-10-29,5.13,5.13,5.11,5.13,148746268.0,436756066.0,299284538234.0,0.0004970061897541147
2740,2021-11-01,5.13,5.16,5.11,5.16,267299329.0,788766136.0,299284538234.0,0.0008931277592129003
2741,2021-11-02,5.16,5.16,5.09,5.11,304074436.0,894058696.0,299284538234.0,0.0010160044945664883
2742,2021-11-03,5.11,5.13,5.09,5.11,175212782.0,513769663.0,299284538234.0,0.0005854388036010311
2743,2021-11-04,5.11,5.13,5.09,5.09,175747451.0,514137107.0,299284538234.0,0.000587225294153316
2744,2021-11-05,5.09,5.11,5.09,5.09,140045753.0,409354619.0,299284538234.0,0.0004679351423443839
2745,2021-11-08,5.09,5.11,5.09,5.09,133476075.0,390205928.0,299284538234.0,0.00044598386467810034
2746,2021-11-09,5.11,5.11,5.09,5.09,122066587.0,356870671.0,299284538234.0,0.0004078613206024043
2747,2021-11-10,5.09,5.11,5.08,5.08,184956370.0,539373113.0,299284538234.0,0.0006179950728205984
2748,2021-11-11,5.08,5.13,5.08,5.13,228879063.0,670116515.0,299284538234.0,0.000764754050946152
2749,2021-11-12,5.11,5.13,5.09,5.11,150743726.0,441395622.0,299284538234.0,0.0005036802999897669
2750,2021-11-15,5.11,5.13,5.09,5.11,142080997.0,416384790.0,299284538234.0,0.00047473550701410404
2751,2021-11-16,5.11,5.13,5.09,5.11,144486097.0,423157648.0,299284538234.0,0.00048277167224399485
2752,2021-11-17,5.11,5.13,5.09,5.11,177832960.0,520597500.0,299284538234.0,0.0005941936093636709
2753,2021-11-18,5.11,5.13,5.09,5.11,144809838.0,424794807.0,299284538234.0,0.000483853388666468
2754,2021-11-19,5.11,5.15,5.11,5.15,231489241.0,680471885.0,299284538234.0,0.0007734754436896661
2755,2021-11-22,5.13,5.15,5.11,5.13,184232654.0,541779989.0,299284538234.0,0.0006155769191656503
2756,2021-11-23,5.13,5.13,5.11,5.13,145440185.0,426858421.0,299284538234.0,0.00048595956830314256
2757,2021-11-24,5.11,5.13,5.11,5.13,127755183.0,375007912.0,299284538234.0,0.00042686863729696835
2758,2021-11-25,5.11,5.13,5.09,5.09,147321479.0,431653114.0,299284538234.0,0.0004922455395434246
2759,2021-11-26,5.11,5.11,5.08,5.09,204104801.0,596008249.0,299284538234.0,0.000681975761943364
2760,2021-11-29,5.08,5.09,5.08,5.09,242686842.0,707234678.0,299284538234.0,0.0008108900093270162
2761,2021-11-30,5.09,5.09,5.08,5.08,196939872.0,573780632.0,299284538234.0,0.0006580355709723289
2762,2021-12-01,5.08,5.11,5.08,5.11,181093243.0,529354121.0,299284538234.0,0.0006050871991870479
2763,2021-12-02,5.11,5.11,5.09,5.11,180201694.0,526986742.0,299284538234.0,0.0006021082648082096
2764,2021-12-03,5.09,5.11,5.09,5.11,157691575.0,461163779.0,299284538234.0,0.0005268951611416241
2765,2021-12-06,5.11,5.13,5.09,5.11,216585245.0,635246465.0,299284538234.0,0.0007236766933501244
2766,2021-12-07,5.13,5.15,5.11,5.13,302280664.0,888732615.0,299284538234.0,0.001010010960752197
2767,2021-12-08,5.15,5.15,5.11,5.11,256122314.0,751441425.0,299284538234.0,0.0008557819776167221
2768,2021-12-09,5.13,5.15,5.11,5.15,328748346.0,967615114.0,299284538234.0,0.0010984474772397473
2769,2021-12-10,5.13,5.15,5.13,5.13,342293485.0,1008094285.0,299284538234.0,0.0011437058760862975
2770,2021-12-13,5.13,5.15,5.11,5.11,257586782.0,757737433.0,299284538234.0,0.0008606752073460006
2771,2021-12-14,5.11,5.13,5.09,5.11,242429570.0,711139283.0,299284538234.0,0.0008100303859013688
2772,2021-12-15,5.09,5.13,5.09,5.11,240547258.0,703990435.0,299284538234.0,0.0008037410132157399
2773,2021-12-16,5.11,5.13,5.09,5.13,252412362.0,740494978.0,299284538234.0,0.0008433859079036275
2774,2021-12-17,5.13,5.13,5.11,5.11,210258146.0,616808822.0,299284538234.0,0.000702535945360487
2775,2021-12-20,5.11,5.13,5.11,5.13,175776174.0,516219775.0,299284538234.0,0.0005873212663681503
2776,2021-12-21,5.13,5.15,5.11,5.13,276515519.0,814104655.0,299284538234.0,0.0009239218324863889
2777,2021-12-22,5.15,5.16,5.13,5.13,235006861.0,692520590.0,299284538234.0,0.0007852288741233149
2778,2021-12-23,5.13,5.15,5.11,5.13,164013232.0,482534694.0,299284538234.0,0.0005480177257662534
2779,2021-12-24,5.13,5.15,5.11,5.13,133179200.0,391172260.0,299284538234.0,0.00044499191567281
2780,2021-12-27,5.13,5.13,5.11,5.13,131071501.0,384839281.0,299284538234.0,0.0004379494569730155
2781,2021-12-28,5.13,5.16,5.11,5.15,294658456.0,868094785.0,299284538234.0,0.0009845428625838899
2782,2021-12-29,5.13,5.15,5.11,5.13,161999103.0,476009268.0,299284538234.0,0.0005412879126864169
2783,2021-12-30,5.13,5.13,5.11,5.13,183023418.0,537349469.0,299284538234.0,0.0006115364966061175
2784,2021-12-31,5.13,5.13,5.11,5.13,107307436.0,315010030.0,299284538234.0,0.0003585465411383869
2785,2022-01-04,5.13,5.15,5.11,5.13,231024414.0,679017950.0,299284538234.0,0.000771922316345558
2786,2022-01-05,5.13,5.18,5.13,5.18,472465072.0,1398675655.0,299284538234.0,0.0015786484486899762
2787,2022-01-06,5.16,5.18,5.16,5.16,221426817.0,656735414.0,299284538234.0,0.0007398538471335067
2788,2022-01-07,5.16,5.23,5.16,5.22,419049015.0,1249574466.0,299284538234.0,0.0014001692752746231
2789,2022-01-10,5.22,5.25,5.2,5.22,313520683.0,938625586.0,299284538234.0,0.001047567257734074
2790,2022-01-11,5.22,5.25,5.2,5.23,242776320.0,728641238.0,299284538234.0,0.0008111889823395479
2791,2022-01-12,5.23,5.25,5.18,5.2,253262375.0,755871613.0,299284538234.0,0.0008462260579662257
2792,2022-01-13,5.2,5.25,5.2,5.25,336983734.0,1011846583.0,299284538234.0,0.0011259643949147963
2793,2022-01-14,5.25,5.25,5.16,5.18,313231500.0,934219573.0,299284538234.0,0.001046601010023095
2794,2022-01-17,5.18,5.2,5.15,5.15,201754618.0,596789939.0,299284538234.0,0.000674123090990605
2795,2022-01-18,5.16,5.22,5.15,5.22,297302007.0,882677889.0,299284538234.0,0.0009933757645961318
2796,2022-01-19,5.2,5.22,5.18,5.2,215592347.0,643322952.0,299284538234.0,0.0007203591213637504
2797,2022-01-20,5.22,5.25,5.2,5.23,361103013.0,1083894311.0,299284538234.0,0.0012065541879669919
2798,2022-01-21,5.23,5.25,5.2,5.23,228763781.0,683519554.0,299284538234.0,0.0007643688589790686
2799,2022-01-24,5.22,5.23,5.18,5.22,287347150.0,858239146.0,299284538234.0,0.0009601135818628005
2800,2022-01-25,5.2,5.22,5.15,5.15,274827986.0,815030119.0,299284538234.0,0.0009182832752459858
2801,2022-01-26,5.15,5.18,5.15,5.16,231947200.0,685802151.0,299284538234.0,0.0007750056229722388
2802,2022-01-27,5.15,5.18,5.13,5.15,311217350.0,919160094.0,299284538234.0,0.0010398711267759183
2803,2022-01-28,5.15,5.2,5.15,5.16,366889077.0,1088860120.0,299284538234.0,0.001225887174676369
2804,2022-02-07,5.2,5.25,5.18,5.23,350365400.0,1049043069.0,299284538234.0,0.0011706765811137952
2805,2022-02-08,5.23,5.37,5.23,5.34,573849689.0,1747192482.0,299284538234.0,0.0019174050633759343
2806,2022-02-09,5.34,5.37,5.3,5.32,415602903.0,1271945214.0,299284538234.0,0.0013886547746581376
2807,2022-02-10,5.32,5.37,5.3,5.37,332191333.0,1017759229.0,299284538234.0,0.0011099515362877563
2808,2022-02-11,5.36,5.39,5.34,5.37,338708795.0,1042018814.0,299284538234.0,0.0011317283445333736
2809,2022-02-14,5.37,5.37,5.29,5.3,339775500.0,1036194895.0,299284538234.0,0.0011352925279900078
2810,2022-02-15,5.3,5.32,5.27,5.27,312390766.0,948451793.0,299284538234.0,0.0010437918639009433
2811,2022-02-16,5.29,5.32,5.29,5.3,184504168.0,560434318.0,299284538234.0,0.0006164841294131363
2812,2022-02-17,5.3,5.34,5.29,5.3,267894278.0,815437965.0,299284538234.0,0.0008951156634444742
2813,2022-02-18,5.29,5.32,5.29,5.32,187930048.0,571265356.0,299284538234.0,0.0006279310288093271
2814,2022-02-21,5.32,5.32,5.29,5.29,185332109.0,562213437.0,299284538234.0,0.0006192505302599206
2815,2022-02-22,5.29,5.29,5.25,5.25,196674954.0,593734791.0,299284538234.0,0.0006571503999522582
2816,2022-02-23,5.27,5.27,5.23,5.25,242722355.0,729779727.0,299284538234.0,0.0008110086689818368
2817,2022-02-24,5.23,5.25,5.18,5.18,339357797.0,1014393167.0,299284538234.0,0.001133896856157227
2818,2022-02-25,5.2,5.22,5.16,5.18,315008207.0,936673846.0,299284538234.0,0.0010525375245202485
2819,2022-02-28,5.16,5.2,5.16,5.2,250824665.0,745574453.0,299284538234.0,0.0008380809328809664
2820,2022-03-01,5.18,5.23,5.18,5.23,211719687.0,632665208.0,299284538234.0,0.0007074193950990674
2821,2022-03-02,5.22,5.23,5.2,5.23,190007191.0,569001159.0,299284538234.0,0.0006348713906878814
2822,2022-03-03,5.23,5.27,5.22,5.25,223999685.0,674048873.0,299284538234.0,0.0007484505759026635
2823,2022-03-04,5.27,5.27,5.22,5.23,251834004.0,755122373.0,299284538234.0,0.0008414534392120848
2824,2022-03-07,5.22,5.23,5.18,5.18,325604013.0,971876343.0,299284538234.0,0.0010879413113731313
2825,2022-03-08,5.18,5.2,5.16,5.18,337625505.0,1002979905.0,299284538234.0,0.0011281087455845197
2826,2022-03-09,5.18,5.2,5.11,5.13,436928509.0,1292044697.0,299284538234.0,0.0014599100627723743
2827,2022-03-10,5.16,5.18,5.13,5.13,222231860.0,656136810.0,299284538234.0,0.0007425437388490974
2828,2022-03-11,5.13,5.2,5.11,5.18,372625107.0,1098998923.0,299284538234.0,0.0012450529826858532
2829,2022-03-14,5.16,5.23,5.15,5.18,399317547.0,1190179365.0,299284538234.0,0.001334240483508666
2830,2022-03-15,5.18,5.18,5.09,5.11,476669895.0,1402847296.0,299284538234.0,0.00159269803182184
2831,2022-03-16,5.11,5.15,5.06,5.13,419432863.0,1226601593.0,299284538234.0,0.0014014518273311543
2832,2022-03-17,5.15,5.15,5.09,5.11,407034154.0,1193908457.0,299284538234.0,0.0013600239972362167
2833,2022-03-18,5.11,5.18,5.09,5.16,412635930.0,1217035716.0,299284538234.0,0.0013787412220987326
2834,2022-03-21,5.16,5.18,5.13,5.13,211464898.0,624082620.0,299284538234.0,0.000706568068126069
2835,2022-03-22,5.15,5.22,5.13,5.22,391138100.0,1163591856.0,299284538234.0,0.0013069104816039075
2836,2022-03-23,5.22,5.23,5.18,5.22,232445190.0,692924579.0,299284538234.0,0.000776669557911673
2837,2022-03-24,5.2,5.23,5.18,5.22,194144215.0,579873824.0,299284538234.0,0.0006486944368913756
2838,2022-03-25,5.22,5.23,5.2,5.2,202145451.0,603601820.0,299284538234.0,0.0006754289820409955
2839,2022-03-28,5.2,5.27,5.16,5.27,358056734.0,1072064444.0,299284538234.0,0.0011963756501181097
2840,2022-03-29,5.25,5.29,5.23,5.29,212065525.0,640843422.0,299284538234.0,0.0007085749442699023
2841,2022-03-30,5.3,5.32,5.27,5.32,393457892.0,1195879519.0,299284538234.0,0.0013146616070502418
2842,2022-03-31,5.32,5.39,5.3,5.37,537523806.0,1652024736.0,299284538234.0,0.0017960293210327128
2843,2022-04-01,5.36,5.39,5.34,5.37,326442141.0,1004120543.0,299284538234.0,0.0010907417500624988
2844,2022-04-06,5.36,5.43,5.36,5.41,473153317.0,1463006102.0,299284538234.0,0.001580948083024784
2845,2022-04-07,5.41,5.43,5.36,5.39,379481184.0,1174165397.0,299284538234.0,0.0012679612058785913
2846,2022-04-08,5.39,5.41,5.36,5.41,287115350.0,887205985.0,299284538234.0,0.0009593390680794698
2847,2022-04-11,5.41,5.41,5.36,5.36,348035779.0,1073167281.0,299284538234.0,0.001162892614010962
2848,2022-04-12,5.36,5.39,5.34,5.37,401061660.0,1232481326.0,299284538234.0,0.0013400680916112815
2849,2022-04-13,5.37,5.39,5.34,5.36,346660989.0,1067402107.0,299284538234.0,0.001158299025554598
2850,2022-04-14,5.39,5.41,5.36,5.36,330050226.0,1016159964.0,299284538234.0,0.001102797451373667
2851,2022-04-15,5.36,5.37,5.34,5.36,349508652.0,1074233555.0,299284538234.0,0.0011678139273828157
2852,2022-04-18,5.34,5.36,5.3,5.3,274075853.0,836206691.0,299284538234.0,0.0009157701718145886
2853,2022-04-19,5.3,5.34,5.29,5.34,248261290.0,756312711.0,299284538234.0,0.0008295159230908658
2854,2022-04-20,5.32,5.37,5.32,5.34,300254664.0,920536209.0,299284538234.0,0.0010032414830773565
2855,2022-04-21,5.34,5.39,5.34,5.36,415564827.0,1279543480.0,299284538234.0,0.0013885275512465149
2856,2022-04-22,5.36,5.41,5.36,5.39,332052994.0,1026526656.0,299284538234.0,0.001109489303922475
2857,2022-04-25,5.37,5.41,5.34,5.34,528144423.0,1629370812.0,299284538234.0,0.0017646899706762083
2858,2022-04-26,5.34,5.39,5.32,5.36,462329568.0,1417173943.0,299284538234.0,0.0015447826697900472
2859,2022-04-27,5.36,5.36,5.25,5.29,462516555.0,1402604985.0,299284538234.0,0.0015454074498107706
2860,2022-04-28,5.27,5.34,5.27,5.34,453661053.0,1383331667.0,299284538234.0,0.0015158185440415184
2861,2022-04-29,5.34,5.37,5.3,5.34,399406129.0,1221337974.0,299284538234.0,0.0013345364627146842
2862,2022-05-05,5.36,5.39,5.32,5.37,376936200.0,1158006906.0,299284538234.0,0.0012594576459719644
2863,2022-05-06,5.36,5.36,5.32,5.32,239738115.0,733640207.0,299284538234.0,0.0008010374221623078
2864,2022-05-09,5.32,5.36,5.32,5.36,218089813.0,668322007.0,299284538234.0,0.0007287039092860964
2865,2022-05-10,5.34,5.41,5.34,5.39,389746195.0,1199441362.0,299284538234.0,0.0013022597067653097
2866,2022-05-11,5.39,5.39,5.3,5.32,431728741.0,1320956827.0,299284538234.0,0.0014425360680091217
2867,2022-05-12,5.32,5.32,5.29,5.29,228867769.0,695171188.0,299284538234.0,0.0007647163142823516
2868,2022-05-13,5.3,5.32,5.29,5.32,202560612.0,616478999.0,299284538234.0,0.0006768161602843145
2869,2022-05-16,5.32,5.32,5.29,5.3,310214692.0,943003613.0,299284538234.0,0.0010365209436828777
2870,2022-05-17,5.3,5.32,5.25,5.27,459353260.0,1391228679.0,299284538234.0,0.0015348379261772886
2871,2022-05-18,5.27,5.29,5.25,5.27,196547407.0,592678325.0,299284538234.0,0.0006567242269172172
2872,2022-05-19,5.25,5.27,5.23,5.27,284091400.0,855967119.0,299284538234.0,0.000949235138160993
2873,2022-05-20,5.27,5.29,5.25,5.27,362682300.0,1095165725.0,299284538234.0,0.0012118310626405683
2874,2022-05-23,5.27,5.29,5.25,5.25,272528407.0,821570266.0,299284538234.0,0.00091059968753521
2875,2022-05-24,5.25,5.29,5.25,5.29,396047839.0,1195759810.0,299284538234.0,0.0013233154019147632
2876,2022-05-25,5.27,5.29,5.27,5.29,254075172.0,768892277.0,299284538234.0,0.0008489418581368464
2877,2022-05-26,5.29,5.3,5.27,5.3,299335190.0,907548402.0,299284538234.0,0.0010001692428426101
2878,2022-05-27,5.3,5.3,5.29,5.3,223678800.0,679071594.0,299284538234.0,0.0007473784022384527
2879,2022-05-30,5.3,5.3,5.27,5.27,360547459.0,1091736012.0,299284538234.0,0.0012046979143242632
2880,2022-05-31,5.27,5.29,5.25,5.29,374277205.0,1131819167.0,299284538234.0,0.0012505731408929848
2881,2022-06-01,5.29,5.29,5.25,5.25,255056486.0,770212666.0,299284538234.0,0.0008522207244818653
2882,2022-06-02,5.25,5.27,5.25,5.25,248773937.0,749808324.0,299284538234.0,0.0008312288314924324
2883,2022-06-06,5.25,5.27,5.22,5.22,485609968.0,1455457067.0,299284538234.0,0.001622569514835139
2884,2022-06-07,5.23,5.23,5.22,5.22,287600299.0,860823004.0,299284538234.0,0.0009609594291006624
2885,2022-06-08,5.23,5.23,5.2,5.22,334912194.0,1001564838.0,299284538234.0,0.0011190427543508578
2886,2022-06-09,5.22,5.23,5.2,5.23,306906421.0,918840145.0,299284538234.0,0.001025467011463321
2887,2022-06-10,5.23,5.29,5.22,5.27,574591777.0,1727560399.0,299284538234.0,0.0019198846034296198
2888,2022-06-13,5.25,5.27,5.22,5.23,344440962.0,1033130134.0,299284538234.0,0.0011508812450935697
2889,2022-06-14,5.22,5.27,5.22,5.27,368205980.0,1104823288.0,299284538234.0,0.0012302873451889211
2890,2022-06-15,5.27,5.32,5.25,5.29,526833668.0,1598234403.0,299284538234.0,0.0017603103424878148
2891,2022-06-16,5.3,5.3,5.23,5.23,373659181.0,1128270109.0,299284538234.0,0.0012485081361197788
2892,2022-06-17,5.23,5.27,5.23,5.25,304867389.0,917163060.0,299284538234.0,0.001018653989941956
2893,2022-06-20,5.25,5.27,5.23,5.23,284048633.0,853305443.0,299284538234.0,0.0009490922407020988
2894,2022-06-21,5.23,5.27,5.22,5.25,343795371.0,1033304696.0,299284538234.0,0.0011487241306505401
2895,2022-06-22,5.27,5.29,5.25,5.25,314131339.0,947542218.0,299284538234.0,0.0010496076437947885
2896,2022-06-23,5.27,5.29,5.25,5.27,341626440.0,1030959186.0,299284538234.0,0.001141477077352036
2897,2022-06-24,5.29,5.29,5.25,5.25,343710070.0,1036856773.0,299284538234.0,0.0011484391142560972
2898,2022-06-27,5.25,5.27,5.23,5.25,471793516.0,1420665638.0,299284538234.0,0.001576404577342787
2899,2022-06-28,5.25,5.27,5.23,5.25,275002862.0,827478320.0,299284538234.0,0.0009188675887592462
2900,2022-06-29,5.27,5.29,5.25,5.27,361608457.0,1091487006.0,299284538234.0,0.0012082430289708822
2901,2022-06-30,5.27,5.29,5.25,5.27,334237332.0,1009274319.0,299284538234.0,0.0011167878366595458
2902,2022-07-01,5.27,5.27,5.25,5.25,208297761.0,627873839.0,299284538234.0,0.000695985707210639
2903,2022-07-04,5.25,5.27,5.25,5.27,274738402.0,828596522.0,299284538234.0,0.0009179839480554513
2904,2022-07-05,5.27,5.29,5.25,5.29,259947901.0,786466975.0,299284538234.0,0.0008685644187764752
2905,2022-07-06,5.29,5.29,5.25,5.27,447248700.0,1351265413.0,299284538234.0,0.0014943929366986277
2906,2022-07-07,5.27,5.29,5.25,5.27,257336251.0,778468589.0,299284538234.0,0.0008598381076365458
2907,2022-07-08,5.29,5.3,5.27,5.29,301241900.0,912173053.0,299284538234.0,0.0010065401366123018
2908,2022-07-11,5.29,5.32,5.29,5.3,505724381.0,1539172472.0,299284538234.0,0.0016897778414620003
2909,2022-07-12,5.3,5.34,5.3,5.3,536453445.0,1634804404.0,299284538234.0,0.0017924529217762863
2910,2022-07-13,5.3,5.32,5.25,5.25,630665655.0,1905757573.0,299284538234.0,0.002107244359235507
2911,2022-07-14,5.25,5.25,5.13,5.15,870201818.0,2578368894.0,299284538234.0,0.0029076069987939704
2912,2022-07-15,5.22,5.23,5.18,5.18,572563337.0,1588375525.0,299284538234.0,0.0019131069729781127
2913,2022-07-18,5.2,5.25,5.18,5.25,287459943.0,801102948.0,299284538234.0,0.0009604904573294235
2914,2022-07-19,5.25,5.33,5.23,5.33,362597698.0,1023270401.0,299284538234.0,0.001211548381816162
2915,2022-07-20,5.35,5.37,5.33,5.35,266088035.0,758516854.0,299284538234.0,0.0008890804602540315
2916,2022-07-21,5.37,5.37,5.29,5.29,273296120.0,775087033.0,299284538234.0,0.0009131648484504048
2917,2022-07-22,5.31,5.37,5.29,5.35,302244988.0,859447727.0,299284538234.0,0.0010098917564651648
2918,2022-07-25,5.35,5.37,5.33,5.37,167733964.0,477884537.0,299284538234.0,0.0005604498147139654
2919,2022-07-26,5.37,5.4,5.37,5.37,252623806.0,724980747.0,299284538234.0,0.0008440924061452261
2920,2022-07-27,5.39,5.39,5.33,5.33,192560416.0,549318760.0,299284538234.0,0.0006434024862635697
2921,2022-07-28,5.33,5.37,5.31,5.35,237532044.0,676696811.0,299284538234.0,0.0007936662729107713
2922,2022-07-29,5.37,5.37,5.31,5.35,230825942.0,656880480.0,299284538234.0,0.0007712591614723691
2923,2022-08-01,5.33,5.35,5.31,5.33,204907346.0,581970679.0,299284538234.0,0.000684657307086777
2924,2022-08-02,5.31,5.33,5.25,5.27,297661384.0,837946010.0,299284538234.0,0.0009945765516535608
2925,2022-08-03,5.29,5.31,5.25,5.25,215980460.0,607736268.0,299284538234.0,0.0007216559240729386
2926,2022-08-04,5.27,5.37,5.25,5.37,411016647.0,1167201245.0,299284538234.0,0.0013733307087138615
2927,2022-08-05,5.37,5.37,5.33,5.37,191457657.0,546637333.0,299284538234.0,0.0006397178355077803
2928,2022-08-08,5.35,5.37,5.31,5.33,244449546.0,695614123.0,299284538234.0,0.0008167797355734881
2929,2022-08-09,5.35,5.35,5.31,5.33,150098748.0,426255480.0,299284538234.0,0.0005015252337648098
2930,2022-08-10,5.33,5.33,5.29,5.33,117808216.0,333681764.0,299284538234.0,0.00039363281743572706
2931,2022-08-11,5.33,5.37,5.31,5.35,202809796.0,576780649.0,299284538234.0,0.0006776487592600932
2932,2022-08-12,5.33,5.35,5.27,5.31,270504182.0,765825256.0,299284538234.0,0.0009038361406712643
2933,2022-08-15,5.31,5.33,5.29,5.31,175760280.0,497234869.0,299284538234.0,0.0005872681597155521
2934,2022-08-16,5.31,5.33,5.29,5.29,117202888.0,331231054.0,299284538234.0,0.00039161023383160276
2935,2022-08-17,5.31,5.33,5.27,5.31,255128952.0,720864621.0,299284538234.0,0.0008524628552662607
2936,2022-08-18,5.31,5.33,5.27,5.29,155213571.0,438081583.0,299284538234.0,0.0005186154016371003
2937,2022-08-19,5.27,5.31,5.27,5.31,133513856.0,377226170.0,299284538234.0,0.00044611010240565866
2938,2022-08-22,5.29,5.31,5.29,5.29,140175002.0,395939385.0,299284538234.0,0.00046836700227528
2939,2022-08-23,5.31,5.31,5.29,5.29,122992256.0,347123716.0,299284538234.0,0.00041095426020249903
2940,2022-08-24,5.29,5.31,5.27,5.29,181391119.0,511994625.0,299284538234.0,0.0006060824928355527
2941,2022-08-25,5.29,5.31,5.27,5.31,172536939.0,486313582.0,299284538234.0,0.0005764980042674288
2942,2022-08-26,5.31,5.31,5.29,5.29,126774909.0,358123121.0,299284538234.0,0.00042359324590593846
2943,2022-08-29,5.29,5.31,5.27,5.29,182687130.0,515428189.0,299284538234.0,0.0006104128568685475
2944,2022-08-30,5.29,5.31,5.29,5.29,152284514.0,429963728.0,299284538234.0,0.0005088285378810118
2945,2022-08-31,5.31,5.35,5.29,5.35,434219545.0,1232398695.0,299284538234.0,0.0014508585961781264
2946,2022-09-01,5.33,5.35,5.31,5.31,150496236.0,427048412.0,299284538234.0,0.0005028533611794282
2947,2022-09-02,5.33,5.35,5.31,5.31,190654783.0,541420351.0,299284538234.0,0.000637035191076038
2948,2022-09-05,5.31,5.33,5.29,5.33,153969150.0,435926278.0,299284538234.0,0.0005144574153697742
2949,2022-09-06,5.33,5.35,5.31,5.33,168132505.0,478353867.0,299284538234.0,0.0005617814605194978
2950,2022-09-07,5.35,5.35,5.29,5.31,203958577.0,577674037.0,299284538234.0,0.0006814871834125022
2951,2022-09-08,5.31,5.33,5.31,5.31,166476486.0,471693370.0,299284538234.0,0.0005562482010675671
2952,2022-09-09,5.33,5.35,5.31,5.33,308136293.0,876153302.0,299284538234.0,0.0010295763851291212
2953,2022-09-13,5.35,5.37,5.33,5.35,314404432.0,897026846.0,299284538234.0,0.0010505201299579943
2954,2022-09-14,5.33,5.37,5.33,5.35,295085924.0,842657817.0,299284538234.0,0.0009859711622298467
2955,2022-09-15,5.37,5.39,5.35,5.39,397121729.0,1137006551.0,299284538234.0,0.001326903592625639
2956,2022-09-16,5.39,5.4,5.35,5.35,419139016.0,1201158569.0,299284538234.0,0.0014004699957880552
2957,2022-09-19,5.35,5.39,5.35,5.39,292135824.0,835643350.0,299284538234.0,0.0009761139874576124
2958,2022-09-20,5.39,5.4,5.33,5.33,269382560.0,769139943.0,299284538234.0,0.0009000884629374983
2959,2022-09-21,5.35,5.39,5.31,5.37,253244180.0,722591810.0,299284538234.0,0.0008461652629779268
2960,2022-09-22,5.37,5.39,5.35,5.37,196000075.0,560198264.0,299284538234.0,0.0006548954254588136
2961,2022-09-23,5.37,5.42,5.37,5.4,419116350.0,1204906084.0,299284538234.0,0.001400394261838905
2962,2022-09-26,5.4,5.42,5.35,5.35,366754675.0,1051482364.0,299284538234.0,0.0012254380970167175
2963,2022-09-27,5.35,5.37,5.31,5.31,239162491.0,679122344.0,299284538234.0,0.0007991140885901941
2964,2022-09-28,5.31,5.37,5.31,5.35,251207652.0,714893532.0,299284538234.0,0.000839360608076551
2965,2022-09-29,5.37,5.37,5.29,5.29,251312431.0,712655391.0,299284538234.0,0.0008397107063496468
2966,2022-09-30,5.31,5.37,5.31,5.37,260210009.0,741591561.0,299284538234.0,0.0008694402007381717
2967,2022-10-10,5.35,5.4,5.35,5.39,620957911.0,1782084992.0,299284538234.0,0.0020748078556416935
2968,2022-10-11,5.39,5.42,5.35,5.39,393074736.0,1129394774.0,299284538234.0,0.0013133813671746342
2969,2022-10-12,5.39,5.4,5.35,5.37,298419758.0,855499375.0,299284538234.0,0.0009971105081501943
2970,2022-10-13,5.37,5.39,5.35,5.37,219388382.0,626478244.0,299284538234.0,0.0007330428203693837
2971,2022-10-14,5.37,5.39,5.33,5.35,442767746.0,1264372113.0,299284538234.0,0.001479420716528348
2972,2022-10-17,5.35,5.37,5.33,5.35,175809703.0,500341936.0,299284538234.0,0.0005874332968799765
2973,2022-10-18,5.35,5.37,5.33,5.35,212057088.0,603017402.0,299284538234.0,0.000708546753705666
2974,2022-10-19,5.33,5.35,5.33,5.33,176381773.0,501767938.0,299284538234.0,0.0005893447554650929
2975,2022-10-20,5.33,5.35,5.33,5.35,218325380.0,621303866.0,299284538234.0,0.0007294910097537318
2976,2022-10-21,5.35,5.39,5.33,5.37,333806176.0,953727146.0,299284538234.0,0.0011153472142921355
2977,2022-10-24,5.37,5.39,5.35,5.35,442983981.0,1265635083.0,299284538234.0,0.0014801432229474096
2978,2022-10-25,5.35,5.37,5.33,5.35,320270082.0,913068026.0,299284538234.0,0.0010701190375213842
2979,2022-10-26,5.37,5.37,5.29,5.31,535902607.0,1521253731.0,299284538234.0,0.0017906124057133774
2980,2022-10-27,5.31,5.31,5.22,5.25,581566465.0,1634359318.0,299284538234.0,0.0019431891417835082
2981,2022-10-28,5.25,5.27,5.23,5.25,306746672.0,858092862.0,299284538234.0,0.0010249332418240918
2982,2022-10-31,5.23,5.25,5.18,5.18,423520849.0,1178214201.0,299284538234.0,0.0014151110227714604
2983,2022-11-01,5.2,5.2,5.08,5.12,853481093.0,2333726522.0,299284538234.0,0.0028517380083721306
2984,2022-11-02,5.1,5.12,5.07,5.1,536492219.0,1455440912.0,299284538234.0,0.0017925824774166438
2985,2022-11-03,5.1,5.12,5.08,5.1,187457306.0,510679784.0,299284538234.0,0.000626351455060581
2986,2022-11-04,5.12,5.18,5.1,5.16,402034948.0,1101790747.0,299284538234.0,0.0013433201406671503
2987,2022-11-07,5.14,5.16,5.14,5.16,286722263.0,786734236.0,299284538234.0,0.0009580256457345685
2988,2022-11-08,5.16,5.16,5.12,5.12,271550563.0,742702619.0,299284538234.0,0.0009073324155078276
2989,2022-11-09,5.12,5.16,5.12,5.16,160843824.0,441416880.0,299284538234.0,0.00053742777675418
2990,2022-11-10,5.14,5.2,5.12,5.18,334545512.0,920157587.0,299284538234.0,0.0011178175590829578
2991,2022-11-11,5.2,5.23,5.18,5.23,408408303.0,1133491211.0,299284538234.0,0.0013646154439180549
2992,2022-11-14,5.23,5.29,5.23,5.25,330314584.0,926483591.0,299284538234.0,0.0011036807512646667
2993,2022-11-15,5.27,5.27,5.23,5.25,186899992.0,523859485.0,299284538234.0,0.0006244893007264862
2994,2022-11-16,5.25,5.27,5.23,5.23,180113318.0,503590379.0,299284538234.0,0.0006018129739103855
2995,2022-11-17,5.23,5.25,5.22,5.23,196005171.0,547569193.0,299284538234.0,0.00065491245273336
2996,2022-11-18,5.25,5.27,5.23,5.23,271923903.0,761038387.0,299284538234.0,0.0009085798571638617
2997,2022-11-21,5.23,5.25,5.22,5.23,192328742.0,536961129.0,299284538234.0,0.00064262839348428
2998,2022-11-22,5.23,5.31,5.23,5.27,325820338.0,916859518.0,299284538234.0,0.0010886641185093651
2999,2022-11-23,5.31,5.35,5.29,5.33,345723467.0,982132415.0,299284538234.0,0.0011551664815029337
3000,2022-11-24,5.35,5.37,5.31,5.31,165855218.0,471382293.0,299284538234.0,0.0005541723571109566
3001,2022-11-25,5.33,5.4,5.31,5.39,509765415.0,1459594992.0,299284538234.0,0.001703280156094908
3002,2022-11-28,5.37,5.37,5.31,5.37,346515544.0,986215588.0,299284538234.0,0.001157813049897926
3003,2022-11-29,5.37,5.42,5.35,5.4,499383372.0,1436056647.0,299284538234.0,0.001668590615962759
3004,2022-11-30,5.39,5.42,5.39,5.4,349978360.0,1008145647.0,299284538234.0,0.001169383363621559
3005,2022-12-01,5.42,5.42,5.37,5.37,294680890.0,846958385.0,299284538234.0,0.0009846178213509962
3006,2022-12-02,5.37,5.39,5.35,5.37,239654463.0,684474530.0,299284538234.0,0.0008007579155747185
3007,2022-12-05,5.39,5.42,5.35,5.42,411425796.0,1183107671.0,299284538234.0,0.0013746977990500822
3008,2022-12-06,5.42,5.44,5.39,5.42,323856436.0,936197272.0,299284538234.0,0.0010821021290006907
3009,2022-12-07,5.42,5.44,5.4,5.4,295295652.0,852680269.0,299284538234.0,0.0009866719267973636
3010,2022-12-08,5.4,5.44,5.39,5.44,205380934.0,593727428.0,299284538234.0,0.0006862397075769411
3011,2022-12-09,5.44,5.44,5.4,5.42,228034581.0,659684094.0,299284538234.0,0.000761932381624432
3012,2022-12-12,5.42,5.42,5.37,5.37,348297323.0,1000917803.0,299284538234.0,0.00116376651147838
3013,2022-12-13,5.37,5.42,5.37,5.4,267212344.0,769713265.0,299284538234.0,0.0008928371160660365
3014,2022-12-14,5.44,5.44,5.4,5.42,183394978.0,529354020.0,299284538234.0,0.0006127779907447472
3015,2022-12-15,5.42,5.42,5.39,5.4,162774250.0,468320612.0,299284538234.0,0.0005438779128400297
3016,2022-12-16,5.4,5.44,5.39,5.44,269709819.0,779143730.0,299284538234.0,0.0009011819340600998
3017,2022-12-19,5.44,5.44,5.39,5.4,262815645.0,757784766.0,299284538234.0,0.0008781464172883992
3018,2022-12-20,5.39,5.42,5.35,5.35,236562015.0,678632169.0,299284538234.0,0.0007904251131578355
3019,2022-12-21,5.37,5.39,5.35,5.35,124825175.0,356822308.0,299284538234.0,0.00041707859596276105
3020,2022-12-22,5.39,5.39,5.35,5.37,138653557.0,396880824.0,299284538234.0,0.0004632833951869297
3021,2022-12-23,5.37,5.4,5.35,5.39,189585146.0,544130110.0,299284538234.0,0.0006334612109221964
3022,2022-12-26,5.39,5.4,5.35,5.35,210788898.0,602629561.0,299284538234.0,0.0007043093480331805
3023,2022-12-27,5.37,5.44,5.37,5.42,356658635.0,1028579686.0,299284538234.0,0.0011917041792554657
3024,2022-12-28,5.44,5.46,5.42,5.44,351024368.0,1019012164.0,299284538234.0,0.0011728783921525088
3025,2022-12-29,5.44,5.46,5.4,5.4,237440379.0,684870642.0,299284538234.0,0.0007933599924709568
3026,2022-12-30,5.42,5.48,5.4,5.46,385463989.0,1120357221.0,299284538234.0,0.0012879515636675467
3027,2023-01-03,5.46,5.46,5.42,5.44,298768191.0,865794642.0,299284538234.0,0.0009982747279994922
3028,2023-01-04,5.44,5.52,5.42,5.5,397245830.0,1160297953.0,299284538234.0,0.0013273182515342891
3029,2023-01-05,5.52,5.54,5.48,5.5,297218466.0,871739563.0,299284538234.0,0.000993096628893055
3030,2023-01-06,5.5,5.52,5.46,5.48,362164227.0,1056426678.0,299284538234.0,0.001210100024334824
3031,2023-01-09,5.5,5.5,5.46,5.48,225179832.0,657844201.0,299284538234.0,0.0007523938033308619
3032,2023-01-10,5.48,5.48,5.44,5.46,263467091.0,765535627.0,299284538234.0,0.0008803230950541267
3033,2023-01-11,5.46,5.48,5.44,5.46,198161792.0,577413644.0,299284538234.0,0.0006621183746053206
3034,2023-01-12,5.46,5.48,5.44,5.48,286362436.0,834309536.0,299284538234.0,0.0009568233550912788
3035,2023-01-13,5.48,5.52,5.46,5.52,308328340.0,904597202.0,299284538234.0,0.0010302180721375221
3036,2023-01-16,5.52,5.54,5.46,5.46,561153913.0,1641445615.0,299284538234.0,0.0018749846427457391
3037,2023-01-17,5.46,5.48,5.44,5.46,223444959.0,650261778.0,299284538234.0,0.0007465970688579184
3038,2023-01-18,5.48,5.5,5.46,5.48,222885525.0,651005844.0,299284538234.0,0.000744727830963769
3039,2023-01-19,5.48,5.5,5.46,5.48,194992239.0,568826257.0,299284538234.0,0.0006515279411044698
3040,2023-01-20,5.48,5.48,5.46,5.48,306483201.0,893420491.0,299284538234.0,0.0010240529056678887
3041,2023-01-30,5.5,5.52,5.46,5.48,377949673.0,1104270710.0,299284538234.0,0.0012628439652451892
3042,2023-01-31,5.48,5.5,5.46,5.46,231689564.0,675999716.0,299284538234.0,0.0007741447833126952
3043,2023-02-01,5.46,5.48,5.44,5.48,260657052.0,759218438.0,299284538234.0,0.000870933906369067
3044,2023-02-02,5.48,5.5,5.46,5.48,273986639.0,799695519.0,299284538234.0,0.0009154720809057618
3045,2023-02-03,5.48,5.5,5.46,5.46,259866314.0,757665566.0,299284538234.0,0.0008682918119773355
3046,2023-02-06,5.46,5.48,5.44,5.48,193454209.0,563298376.0,299284538234.0,0.0006463889185238998
3047,2023-02-07,5.48,5.48,5.46,5.48,111893889.0,326171670.0,299284538234.0,0.0003738712653191396
3048,2023-02-08,5.48,5.5,5.46,5.48,227574277.0,664816985.0,299284538234.0,0.0007603943669888744
3049,2023-02-09,5.5,5.5,5.48,5.5,141700529.0,414671950.0,299284538234.0,0.0004734642485580373
3050,2023-02-10,5.5,5.5,5.48,5.5,130485465.0,381696608.0,299284538234.0,0.00043599133376538826
3051,2023-02-13,5.48,5.5,5.46,5.48,288264744.0,840725082.0,299284538234.0,0.0009631795404499513
3052,2023-02-14,5.48,5.48,5.46,5.46,117038776.0,341099022.0,299284538234.0,0.0003910618860921292
3053,2023-02-15,5.48,5.48,5.46,5.46,194154261.0,565761918.0,299284538234.0,0.0006487280036103891
3054,2023-02-16,5.46,5.48,5.46,5.46,180787064.0,526940816.0,299284538234.0,0.0006040641627087631
3055,2023-02-17,5.46,5.5,5.46,5.48,356391117.0,1040774951.0,299284538234.0,0.0011908103208504222
3056,2023-02-20,5.48,5.52,5.48,5.52,339037609.0,993787516.0,299284538234.0,0.0011328270113804492
3057,2023-02-21,5.52,5.52,5.5,5.52,238331801.0,700090187.0,299284538234.0,0.0007963385025044521
3058,2023-02-22,5.52,5.52,5.5,5.5,157112359.0,461138737.0,299284538234.0,0.0005249598256130406
3059,2023-02-23,5.52,5.54,5.5,5.5,284611600.0,836739868.0,299284538234.0,0.0009509732834159053
3060,2023-02-24,5.5,5.52,5.48,5.48,263536600.0,771959882.0,299284538234.0,0.0008805553456087666
3061,2023-02-27,5.5,5.5,5.46,5.48,236175780.0,689974487.0,299284538234.0,0.000789134585413639
3062,2023-02-28,5.5,5.5,5.46,5.5,185698166.0,543098945.0,299284538234.0,0.0006204736372141255
3063,2023-03-01,5.5,5.52,5.48,5.5,338619090.0,991818946.0,299284538234.0,0.0011314286130453077
3064,2023-03-02,5.5,5.52,5.48,5.5,222670046.0,653172788.0,299284538234.0,0.0007440078505689531
3065,2023-03-03,5.52,5.57,5.5,5.57,583747432.0,1721726935.0,299284538234.0,0.001950476410991832
3066,2023-03-06,5.59,5.61,5.55,5.55,459740136.0,1367879111.0,299284538234.0,0.001536130595696011
3067,2023-03-07,5.57,5.72,5.55,5.65,855575115.0,2584704025.0,299284538234.0,0.002858734768085667
3068,2023-03-08,5.65,5.67,5.59,5.67,337071855.0,1010284084.0,299284538234.0,0.0011262588337806326
3069,2023-03-09,5.65,5.72,5.65,5.65,409131809.0,1239268101.0,299284538234.0,0.0013670328958996015
3070,2023-03-10,5.63,5.65,5.59,5.59,341730567.0,1023816042.0,299284538234.0,0.001141824997096285
3071,2023-03-13,5.59,5.65,5.57,5.65,278804114.0,834695884.0,299284538234.0,0.0009315687193369572
3072,2023-03-14,5.63,5.69,5.61,5.65,283681718.0,854900545.0,299284538234.0,0.0009478662669108529
3073,2023-03-15,5.67,5.72,5.65,5.7,347694380.0,1054554042.0,299284538234.0,0.001161751896879317
3074,2023-03-16,5.69,5.84,5.69,5.76,676203415.0,2082029866.0,299284538234.0,0.0022593997638170687
3075,2023-03-17,5.78,5.84,5.74,5.78,503806166.0,1553999211.0,299284538234.0,0.0016833685060138048
3076,2023-03-20,5.78,5.87,5.78,5.82,557506630.0,1735218903.0,299284538234.0,0.0018627979690822025
3077,2023-03-21,5.84,5.87,5.72,5.72,447498766.0,1374486652.0,299284538234.0,0.0014952284827026933
3078,2023-03-22,5.74,5.8,5.72,5.8,293580979.0,903031349.0,299284538234.0,0.0009809426866230536
3079,2023-03-23,5.78,5.82,5.76,5.82,259443039.0,801215454.0,299284538234.0,0.0008668775224102979
3080,2023-03-24,5.8,5.8,5.72,5.72,293850984.0,900157336.0,299284538234.0,0.0009818448548459537
3081,2023-03-27,5.72,5.78,5.67,5.72,434528031.0,1322524448.0,299284538234.0,0.0014518893410399233
3082,2023-03-28,5.72,5.8,5.72,5.8,278778801.0,856846036.0,299284538234.0,0.0009314841409616447
3083,2023-03-29,5.78,5.85,5.78,5.82,359316211.0,1114497880.0,299284538234.0,0.001200583943027031
3084,2023-03-30,5.84,5.87,5.78,5.8,264246343.0,818427374.0,299284538234.0,0.0008829268112520906
3085,2023-03-31,5.84,5.87,5.82,5.84,299611550.0,932554031.0,299284538234.0,0.0010010926450391645
3086,2023-04-03,5.84,5.85,5.78,5.82,366963472.0,1135401956.0,299284538234.0,0.0012261357508321538
3087,2023-04-04,5.82,5.91,5.8,5.91,426679776.0,1332738749.0,299284538234.0,0.0014256659515981883
3088,2023-04-06,5.91,5.99,5.89,5.97,418326090.0,1327677953.0,299284538234.0,0.0013977537645894877
3089,2023-04-07,5.99,5.99,5.91,5.95,249052400.0,788097113.0,299284538234.0,0.0008321592604469087
3090,2023-04-10,5.95,5.99,5.89,5.95,353460451.0,1118639745.0,299284538234.0,0.0011810180809395565
3091,2023-04-11,5.95,6.02,5.93,6.02,356700706.0,1138864460.0,299284538234.0,0.0011918447511682288
3092,2023-04-12,6.02,6.12,6.0,6.06,411673090.0,1330442644.0,299284538234.0,0.0013755240829652461
3093,2023-04-13,6.06,6.12,6.04,6.08,281756452.0,913971583.0,299284538234.0,0.000941433371942872
3094,2023-04-14,6.1,6.12,6.06,6.06,209895593.0,679849631.0,299284538234.0,0.0007013245463281837
3095,2023-04-17,6.04,6.19,6.02,6.19,424177620.0,1384073546.0,299284538234.0,0.0014173054929698724
3096,2023-04-18,6.19,6.32,6.17,6.29,517150521.0,1728311882.0,299284538234.0,0.0017279560248971441
3097,2023-04-19,6.3,6.38,6.27,6.32,463117054.0,1560777115.0,299284538234.0,0.0015474138982679592
3098,2023-04-20,6.34,6.38,6.23,6.32,444196857.0,1489634770.0,299284538234.0,0.001484195807845904
3099,2023-04-21,6.32,6.4,6.25,6.25,465976726.0,1570885160.0,299284538234.0,0.0015569689257908447
3100,2023-04-24,6.27,6.34,6.25,6.3,462033303.0,1552568739.0,299284538234.0,0.0015437927589789235
3101,2023-04-25,6.29,6.45,6.29,6.42,623594102.0,2122710749.0,299284538234.0,0.002083616165671859
3102,2023-04-26,6.42,6.42,6.25,6.36,670934792.0,2262418204.0,299284538234.0,0.0022417957037106266
3103,2023-04-27,6.36,6.45,6.34,6.42,455359201.0,1553766738.0,299284538234.0,0.0015214925692017232
3104,2023-04-28,6.4,6.45,6.36,6.42,390995268.0,1336343715.0,299284538234.0,0.0013064332367691332
3105,2023-05-04,6.4,6.75,6.38,6.72,748326071.0,2634857143.0,299284538234.0,0.002500383332248558
3106,2023-05-05,6.74,6.96,6.72,6.79,711930769.0,2592118181.0,299284538234.0,0.002378775640067869
3107,2023-05-08,6.83,7.37,6.79,7.3,1179848402.0,4488097555.0,299284538234.0,0.003942229722129909
3108,2023-05-09,7.36,7.45,7.11,7.19,1117140060.0,4318860344.0,299284538234.0,0.0037327022190720314
3109,2023-05-10,7.13,7.15,6.72,6.77,1170821354.0,4288929214.0,299284538234.0,0.0039120676293827655
3110,2023-05-11,6.75,6.83,6.66,6.74,544042911.0,1954602330.0,299284538234.0,0.0018178116190373727
3111,2023-05-12,6.7,6.77,6.62,6.68,458137848.0,1635370951.0,299284538234.0,0.0015307768677371438
3112,2023-05-15,6.66,6.74,6.4,6.72,1002708171.0,3497048121.0,299284538234.0,0.0033503507294988222
3113,2023-05-16,6.7,6.89,6.68,6.75,659366779.0,2390572266.0,299284538234.0,0.002203143479749243
3114,2023-05-17,6.74,6.79,6.66,6.72,365120591.0,1305657283.0,299284538234.0,0.0012199781290222387
3115,2023-05-18,6.74,6.98,6.74,6.92,583925529.0,2139786745.0,299284538234.0,0.0019510714868385525
3116,2023-05-19,6.9,6.9,6.79,6.79,429029818.0,1562464629.0,299284538234.0,0.0014335181514273775
3117,2023-05-22,6.77,6.87,6.72,6.77,390896203.0,1412535484.0,299284538234.0,0.0013061022306951656
3118,2023-05-23,6.75,6.79,6.57,6.57,597172740.0,2112775582.0,299284538234.0,0.0019953344182888984
3119,2023-05-24,6.53,6.53,6.36,6.4,685244783.0,2347364423.0,299284538234.0,0.0022896097040076002
3120,2023-05-25,6.36,6.47,6.32,6.45,434507964.0,1484090053.0,299284538234.0,0.001451822291134444
3121,2023-05-26,6.44,6.6,6.42,6.57,306748255.0,1068124416.0,299284538234.0,0.0010249385311050195
3122,2023-05-29,6.59,6.7,6.59,6.68,342975287.0,1214171786.0,299284538234.0,0.0011459839824128828
3123,2023-05-30,6.66,6.68,6.51,6.57,397539821.0,1395363866.0,299284538234.0,0.0013283005642248638
3124,2023-05-31,6.57,6.6,6.49,6.6,382594170.0,1333953359.0,299284538234.0,0.0012783626319541545
3125,2023-06-01,6.57,6.59,6.44,6.49,506522761.0,1752201927.0,299284538234.0,0.0016924454700829475
3126,2023-06-02,6.49,6.55,6.45,6.49,343754345.0,1189530652.0,299284538234.0,0.0011485870503982756
3127,2023-06-05,6.49,6.68,6.47,6.68,435377213.0,1535155182.0,299284538234.0,0.0014547267144806324
3128,2023-06-06,6.66,6.81,6.66,6.68,374261925.0,1344927931.0,299284538234.0,0.001250522085799761
3129,2023-06-07,6.68,6.85,6.66,6.79,346899745.0,1254425004.0,299284538234.0,0.0011590967814340324
3130,2023-06-08,6.83,6.98,6.75,6.96,503610593.0,1848285770.0,299284538234.0,0.0016827150375748603
3131,2023-06-09,6.98,6.98,6.89,6.9,342519522.0,1263742206.0,299284538234.0,0.0011444611339467062
3132,2023-06-12,6.89,6.9,6.79,6.87,440983239.0,1609092228.0,299284538234.0,0.0014734581398762765
3133,2023-06-13,6.85,6.94,6.81,6.89,346555050.0,1272014732.0,299284538234.0,0.0011579450513712836
3134,2023-06-14,6.89,6.92,6.66,6.68,549349972.0,1976711806.0,299284538234.0,0.0018355441121067292
3135,2023-06-15,6.68,6.81,6.68,6.75,362613781.0,1303477971.0,299284538234.0,0.0012116021199748217
3136,2023-06-16,6.79,6.79,6.7,6.72,285337886.0,1025485345.0,299284538234.0,0.0009534000242167685
3137,2023-06-19,6.72,6.74,6.57,6.6,439920944.0,1551884975.0,299284538234.0,0.0014699086915610769
3138,2023-06-20,6.62,6.64,6.53,6.57,305483909.0,1072938550.0,299284538234.0,0.0010207139693970857
3139,2023-06-21,6.57,6.72,6.53,6.62,299818969.0,1062249754.0,299284538234.0,0.001001785694540565
3140,2023-06-26,6.6,6.62,6.49,6.51,402903699.0,1405460730.0,299284538234.0,0.001346222900044986
3141,2023-06-27,6.49,6.64,6.45,6.62,411394152.0,1436267388.0,299284538234.0,0.0013745920668923612
3142,2023-06-28,6.6,6.64,6.55,6.6,325250945.0,1142132203.0,299284538234.0,0.0010867616045894687
3143,2023-06-29,6.59,6.6,6.53,6.55,286425940.0,1002394799.0,299284538234.0,0.0009570355411279339
3144,2023-06-30,6.55,6.64,6.53,6.62,280310298.0,986257031.0,299284538234.0,0.00093660133481682
3145,2023-07-03,6.64,6.81,6.62,6.79,358692671.0,1289108447.0,319244210777.0,0.0011235682868829084
3146,2023-07-04,6.79,6.79,6.64,6.68,372932670.0,1333704757.0,319244210777.0,0.0011681736345111134
3147,2023-07-05,6.7,6.7,6.6,6.66,211622606.0,750196677.0,319244210777.0,0.0006628862759482383
3148,2023-07-06,6.64,6.66,6.55,6.59,343989671.0,1209534378.0,319244210777.0,0.0010775126357429402
3149,2023-07-07,6.57,6.64,6.57,6.6,180537910.0,635699663.0,319244210777.0,0.0005655166292932723
3150,2023-07-10,6.6,6.64,6.57,6.59,179716530.0,631549193.0,319244210777.0,0.0005629437400371105
3151,2023-07-11,6.6,6.64,6.59,6.62,184501600.0,651229506.0,319244210777.0,0.000577932484823911
3152,2023-07-12,6.62,6.68,6.6,6.66,220946288.0,782525524.0,319244210777.0,0.0006920917609194689
3153,2023-07-13,6.66,6.77,6.66,6.77,317188740.0,1137487358.0,319244210777.0,0.0009935614469813025
3154,2023-07-14,6.77,6.81,6.74,6.77,295427855.0,1066540158.0,319244210777.0,0.0009253976893769381
3155,2023-07-17,6.79,6.81,6.72,6.79,432382887.0,1561075059.0,319244210777.0,0.0013543953888705915
3156,2023-07-18,6.84,6.88,6.8,6.8,400172056.0,1368897286.0,319244210777.0,0.0012534982389376204
3157,2023-07-19,6.8,6.82,6.74,6.8,272850265.0,923560813.0,319244210777.0,0.0008546756864781259
3158,2023-07-20,6.8,6.86,6.78,6.84,208740244.0,713587887.0,319244210777.0,0.000653857570328222
3159,2023-07-21,6.82,6.86,6.82,6.82,149440001.0,510819856.0,319244210777.0,0.00046810559426052536
3160,2023-07-24,6.82,6.86,6.78,6.86,156123292.0,532977052.0,319244210777.0,0.0004890403231432628
3161,2023-07-25,6.88,6.98,6.86,6.98,319508954.0,1104864187.0,319244210777.0,0.0010008292812024864
3162,2023-07-26,6.96,7.0,6.92,6.96,178460145.0,619755830.0,319244210777.0,0.0005590082418899644
3163,2023-07-27,6.98,7.16,6.96,7.08,300481230.0,1063454678.0,319244210777.0,0.0009412268722701869
3164,2023-07-28,7.06,7.24,7.04,7.22,327432693.0,1174131754.0,319244210777.0,0.0010256495872018173
3165,2023-07-31,7.24,7.42,7.16,7.24,441307391.0,1601084217.0,319244210777.0,0.0013823504893821369
3166,2023-08-01,7.22,7.3,7.18,7.26,214856950.0,778557012.0,319244210777.0,0.0006730175293611915
3167,2023-08-02,7.22,7.22,7.0,7.02,501006450.0,1776340995.0,319244210777.0,0.0015693517159813602
3168,2023-08-03,7.02,7.14,6.94,7.1,322527600.0,1136708753.0,319244210777.0,0.0010102848825825491
3169,2023-08-04,7.14,7.2,7.1,7.1,280590470.0,1001266097.0,319244210777.0,0.0008789210909011578
3170,2023-08-07,7.1,7.1,6.98,7.06,267323724.0,940723937.0,319244210777.0,0.0008373643592451306
3171,2023-08-08,7.04,7.1,7.0,7.02,197353095.0,694947563.0,319244210777.0,0.0006181884849835415
3172,2023-08-09,7.02,7.08,7.0,7.04,206402403.0,727010300.0,319244210777.0,0.0006465345213234805
3173,2023-08-10,7.06,7.06,7.0,7.04,183122565.0,644034853.0,319244210777.0,0.0005736127980341534
3174,2023-08-11,7.04,7.06,6.92,6.92,302292001.0,1053335192.0,319244210777.0,0.0009468989281411228
3175,2023-08-14,6.86,6.88,6.8,6.84,279416003.0,954197204.0,319244210777.0,0.0008752421925520179
3176,2023-08-15,6.84,7.0,6.82,6.98,319544012.0,1105858122.0,319244210777.0,0.0010009390968195486
3177,2023-08-16,6.96,7.0,6.9,6.98,213216540.0,741998271.0,319244210777.0,0.0006678791119847027
3178,2023-08-17,6.96,7.0,6.88,6.94,245525423.0,850902317.0,319244210777.0,0.0007690833998286834
3179,2023-08-18,6.92,7.04,6.92,6.98,285772160.0,1000306434.0,319244210777.0,0.0008951522074729774
3180,2023-08-21,7.02,7.02,6.84,6.86,317558713.0,1094981703.0,319244210777.0,0.0009947203497507513
3181,2023-08-22,6.86,6.98,6.86,6.96,316327001.0,1093284617.0,319244210777.0,0.000990862137265074
3182,2023-08-23,6.96,7.02,6.94,6.96,251081448.0,877055262.0,319244210777.0,0.0007864870826910206
3183,2023-08-24,6.98,7.0,6.9,6.94,276357832.0,958730830.0,319244210777.0,0.0008656627831320105
3184,2023-08-25,6.92,7.0,6.9,6.96,260660614.0,907437537.0,319244210777.0,0.0008164928452910236
3185,2023-08-28,7.18,7.22,7.02,7.08,452672599.0,1604036617.0,319244210777.0,0.0014179508467773063
3186,2023-08-29,7.06,7.08,6.92,6.96,397523753.0,1386098518.0,319244210777.0,0.001245202699314351
3187,2023-08-30,6.96,6.96,6.9,6.96,219117370.0,759035653.0,319244210777.0,0.0006863628614178971
3188,2023-08-31,6.96,7.0,6.92,6.92,206704566.0,718086877.0,319244210777.0,0.0006474810161691178
3189,2023-09-01,6.92,6.94,6.88,6.88,213338839.0,735846002.0,319244210777.0,0.0006682622011555363
3190,2023-09-04,6.9,6.96,6.9,6.96,232213314.0,804988987.0,319244210777.0,0.000727384573191859
3191,2023-09-05,6.94,6.94,6.9,6.9,134652188.0,465650715.0,319244210777.0,0.0004217842750296822
3192,2023-09-06,6.9,6.94,6.9,6.92,129955192.0,449351790.0,319244210777.0,0.0004070714130843767
3193,2023-09-07,6.92,6.94,6.88,6.92,200640294.0,693324228.0,319244210777.0,0.0006284853013048127
3194,2023-09-08,6.9,6.92,6.88,6.9,132714509.0,457246274.0,319244210777.0,0.0004157146927644817
3195,2023-09-11,6.9,6.9,6.86,6.88,220049148.0,757315263.0,319244210777.0,0.0006892815611735863
3196,2023-09-12,6.88,6.9,6.86,6.88,116045524.0,398843512.0,319244210777.0,0.0003635007936950834
3197,2023-09-13,6.88,6.92,6.86,6.9,205895783.0,709864302.0,319244210777.0,0.0006449475857334288
3198,2023-09-14,6.9,7.02,6.88,7.0,455291387.0,1586495086.0,319244210777.0,0.0014261539336668891
3199,2023-09-15,7.02,7.06,6.94,6.94,355535076.0,1243775080.0,319244210777.0,0.0011136774419015232
3200,2023-09-18,6.96,6.96,6.9,6.94,263499145.0,912502512.0,319244210777.0,0.0008253842547643274
3201,2023-09-19,6.94,7.06,6.92,7.06,363573330.0,1275073721.0,319244210777.0,0.001138856454483884
3202,2023-09-20,7.06,7.2,7.04,7.16,417744050.0,1489849870.0,319244210777.0,0.001308540721798099
3203,2023-09-21,7.18,7.22,7.1,7.12,280587564.0,1002973676.0,319244210777.0,0.0008789119881519085
3204,2023-09-22,7.12,7.2,7.06,7.18,371428185.0,1325632094.0,319244210777.0,0.001163460988363707
3205,2023-09-25,7.18,7.26,7.16,7.24,329133391.0,1189721524.0,319244210777.0,0.0010309768506026498
3206,2023-09-26,7.24,7.28,7.2,7.24,258603641.0,935691977.0,319244210777.0,0.0008100495867116634
3207,2023-09-27,7.24,7.24,7.12,7.12,315458964.0,1128500817.0,319244210777.0,0.0009881430997048086
3208,2023-09-28,7.16,7.24,7.14,7.2,263110406.0,948110745.0,319244210777.0,0.0008241665694097399
3209,2023-10-09,7.16,7.28,7.1,7.2,302263792.0,1084480392.0,319244210777.0,0.0009468105663195213
3210,2023-10-10,7.2,7.3,7.18,7.22,267048570.0,966978603.0,319244210777.0,0.0008365024673432217
3211,2023-10-11,7.24,7.32,7.2,7.3,370703803.0,1346890040.0,319244210777.0,0.001161191935470823
3212,2023-10-12,7.4,7.54,7.3,7.34,595478698.0,2196869546.0,319244210777.0,0.0018652764181711556
3213,2023-10-13,7.32,7.5,7.3,7.44,507283316.0,1885921591.0,319244210777.0,0.0015890133599144574
3214,2023-10-16,7.44,7.46,7.34,7.42,329202504.0,1217621566.0,319244210777.0,0.001031193340041352
3215,2023-10-17,7.4,7.46,7.4,7.44,202920100.0,753748250.0,319244210777.0,0.0006356265615784173
3216,2023-10-18,7.42,7.5,7.4,7.48,313793102.0,1171667945.0,319244210777.0,0.0009829249565286315
3217,2023-10-19,7.46,7.48,7.32,7.34,471854191.0,1739653364.0,319244210777.0,0.0014780352315600857
3218,2023-10-20,7.3,7.36,7.24,7.32,420766864.0,1533676955.0,319244210777.0,0.001318009379013974
3219,2023-10-23,7.28,7.38,7.26,7.3,291995071.0,1068895096.0,319244210777.0,0.0009146448428597059
3220,2023-10-24,7.32,7.34,7.16,7.2,402914728.0,1455109268.0,319244210777.0,0.0012620893798492275
3221,2023-10-25,7.24,7.24,7.08,7.12,540132729.0,1923114228.0,319244210777.0,0.001691910802972387
3222,2023-10-26,7.1,7.26,7.08,7.24,423721924.0,1521222799.0,319244210777.0,0.0013272658037203383
3223,2023-10-27,7.26,7.34,7.2,7.26,419813535.0,1524581310.0,319244210777.0,0.0013150231729440825
3224,2023-10-30,7.26,7.26,7.06,7.12,603878656.0,2155433075.0,319244210777.0,0.0018915884317220219
3225,2023-10-31,7.1,7.2,7.08,7.18,321090252.0,1148219512.0,319244210777.0,0.0010057825362549471
3226,2023-11-01,7.18,7.26,7.14,7.24,309276021.0,1115819962.0,319244210777.0,0.0009687756600104394
3227,2023-11-02,7.26,7.36,7.24,7.32,297169100.0,1088144162.0,319244210777.0,0.000930851962128704
3228,2023-11-03,7.32,7.32,7.22,7.24,293657387.0,1064833946.0,319244210777.0,0.0009198518785517679
3229,2023-11-06,7.24,7.24,7.12,7.16,374210309.0,1340139726.0,319244210777.0,0.0011721757086501881
3230,2023-11-07,7.14,7.24,7.12,7.22,261554862.0,937615580.0,319244210777.0,0.0008192939861412321
3231,2023-11-08,7.2,7.24,7.18,7.2,162671061.0,586120061.0,319244210777.0,0.0005095505431534035
3232,2023-11-09,7.18,7.28,7.16,7.26,254762976.0,922574412.0,319244210777.0,0.0007980190944729715
3233,2023-11-10,7.26,7.36,7.24,7.26,307448677.0,1119030976.0,319244210777.0,0.0009630516909036779
3234,2023-11-13,7.26,7.26,7.16,7.24,195194414.0,704198233.0,319244210777.0,0.0006114266364452514
3235,2023-11-14,7.24,7.3,7.2,7.26,249893769.0,904981577.0,319244210777.0,0.0007827667990964979
3236,2023-11-15,7.28,7.3,7.22,7.24,224659419.0,814809703.0,319244210777.0,0.0007037227658826058
3237,2023-11-16,7.24,7.32,7.2,7.3,311545298.0,1133457576.0,319244210777.0,0.0009758839392631057
3238,2023-11-17,7.28,7.3,7.24,7.26,192791475.0,700094155.0,319244210777.0,0.0006038996745806915
3239,2023-11-20,7.26,7.32,7.26,7.3,227433502.0,829937460.0,319244210777.0,0.000712412298554939
3240,2023-11-21,7.32,7.36,7.3,7.34,274810201.0,1006632716.0,319244210777.0,0.0008608149865306775
3241,2023-11-22,7.32,7.36,7.3,7.32,163343293.0,599085744.0,319244210777.0,0.0005116562414787197
3242,2023-11-23,7.32,7.34,7.3,7.32,175517401.0,642053952.0,319244210777.0,0.0005497903958001708
3243,2023-11-24,7.32,7.36,7.28,7.32,222233000.0,813881311.0,319244210777.0,0.0006961222553076625
3244,2023-11-27,7.32,7.32,7.22,7.26,309868793.0,1125865694.0,319244210777.0,0.0009706324579725928
3245,2023-11-28,7.28,7.3,7.24,7.28,185998487.0,676591033.0,319244210777.0,0.0005826213310095843
3246,2023-11-29,7.28,7.3,7.24,7.26,215374800.0,782885206.0,319244210777.0,0.0006746396417833388
3247,2023-11-30,7.26,7.32,7.24,7.32,278503935.0,1014186834.0,319244210777.0,0.0008723852323653941
3248,2023-12-01,7.32,7.36,7.3,7.3,319075564.0,1168896032.0,319244210777.0,0.0009994717311346396
3249,2023-12-04,7.32,7.34,7.28,7.28,187612717.0,685266280.0,319244210777.0,0.0005876777422004753
3250,2023-12-05,7.3,7.3,7.22,7.22,271783205.0,986911647.0,319244210777.0,0.0008513332296254146
3251,2023-12-06,7.22,7.22,7.06,7.06,516995691.0,1839405663.0,319244210777.0,0.001619436386149957
3252,2023-12-07,7.06,7.14,7.02,7.12,353005656.0,1249696218.0,319244210777.0,0.0011057542911767418
3253,2023-12-08,7.12,7.18,7.08,7.14,315602573.0,1126716717.0,319244210777.0,0.0009885929402818716
3254,2023-12-11,7.14,7.14,7.0,7.1,396480957.0,1400588956.0,319244210777.0,0.0012419362469722334
3255,2023-12-12,7.1,7.26,7.08,7.24,411889614.0,1484260798.0,319244210777.0,0.0012902022968482743
3256,2023-12-13,7.24,7.28,7.2,7.24,306981098.0,1113434723.0,319244210777.0,0.0009615870472728287
3257,2023-12-14,7.26,7.3,7.22,7.24,216057045.0,783680960.0,319244210777.0,0.0006767767048121077
3258,2023-12-15,7.26,7.28,7.16,7.16,266197966.0,958747021.0,319244210777.0,0.0008338380368812573
3259,2023-12-18,7.16,7.28,7.1,7.24,308682749.0,1114228634.0,319244210777.0,0.0009669172958491722
3260,2023-12-19,7.26,7.28,7.2,7.28,262120577.0,951332797.0,319244210777.0,0.000821066030804542
3261,2023-12-20,7.28,7.34,7.26,7.26,303765282.0,1109151396.0,319244210777.0,0.0009515138309342361
3262,2023-12-21,7.26,7.26,7.2,7.22,322125122.0,1163852063.0,319244210777.0,0.001009024161208713
3263,2023-12-22,7.24,7.28,7.22,7.26,285183570.0,1035125815.0,319244210777.0,0.0008933085092002116
3264,2023-12-25,7.26,7.32,7.26,7.32,209268966.0,763818525.0,319244210777.0,0.0006555137381838995
3265,2023-12-26,7.32,7.36,7.28,7.34,230749363.0,847127167.0,319244210777.0,0.0007227988956742089
3266,2023-12-27,7.34,7.4,7.28,7.38,341089772.0,1251600240.0,319244210777.0,0.0010684289972552068
3267,2023-12-28,7.38,7.42,7.24,7.26,565540560.0,2062528819.0,319244210777.0,0.0017714982477631963
3268,2023-12-29,7.26,7.32,7.24,7.28,323725330.0,1178848279.0,319244210777.0,0.001014036649911657
3269,2024-01-02,7.28,7.36,7.26,7.32,347908816.0,1274151353.0,319244210777.0,0.0010897889585945316
3270,2024-01-03,7.34,7.44,7.32,7.44,478476267.0,1771869233.0,319244210777.0,0.0014987782106853226
3271,2024-01-04,7.44,7.56,7.4,7.54,388624371.0,1454184045.0,319244210777.0,0.0012173262909110786
3272,2024-01-05,7.54,7.56,7.44,7.46,492790067.0,1847519653.0,319244210777.0,0.0015436147324351204
3273,2024-01-08,7.46,7.48,7.4,7.44,393248434.0,1464032236.0,319244210777.0,0.0012318106976564526
3274,2024-01-09,7.44,7.46,7.34,7.44,383728571.0,1420139141.0,319244210777.0,0.0012019906956685393
3275,2024-01-10,7.44,7.46,7.4,7.42,259581257.0,963526510.0,319244210777.0,0.0008131118693373079
3276,2024-01-11,7.42,7.44,7.28,7.3,375408554.0,1377137183.0,319244210777.0,0.0011759290891643834
3277,2024-01-12,7.28,7.42,7.28,7.4,329581703.0,1215614529.0,319244210777.0,0.0010323811423168484
3278,2024-01-15,7.4,7.44,7.38,7.42,223625502.0,829550054.0,319244210777.0,0.0007004841261043507
3279,2024-01-16,7.4,7.5,7.4,7.48,344926503.0,1287591552.0,319244210777.0,0.0010804471666392714
3280,2024-01-17,7.48,7.5,7.4,7.4,333368559.0,1242736214.0,319244210777.0,0.001044243083339313
3281,2024-01-18,7.38,7.44,7.16,7.38,745692871.0,2714205689.0,319244210777.0,0.0023358070274323156
3282,2024-01-19,7.36,7.38,7.26,7.36,405931444.0,1487986038.0,319244210777.0,0.001271538935700711
3283,2024-01-22,7.34,7.44,7.32,7.36,544068685.0,2010661385.0,319244210777.0,0.001704239784570582
3284,2024-01-23,7.36,7.4,7.26,7.36,401466794.0,1471040578.0,319244210777.0,0.0012575538739539886
3285,2024-01-24,7.38,7.5,7.36,7.5,490304742.0,1823679966.0,319244210777.0,0.0015358297048101838
3286,2024-01-25,7.52,7.62,7.5,7.6,449132170.0,1701376510.0,319244210777.0,0.0014068608132528672
3287,2024-01-26,7.6,7.76,7.56,7.72,476095886.0,1826158852.0,319244210777.0,0.00149132190945998
3288,2024-01-29,7.74,7.86,7.72,7.82,450684032.0,1758615338.0,319244210777.0,0.0014117218630311011
3289,2024-01-30,7.82,7.86,7.72,7.76,354295063.0,1380846981.0,319244210777.0,0.0011097932273781588
3290,2024-01-31,7.74,7.86,7.7,7.78,380667926.0,1480634617.0,319244210777.0,0.001192403536695317
3291,2024-02-01,7.78,7.82,7.76,7.78,328050261.0,1278540695.0,319244210777.0,0.0010275840561104214
3292,2024-02-02,7.78,7.94,7.76,7.88,557629443.0,2194008232.0,319244210777.0,0.0017467174788942939
3293,2024-02-05,7.86,8.06,7.84,8.04,661851274.0,2639773212.0,319244210777.0,0.0020731817575928404
3294,2024-02-06,8.04,8.24,8.02,8.18,687823749.0,2801658789.0,319244210777.0,0.002154537892248458
3295,2024-02-07,8.14,8.14,7.86,8.04,748710334.0,2990817712.0,319244210777.0,0.002345258923185275
3296,2024-02-08,7.98,7.98,7.8,7.92,495683919.0,1954106619.0,319244210777.0,0.0015526794293107716
3297,2024-02-19,7.94,8.16,7.84,8.16,572990818.0,2296077028.0,319244210777.0,0.0017948354227173388
3298,2024-02-20,8.16,8.36,8.12,8.3,397118593.0,1636737599.0,319244210777.0,0.0012439335768484685
3299,2024-02-21,8.28,8.46,8.26,8.36,432909990.0,1814081860.0,319244210777.0,0.0013560464853735385
3300,2024-02-22,8.36,8.42,8.32,8.4,290876084.0,1218833348.0,319244210777.0,0.0009111397299642316
3301,2024-02-23,8.4,8.6,8.4,8.52,369425619.0,1579071128.0,319244210777.0,0.0011571881541747142
3302,2024-02-26,8.52,8.56,8.26,8.28,427076834.0,1791318633.0,319244210777.0,0.0013377747178579967
3303,2024-02-27,8.26,8.4,8.22,8.32,310696508.0,1290574571.0,319244210777.0,0.0009732251909715262
3304,2024-02-28,8.32,8.38,8.22,8.32,390336077.0,1619867325.0,319244210777.0,0.0012226880357516002
3305,2024-02-29,8.3,8.38,8.28,8.38,295696680.0,1234552381.0,319244210777.0,0.0009262397563304648
3306,2024-03-01,8.36,8.5,8.34,8.48,367474144.0,1550829382.0,319244210777.0,0.001151075357343566
3307,2024-03-04,8.48,8.5,8.42,8.48,359837139.0,1523035622.0,319244210777.0,0.0011271532164176194
3308,2024-03-05,8.46,8.72,8.44,8.68,432530191.0,1862385367.0,319244210777.0,0.0013548568036591056
3309,2024-03-06,8.68,8.8,8.48,8.52,425783690.0,1839088466.0,319244210777.0,0.0013337240758844033
3310,2024-03-07,8.52,8.58,8.5,8.56,327328697.0,1397976211.0,319244210777.0,0.0010253238303157429
3311,2024-03-08,8.54,8.6,8.52,8.54,335741384.0,1436604267.0,319244210777.0,0.0010516757161636479
3312,2024-03-11,8.54,8.56,8.42,8.48,374205910.0,1584687960.0,319244210777.0,0.001172161929230385
3313,2024-03-12,8.46,8.48,8.28,8.28,472814058.0,1974566625.0,319244210777.0,0.001481041917249589
3314,2024-03-13,8.26,8.32,8.22,8.24,283314318.0,1170633443.0,319244210777.0,0.0008874532675485291
3315,2024-03-14,8.24,8.34,8.24,8.32,241845428.0,1004642449.0,319244210777.0,0.0007575561900132154
3316,2024-03-15,8.32,8.4,8.32,8.32,303804340.0,1268598638.0,319244210777.0,0.0009516361761442085
3317,2024-03-18,8.32,8.34,8.24,8.26,296072984.0,1223286589.0,319244210777.0,0.0009274184903130924
3318,2024-03-19,8.26,8.26,8.12,8.18,382805956.0,1563180159.0,319244210777.0,0.0011991006980778094
3319,2024-03-20,8.16,8.28,8.14,8.26,304603699.0,1251154388.0,319244210777.0,0.000954140086859001
3320,2024-03-21,8.26,8.34,8.24,8.28,289826682.0,1200471712.0,319244210777.0,0.0009078525849994227
3321,2024-03-22,8.28,8.36,8.24,8.36,331088177.0,1374940930.0,319244210777.0,0.0010371000188043294
3322,2024-03-25,8.34,8.44,8.32,8.42,370160929.0,1552753890.0,319244210777.0,0.0011594914379154289
3323,2024-03-26,8.46,8.48,8.36,8.46,366546270.0,1544659425.0,319244210777.0,0.0011481688864705573
3324,2024-03-27,8.46,8.62,8.44,8.56,389933579.0,1667670256.0,319244210777.0,0.0012214272517297997
3325,2024-03-28,8.54,8.56,8.3,8.34,506524869.0,2118649135.0,319244210777.0,0.0015866376018759513
3326,2024-03-29,8.34,8.54,8.32,8.46,363158100.0,1539840259.0,319244210777.0,0.00113755578876785
3327,2024-04-01,8.46,8.5,8.42,8.46,253839301.0,1073735556.0,319244210777.0,0.0007951257765401204
3328,2024-04-02,8.46,8.62,8.46,8.54,372701218.0,1593456753.0,319244210777.0,0.0011674486346765457
3329,2024-04-03,8.54,8.6,8.5,8.58,242020947.0,1035695556.0,319244210777.0,0.0007581059854177203
3330,2024-04-08,8.56,8.72,8.54,8.68,349929180.0,1514681895.0,319244210777.0,0.0010961175432071789
3331,2024-04-09,8.7,8.74,8.52,8.56,390822351.0,1681091395.0,319244210777.0,0.001224211239567314
3332,2024-04-10,8.56,8.64,8.56,8.58,285638906.0,1229018748.0,319244210777.0,0.0008947348028795606
3333,2024-04-11,8.58,8.6,8.5,8.54,258490466.0,1104473514.0,319244210777.0,0.0008096950775422581
3334,2024-04-12,8.54,8.58,8.52,8.56,296029874.0,1265963363.0,319244210777.0,0.0009272834526255018
3335,2024-04-15,8.56,8.76,8.56,8.74,404908248.0,1754551326.0,319244210777.0,0.0012683338783638538
3336,2024-04-16,8.74,8.92,8.68,8.86,500280119.0,2202511469.0,319244210777.0,0.0015670765580443307
3337,2024-04-17,8.82,8.94,8.7,8.92,429792204.0,1894236133.0,319244210777.0,0.0013462803380331946
3338,2024-04-18,8.88,9.16,8.86,8.98,498903823.0,2251952573.0,319244210777.0,0.0015627654508933184
3339,2024-04-19,8.96,9.1,8.94,9.08,303085396.0,1369853179.0,319244210777.0,0.0009493841572328861
3340,2024-04-22,9.1,9.24,8.96,9.0,399069328.0,1814080656.0,319244210777.0,0.0012500440557049282
3341,2024-04-23,9.0,9.12,8.88,9.0,339834801.0,1532253661.0,319244210777.0,0.0010644979283191546
3342,2024-04-24,9.0,9.06,8.92,8.98,279718551.0,1257078390.0,319244210777.0,0.0008761898933709728
3343,2024-04-25,8.98,9.1,8.94,9.1,305928148.0,1378191735.0,319244210777.0,0.0009582887885591085
3344,2024-04-26,9.1,9.16,8.9,8.9,535165949.0,2407175984.0,319244210777.0,0.0016763528701036546
3345,2024-04-29,8.9,8.92,8.78,8.82,421875192.0,1866746118.0,319244210777.0,0.0013214811036767408
3346,2024-04-30,8.8,8.88,8.78,8.8,319000625.0,1408189213.0,319244210777.0,0.000999236992343864
3347,2024-05-06,8.82,8.86,8.68,8.7,452435189.0,1975339294.0,319244210777.0,0.0014172071841140987
3348,2024-05-07,8.68,8.78,8.62,8.76,418324720.0,1816980133.0,319244210777.0,0.0013103596114769022
3349,2024-05-08,8.76,8.88,8.74,8.86,388237247.0,1715040063.0,319244210777.0,0.0012161136643796286
3350,2024-05-09,8.86,8.86,8.72,8.76,390411529.0,1710036345.0,319244210777.0,0.001222924381462667
3351,2024-05-10,8.74,8.8,8.72,8.74,291749476.0,1276994494.0,319244210777.0,0.0009138755415170058
3352,2024-05-13,8.74,8.78,8.68,8.76,302894385.0,1322053573.0,319244210777.0,0.0009487858347150397
3353,2024-05-14,8.76,8.76,8.68,8.68,262960886.0,1144379963.0,319244210777.0,0.0008236982132267535
3354,2024-05-15,8.68,8.7,8.66,8.68,171006580.0,742463727.0,319244210777.0,0.0005356607080948833
3355,2024-05-16,8.68,8.74,8.66,8.7,273656413.0,1190682668.0,319244210777.0,0.0008572008630444854
3356,2024-05-17,8.72,8.76,8.7,8.76,293995274.0,1283184190.0,319244210777.0,0.000920910275191687
3357,2024-05-20,8.78,8.86,8.72,8.74,379047719.0,1664232691.0,319244210777.0,0.0011873284031602197
3358,2024-05-21,8.74,8.84,8.72,8.82,305281277.0,1340701229.0,319244210777.0,0.0009562625309852417
3359,2024-05-22,8.82,8.88,8.8,8.84,268460900.0,1187388524.0,319244210777.0,0.0008409264473319662
3360,2024-05-23,8.84,8.86,8.78,8.8,269649468.0,1188901061.0,319244210777.0,0.0008446495156285131
3361,2024-05-24,8.8,8.86,8.78,8.78,269536495.0,1188633455.0,319244210777.0,0.0008442956392035498
3362,2024-05-27,8.8,8.92,8.78,8.9,391169135.0,1734130314.0,319244210777.0,0.0012252975051542637
3363,2024-05-28,8.92,8.96,8.88,8.92,252308393.0,1125359396.0,319244210777.0,0.0007903303630343469
3364,2024-05-29,8.9,8.96,8.84,8.86,330722000.0,1470812602.0,319244210777.0,0.0010359530066185523
3365,2024-05-30,8.86,8.92,8.76,8.78,326976086.0,1443792910.0,319244210777.0,0.001024219312244321
3366,2024-05-31,8.78,8.82,8.76,8.78,216688761.0,952060306.0,319244210777.0,0.0006787554908908355
3367,2024-06-03,8.78,8.82,8.72,8.82,320118345.0,1406835706.0,319244210777.0,0.001002738136490784
3368,2024-06-04,8.82,8.86,8.8,8.82,245781843.0,1083695807.0,319244210777.0,0.0007698866093821972
3369,2024-06-05,8.82,8.9,8.78,8.88,331084396.0,1463696854.0,319244210777.0,0.001037088175206631
3370,2024-06-06,8.86,8.9,8.84,8.86,399856265.0,1773884923.0,319244210777.0,0.0012525090557689378
3371,2024-06-07,8.94,9.01,8.9,8.98,498968556.0,2120701228.0,319244210777.0,0.0015629682204277837
3372,2024-06-11,8.98,9.03,8.77,8.79,532843438.0,2244516491.0,319244210777.0,0.0016690778407637418
3373,2024-06-12,8.79,8.82,8.6,8.77,410313193.0,1694646287.0,319244210777.0,0.0012852643185019695
3374,2024-06-13,8.77,8.92,8.75,8.9,367846299.0,1544684257.0,319244210777.0,0.0011522410950059476
3375,2024-06-14,8.88,8.98,8.88,8.96,363099258.0,1540242334.0,319244210777.0,0.0011373714721913434
3376,2024-06-17,8.94,8.96,8.75,8.79,423514900.0,1770818525.0,319244210777.0,0.0013266173221096738
3377,2024-06-18,8.79,8.84,8.65,8.82,308588929.0,1281934522.0,319244210777.0,0.0009666234142474615
3378,2024-06-19,8.82,8.9,8.79,8.9,295415352.0,1242927756.0,319244210777.0,0.0009253585250018988
3379,2024-06-20,8.9,8.94,8.88,8.94,253004000.0,1070410798.0,319244210777.0,0.0007925092811682326
3380,2024-06-21,8.94,8.96,8.84,8.84,340734829.0,1434953739.0,319244210777.0,0.0010673171744311183
3381,2024-06-24,8.84,8.98,8.82,8.96,368522357.0,1558582521.0,319244210777.0,0.0011543587778868824
3382,2024-06-25,8.96,9.01,8.92,8.98,331246679.0,1410132256.0,319244210777.0,0.0010375965101881957
3383,2024-06-26,8.98,9.07,8.96,9.03,291574363.0,1249425442.0,319244210777.0,0.0009133270178661812
3384,2024-06-27,9.03,9.15,9.03,9.11,390084508.0,1683104558.0,319244210777.0,0.0012219000214618886
3385,2024-06-28,9.13,9.24,9.07,9.19,372775669.0,1616702196.0,319244210777.0,0.0011676818448569865
3386,2024-07-01,9.19,9.38,9.17,9.36,347487492.0,1534396362.0,319244210777.0,0.0010884692040436987
3387,2024-07-02,9.36,9.57,9.34,9.53,409826334.0,1842545831.0,319244210777.0,0.0012837392822332928
3388,2024-07-03,9.55,9.57,9.38,9.47,346364946.0,1551679212.0,319244210777.0,0.0010849529429429324
3389,2024-07-04,9.45,9.62,9.45,9.55,294532089.0,1334485167.0,319244210777.0,0.0009225917935462202
3390,2024-07-05,9.55,9.57,9.36,9.41,420338063.0,1880915698.0,319244210777.0,0.0013166662035215936
3391,2024-07-08,9.38,9.55,9.36,9.49,319523738.0,1438499666.0,319244210777.0,0.0010008755905778828
3392,2024-07-09,9.47,9.55,9.36,9.55,375290516.0,1685758194.0,319244210777.0,0.0011755593471423974
3393,2024-07-10,9.53,9.62,9.51,9.6,274987027.0,1249084923.0,319244210777.0,0.0008613688759796658
3394,2024-07-11,9.57,9.6,9.45,9.51,300371797.0,1353980394.0,319244210777.0,0.0009408840845349491
3395,2024-07-12,9.51,9.72,9.49,9.7,375589323.0,1719585430.0,319244210777.0,0.001176495329659583
3396,2024-07-15,9.7,10.02,9.7,9.95,405399317.0,1896670201.0,319244210777.0,0.0012698721020290686
3397,2024-07-16,9.98,10.08,9.83,9.93,358260037.0,1686678884.0,319244210777.0,0.0011222131049081216
3398,2024-07-17,9.93,10.02,9.85,9.95,277364758.0,1310132550.0,319244210777.0,0.000868816876349705
3399,2024-07-18,9.98,10.02,9.85,9.95,294750775.0,1386156802.0,319244210777.0,0.0009232768051850147
3400,2024-07-19,9.93,9.95,9.76,9.93,408771452.0,1908279410.0,319244210777.0,0.0012804349717261967
3401,2024-07-22,9.89,9.91,9.68,9.79,457134710.0,2117988721.0,319244210777.0,0.0014319279553649288
3402,2024-07-23,9.76,10.1,9.74,10.0,488912990.0,2312413380.0,319244210777.0,0.001531470183312166
3403,2024-07-24,9.98,10.14,9.91,10.06,447234096.0,2132900636.0,319244210777.0,0.0014009152896194697
3404,2024-07-25,10.06,10.08,9.83,9.95,424939788.0,2004491743.0,319244210777.0,0.0013310806387553601
3405,2024-07-26,9.93,9.95,9.62,9.74,487745702.0,2248999047.0,319244210777.0,0.0015278137724499018
3406,2024-07-29,9.72,9.93,9.62,9.91,387861452.0,1811591471.0,319244210777.0,0.0012149365247876988
3407,2024-07-30,9.91,9.98,9.83,9.91,290689611.0,1365994122.0,319244210777.0,0.0009105556222695418
3408,2024-07-31,9.93,9.95,9.66,9.68,515491417.0,2378347371.0,319244210777.0,0.0016147244009385765
3409,2024-08-01,9.64,9.83,9.51,9.76,432391153.0,1989065571.0,319244210777.0,0.0013544212812743406
3410,2024-08-02,9.74,9.85,9.68,9.81,320365703.0,1487193108.0,319244210777.0,0.0010035129602515593
3411,2024-08-05,9.81,9.87,9.68,9.76,411757396.0,1910451916.0,319244210777.0,0.0012897881374194214
3412,2024-08-06,9.76,9.81,9.57,9.64,356759089.0,1633599566.0,319244210777.0,0.0011175115380532463
3413,2024-08-07,9.64,9.72,9.57,9.6,257200532.0,1176517365.0,319244210777.0,0.0008056544905669752
3414,2024-08-08,9.62,9.66,9.57,9.64,193205630.0,882152584.0,319244210777.0,0.000605196972968631
3415,2024-08-09,9.64,9.74,9.6,9.72,238618616.0,1097379024.0,319244210777.0,0.0007474485298237124
3416,2024-08-12,9.72,9.85,9.68,9.79,261855600.0,1214114199.0,319244210777.0,0.0008202360173193952
3417,2024-08-13,9.79,9.91,9.74,9.83,293070061.0,1366129810.0,319244210777.0,0.0009180121396303619
3418,2024-08-14,9.81,9.89,9.79,9.83,220046871.0,1026107164.0,319244210777.0,0.0006892744287028221
3419,2024-08-15,9.83,9.89,9.79,9.87,279748151.0,1306291551.0,319244210777.0,0.0008762826123585089
3420,2024-08-16,9.89,10.04,9.87,10.04,373228603.0,1766047987.0,319244210777.0,0.0011691006145157928
3421,2024-08-19,10.04,10.33,10.0,10.31,416477384.0,2012372782.0,319244210777.0,0.0013045730194647751
3422,2024-08-20,10.31,10.42,10.25,10.38,415826992.0,2039455379.0,319244210777.0,0.001302535732716749
3423,2024-08-21,10.33,10.35,10.12,10.27,391082286.0,1899024402.0,319244210777.0,0.0012250254595005973
3424,2024-08-22,10.25,10.42,10.23,10.35,402336003.0,1974984762.0,319244210777.0,0.0012602765826849767
3425,2024-08-23,10.35,10.4,10.19,10.38,345371159.0,1687332645.0,319244210777.0,0.00108184000630555
3426,2024-08-26,10.35,10.4,10.25,10.38,273402350.0,1340854619.0,319244210777.0,0.0008564050365535941
3427,2024-08-27,10.38,10.54,10.35,10.5,381702624.0,1895568752.0,319244210777.0,0.0011956446228765876
3428,2024-08-28,10.5,10.57,10.35,10.42,357092958.0,1769421943.0,319244210777.0,0.001118557348717087
3429,2024-08-29,10.4,10.44,9.91,9.93,646856979.0,3091178180.0,319244210777.0,0.002026213654511172
3430,2024-08-30,9.85,9.95,9.49,9.53,888808394.0,4067361725.0,319244210777.0,0.0027841018380153327
3431,2024-09-02,9.55,9.93,9.51,9.89,683283521.0,3176595332.0,319244210777.0,0.002140316090108492
3432,2024-09-03,9.87,9.87,9.36,9.45,700503025.0,3161268035.0,319244210777.0,0.0021942544339177343
3433,2024-09-04,9.38,9.66,9.36,9.53,492974830.0,2220956634.0,319244210777.0,0.001544193483728841
3434,2024-09-05,9.53,9.62,9.43,9.49,345648125.0,1559020522.0,319244210777.0,0.0010827075741130473
3435,2024-09-06,9.51,9.64,9.49,9.51,282334697.0,1282641618.0,319244210777.0,0.0008843847044644383
3436,2024-09-09,9.49,9.57,9.36,9.53,352387584.0,1586832808.0,319244210777.0,0.001103818243539431
3437,2024-09-10,9.53,9.81,9.51,9.7,391287451.0,1794528986.0,319244210777.0,0.0012256681179829568
3438,2024-09-11,9.7,9.72,9.36,9.41,458307211.0,2060811207.0,319244210777.0,0.0014356006954191535
3439,2024-09-12,9.38,9.49,9.24,9.45,366433223.0,1629378411.0,319244210777.0,0.0011478147782481253
3440,2024-09-13,9.45,9.51,9.28,9.36,332610579.0,1479707800.0,319244210777.0,0.001041868788130779
3441,2024-09-18,9.38,9.49,9.36,9.49,283111784.0,1267274924.0,319244210777.0,0.0008868188504059063
3442,2024-09-19,9.49,9.57,9.36,9.49,385250181.0,1723907245.0,319244210777.0,0.0012067569841355927
3443,2024-09-20,9.49,9.6,9.47,9.57,432598866.0,1957951622.0,319244210777.0,0.001355071921107384
3444,2024-09-23,9.55,9.76,9.53,9.74,314067992.0,1440471519.0,319244210777.0,0.0009837860214774083
3445,2024-09-24,9.81,10.12,9.76,10.12,596147576.0,2812463058.0,319244210777.0,0.0018673716104328165
3446,2024-09-25,10.27,10.48,10.04,10.21,610847482.0,2972679602.0,319244210777.0,0.0019134175699326687
3447,2024-09-26,10.21,10.33,10.12,10.31,547069487.0,2655323233.0,319244210777.0,0.001713639491436672
3448,2024-09-27,10.38,10.4,9.85,9.91,825882040.0,3903521211.0,319244210777.0,0.0025869914382782625
3449,2024-09-30,9.89,10.33,9.62,10.12,1767690237.0,8293258729.0,319244210777.0,0.005537109765272378
3450,2024-10-08,10.59,10.9,9.93,10.04,1654129811.0,8075753358.0,319244210777.0,0.005181393288147833
3451,2024-10-09,9.95,10.12,9.81,9.85,1039787124.0,4895959513.0,319244210777.0,0.0032570273442681695
3452,2024-10-10,9.89,10.33,9.87,10.17,1079928263.0,5189021070.0,319244210777.0,0.003382765376924428
3453,2024-10-11,10.17,10.42,10.08,10.19,726585464.0,3538844119.0,319244210777.0,0.0022759550196120486
3454,2024-10-14,10.33,10.67,10.29,10.61,956934793.0,4771269085.0,319244210777.0,0.0029975008494936895
3455,2024-10-15,10.57,10.65,10.38,10.38,597249678.0,2973252225.0,319244210777.0,0.0018708238327842183
3456,2024-10-16,10.38,10.63,10.33,10.59,558952197.0,2797490475.0,319244210777.0,0.0017508608711794057
3457,2024-10-17,10.59,10.65,10.5,10.5,423090837.0,2120595508.0,319244210777.0,0.0013252889879200955
3458,2024-10-18,10.52,10.57,10.25,10.46,699459832.0,3451194377.0,319244210777.0,0.0021909867380135203
3459,2024-10-21,10.4,10.4,10.14,10.21,718684413.0,3482311207.0,319244210777.0,0.002251205781463705
3460,2024-10-22,10.21,10.31,10.14,10.25,495719764.0,2399362095.0,319244210777.0,0.0015527917101252388
3461,2024-10-23,10.23,10.27,10.19,10.23,379048777.0,1837406498.0,319244210777.0,0.0011873317172375443
3462,2024-10-24,10.23,10.33,10.19,10.27,328284083.0,1597904936.0,319244210777.0,0.0010283164797287884
3463,2024-10-25,10.27,10.29,10.12,10.17,382415051.0,1846864873.0,319244210777.0,0.0011978762279486609
3464,2024-10-28,10.12,10.14,9.95,10.04,546379124.0,2594001813.0,319244210777.0,0.0017114769995990918
3465,2024-10-29,10.02,10.12,10.0,10.1,428848378.0,2047035344.0,319244210777.0,0.0013433238991436597
3466,2024-10-30,10.08,10.12,9.93,9.93,386774559.0,1831560686.0,319244210777.0,0.00121153194308094
3467,2024-10-31,9.98,10.06,9.91,9.98,379583735.0,1794205039.0,319244210777.0,0.0011890074187285691
3468,2024-11-01,9.95,10.1,9.93,10.08,455425800.0,2169204804.0,319244210777.0,0.0014265749687098514
3469,2024-11-04,10.06,10.1,9.93,10.08,378411629.0,1795958399.0,319244210777.0,0.0011853359159716445
3470,2024-11-05,10.04,10.12,10.02,10.12,364239869.0,1741594887.0,319244210777.0,0.0011409443200660907
3471,2024-11-06,10.1,10.14,10.02,10.06,323639300.0,1545769938.0,319244210777.0,0.001013767169692139
3472,2024-11-07,10.04,10.12,9.98,10.12,441466465.0,2105362940.0,319244210777.0,0.0013828487724977894
3473,2024-11-08,10.1,10.14,10.0,10.04,464151867.0,2214104975.0,319244210777.0,0.0014539084855143124
3474,2024-11-11,9.98,10.0,9.87,9.89,496011583.0,2333128901.0,319244210777.0,0.00155370580344361
3475,2024-11-12,9.87,9.95,9.79,9.81,452765323.0,2115787157.0,319244210777.0,0.0014182412952705595
3476,2024-11-13,9.81,9.89,9.76,9.83,336614896.0,1569033564.0,319244210777.0,0.0010544119036042094
3477,2024-11-14,9.81,9.95,9.79,9.89,451701588.0,2121665775.0,319244210777.0,0.0014149092536419549
3478,2024-11-15,9.89,10.02,9.81,9.91,513685557.0,2421716445.0,319244210777.0,0.0016090677282753361
3479,2024-11-18,9.95,10.19,9.95,10.12,705066789.0,3377855459.0,319244210777.0,0.0022085499601823843
3480,2024-11-19,10.12,10.17,9.91,10.02,568459472.0,2708267165.0,319244210777.0,0.0017806414425384303
3481,2024-11-20,10.0,10.1,9.98,10.06,361954630.0,1725711317.0,319244210777.0,0.0011337860414729157
3482,2024-11-21,10.04,10.08,10.02,10.06,218603300.0,1041078305.0,319244210777.0,0.00068475258946105
3483,2024-11-22,10.06,10.1,9.91,9.91,319265800.0,1513295000.0,319244210777.0,0.0010000676260438599
3484,2024-11-25,9.95,10.02,9.91,9.98,331071600.0,1567610887.0,319244210777.0,0.001037048093038911
3485,2024-11-26,9.98,10.19,9.93,10.14,505542900.0,2416670303.0,319244210777.0,0.0015835616839208221
3486,2024-11-27,10.12,10.25,10.1,10.19,427256585.0,2060642417.0,319244210777.0,0.0013383377695718008
3487,2024-11-28,10.17,10.27,10.1,10.23,401482270.0,1945257350.0,319244210777.0,0.0012576023509489583
3488,2024-11-29,10.27,10.29,10.12,10.14,428412159.0,2073798801.0,319244210777.0,0.0013419574875212271
3489,2024-12-02,10.17,10.17,10.06,10.17,354507693.0,1701339234.0,319244210777.0,0.0011104592692132871
3490,2024-12-03,10.14,10.31,10.14,10.31,467673140.0,2271131514.0,319244210777.0,0.0014649385148183041
3491,2024-12-04,10.31,10.4,10.25,10.35,380647781.0,1865150832.0,319244210777.0,0.0011923404345330225
3492,2024-12-05,10.33,10.44,10.33,10.38,277911802.0,1367102074.0,319244210777.0,0.0008705304360057081
3493,2024-12-06,10.38,10.54,10.35,10.44,510451849.0,2532918132.0,319244210777.0,0.0015989384670676559
3494,2024-12-09,10.44,10.65,10.38,10.57,505562236.0,2528957699.0,319244210777.0,0.0015836222519729506
3495,2024-12-10,10.63,10.71,10.48,10.65,622946558.0,3126319108.0,319244210777.0,0.0019513166941503087
3496,2024-12-11,10.63,10.69,10.48,10.48,469504266.0,2350122021.0,319244210777.0,0.0014706743306551623
3497,2024-12-12,10.5,10.61,10.42,10.61,419912500.0,2098175081.0,319244210777.0,0.001315333170734674
3498,2024-12-13,10.57,10.63,10.5,10.54,487565968.0,2442767759.0,319244210777.0,0.0015272507739868678
3499,2024-12-16,10.52,10.84,10.52,10.78,566716083.0,2881011781.0,319244210777.0,0.0017751804539248646
3500,2024-12-17,10.78,10.97,10.73,10.76,428242394.0,2200438055.0,319244210777.0,0.0013414257159361238
3501,2024-12-18,10.8,10.95,10.71,10.76,544508325.0,2789248905.0,319244210777.0,0.0017056169121273512
3502,2024-12-19,10.76,10.78,10.61,10.63,482170021.0,2441451621.0,319244210777.0,0.0015103485191680036
3503,2024-12-20,10.63,10.76,10.61,10.63,504798615.0,2551785325.0,319244210777.0,0.0015812302869060149
3504,2024-12-23,10.65,10.97,10.63,10.95,695987733.0,3585169517.0,319244210777.0,0.0021801107412599712
3505,2024-12-24,10.92,11.09,10.86,11.07,432904076.0,2256538387.0,319244210777.0,0.0013560279603704207
3506,2024-12-25,11.09,11.43,11.07,11.2,566560001.0,3014540717.0,319244210777.0,0.0017746915429447088
3507,2024-12-26,11.2,11.24,10.99,11.18,430140127.0,2265639362.0,319244210777.0,0.0013473701714217256
3508,2024-12-27,11.14,11.24,10.88,11.2,513680713.0,2697504399.0,319244210777.0,0.0016090525549383218
3509,2024-12-30,11.16,11.37,11.14,11.32,420717713.0,2249306805.0,319244210777.0,0.0013178554185086907
3510,2024-12-31,11.32,11.47,11.26,11.26,463019101.0,2495023167.0,319244210777.0,0.0014503602113036603
3511,2025-01-02,11.26,11.39,10.9,10.97,640437445.0,3368830351.0,319244210777.0,0.0020061051175877436
3512,2025-01-03,10.95,11.03,10.76,10.86,533097569.0,2745987063.0,319244210777.0,0.0016698738802577123
3513,2025-01-06,10.88,10.99,10.65,10.95,494520558.0,2545070499.0,319244210777.0,0.0015490353193763468
3514,2025-01-07,10.9,11.09,10.8,11.09,526716170.0,2733842079.0,319244210777.0,0.0016498847973406925
3515,2025-01-08,11.13,11.3,11.09,11.17,533196411.0,2763161806.0,319244210777.0,0.001670183492763322
3516,2025-01-09,11.17,11.21,10.98,11.09,404790000.0,2081123639.0,319244210777.0,0.00126796347853824
3517,2025-01-10,11.09,11.15,10.91,11.0,354495999.0,1811152318.0,319244210777.0,0.001110422638948414
3518,2025-01-13,10.96,11.0,10.7,10.85,428715940.0,2153668607.0,319244210777.0,0.0013429090505871967
3519,2025-01-14,10.83,11.0,10.8,10.89,456482340.0,2306057898.0,319244210777.0,0.0014298844727332087
3520,2025-01-15,10.89,11.13,10.87,10.93,474262127.0,2420481997.0,319244210777.0,0.0014855778460185888
3521,2025-01-16,10.98,11.04,10.87,11.0,351748261.0,1787483507.0,319244210777.0,0.0011018156293073858
3522,2025-01-17,10.96,11.02,10.87,10.89,339698192.0,1721481436.0,319244210777.0,0.0010640700145296844
3523,2025-01-20,10.91,10.93,10.78,10.8,348904694.0,1752911601.0,319244210777.0,0.001092908445076608
3524,2025-01-21,10.83,10.89,10.72,10.8,307439396.0,1541776282.0,319244210777.0,0.0009630226191157278
3525,2025-01-22,10.8,10.83,10.57,10.63,474527102.0,2347048793.0,319244210777.0,0.0014864078532389393
3526,2025-01-23,10.65,10.96,10.65,10.91,656489943.0,3305326860.0,319244210777.0,0.0020563879338710215
3527,2025-01-24,10.89,10.96,10.72,10.87,427648938.0,2152748096.0,319244210777.0,0.0013395667754135827
3528,2025-01-27,10.87,11.21,10.87,11.13,564788552.0,2902113570.0,319244210777.0,0.0017691426592368776
3529,2025-02-05,11.15,11.19,10.87,10.89,499457595.0,2537287331.0,319244210777.0,0.0015645000853245967
3530,2025-02-06,10.89,10.96,10.8,10.87,348691239.0,1755583016.0,319244210777.0,0.001092239819012942
3531,2025-02-07,10.85,10.87,10.74,10.83,476028741.0,2383650927.0,319244210777.0,0.00149111158458099
3532,2025-02-10,10.83,10.89,10.76,10.83,328317651.0,1649828119.0,319244210777.0,0.0010284216280724917
3533,2025-02-11,10.83,11.02,10.8,11.02,482172342.0,2450542461.0,319244210777.0,0.0015103557894642898
3534,2025-02-12,11.02,11.11,10.93,11.09,380808837.0,1947113779.0,319244210777.0,0.0011928449260619621
3535,2025-02-13,11.04,11.19,11.02,11.13,377767628.0,1951630255.0,319244210777.0,0.0011833186483806908
3536,2025-02-14,11.15,11.24,11.09,11.24,359921296.0,1862561761.0,319244210777.0,0.001127416829655257
3537,2025-02-17,11.21,11.32,11.11,11.3,393042238.0,2045429681.0,319244210777.0,0.0012311648096715207
3538,2025-02-18,11.28,11.49,11.26,11.41,459200967.0,2430271469.0,319244210777.0,0.001438400295129434
3539,2025-02-19,11.39,11.45,11.32,11.32,350572483.0,1848642900.0,319244210777.0,0.0010981326243841695
3540,2025-02-20,11.32,11.43,11.3,11.37,257506127.0,1357245208.0,319244210777.0,0.0008066117358033297
3541,2025-02-21,11.37,11.39,11.15,11.17,494717033.0,2578359116.0,319244210777.0,0.001549650757318109
3542,2025-02-24,11.13,11.19,11.02,11.09,438225855.0,2255477743.0,319244210777.0,0.0013726978914775424
3543,2025-02-25,11.09,11.15,11.0,11.02,413169171.0,2117910825.0,319244210777.0,0.0012942103789271497
3544,2025-02-26,11.02,11.19,11.02,11.04,449048190.0,2309036564.0,319244210777.0,0.001406597754449716
3545,2025-02-27,11.04,11.17,10.96,11.13,429727954.0,2204493628.0,319244210777.0,0.0013460790814470733
3546,2025-02-28,11.11,11.21,11.06,11.06,526431366.0,2719745630.0,319244210777.0,0.0016489926777958877
3547,2025-03-03,11.09,11.13,10.96,11.02,455197311.0,2324643486.0,319244210777.0,0.001425859250171232
3548,2025-03-04,11.02,11.06,10.93,10.96,414261193.0,2109785951.0,319244210777.0,0.0012976310267044176
3549,2025-03-05,10.96,11.21,10.91,11.13,632038292.0,3250651702.0,319244210777.0,0.0019797956256174505
3550,2025-03-06,11.11,11.13,11.0,11.02,606352532.0,3101279405.0,319244210777.0,0.0018993375965196508
3551,2025-03-07,11.02,11.06,10.98,11.0,363698681.0,1856290633.0,319244210777.0,0.0011392491037341083
3552,2025-03-10,11.0,11.02,10.87,10.91,471574624.0,2388029586.0,319244210777.0,0.0014771595163847984
3553,2025-03-11,10.89,10.98,10.87,10.98,433933060.0,2197131278.0,319244210777.0,0.0013592511480282191
3554,2025-03-12,10.93,10.96,10.85,10.89,413644672.0,2085780918.0,319244210777.0,0.0012956998374167577
3555,2025-03-13,10.89,11.0,10.87,10.96,383534700.0,1948207196.0,319244210777.0,0.001201383414491762
3556,2025-03-14,10.98,11.04,10.96,10.98,517636031.0,2639636094.0,319244210777.0,0.0016214421860309993
3557,2025-03-17,11.0,11.09,10.98,11.06,380446373.0,1948775511.0,319244210777.0,0.001191709544470804
3558,2025-03-18,11.09,11.09,11.02,11.04,273808270.0,1403313347.0,319244210777.0,0.0008576765396421295
3559,2025-03-19,11.06,11.17,11.04,11.15,423575341.0,2185952585.0,319244210777.0,0.0013268066473909464
3560,2025-03-20,11.15,11.19,11.06,11.09,289062972.0,1487461842.0,319244210777.0,0.0009054603411490449
3561,2025-03-21,11.09,11.11,10.96,10.98,333636660.0,1704161131.0,319244210777.0,0.0010450828824365229
3562,2025-03-24,10.98,11.11,10.96,11.09,389400752.0,1997091518.0,319244210777.0,0.001219758225379398
3563,2025-03-25,11.11,11.15,11.09,11.15,256160980.0,1321135170.0,319244210777.0,0.000802398199724708
3564,2025-03-26,11.15,11.15,11.06,11.11,252538632.0,1301188691.0,319244210777.0,0.0007910515632698645
3565,2025-03-27,11.11,11.21,11.09,11.11,351414202.0,1815696022.0,319244210777.0,0.001100769223487882
3566,2025-03-28,11.09,11.11,11.0,11.0,315648172.0,1613748647.0,319244210777.0,0.0009887357745086507
3567,2025-03-31,11.06,11.19,11.0,11.17,560112297.0,2891701297.0,319244210777.0,0.00175449476636321
3568,2025-04-01,11.15,11.17,11.0,11.06,479432838.0,2458033237.0,319244210777.0,0.0015017745719902679
3569,2025-04-02,11.04,11.17,11.04,11.15,386085415.0,1989944950.0,319244210777.0,0.0012093732696367993
3570,2025-04-03,11.13,11.26,11.11,11.26,500442189.0,2597099711.0,319244210777.0,0.0015675842258250732
3571,2025-04-07,11.13,11.15,10.61,10.85,1099362749.0,5559714273.0,319244210777.0,0.0034436419264245706
3572,2025-04-08,10.83,11.06,10.83,11.02,740559077.0,3761019087.0,319244210777.0,0.0023197259402060037
3573,2025-04-09,10.98,11.04,10.85,10.96,579354616.0,2938660333.0,319244210777.0,0.0018147693722931552
3574,2025-04-10,10.96,10.98,10.89,10.96,470964082.0,2389180889.0,319244210777.0,0.0014752470557061411
3575,2025-04-11,10.98,11.06,10.91,11.06,486043471.0,2477601436.0,319244210777.0,0.0015224817070825865
3576,2025-04-14,11.04,11.21,11.02,11.17,457336353.0,2366083009.0,319244210777.0,0.0014325595815407309
3577,2025-04-15,11.17,11.43,11.15,11.43,603848637.0,3178125422.0,319244210777.0,0.0018914944002596285
3578,2025-04-16,11.43,11.6,11.39,11.58,502554790.0,2677975122.0,319244210777.0,0.0015742017334530367
3579,2025-04-17,11.56,11.6,11.43,11.58,346221134.0,1850574675.0,319244210777.0,0.0010845024664890293
3580,2025-04-18,11.56,11.73,11.56,11.69,355933274.0,1924964705.0,319244210777.0,0.0011149247566109451
3581,2025-04-21,11.67,11.9,11.56,11.58,443958377.0,2411877272.0,319244210777.0,0.001390654433229851
3582,2025-04-22,11.58,11.93,11.56,11.86,488773117.0,2678068003.0,319244210777.0,0.0015310320453748812
3583,2025-04-23,11.88,11.93,11.75,11.82,311756974.0,1711597137.0,319244210777.0,0.000976546992790325
3584,2025-04-24,11.82,12.12,11.8,12.06,396038873.0,2204899037.0,319244210777.0,0.0012405514638341962
3585,2025-04-25,12.08,12.19,11.88,11.97,402521523.0,2238535150.0,319244210777.0,0.0012608577052041557
3586,2025-04-28,11.95,12.14,11.95,12.1,315202274.0,1765433880.0,319244210777.0,0.0009873390444037735
3587,2025-04-29,12.08,12.14,11.97,12.06,298269012.0,1666368542.0,319244210777.0,0.0009342973245279874
3588,2025-04-30,12.01,12.03,11.58,11.69,655943330.0,3556414275.0,319244210777.0,0.0020546757242786546
3589,2025-05-06,11.69,11.73,11.52,11.6,483562362.0,2598219463.0,319244210777.0,0.0015147098856485774
3590,2025-05-07,11.65,11.78,11.56,11.78,498874191.0,2706911004.0,319244210777.0,0.001562672631669039
3591,2025-05-08,11.78,11.88,11.71,11.73,359551185.0,1961037420.0,319244210777.0,0.0011262574946148528
3592,2025-05-09,11.75,11.93,11.73,11.88,397102737.0,2183767533.0,319244210777.0,0.0012438839095421721
3593,2025-05-12,11.86,11.97,11.78,11.9,362902508.0,2000386590.0,319244210777.0,0.0011367551728400688
3594,2025-05-13,11.9,12.16,11.86,12.14,404077358.0,2259194245.0,319244210777.0,0.0012657312000005478
3595,2025-05-14,12.12,12.27,12.06,12.16,403280989.0,2276243660.0,319244210777.0,0.0012632366551564556
3596,2025-05-15,12.16,12.31,12.12,12.21,414514905.0,2347503088.0,319244210777.0,0.0012984257537235308
3597,2025-05-16,12.19,12.21,11.97,12.06,410681078.0,2293009279.0,319244210777.0,0.0012864166808239192
3598,2025-05-19,12.03,12.14,11.97,11.99,304683003.0,1701416799.0,319244210777.0,0.0009543884985680403
3599,2025-05-20,12.01,12.1,11.93,12.01,298151512.0,1659489244.0,319244210777.0,0.0009339292677362479
3600,2025-05-21,12.01,12.12,11.97,12.03,267112694.0,1492689970.0,319244210777.0,0.0008367033292471664
3601,2025-05-22,12.03,12.14,11.97,12.1,312516336.0,1747239330.0,319244210777.0,0.0009789256169732093
3602,2025-05-23,12.1,12.19,11.95,11.95,408539815.0,2279497273.0,319244210777.0,0.001279709392397957
3603,2025-05-26,11.95,11.99,11.82,11.86,328404738.0,1811191197.0,319244210777.0,0.001028694419236936
3604,2025-05-27,11.86,11.99,11.84,11.93,244988260.0,1355685744.0,319244210777.0,0.0007674007913995671
3605,2025-05-28,11.93,11.97,11.84,11.9,246485949.0,1360418870.0,319244210777.0,0.0007720921497686188
3606,2025-05-29,11.93,11.95,11.84,11.88,245439721.0,1351989726.0,319244210777.0,0.0007688149470357843
3607,2025-05-30,11.88,11.99,11.84,11.93,407222638.0,2251623255.0,319244210777.0,0.0012755834694977604
3608,2025-06-03,11.9,12.03,11.86,12.01,361998654.0,2008837467.0,319244210777.0,0.0011339239421724863
3609,2025-06-04,12.03,12.08,11.97,12.01,254910639.0,1421660587.0,319244210777.0,0.0007984816337924493
3610,2025-06-05,12.01,12.14,11.97,12.01,356117416.0,1987878507.0,319244210777.0,0.0011155015626853665
3611,2025-06-06,12.03,12.12,12.01,12.1,280110616.0,1567893982.0,319244210777.0,0.0008774179970820653
3612,2025-06-09,12.12,12.16,11.93,12.06,403543131.0,2249735937.0,319244210777.0,0.0012640577882926274
3613,2025-06-10,12.03,12.23,12.01,12.12,419223261.0,2359550808.0,319244210777.0,0.0013131741997127015
3614,2025-06-11,12.1,12.16,12.06,12.12,237239493.0,1331929176.0,319244210777.0,0.0007431285673829107
3615,2025-06-12,12.12,12.19,12.08,12.14,236750711.0,1332901022.0,319244210777.0,0.0007415975075124424
3616,2025-06-13,12.14,12.19,12.08,12.08,305518916.0,1716495032.0,319244210777.0,0.0009570069109676434
3617,2025-06-16,12.08,12.16,11.93,12.14,421998921.0,2356749251.0,319244210777.0,0.0013218686721770399
3618,2025-06-17,12.14,12.23,12.12,12.16,244868740.0,1382040092.0,319244210777.0,0.0007670264071634079
3619,2025-06-18,12.19,12.36,12.16,12.36,380723980.0,2169312855.0,319244210777.0,0.0011925791201455652
3620,2025-06-19,12.38,12.42,12.27,12.38,303338373.0,1737452625.0,319244210777.0,0.0009501765819393021
3621,2025-06-20,12.38,12.49,12.31,12.44,327799909.0,1887045413.0,319244210777.0,0.0010267998539493528
3622,2025-06-23,12.42,12.79,12.38,12.7,443980699.0,2590508263.0,319244210777.0,0.0013907243546230868
3623,2025-06-24,12.7,12.9,12.66,12.85,450823117.0,2672215435.0,319244210777.0,0.0014121575326385828
3624,2025-06-25,12.85,13.09,12.77,12.98,458850073.0,2756476005.0,319244210777.0,0.0014373011553857687
3625,2025-06-26,12.96,13.13,12.9,13.11,345406418.0,2086357100.0,319244210777.0,0.001081950451534656
3626,2025-06-27,13.09,13.13,12.62,12.68,732883819.0,4355922838.0,319244210777.0,0.002295683975650658
3627,2025-06-30,12.62,12.72,12.51,12.68,392937008.0,2304487884.0,319244210777.0,0.0012308351874060334
3628,2025-07-01,12.7,12.92,12.68,12.85,314547507.0,1873152905.0,319244210777.0,0.0009852880534135019
3629,2025-07-02,12.88,12.98,12.85,12.9,275379690.0,1649522723.0,319244210777.0,0.0008625988528648983
3630,2025-07-03,12.92,12.94,12.75,12.83,309911830.0,1845636761.0,319244210777.0,0.0009707672669951127
3631,2025-07-04,12.83,13.09,12.81,13.0,374680422.0,2254998658.0,319244210777.0,0.001173648289778146
3632,2025-07-07,13.0,13.13,12.98,13.11,267920682.0,1623973274.0,319244210777.0,0.0008392342694262645
3633,2025-07-08,13.11,13.2,13.03,13.2,289730860.0,1763855137.0,319244210777.0,0.0009075524323364604
3634,2025-07-09,13.18,13.52,13.16,13.37,383411839.0,2376919893.0,319244210777.0,0.0012009985649131243
3635,2025-07-10,13.39,13.69,13.37,13.61,560600459.0,3529574218.0,319244210777.0,0.0017560238841467773
3636,2025-07-11,13.65,14.04,13.52,13.63,989961654.0,6343713672.0,319244210777.0,0.003100954130352305
3637,2025-07-14,13.63,13.95,13.61,13.76,523567635.0,3356945091.0,319244210777.0,0.0016400223318872491
3638,2025-07-15,13.8,13.85,13.54,13.65,415786764.0,2637998505.0,319244210777.0,0.0013024097226008505
3639,2025-07-16,13.61,13.65,13.46,13.57,447861965.0,2810813786.0,319244210777.0,0.0014028820253622163
3640,2025-07-17,13.6,13.67,13.49,13.49,404638243.0,2490734816.0,319244210777.0,0.0012674881151804186
3641,2025-07-18,13.53,13.73,13.49,13.69,403551549.0,2504186140.0,319244210777.0,0.0012640841568209071
3642,2025-07-21,13.69,13.71,13.51,13.62,374360016.0,2316276127.0,319244210777.0,0.001172644650591643
3643,2025-07-22,13.6,13.62,13.38,13.42,560928328.0,3429760548.0,319244210777.0,0.0017570509004212526
3644,2025-07-23,13.4,13.86,13.36,13.75,627822114.0,3903727960.0,319244210777.0,0.0019665888771231294
3645,2025-07-24,13.78,13.82,13.62,13.64,438895992.0,2732429784.0,319244210777.0,0.0013747970274285717
3646,2025-07-25,13.62,13.73,13.56,13.6,345934008.0,2144477037.0,319244210777.0,0.0010836030735155398
3647,2025-07-28,13.58,13.67,13.53,13.62,317334503.0,1964162542.0,319244210777.0,0.0009940180347441476
3648,2025-07-29,13.64,13.84,13.49,13.51,417931454.0,2585549801.0,319244210777.0,0.0013091277457555385
3649,2025-07-30,13.53,13.8,13.45,13.71,512578522.0,3187505669.0,319244210777.0,0.0016056000538034777
3650,2025-07-31,13.75,13.95,13.58,13.86,528806016.0,3310091942.0,319244210777.0,0.0016564310272469877
3651,2025-08-01,13.89,14.06,13.75,13.93,537025200.0,3404887173.0,319244210777.0,0.001682176784640663
3652,2025-08-04,13.95,14.26,13.93,14.06,542749286.0,3479649345.0,319244210777.0,0.001700106901481524
3653,2025-08-05,14.08,14.44,14.04,14.39,491067264.0,3189429360.0,319244210777.0,0.0015382182273714672
3654,2025-08-06,14.44,14.57,14.41,14.57,437604532.0,2883879126.0,319244210777.0,0.0013707516604135935
3655,2025-08-07,14.57,14.83,14.44,14.77,431012867.0,2881395034.0,319244210777.0,0.0013501039406508555
3656,2025-08-08,14.79,14.85,14.66,14.77,389260296.0,2607186062.0,319244210777.0,0.0012193182612539463
3657,2025-08-11,14.72,14.92,14.57,14.83,498159991.0,3343320542.0,319244210777.0,0.0015604354728549082
3658,2025-08-12,14.83,15.14,14.81,15.07,472222542.0,3231456855.0,319244210777.0,0.0014791890535796094
3659,2025-08-13,15.1,15.29,14.74,14.96,716059337.0,4885028306.0,319244210777.0,0.002242982998054067
3660,2025-08-14,14.92,15.27,14.85,15.23,575128657.0,3960084279.0,319244210777.0,0.0018015319858117698
3661,2025-08-15,15.25,15.29,14.74,15.07,744214245.0,5072662102.0,319244210777.0,0.002331175381970676
3662,2025-08-18,14.94,15.27,14.81,15.25,589478113.0,4043621056.0,319244210777.0,0.00184648019635277
3663,2025-08-19,15.23,15.6,15.21,15.45,544434491.0,3828327526.0,319244210777.0,0.0017053856346366167
3664,2025-08-20,15.45,15.71,15.36,15.58,475157765.0,3358732685.0,319244210777.0,0.0014883833409023335
3665,2025-08-21,15.56,15.93,15.47,15.91,477400854.0,3422413035.0,319244210777.0,0.0014954095889102162
3666,2025-08-22,15.91,16.09,15.8,16.06,518361195.0,3755078285.0,319244210777.0,0.0016237136884592973
3667,2025-08-25,16.04,16.04,15.62,15.98,748795450.0,5368571641.0,319244210777.0,0.0023455255403928127
3668,2025-08-26,15.87,16.15,15.76,16.02,534420033.0,3891342369.0,319244210777.0,0.0016740163641473381
3669,2025-08-27,15.89,15.93,15.62,15.65,621796292.0,4442922385.0,319244210777.0,0.0019477136029706743
3670,2025-08-28,15.58,15.58,15.12,15.45,575732614.0,4017333889.0,319244210777.0,0.0018034238196480985
3671,2025-08-29,15.38,15.62,15.34,15.45,446247266.0,3137902032.0,319244210777.0,0.0013978241450765564
3672,2025-09-01,15.4,15.58,15.25,15.51,459122027.0,3226618787.0,319244210777.0,0.0014381530236133495
3673,2025-09-02,15.47,15.84,15.45,15.82,570618934.0,4073081397.0,319244210777.0,0.001787405737479736
3674,2025-09-03,15.82,15.84,15.65,15.73,454533431.0,3253671271.0,319244210777.0,0.0014237797136359128
3675,2025-09-04,15.67,16.61,15.51,16.55,961631006.0,7022880276.0,319244210777.0,0.0030122112587711827
3676,2025-09-05,16.39,16.48,15.93,16.06,624118223.0,4589002390.0,319244210777.0,0.001954986815519615
3677,2025-09-08,15.91,16.17,15.78,15.98,469395031.0,3417018998.0,319244210777.0,0.0014703321631347735
3678,2025-09-09,15.95,16.28,15.95,16.09,393328542.0,2882673380.0,319244210777.0,0.001232061627813667
3679,2025-09-10,16.04,16.15,15.95,16.04,314814910.0,2298638093.0,319244210777.0,0.0009861256660967487
3680,2025-09-11,16.02,16.17,15.84,16.02,443981510.0,3220286308.0,319244210777.0,0.0013907268949980493
3681,2025-09-12,15.98,16.04,15.89,15.93,264975949.0,1919632978.0,319244210777.0,0.0008300101929963964
3682,2025-09-15,15.89,15.91,15.62,15.76,370893761.0,2654602798.0,319244210777.0,0.0011617869595733359
3683,2025-09-16,15.69,15.78,15.47,15.49,411999513.0,2916343399.0,319244210777.0,0.001290546544281086
3684,2025-09-17,15.4,15.49,15.18,15.32,430570131.0,2996698762.0,319244210777.0,0.0013487171151891739
3685,2025-09-18,15.29,15.4,14.85,14.9,563447268.0,3850360383.0,319244210777.0,0.0017649412236126088
3686,2025-09-19,14.79,14.85,14.59,14.63,500934662.0,3343181951.0,319244210777.0,0.0015691268473773995
3687,2025-09-22,14.52,14.61,14.22,14.28,500673726.0,3269667642.0,319244210777.0,0.0015683094919134901
3688,2025-09-23,14.17,14.79,14.06,14.63,744907881.0,4930463605.0,319244210777.0,0.002333348126147655
3689,2025-09-24,14.57,14.74,14.37,14.46,474622656.0,3133503954.0,319244210777.0,0.0014867071664191765
3690,2025-09-25,14.41,14.61,14.17,14.55,466805969.0,3042998736.0,319244210777.0,0.0014622221899149035
3691,2025-09-26,14.5,14.7,14.48,14.57,398271364.0,2641249055.0,319244210777.0,0.0012475445146856632
3692,2025-09-29,14.5,14.72,14.35,14.57,443382828.0,2925870909.0,319244210777.0,0.001388851584562371
3693,2025-09-30,14.55,14.7,14.52,14.68,308745951.0,2051825282.0,319244210777.0,0.0009671152696819511
3694,2025-10-09,14.61,14.83,14.39,14.74,396175668.0,2630730713.0,319244210777.0,0.0012409799602497366
3695,2025-10-10,14.74,15.03,14.7,15.03,472481157.0,3200498381.0,319244210777.0,0.0014799991387472325
3696,2025-10-13,14.96,15.32,14.81,15.21,572781698.0,3922520938.0,319244210777.0,0.0017941803755999893
3697,2025-10-14,15.14,15.69,15.03,15.69,601388760.0,4224621189.0,319244210777.0,0.001883789085904787
3698,2025-10-15,15.65,16.06,15.58,16.0,524169034.0,3779542593.0,319244210777.0,0.0016419061530489117
3699,2025-10-16,15.95,16.5,15.91,16.48,532254311.0,3929947725.0,319244210777.0,0.0016672324603931277
3700,2025-10-17,16.48,16.92,16.44,16.77,603133088.0,4575465343.0,319244210777.0,0.0018892530158402885
3701,2025-10-20,16.59,17.08,16.33,17.05,561704810.0,4294455486.0,319244210777.0,0.0017594831512617929
3702,2025-10-21,17.05,17.36,16.9,17.34,506067448.0,3946308013.0,319244210777.0,0.0015852047771462978
3703,2025-10-22,17.32,17.82,17.21,17.8,494518482.0,3949555770.0,319244210777.0,0.0015490288165176266
3704,2025-10-23,17.8,18.2,17.38,17.58,713519968.0,5749085935.0,319244210777.0,0.0022350286830993197
3705,2025-10-24,17.27,17.76,17.27,17.58,505912014.0,4045372039.0,319244210777.0,0.0015847178959601936
3706,2025-10-27,17.43,18.04,17.38,18.0,522010198.0,4217814928.0,319244210777.0,0.0016351438189888964
3707,2025-10-28,18.0,18.35,17.98,18.29,446537481.0,3691972448.0,319244210777.0,0.0013987332140281707
3708,2025-10-29,18.26,18.26,17.85,17.93,406451779.0,3328852190.0,319244210777.0,0.0012731688321324537
3709,2025-10-30,17.82,18.13,17.67,17.74,370225530.0,3005587296.0,319244210777.0,0.001159693793973328
3710,2025-10-31,17.71,17.76,17.3,17.52,382862670.0,3035832303.0,319244210777.0,0.0011992783489108878
3711,2025-11-03,17.47,17.74,17.34,17.63,271839281.0,2175462418.0,319244210777.0,0.0008515088819884239
3712,2025-11-04,17.63,18.09,17.6,17.93,374084190.0,3046467432.0,319244210777.0,0.001171780653718125
3713,2025-11-05,18.0,18.11,17.76,18.0,345436362.0,2820034099.0,319244210777.0,0.0010820442480671821
3714,2025-11-06,17.89,18.0,17.74,17.96,260082040.0,2111488870.0,319244210777.0,0.0008146805211189053
3715,2025-11-07,18.0,18.22,17.78,17.78,294205277.0,2397778281.0,319244210777.0,0.0009215680882166715
3716,2025-11-10,17.74,17.89,17.6,17.87,209000578.0,1688811746.0,319244210777.0,0.0006546730400883984
3717,2025-11-11,17.87,18.26,17.85,18.26,340653165.0,2803436151.0,319244210777.0,0.001067061370262262
3718,2025-11-12,18.31,19.03,18.31,18.9,512586238.0,4368474428.0,319244210777.0,0.0016056242233882018
3719,2025-11-13,18.84,18.95,18.53,18.84,356221882.0,3034323119.0,319244210777.0,0.0011158287917986077
3720,2025-11-14,18.84,19.1,18.64,18.7,355089639.0,3049904170.0,319244210777.0,0.0011122821558322287
3721,2025-11-17,18.59,18.7,18.26,18.31,320831553.0,2682497831.0,319244210777.0,0.001004972187965873
3722,2025-11-18,18.22,18.26,17.91,18.02,280929512.0,2305253260.0,319244210777.0,0.0008799831054610298
3723,2025-11-19,18.04,18.24,18.0,18.09,231527161.0,1906326366.0,319244210777.0,0.0007252352687508168
3724,2025-11-20,18.02,18.22,17.82,17.96,308917066.0,2532502621.0,319244210777.0,0.0009676512700046618
3725,2025-11-21,17.93,18.09,17.67,17.71,333446276.0,2699331389.0,319244210777.0,0.001044486523932365
3726,2025-11-24,17.69,17.8,17.47,17.65,296834384.0,2379730639.0,319244210777.0,0.0009298034983235645
3727,2025-11-25,17.58,17.76,17.49,17.76,231308435.0,1856488671.0,319244210777.0,0.0007245501318160932
3728,2025-11-26,17.76,17.87,17.41,17.47,310154900.0,2475714918.0,319244210777.0,0.0009715286590322883
3729,2025-11-27,17.49,17.87,17.3,17.82,333658851.0,2678201856.0,319244210777.0,0.0010451523934855908
3730,2025-11-28,17.78,17.89,17.65,17.69,247427098.0,1995685221.0,319244210777.0,0.0007750402032280985
3731,2025-12-01,17.63,17.65,17.49,17.58,244576250.0,1950246836.0,319244210777.0,0.0007661102120058257
3732,2025-12-02,17.54,17.67,17.43,17.65,226671918.0,1808356617.0,319244210777.0,0.000710026714183193
3733,2025-12-03,17.6,17.78,17.52,17.56,203761790.0,1632066875.0,319244210777.0,0.000638263069842581
3734,2025-12-04,17.52,17.58,17.32,17.38,213368513.0,1687237423.0,319244210777.0,0.0006683551519405412
3735,2025-12-05,17.36,17.45,17.19,17.21,214508497.0,1682267142.0,319244210777.0,0.0006719260358015998
3736,2025-12-08,17.21,17.3,17.05,17.25,188338190.0,1474630705.0,319244210777.0,0.0005899502125398255
3737,2025-12-09,17.3,17.74,17.25,17.69,331045043.0,2642529971.0,319244210777.0,0.0010369649059391813
3738,2025-12-10,17.71,17.8,17.19,17.21,350427125.0,2769026567.0,319244210777.0,0.0010976773052426064
3739,2025-12-11,17.25,17.45,17.05,17.45,278861109.0,2172335032.0,319244210777.0,0.0008735040435699284
3740,2025-12-12,17.32,17.32,16.86,16.99,577880373.0,4448527015.0,319244210777.0,0.001810151456132947
3741,2025-12-15,16.94,16.96,16.7,16.74,280339223.0,2109081128.0,319244210777.0,0.0008781340852436754
3742,2025-12-16,16.65,16.7,16.45,16.47,285011753.0,2108085055.0,319244210777.0,0.0008927703099339451
3743,2025-12-17,16.43,16.81,16.36,16.65,285450114.0,2127547355.0,319244210777.0,0.0008941434311533811
3744,2025-12-18,16.67,17.01,16.58,16.99,272848759.0,2057380323.0,319244210777.0,0.0008546709690863952
3745,2025-12-19,16.96,16.99,16.79,16.88,222358699.0,1680884827.0,319244210777.0,0.0006965159946324698
3746,2025-12-22,16.79,17.03,16.7,16.96,191606269.0,1448703868.0,319244210777.0,0.0006001871374069857
3747,2025-12-23,16.94,17.14,16.92,17.12,231702374.0,1768735696.0,319244210777.0,0.0007257841056414642
3748,2025-12-24,17.14,17.19,16.99,17.08,203049941.0,1552456223.0,319244210777.0,0.0006360332752966832
3749,2025-12-25,17.05,17.14,16.9,16.94,177737619.0,1351613916.0,319244210777.0,0.0005567450027281908
3750,2025-12-26,16.88,16.99,16.76,16.79,189086683.0,1424620266.0,319244210777.0,0.0005922947906863744
3751,2025-12-29,16.74,17.08,16.7,17.08,286453032.0,2169201533.0,319244210777.0,0.0008972849697189796
3752,2025-12-30,17.05,17.1,16.83,17.01,225916301.0,1715101425.0,319244210777.0,0.0007076598208316709
3753,2025-12-31,16.99,17.21,16.92,17.17,286895070.0,2191803822.0,319244210777.0,0.0008986696087666985
3754,2026-01-05,17.1,17.17,16.85,16.92,318401559.0,2413285383.0,319244210777.0,0.0009973604790672662
3755,2026-01-06,16.92,16.94,16.76,16.9,234385442.0,1765205087.0,319244210777.0,0.0007341885430891151
3756,2026-01-07,16.85,16.85,16.67,16.74,234923430.0,1760850583.0,319244210777.0,0.0007358737357467692
3757,2026-01-08,16.7,16.72,16.45,16.63,282723810.0,2095027510.0,319244210777.0,0.000885603561335963
3758,2026-01-09,16.58,16.65,16.5,16.56,223087394.0,1652341284.0,319244210777.0,0.0006987985575589092
3759,2026-01-12,16.5,16.83,16.38,16.81,343998148.0,2558792030.0,319244210777.0,0.0010775391890827152
3760,2026-01-13,16.76,17.21,16.76,17.01,488319584.0,3716087471.0,319244210777.0,0.0015296113994095364
3761,2026-01-14,16.94,16.96,16.65,16.72,389549191.0,2918714413.0,319244210777.0,0.0012202231954399003
3762,2026-01-15,16.63,16.65,16.38,16.38,363799500.0,2684475214.0,319244210777.0,0.0011395649089910138
3763,2026-01-16,16.38,16.45,16.09,16.12,372323797.0,2702324231.0,319244210777.0,0.0011662664018050977
3764,2026-01-19,16.03,16.16,15.85,15.87,319990158.0,2285022638.0,319244210777.0,0.0010023366037591862
3765,2026-01-20,15.85,16.07,15.78,16.03,378482159.0,2699650553.0,319244210777.0,0.0011855568440186349
3766,2026-01-21,16.05,16.14,15.49,15.56,553761621.0,3892792864.0,319244210777.0,0.0017346019201169359
3767,2026-01-22,15.42,15.49,15.18,15.22,476506613.0,3259858633.0,319244210777.0,0.0014926084699867954
3768,2026-01-23,15.2,15.33,15.04,15.09,395974110.0,2688032919.0,319244210777.0,0.001240348600327784
3769,2026-01-26,15.09,15.44,15.02,15.29,633430452.0,4339048354.0,319244210777.0,0.001984156425133945
3770,2026-01-27,15.38,15.85,15.27,15.4,685079166.0,4776956952.0,319244210777.0,0.002145940765323838
3771,2026-01-28,15.31,15.44,15.09,15.2,524590550.0,3578130962.0,319244210777.0,0.0016432265090202043
3772,2026-01-29,15.11,15.24,14.91,15.15,529744140.0,3568943370.0,319244210777.0,0.0016593696052018291
3773,2026-01-30,15.15,15.36,15.0,15.02,411169061.0,2791121485.0,319244210777.0,0.0012879452379082037
3774,2026-02-02,15.04,15.33,15.04,15.15,491724254.0,3341345694.0,319244210777.0,0.0015402761816829987
3775,2026-02-03,15.09,15.11,14.84,14.89,447228401.0,2980959525.0,319244210777.0,0.0014008974506115638
3776,2026-02-04,14.84,15.02,14.8,14.91,306558928.0,2041148152.0,319244210777.0,0.0009602646427130954
3777,2026-02-05,14.91,15.02,14.86,14.98,334127511.0,2235420174.0,319244210777.0,0.001046620423238924
3778,2026-02-06,14.98,15.09,14.8,14.91,336079896.0,2238168001.0,319244210777.0,0.0010527360705524591
3779,2026-02-09,14.82,15.0,14.75,15.0,293167513.0,1954228104.0,319244210777.0,0.0009183173981024351
3780,2026-02-10,15.0,15.22,14.95,15.04,358041118.0,2419814505.0,319244210777.0,0.0011215273634205402
3781,2026-02-11,15.04,15.22,14.91,15.18,307749100.0,2079104736.0,319244210777.0,0.0009639927353763993
3782,2026-02-12,15.18,15.18,14.77,14.77,444916079.0,2965037693.0,319244210777.0,0.0013936543372771917
3783,2026-02-13,14.82,14.89,14.55,14.55,332351405.0,2175762438.0,319244210777.0,0.0010410569519525468
3784,2026-02-24,14.57,14.62,14.42,14.48,228812326.0,1483285733.0,319244210777.0,0.0007167313244086706
3785,2026-02-25,14.51,14.6,14.46,14.55,242251386.0,1576859953.0,319244210777.0,0.0007588278121328834
3786,2026-02-26,14.53,14.6,14.31,14.35,288104553.0,1855153816.0,319244210777.0,0.000902458191172175
3787,2026-02-27,14.35,14.39,14.26,14.31,212974270.0,1366405649.0,319244210777.0,0.0006671202258661091
3788,2026-03-02,14.28,14.62,14.15,14.48,423298349.0,2732325703.0,319244210777.0,0.0013259389981410952
3789,2026-03-03,14.44,15.07,14.35,15.04,848419446.0,5632925663.0,319244210777.0,0.002657587568886698
3790,2026-03-04,15.02,15.04,14.6,14.93,588819034.0,3907751810.0,319244210777.0,0.001844415698461341
3791,2026-03-05,14.66,15.09,14.64,15.07,439542813.0,2939657008.0,319244210777.0,0.0013768231283825272
3792,2026-03-06,15.02,15.27,14.93,14.98,312048125.0,2100073984.0,319244210777.0,0.0009774589936666802
3793,2026-03-09,14.93,15.24,14.84,14.89,411341870.0,2761286431.0,319244210777.0,0.001288486544513512
3794,2026-03-10,14.75,14.8,14.6,14.71,326239443.0,2140471838.0,319244210777.0,0.001021911853016769
3795,2026-03-11,14.66,14.84,14.62,14.82,250213317.0,1652020178.0,319244210777.0,0.0007837677506853216
3796,2026-03-12,14.82,14.89,14.71,14.84,210855333.0,1398083218.0,319244210777.0,0.0006604828713629757
3797,2026-03-13,14.84,14.95,14.71,14.8,284611417.0,1888392850.0,319244210777.0,0.0008915162981571125
3798,2026-03-16,14.75,14.91,14.71,14.86,241626255.0,1603685489.0,319244210777.0,0.0007568696528964841
3799,2026-03-17,14.84,15.15,14.82,15.11,415376330.0,2800553831.0,319244210777.0,0.0013011240798667157
3800,2026-03-18,15.13,15.38,14.98,15.07,536104118.0,3638892853.0,319244210777.0,0.001679291589016416
3801,2026-03-19,15.02,15.29,15.0,15.27,484644350.0,3295502157.0,319244210777.0,0.0015180991029420299
3802,2026-03-20,15.2,15.33,15.07,15.11,368929128.0,2508418997.0,319244210777.0,0.0011556329466463095
3803,2026-03-23,15.07,15.09,14.35,14.46,548757558.0,3588634920.0,319244210777.0,0.001718927202045085
3804,2026-03-24,14.46,14.64,14.37,14.53,273559266.0,1776855758.0,319244210777.0,0.0008568965599538716
3805,2026-03-25,14.53,14.64,14.31,14.64,338161973.0,2188567793.0,319244210777.0,0.0010592579648569243
3806,2026-03-26,14.6,14.73,14.55,14.55,224826856.0,1471353417.0,319244210777.0,0.0007042472452446354
3807,2026-03-27,14.51,14.55,14.42,14.48,206181879.0,1334542068.0,319244210777.0,0.0006458437523367437
3808,2026-03-30,14.42,14.55,14.35,14.51,197547262.0,1278889401.0,319244210777.0,0.0006187966933501941
3809,2026-03-31,14.55,15.09,14.55,14.98,583642537.0,3892547281.0,319244210777.0,0.0018282008484335171
3810,2026-04-01,14.95,15.15,14.89,14.95,331688263.0,2229362172.0,319244210777.0,0.0010389797271271191
3811,2026-04-02,15.02,15.49,14.98,15.47,562631309.0,3860679040.0,319244210777.0,0.0017623853150872386
3812,2026-04-03,15.49,15.49,15.15,15.29,365328653.0,2501643079.0,319244210777.0,0.0011443548251378977
3813,2026-04-07,15.27,15.31,14.89,14.95,304110486.0,2042829658.0,319244210777.0,0.0009525951473319863
3814,2026-04-08,14.8,14.86,14.6,14.82,370881041.0,2445448635.0,319244210777.0,0.0011617471154678812
3815,2026-04-09,14.82,14.91,14.66,14.75,247977896.0,1637799054.0,319244210777.0,0.0007767655219070479
3816,2026-04-10,14.69,14.73,14.6,14.73,220781140.0,1450572704.0,319244210777.0,0.000691574451616982
3817,2026-04-13,14.75,14.91,14.64,14.84,283075185.0,1870617283.0,319244210777.0,0.0008867042077631755
3818,2026-04-14,14.75,15.18,14.75,15.11,362773440.0,2430773411.0,319244210777.0,0.0011363508804656329
3819,2026-04-15,15.07,15.58,15.04,15.53,529255330.0,3648620069.0,319244210777.0,0.0016578384576242105
3820,2026-04-16,15.49,15.87,15.44,15.65,443672818.0,3110504665.0,319244210777.0,0.0013897599487243842
3821,2026-04-17,15.65,15.91,15.6,15.78,355827935.0,2513830980.0,319244210777.0,0.001114594792914051
3822,2026-04-20,15.76,16.14,15.74,16.07,320158023.0,2294202330.0,319244210777.0,0.0010028624237876575
3823,2026-04-21,16.09,16.29,15.98,16.05,254418145.0,1834542752.0,319244210777.0,0.0007969389464597601
3824,2026-04-22,16.05,16.05,15.69,15.8,273714600.0,1938678933.0,319244210777.0,0.000857383127900153
3825,2026-04-23,15.8,15.89,15.69,15.71,249693735.0,1763185641.0,319244210777.0,0.0007821402129494441
3826,2026-04-24,15.71,15.78,15.6,15.74,196100425.0,1378477974.0,319244210777.0,0.0006142646236958108
3827,2026-04-27,15.69,15.8,15.42,15.47,242216623.0,1685094012.0,319244210777.0,0.0007587189205732984
3828,2026-04-28,15.42,15.62,15.36,15.6,260971850.0,1809204828.0,319244210777.0,0.0008174677603857797
3829,2026-04-29,15.58,15.65,15.31,15.51,318561181.0,2204141882.0,319244210777.0,0.0009978604787371473
3830,2026-04-30,15.47,15.65,15.33,15.47,360743784.0,2499022220.0,319244210777.0,0.001129993189608655
3831,2026-05-06,15.44,15.44,15.15,15.33,375837419.0,2563241043.0,319244210777.0,0.0011772724651302503
3832,2026-05-07,15.27,15.47,15.27,15.36,238930180.0,1644516838.0,319244210777.0,0.0007484244723450871
3833,2026-05-08,15.4,15.65,15.29,15.42,276948117.0,1910985188.0,319244210777.0,0.0008675117908197719
3834,2026-05-11,15.33,15.36,15.09,15.22,418017112.0,2842056599.0,319244210777.0,0.0013093960607229156
3835,2026-05-12,15.2,15.31,15.13,15.15,279746189.0,1904248387.0,319244210777.0,0.0008762764665931864
3836,2026-05-13,15.2,15.29,15.15,15.18,275408720.0,1837928244.0,319244210777.0,0.0008626897863854446
3837,2026-05-14,15.15,15.56,15.09,15.41,461830955.0,3121914570.0,319244210777.0,0.0014466384648791654
3838,2026-05-15,15.36,15.45,15.15,15.2,382852918.0,2561706545.0,319244210777.0,0.0011992478017633726
3839,2026-05-18,15.15,15.22,14.99,15.04,308304843.0,2042926041.0,319244210777.0,0.000965733543764584
3840,2026-05-19,15.06,15.25,15.06,15.09,247613298.0,1645602688.0,319244210777.0,0.0007756234557780721
3841,2026-05-20,15.11,15.11,14.72,14.72,363478565.0,2371191161.0,319244210777.0,0.0011385596127658484
3842,2026-05-21,14.7,14.93,14.52,14.84,321246026.0,2082903651.0,319244210777.0,0.0010062704824564488
3843,2026-05-22,14.77,14.86,14.63,14.72,248319205.0,1605902673.0,319244210777.0,0.0007778346376137017
3844,2026-05-25,14.65,14.79,14.63,14.68,173320631.0,1117369146.0,319244210777.0,0.000542909237345791
3845,2026-05-26,14.68,14.79,14.63,14.63,238594876.0,1538427216.0,319244210777.0,0.0007473741666897899
3846,2026-05-27,14.61,14.63,14.31,14.38,355606040.0,2253012375.0,319244210777.0,0.0011138997294093443
3847,2026-05-28,14.31,14.38,14.11,14.15,279293874.0,1739994785.0,319244210777.0,0.0008748596358888829
3848,2026-05-29,14.08,14.47,13.99,14.4,329105462.0,2065090422.0,319244210777.0,0.0010308893658525521
3849,2026-06-01,14.4,14.79,14.33,14.79,381634510.0,2450427712.0,319244210777.0,0.0011954312627037147
3850,2026-06-02,14.81,14.95,14.65,14.7,321904123.0,2086288151.0,319244210777.0,0.0010083319043328182
3851,2026-06-03,14.65,14.65,14.43,14.49,277403238.0,1767124382.0,319244210777.0,0.000868937411033502
3852,2026-06-04,14.52,14.61,14.31,14.36,201933169.0,1278262773.0,319244210777.0,0.0006325351006632829
3853,2026-06-05,14.38,14.58,14.38,14.49,258188753.0,1643816671.0,319244210777.0,0.0008087499922758231
3854,2026-06-08,14.58,15.02,14.52,14.97,541454513.0,3529585391.0,319244210777.0,0.0016960511568312178
3855,2026-06-09,14.81,15.29,14.77,15.04,479685622.0,3174161821.0,319244210777.0,0.001502566392143826
3856,2026-06-10,15.11,15.41,15.04,15.29,420833044.0,2821139974.0,319244210777.0,0.0013182166811286746
3857,2026-06-11,15.36,15.38,15.11,15.22,321888892.0,2152269623.0,319244210777.0,0.001008284194775414
3858,2026-06-12,15.04,15.52,14.88,15.5,460068741.0,3086106290.0,319244210777.0,0.0014411185088689655
3859,2026-06-15,15.38,15.61,15.15,15.22,421007726.0,2829934948.0,319244210777.0,0.0013187638547158631
3860,2026-06-16,15.15,15.27,15.02,15.06,273029291.0,1810969951.0,319244210777.0,0.0008552364672032149
3861,2026-06-17,15.11,15.22,14.81,14.88,266553085.0,1749371367.0,319244210777.0,0.0008349504110074339
3862,2026-06-18,14.93,14.95,14.49,14.52,339100349.0,2175134622.0,319244210777.0,0.001062197332176119
3863,2026-06-22,14.43,14.65,14.33,14.58,348749066.0,2221864108.0,319244210777.0,0.0010924209562052478
3864,2026-06-23,14.56,15.04,14.54,14.97,464670522.0,3040017473.0,319244210777.0,0.001455533119517033
3865,2026-06-24,14.97,15.13,14.43,14.45,477410190.0,3072603147.0,319244210777.0,0.0014954388329800688
3866,2026-06-25,14.31,14.49,14.17,14.24,362227619.0,2272001697.0,319244210777.0,0.001134641151732662
3867,2026-06-26,14.24,14.38,14.08,14.11,342325449.0,2131254360.0,319244210777.0,0.0010722996296998564
3868,2026-06-29,14.04,14.36,13.67,14.22,403445154.0,2488509610.0,319244210777.0,0.0012637508853114848
3869,2026-06-30,14.13,14.22,13.79,13.83,332025223.0,2024958719.0,319244210777.0,0.0010400352200338814
3870,2026-07-01,13.81,13.86,13.67,13.79,314441045.0,1899035121.0,319244210777.0,0.0009849545720333982
3871,2026-07-02,13.81,13.95,13.51,13.63,476109032.0,2857319423.0,319244210777.0,0.0014913630879670797
3872,2026-07-03,13.56,13.6,13.35,13.45,367521728.0,2170122841.0,319244210777.0,0.0011512244093808267
3873,2026-07-06,13.35,13.63,13.19,13.6,372053038.0,2190790137.0,319244210777.0,0.001165418276793399
3874,2026-07-07,13.54,13.83,13.47,13.79,381615488.0,2290161268.0,319244210777.0,0.00119537167822463
3875,2026-07-08,13.74,14.08,13.6,14.04,441599499.0,2707331238.0,319244210777.0,0.001383265487963596
3876,2026-07-09,13.92,14.06,13.81,13.92,339660175.0,2074004818.0,319244210777.0,0.0010639509301462668
3877,2026-07-10,13.86,14.2,13.83,14.2,409298160.0,2524140732.0,319244210777.0,0.001282084830931844
3878,2026-07-13,14.17,14.54,14.13,14.52,488012069.0,3086917352.0,319244210777.0,0.0015286481399685852
3879,2026-07-14,14.45,14.61,14.27,14.52,409069449.0,2596583982.0,319244210777.0,0.0012813684170008182
3880,2026-07-15,14.33,14.56,14.29,14.52,354249603.0,2244558957.0,319244210777.0,0.0011096508285547335
3881,2026-07-16,14.52,14.61,14.15,14.36,372331825.0,2344843996.0,319244210777.0,0.0011662915486980686
3882,2026-07-17,14.33,14.63,14.31,14.56,537527274.0,3423703334.0,319244210777.0,0.0016837494803483724
3883,2026-07-20,14.47,15.06,14.43,15.06,635574368.0,4146881274.0,319244210777.0,0.001990872023812405
3884,2026-07-21,15.15,15.18,14.58,14.65,533115842.0,3475939309.0,319244210777.0,0.0016699311185705249
3885,2026-07-22,14.58,14.88,14.4,14.86,403548639.0,2603602466.0,319244210777.0,0.0012640750415420648
3886,2026-07-23,14.86,15.04,14.77,15.02,275349417.0,1804205732.0,319244210777.0,0.0008625040257733551
3887,2026-07-24,15.13,15.2,14.99,15.18,377708192.0,2506649691.0,319244210777.0,0.0011831324711596368
3888,2026-07-27,15.2,15.47,15.18,15.31,420482468.0,2831905728.0,319244210777.0,0.001317118537487646
3889,2026-07-28,15.45,15.86,15.34,15.86,590509407.0,4057371018.0,319244210777.0,0.001849710619850474
